Configuration,Model,Feature_Set,Feature_Count,N,MAE,RMSE,R2_Score,Runtime_sec,Delta_MAE_vs_Full,Delta_R2_vs_Full
Short-term Autoregressive (Lag 1-3h),LightGBM,Full feature set,47,26297,6.071606808666955,9.578763234671534,0.8691461010845271,13.44,0.0,0.0
Short-term Autoregressive (Lag 1-3h),LightGBM,Without VPD,46,26297,6.077176872842233,9.595282631549939,0.8686943744070723,10.05,0.0055700641752780555,-0.0004517266774547446
Short-term Autoregressive (Lag 1-3h),LightGBM,Without spatial lags,32,26297,6.055815971349286,9.479407126182851,0.8718465972687002,7.97,-0.015790837317668505,0.002700496184173118
Long-term Forecasting (Lag 24h),LightGBM,Full feature set,62,26297,13.554600254601255,19.449751590975158,0.46049446073927036,15.31,0.0,0.0
Long-term Forecasting (Lag 24h),LightGBM,Without VPD,61,26297,13.530937156371472,19.44100844163722,0.46097939416134703,6.86,-0.02366309822978252,0.0004849334220766721
Long-term Forecasting (Lag 24h),LightGBM,Without spatial lags,37,26297,13.666002458209984,19.450009140254707,0.46048017262024066,5.52,0.11140220360872988,-1.428811902970395e-05
