tree
version=v4
num_class=1
num_tree_per_iteration=1
label_index=0
max_feature_idx=48
objective=regression
feature_names=lat lon temperature_2m relative_humidity_2m rain cloud_cover wind_speed_10m surface_pressure hour_sin hour_cos month_sin month_cos is_weekend wind_u wind_v temp_humidity_ratio dry_heat_index wind_speed_pressure dry_wind_index vpd_kpa target_aqi_lag_12 target_aqi_lag_24 target_aqi_lag_36 target_aqi_roll_mean_from_lag12_12 target_aqi_roll_std_from_lag12_12 target_aqi_roll_mean_from_lag12_24 target_aqi_roll_std_from_lag12_24 spatial_target_aqi_fres_lag_12 spatial_target_aqi_fres_openmeteo_lag_12 spatial_target_aqi_la_lag_12 spatial_target_aqi_la_openmeteo_lag_12 spatial_target_aqi_sj_openmeteo_lag_12 spatial_target_aqi_fres_lag_24 spatial_target_aqi_fres_openmeteo_lag_24 spatial_target_aqi_la_lag_24 spatial_target_aqi_la_openmeteo_lag_24 spatial_target_aqi_sj_openmeteo_lag_24 spatial_target_aqi_fres_lag_36 spatial_target_aqi_fres_openmeteo_lag_36 spatial_target_aqi_la_lag_36 spatial_target_aqi_la_openmeteo_lag_36 spatial_target_aqi_sj_openmeteo_lag_36 source_epa_aqs_station source_openmeteo station_id_FRES station_id_FRES_OPENMETEO station_id_LA station_id_LA_OPENMETEO station_id_SJ_OPENMETEO
feature_infos=[34.066428999999999:37.300003051757812] [-121.89999389648438:-118.1999969482422] [-2.6000000000000001:47.700000000000003] [3:100] [0:18.899999999999999] [0:100] [0:45.572356999999997] [984.69970000000001:1027.3054] [-1:1] [-1:1] [-1:1] [-1:1] [0:1] [-37.776973261321814:34.988791027711613] [-37.440027035509083:35.280008221965105] [-0.030952380583900232:10.266663244445585] [-0.45000000000000007:44.128531985000002] [0:0.046227863434486809] [0:32.937999999999995] [0:10.15772431470675] [0:387.05405405405406] [0:387.05405405405406] [0:387.05405405405406] [0:232.93454434405794] [4.9018993746895484e-06:121.97618885838401] [0.46296296296296297:186.86394012037786] [0.71826320408172317:102.69419189991885] [0:245] [0:186.85622317596568] [0:387.05405405405406] [0:186.85622317596568] [0:186.85622317596568] [0:245] [0:186.85622317596568] [0:387.05405405405406] [0:186.85622317596568] [0:186.85622317596568] [0:245] [0:186.85622317596568] [0:387.05405405405406] [0:186.85622317596568] [0:186.85622317596568] [0:1] [0:1] [0:1] [0:1] [0:1] [0:1] [0:1]
tree_sizes=1462 1523 1520 1516 1526 1526 1529 1511 1521 1519 1529 1524 1523 1519 1518 1519 1528 1522 1506 1522 1526 1522 1526 1511 1505 1514 1530 1522 1526 1527 1518 1517 1529 1523 1525 1517 1526 1530 1517 1527 1533 1522 1521 1516 1521 1520 1526 1531 1535 1517 1512 1507 1511 1491 1526 1529 1528 1513 1522 1538 1507 1538 1539 1506 1517 1521 1525 1518 1517 1523 1533 1528 1538 1514 1529 1499 1516 1502 1523 1539 1501 1516 1523 1535 1518 1525 1513 1531 1504 1529 1506 1510 1522 1526 1534 1508 1526 1500 1532 1508 1541 1525 1505 1507 1511 1512 1513 1503 1524 1506 1518 1513 1527 1527 1519 1521 1506 1515 1522 1516 1527 1495 1514 1527 1521 1512 1524 1506 1525 1513 1516 1525 1531 1519 1511 1513 1524 1532 1512 1517 1520 1537 1514 1537 1526 1522 1528 1523 1536 1526 1513 1514 1523 1524 1549 1511 1518 1522 1513 1514 1500 1528 1512 1501 1518 1514 1524 1508 1525 1529 1525 1522 1521 1526 1523 1507 1507 1496 1533 1524 1527 1510 1510 1526 1514 1513 1515 1527 1504 1517 1517 1528 1532 1516 1510 1509 1535 1524 1547 1528 1521 1523 1533 1495 1529 1528 1523 1535 1526 1520 1514 1521 1546 1511 1521 1512 1541 1537 1529 1542 1511 1509 1521 1534 1537 1540 1501 1543 1494 1507 1532 1505 1503 1504 1533 1527 1548 1511 1520 1541 1507 1515 1512 1532 1524 1528 1521 1542 1512 1518 1513 1516 1509 1502 1505 1538 1513 1506 1523 1538 1514 1526 1543 1531 1518 1497 1532 1529 1496 1510 1506 1530 1520 1499 1502 1523 1525 1546 1510 1494 1531 1533 1507 1541 1530 1514 1539 1499 1545 1535 1517 1520 1494 1521 1513 1524 1518 1537 1506 1528 1518 1491 1541 1525 1522 1518 1514 1537 1553 1543 1535 1521 1512 1529 1532 1520 1551 1522 1535 1527 1509 1542 1521 1533 1531 1512 1536 1515 1522 1534 1524 1524 1548 1516 1532 1550 1535 1514 1509 1518 1530 1507 1563 1527 1516 1539 1518 1521 1533 1550 1521 1531 1524 1532 1532 1543 1507 1519 1531 1521 1519 1534 1516 1521 1519 1553 1522 1527 1528 1536 1523 1536 1526 1505 1524 1529 1522 1522 1537 1493 1538 1519 1537 1550 1529 1526 1519 1515 1507 1533 1523 1512 1527 1507 1523 1520 1506 1519 1549 1525 1480 1505 1546 1541 1517 1525 1514 1513 1535 1545 1526 1541 1487 1512 1509 1498 1521 1519 1503 1549 1475 1488 1522 1517 1535 1480 1310 1540 1428 1317 1533 1548 1475 1541 1509 1531 1403 1529 1545 1524 1530 1534 1540 1414 1480 1528 1528 1543 1502 1551 1495 1511 1487 1538 1492 1524 1519 1508 1487 1511 1502 1521 1520 1337 1538 1499 1519 1483 1539 1539 1523 1537 1475 1491 1302 1537 1529 1311 1530 1502 1493 1502 1545 1486 1536 1325 1510 1488 1522 1315 1320 1503 1490 1516 1301 1502 1513 1549 1511 1494 1315 1481 1472 1548 1475 1479 1511 1496 1498 1515 1529 1517 1486 1319 1519 1527 1318 1475 1503 1532 1524 1542 1317 1405 1324 1515 1301 1506 1311 1497 1513 1324 1359 1328 1328 1508 1332 1375 1519 1504 1515 1387 1516 1508 1488 1501 1498 1481 1530 1490 1518 1338 1505 1324 1249 1495 1333 1529 1514 1502 1311 1520 1319 1415 1538 1403 1302 1485 1467 1488 1531 1398 1535 1307 1538 1281 1490 1498 1522 1483 1534 1311 1477

Tree=0
num_leaves=15
num_cat=0
split_feature=20 20 20 20 20 20 20 4 4 6 7 4 4 6
split_gain=1.88212e+07 4.97462e+06 3.58699e+06 977126 932496 524114 484559 309190 284241 231245 221786 221407 219643 177115
threshold=59.80323193916351 88.10709759188849 40.06944444444445 70.586026615969601 127.63400335008377 53.433012748825774 27.247474747474758 1.0000000180025095e-35 1.0000000180025095e-35 11.700692500000001 1004.9004500000001 1.0000000180025095e-35 1.0000000180025095e-35 10.507109000000002
decision_type=2 2 2 2 2 2 2 2 2 2 2 2 2 2
left_child=2 3 6 7 10 11 13 -2 -5 -6 -3 -4 -7 -1
right_child=1 4 5 8 9 12 -8 -9 -10 -11 -12 -13 -14 -15
leaf_value=53.174390776845662 53.433127454760516 53.605862715150842 53.296230697715814 53.541982184415048 53.970900772687756 53.362175536582697 53.222103288922533 53.241999951339373 53.278253402393744 53.664188299996411 53.727850644460631 53.178171933339023 53.215430841330075 53.109059710434344
leaf_weight=10777 21555 2503 24852 12936 1713 20642 19041 881 422 287 3684 1697 1073 6748
leaf_count=10777 21555 2503 24852 12936 1713 20642 19041 881 422 287 3684 1697 1073 6748
internal_value=53.3489 53.5168 53.2619 53.4659 53.7392 53.3185 53.1872 53.4256 53.5337 53.9269 53.6785 53.2887 53.3549 53.1492
internal_weight=128811 43981 84830 35794 8187 48264 36566 22436 13358 2000 6187 26549 21715 17525
internal_count=128811 43981 84830 35794 8187 48264 36566 22436 13358 2000 6187 26549 21715 17525
is_linear=0
shrinkage=1


Tree=1
num_leaves=15
num_cat=0
split_feature=20 20 20 20 20 20 20 4 4 17 7 4 4 13
split_gain=1.84467e+07 4.87563e+06 3.51561e+06 957682 913939 513684 474916 303037 278584 229491 217372 217001 215272 174142
threshold=59.80323193916351 88.10709759188849 40.06944444444445 70.586026615969601 127.63400335008377 53.433012748825774 27.247474747474758 1.0000000180025095e-35 1.0000000180025095e-35 0.01178709412018158 1004.9004500000001 1.0000000180025095e-35 1.0000000180025095e-35 -5.4078997865555696
decision_type=2 2 2 2 2 2 2 2 2 2 2 2 2 2
left_child=2 3 6 7 10 11 13 -2 -5 -6 -3 -4 -7 -1
right_child=1 4 5 8 9 12 -8 -9 -10 -11 -12 -13 -14 -15
leaf_value=-0.27347475711775071 0.083361023335897566 0.25436892555749657 -0.05216676187679329 0.19112720473722458 0.61531353744256645 0.013118627463143271 -0.12555289793007474 -0.10585520378739979 -0.069964285786506417 0.30613755228378442 0.37513696968612081 -0.16904493916399982 -0.13215862309721621 -0.18458018397259085
leaf_weight=2585 21555 2503 24852 12936 1721 20642 19041 881 422 279 3684 1697 1073 14940
leaf_count=2585 21555 2503 24852 12936 1721 20642 19041 881 422 279 3684 1697 1073 14940
internal_value=-3.12331e-10 0.166198 -0.0861669 0.115843 0.386351 -0.0301328 -0.160127 0.075931 0.182879 0.572183 0.326279 -0.0596376 0.00594006 -0.197692
internal_weight=128811 43981 84830 35794 8187 48264 36566 22436 13358 2000 6187 26549 21715 17525
internal_count=128811 43981 84830 35794 8187 48264 36566 22436 13358 2000 6187 26549 21715 17525
is_linear=0
shrinkage=0.01


Tree=2
num_leaves=15
num_cat=0
split_feature=20 20 20 20 20 20 20 4 4 17 7 4 4 17
split_gain=1.80796e+07 4.7786e+06 3.44565e+06 938624 895752 503462 465466 297006 273040 224925 213047 212683 210988 172956
threshold=59.80323193916351 88.10709759188849 40.06944444444445 70.586026615969601 127.63400335008377 53.433012748825774 27.247474747474758 1.0000000180025095e-35 1.0000000180025095e-35 0.01178709412018158 1004.9004500000001 1.0000000180025095e-35 1.0000000180025095e-35 0.010491324989529876
decision_type=2 2 2 2 2 2 2 2 2 2 2 2 2 2
left_child=2 3 6 7 10 11 13 -2 -5 -6 -3 -4 -7 -1
right_child=1 4 5 8 9 12 -8 -9 -10 -11 -12 -13 -14 -15
leaf_value=-0.17082090744814288 0.082527416269032872 0.25182523833717996 -0.051645097034740052 0.18921593812536205 0.60916041436716095 0.01298744271561765 -0.12429736761040631 -0.10479665226430954 -0.069264641943701064 0.30307616083228484 0.3713855977014241 -0.16735449082398668 -0.13083703697449897 -0.23535910845539096
leaf_weight=10765 21555 2503 24852 12936 1721 20642 19041 881 422 279 3684 1697 1073 6760
leaf_count=10765 21555 2503 24852 12936 1721 20642 19041 881 422 279 3684 1697 1073 6760
internal_value=3.8918e-10 0.164536 -0.0853053 0.114685 0.382488 -0.0298315 -0.158526 0.0751717 0.18105 0.566462 0.323017 -0.0590412 0.00588067 -0.195716
internal_weight=128811 43981 84830 35794 8187 48264 36566 22436 13358 2000 6187 26549 21715 17525
internal_count=128811 43981 84830 35794 8187 48264 36566 22436 13358 2000 6187 26549 21715 17525
is_linear=0
shrinkage=0.01


Tree=3
num_leaves=15
num_cat=0
split_feature=20 20 20 20 20 20 20 4 4 17 0 7 4 13
split_gain=1.77198e+07 4.68351e+06 3.37708e+06 919945 877926 493443 456203 291096 267607 220449 211717 208807 206789 169720
threshold=59.80323193916351 88.10709759188849 40.06944444444445 70.586026615969601 127.63400335008377 53.433012748825774 27.247474747474758 1.0000000180025095e-35 1.0000000180025095e-35 0.01178709412018158 36.742692288818368 1004.9004500000001 1.0000000180025095e-35 -5.4078997865555696
decision_type=2 2 2 2 2 2 2 2 2 2 2 2 2 2
left_child=2 3 6 7 11 10 13 -2 -5 -6 -4 -3 -7 -1
right_child=1 4 5 8 9 12 -8 -9 -10 -11 -12 -13 -14 -15
leaf_value=-0.26857242001552761 0.081702141164647565 0.24930698366645954 -0.033002593490353532 0.1873237757251166 0.60306881188153616 0.012857566807350392 -0.12305439732356975 -0.1037486831443839 -0.068571996930192156 0.30004541158542625 -0.089787246762246684 0.3676717521394649 -0.12952866380584652 -0.18081363761804281
leaf_weight=2585 21555 2503 14651 12936 1721 20642 19041 881 422 279 11898 3684 1073 14940
leaf_count=2585 21555 2503 14651 12936 1721 20642 19041 881 422 279 11898 3684 1073 14940
internal_value=3.77468e-12 0.16289 -0.0844522 0.113538 0.378663 -0.0295332 -0.156941 0.07442 0.17924 0.560797 -0.0584508 0.319786 0.00582186 -0.193758
internal_weight=128811 43981 84830 35794 8187 48264 36566 22436 13358 2000 26549 6187 21715 17525
internal_count=128811 43981 84830 35794 8187 48264 36566 22436 13358 2000 26549 6187 21715 17525
is_linear=0
shrinkage=0.01


Tree=4
num_leaves=15
num_cat=0
split_feature=20 20 20 20 20 20 20 17 17 47 6 17 17 6
split_gain=1.73672e+07 4.59147e+06 3.30988e+06 1.03615e+06 733685 483623 447124 228638 216062 190078 177773 168571 141152 129287
threshold=59.80323193916351 90.963878326996209 40.06944444444445 71.401140684410663 127.63400335008377 53.433012748825774 27.247474747474758 0.0076717221954019652 0.01178709412018158 1.0000000180025095e-35 11.804439000000002 0.010491324989529876 0.0065711384480610429 11.416240000000002
decision_type=2 2 2 2 2 2 2 2 2 2 2 2 2 2
left_child=2 3 6 9 12 10 11 -5 -6 -2 -4 -1 -3 -8
right_child=1 4 5 7 8 -7 13 -9 -10 -11 -12 -13 -14 -15
leaf_value=-0.16724382763681955 0.062762872001040679 0.37351667506153102 -0.043676030218917798 0.22149371871767418 0.59703810360527254 0.005763640040166774 -0.10530180861939048 0.1358903634785586 0.29704494755594962 0.13395646920165122 -0.10505378181149387 -0.23095850744823371 0.26756045384471172 -0.16292016896440037
leaf_weight=10765 19073 3042 20411 7897 1721 21715 13581 5158 279 4668 6138 6760 2143 5460
leaf_count=10765 19073 3042 20411 7897 1721 21715 13581 5158 279 4668 6138 6760 2143 5460
internal_value=-6.21894e-10 0.161261 -0.0836077 0.116112 0.392484 -0.0292378 -0.155371 0.187672 0.555189 0.0767611 -0.0578663 -0.191821 0.329724 -0.121824
internal_weight=128811 43981 84830 36796 7185 48264 36566 13055 2000 23741 26549 17525 5185 19041
internal_count=128811 43981 84830 36796 7185 48264 36566 13055 2000 23741 26549 17525 5185 19041
is_linear=0
shrinkage=0.01


Tree=5
num_leaves=15
num_cat=0
split_feature=20 20 20 20 20 20 20 4 4 4 4 7 4 13
split_gain=1.70344e+07 4.81698e+06 3.17149e+06 785100 606447 587972 506424 274015 255413 247845 211913 205515 172107 165411
threshold=65.362945039751153 43.914141414141419 93.711977186311785 56.045944233206605 27.247474747474758 127.63400335008377 75.453422053231961 1.0000000180025095e-35 1.0000000180025095e-35 1.0000000180025095e-35 1.0000000180025095e-35 1004.4003000000001 1.0000000180025095e-35 -5.4078997865555696
decision_type=2 2 2 2 2 2 2 2 2 2 2 2 2 2
left_child=1 4 6 7 13 -4 8 -3 -2 -5 -7 -8 -6 -1
right_child=2 3 5 9 12 10 11 -9 -10 -11 -12 -13 -14 -15
leaf_value=-0.26376073773496023 0.12566837706210238 -0.029987153301277034 0.34121926741320074 0.04433611930127216 -0.10464438171163438 0.57132362126420422 0.16355586732838048 -0.15654990272786021 -0.099202384776897898 -0.10735797516654552 0.061054147825521578 0.25524671351609046 -0.19782112849937947 -0.17712323919620857
leaf_weight=2585 14004 28972 4188 24310 22383 1915 4762 1818 524 1127 85 5023 2175 14940
leaf_count=2585 14004 28972 4188 24310 22383 1915 4762 1818 524 1127 85 5023 2175 14940
internal_value=4.40954e-10 -0.0640539 0.206457 -0.00349613 -0.144965 0.408581 0.155013 -0.0374601 0.117558 0.0376152 0.549637 0.210624 -0.112897 -0.189903
internal_weight=128811 98310 30501 56227 42083 6188 24313 30790 14528 25437 2000 9785 24558 17525
internal_count=128811 98310 30501 56227 42083 6188 24313 30790 14528 25437 2000 9785 24558 17525
is_linear=0
shrinkage=0.01


Tree=6
num_leaves=15
num_cat=0
split_feature=20 20 20 20 20 20 20 4 4 4 17 4 4 0
split_gain=1.66954e+07 4.72113e+06 3.10876e+06 769476 602090 594378 473427 268562 250331 242913 210849 197854 168682 165617
threshold=65.362945039751153 43.914141414141419 93.323827629911293 56.045944233206605 127.63400335008377 27.247474747474758 75.453422053231961 1.0000000180025095e-35 1.0000000180025095e-35 1.0000000180025095e-35 0.01178709412018158 1.0000000180025095e-35 1.0000000180025095e-35 36.742692288818368
decision_type=2 2 2 2 2 2 2 2 2 2 2 2 2 2
left_child=1 5 6 7 -4 13 8 -3 -2 -5 -6 -8 -7 -1
right_child=2 3 4 9 10 12 11 -9 -10 -11 -12 -13 -14 -15
leaf_value=-0.13859574559842741 0.12441169167621929 -0.029687281844969923 0.33489905714167828 0.043892757725694502 0.58548199700608028 -0.10359793774861835 0.21495864913760548 -0.15498440329308957 -0.098210359144927428 -0.10628439545282679 0.28912941042273754 -0.051630768406785744 -0.19584291538869342 -0.20713080061902511
leaf_weight=4891 14004 28972 4402 24310 1721 22383 9284 1818 524 1127 279 287 2175 12634
leaf_count=4891 14004 28972 4402 24310 1721 22383 9284 1818 524 1127 279 287 2175 12634
internal_value=-1.12628e-10 -0.0634133 0.204392 -0.00346117 0.400267 -0.143515 0.152357 -0.0370855 0.116382 0.0372391 0.544141 0.206965 -0.111768 -0.188004
internal_weight=128811 98310 30501 56227 6402 42083 24099 30790 14528 25437 2000 9571 24558 17525
internal_count=128811 98310 30501 56227 6402 42083 24099 30790 14528 25437 2000 9571 24558 17525
is_linear=0
shrinkage=0.01


Tree=7
num_leaves=15
num_cat=0
split_feature=20 20 20 20 20 0 0 14 6 4 4 4 4 7
split_gain=1.63708e+07 4.32837e+06 3.11841e+06 850135 807736 466852 420041 352752 323110 274397 254323 209759 206794 201829
threshold=59.80323193916351 88.10709759188849 40.06944444444445 70.586026615969601 127.63400335008377 35.400001525878913 36.742692288818368 7.194518027679476 12.003749000000001 1.0000000180025095e-35 1.0000000180025095e-35 1.0000000180025095e-35 1.0000000180025095e-35 1004.9004500000001
decision_type=2 2 2 2 2 2 2 2 2 2 2 2 2 2
left_child=2 3 6 9 13 11 -1 -8 -7 -2 -5 -4 -6 -3
right_child=1 4 5 10 12 8 7 -9 -10 -11 -12 -13 -14 -15
leaf_value=-0.10672826981554712 0.078588642252771596 0.23823223141088629 0.017911885843843713 0.1801634246411393 0.56012235136221189 -0.036241741303978454 -0.1634754708415817 -0.29137047226752988 -0.11713799076460132 -0.1014644827787573 -0.069300264966413727 -0.11205698581258614 0.056053115897318893 0.35460226394242156
leaf_weight=13577 21555 2503 18332 12936 1915 22255 20580 2409 6345 881 422 1332 85 3684
leaf_count=13577 21555 2503 18332 12936 1915 22255 20580 2409 6345 881 422 1332 85 3684
internal_value=4.83151e-10 0.156567 -0.0811739 0.109123 0.363998 -0.0284 -0.150831 -0.176877 -0.0541888 0.0715185 0.172282 0.00910805 0.538699 0.307524
internal_weight=128811 43981 84830 35794 8187 48264 36566 22989 28600 22436 13358 19664 2000 6187
internal_count=128811 43981 84830 35794 8187 48264 36566 22989 28600 22436 13358 19664 2000 6187
is_linear=0
shrinkage=0.01


Tree=8
num_leaves=15
num_cat=0
split_feature=25 25 25 30 31 1 4 30 30 27 27 27 1 4
split_gain=1.31349e+07 3.08844e+06 2.60952e+06 996537 675685 605216 512811 487641 457118 343411 319277 306186 304131 133971
threshold=61.164768693886636 82.58358928673789 43.610583016476561 94.193252383590973 43.863751584283911 -118.99998249999999 1.0000000180025095e-35 53.608998732572893 66.286882129277572 53.426982115195052 147.16834170854273 80.074989438107323 -118.21337597412109 1.0000000180025095e-35
decision_type=2 2 2 2 2 2 2 2 2 2 2 2 2 2
left_child=2 6 4 11 12 9 8 -7 -2 -4 -5 -3 -1 -6
right_child=1 3 5 10 13 7 -8 -9 -10 -11 -12 -13 -14 -15
leaf_value=-0.15908451387033712 0.072591622049399021 0.17638924582311852 -0.080443553577359453 0.40697879826874755 -0.057316895743258212 -0.037194506748399976 -0.10005168938668479 0.058772118069463232 0.1538349917212688 -0.010701451011210814 0.65439681811407668 0.32483109268201465 0.044972401619225381 -0.19329064630580786
leaf_weight=26623 13464 3371 15246 2673 12042 8661 1162 13624 14261 13150 648 2364 751 771
leaf_count=26623 13464 3371 15246 2673 12042 8661 1162 13624 14261 13150 648 2364 751 771
internal_value=-9.16315e-12 0.15627 -0.0652525 0.317404 -0.125433 -0.0175331 0.105755 0.021475 0.114381 -0.0481464 0.455255 0.237578 -0.153486 -0.0654989
internal_weight=128811 37943 90868 9056 40187 50681 28887 22285 27725 28396 3321 5735 27374 12813
internal_count=128811 37943 90868 9056 40187 50681 28887 22285 27725 28396 3321 5735 27374 12813
is_linear=0
shrinkage=0.01


Tree=9
num_leaves=15
num_cat=0
split_feature=23 23 25 30 31 0 0 4 30 30 7 31 31 17
split_gain=1.33389e+07 2.80777e+06 2.79545e+06 939140 718057 593260 536754 450166 405557 376255 355843 315916 201109 170335
threshold=62.397162371496982 45.639769046613161 82.58358928673789 94.193252383590973 44.868715673848762 35.400001525878913 36.742692288818368 1.0000000180025095e-35 67.224651457541214 53.608998732572893 1003.9999500000001 59.385509083227724 116.87453180134477 0.0094079411340600976
decision_type=2 2 2 2 2 2 2 2 2 2 2 2 2 2
left_child=1 4 7 10 6 9 -1 8 -2 -3 -4 -7 -5 -6
right_child=2 5 3 12 13 11 -8 -9 -10 -11 -12 -13 -14 -15
leaf_value=-0.090703772005983008 0.080697273800973038 -0.025742321093702478 0.1292660094949756 0.42054137000101222 -0.033260215120584469 -0.058322696308288256 -0.17632086426931082 -0.10211542443133509 0.16010927544802292 0.060179835716956384 0.29658103637925726 0.032924319419404269 0.64924331705513838 -0.10717772503292654
leaf_weight=11478 12627 8026 1938 2869 9006 21105 20225 936 13106 13963 3694 4626 444 4768
leaf_count=11478 12627 8026 1938 2869 9006 21105 20225 936 13106 13963 3694 4626 444 4768
internal_value=6.93392e-11 -0.0629061 0.164617 0.317595 -0.119132 -0.00932333 -0.145323 0.113307 0.121142 0.0288182 0.239007 -0.041918 0.451191 -0.0588475
internal_weight=128811 93197 35614 8945 45477 47720 31703 26669 25733 21989 5632 25731 3313 13774
internal_count=128811 93197 35614 8945 45477 47720 31703 26669 25733 21989 5632 25731 3313 13774
is_linear=0
shrinkage=0.01


Tree=10
num_leaves=15
num_cat=0
split_feature=20 20 20 20 20 20 20 4 4 4 17 4 4 17
split_gain=1.55576e+07 4.40116e+06 2.88975e+06 718955 563993 558734 441973 256958 235176 229532 204823 186346 163459 161150
threshold=65.362945039751153 43.914141414141419 93.323827629911293 56.045944233206605 27.247474747474758 127.63400335008377 75.453422053231961 1.0000000180025095e-35 1.0000000180025095e-35 1.0000000180025095e-35 0.01178709412018158 1.0000000180025095e-35 1.0000000180025095e-35 0.010491324989529876
decision_type=2 2 2 2 2 2 2 2 2 2 2 2 2 2
left_child=1 4 6 7 13 -4 8 -3 -2 -5 -7 -8 -6 -1
right_child=2 3 5 9 12 10 11 -9 -10 -11 -12 -13 -14 -15
leaf_value=-0.15786039592126877 0.12015873262941071 -0.028594455089071682 0.3231828867953257 0.042479972581333902 -0.099586428929970425 0.56549643273879324 0.20765581623369361 -0.15115474474790525 -0.095619525636674294 -0.10350235318715463 0.27340980400321302 -0.051064459832729156 -0.19039200991696581 -0.22015700928240217
leaf_weight=10765 14004 28972 4402 24310 22383 1721 9284 1818 524 1127 279 287 2175 6760
leaf_count=10765 14004 28972 4402 24310 22383 1721 9284 1818 524 1127 279 287 2175 6760
internal_value=1.51006e-10 -0.0612142 0.197304 -0.00332931 -0.138554 0.386153 0.147136 -0.035831 0.112376 0.0360121 0.52475 0.199898 -0.107629 -0.18189
internal_weight=128811 98310 30501 56227 42083 6402 24099 30790 14528 25437 2000 9571 24558 17525
internal_count=128811 98310 30501 56227 42083 6402 24099 30790 14528 25437 2000 9571 24558 17525
is_linear=0
shrinkage=0.01


Tree=11
num_leaves=15
num_cat=0
split_feature=23 23 23 27 0 30 30 30 0 17 17 47 17 47
split_gain=1.28435e+07 2.9771e+06 2.3678e+06 994047 713429 441347 435925 394617 393298 381077 320523 275814 192611 140352
threshold=60.627155280698673 81.395184493443153 38.374823968455154 128.20854271356788 35.400001525878913 93.688646018431839 53.608998732572893 62.939480354879606 36.742692288818368 0.012405292241965805 0.010266180410520581 1.0000000180025095e-35 0.01178709412018158 1.0000000180025095e-35
decision_type=2 2 2 2 2 2 2 2 2 2 2 2 2 2
left_child=2 7 8 5 6 -3 -4 -2 13 -6 -10 -9 -5 -1
right_child=1 3 4 12 9 -7 -8 11 10 -11 -12 -13 -14 -15
leaf_value=-0.096617589497340242 0.053267234892793135 0.21367377105564925 -0.038581453208532047 0.59993597848677571 -0.042293128175447565 0.3656222746613802 0.047509394511796352 0.10393350851116002 -0.13178987798133643 -0.12313248551331654 -0.21209835001950761 0.19334449950177937 0.10335927201080181 0.050187551996462236
leaf_weight=8395 12047 6437 10166 1114 27249 2719 13956 13184 12342 7419 8320 4673 84 706
leaf_count=8395 12047 6437 10166 1114 27249 2719 13956 13184 12342 7419 8320 4673 84 706
internal_value=-9.63186e-11 0.148095 -0.0673272 0.29424 -0.0305348 0.258797 0.0112272 0.0974943 -0.140002 -0.0595929 -0.164128 0.127331 0.565118 -0.0852293
internal_weight=128811 40258 88553 10354 58790 9156 24122 29904 29763 34668 20662 17857 1198 9101
internal_count=128811 40258 88553 10354 58790 9156 24122 29904 29763 34668 20662 17857 1198 9101
is_linear=0
shrinkage=0.01


Tree=12
num_leaves=15
num_cat=0
split_feature=25 25 25 30 17 0 4 30 30 27 7 27 27 0
split_gain=1.21826e+07 2.86363e+06 2.42335e+06 919392 599375 567281 485064 455128 422122 394134 360095 323301 302780 195575
threshold=61.164768693886636 82.58358928673789 43.610583016476561 94.193252383590973 0.011316112259684241 35.400001525878913 1.0000000180025095e-35 55.472961554710615 62.558724123362914 28.333333333333336 1003.9999500000001 53.426982115195052 147.16834170854273 36.742692288818368
decision_type=2 2 2 2 2 2 2 2 2 2 2 2 2 2
left_child=2 6 4 10 9 7 8 -4 -2 -1 -3 -7 -5 -6
right_child=1 3 5 12 13 11 -8 -9 -10 -11 -12 -13 -14 -15
leaf_value=-0.14154490253679447 0.060161753196772957 0.12073822888242002 -0.029303470583324935 0.39105215813594935 -0.11404176662041766 -0.07783228963900754 -0.098304947048769104 0.061582333405078613 0.14064539082829769 -0.064653456896114861 0.28698941568904379 -0.010163067603433511 0.63199318258982884 -0.20335076317658085
leaf_weight=11047 10472 2001 9973 2673 3377 15246 1162 12312 17253 16811 3734 13150 648 8952
leaf_count=11047 10472 2001 9973 2673 3377 15246 1162 12312 17253 16811 3734 13150 648 8952
internal_value=3.14778e-11 0.150499 -0.0628425 0.305657 -0.120836 -0.0168568 0.101857 0.020909 0.110246 -0.0951445 0.228983 -0.0464951 0.438065 -0.178888
internal_weight=128811 37943 90868 9056 40187 50681 28887 22285 27725 27858 5735 28396 3321 12329
internal_count=128811 37943 90868 9056 40187 50681 28887 22285 27725 27858 5735 28396 3321 12329
is_linear=0
shrinkage=0.01


Tree=13
num_leaves=15
num_cat=0
split_feature=23 23 25 27 23 1 4 7 23 6 4 4 6 6
split_gain=1.23633e+07 2.60923e+06 2.59379e+06 868125 642321 555141 426782 373008 318297 285734 259046 247071 239243 191385
threshold=62.397162371496982 45.639769046613161 82.58358928673789 128.20854271356788 31.019169835234475 -118.99998249999999 1.0000000180025095e-35 1003.2004000000001 70.536596958174925 12.600642500000001 1.0000000180025095e-35 1.0000000180025095e-35 10.197528500000002 12.100785000000002
decision_type=2 2 2 2 2 2 2 2 2 2 2 2 2 2
left_child=1 4 6 7 12 9 8 -4 -2 -3 -6 -7 -1 -5
right_child=2 5 3 13 10 11 -8 -9 -10 -11 -12 -13 -14 -15
leaf_value=-0.13090951308602913 0.086641420042090939 -0.024256060708029228 0.15900529294201485 0.59055635948110685 -0.07495982549064166 0.036553672371993542 -0.10069476135680551 0.31176492127317906 0.15785511724505472 -0.10906038916474417 -0.18524702752988384 -0.10318062527397805 -0.20504259807958974 0.040172507407060312
leaf_weight=10675 14876 20821 2250 1108 25124 20641 936 5520 10857 4910 2327 1348 7351 67
leaf_count=10675 14876 20821 2250 1108 25124 20641 936 5520 10857 4910 2327 1348 7351 67
internal_value=-5.36489e-11 -0.060562 0.158482 0.305839 -0.114763 -0.00890832 0.109058 0.26753 0.116687 -0.0404385 -0.0843088 0.0279875 -0.161141 0.559173
internal_weight=128811 93197 35614 8945 45477 47720 26669 7770 25733 25731 27451 21989 18026 1175
internal_count=128811 93197 35614 8945 45477 47720 26669 7770 25733 25731 27451 21989 18026 1175
is_linear=0
shrinkage=0.01


Tree=14
num_leaves=15
num_cat=0
split_feature=20 20 20 20 20 1 20 6 4 4 4 4 7 13
split_gain=1.457e+07 3.90423e+06 2.72314e+06 787929 714336 397708 382994 289957 253355 231342 199273 189976 171853 155576
threshold=59.40266159695819 88.10709759188849 40.06944444444445 70.586026615969601 119.59045226130655 -118.99998249999999 27.247474747474758 12.003749000000001 1.0000000180025095e-35 1.0000000180025095e-35 1.0000000180025095e-35 1.0000000180025095e-35 1007.5001000000001 -5.4078997865555696
decision_type=2 2 2 2 2 2 2 2 2 2 2 2 2 2
left_child=2 3 6 8 12 7 13 -4 -2 -5 -6 -7 -3 -1
right_child=1 4 5 9 10 11 -8 -9 -10 -11 -12 -13 -14 -15
leaf_value=-0.24785314025418614 0.073009887430264084 0.23640068197066982 -0.034456899387289457 0.1702453301080305 0.5006466087218352 0.015811385526631958 -0.11144142268602575 -0.11157527026086271 -0.097214545253178117 -0.067680673051087006 0.047339915125676903 -0.10857103585159583 0.34941907742479139 -0.16383075053048982
leaf_weight=2585 22319 3444 21909 12936 2434 17973 19041 6271 910 422 101 1318 2208 14940
leaf_count=2585 22319 3444 21909 12936 2434 17973 19041 6271 910 422 101 1318 2208 14940
internal_value=3.75101e-11 0.145705 -0.0776302 0.101533 0.343109 -0.02767 -0.14249 -0.0516183 0.0663413 0.162729 0.482586 0.00731333 0.280552 -0.176224
internal_weight=128811 44774 84037 36587 8187 47471 36566 28180 23229 13358 2535 19291 5652 17525
internal_count=128811 44774 84037 36587 8187 47471 36566 28180 23229 13358 2535 19291 5652 17525
is_linear=0
shrinkage=0.01


Tree=15
num_leaves=15
num_cat=0
split_feature=23 25 23 30 0 4 30 23 0 31 6 27 6 47
split_gain=1.19017e+07 2.84984e+06 2.19891e+06 872260 664331 489862 411362 392666 376919 366376 304921 294380 272789 137014
threshold=60.627155280698673 81.688816897294544 38.374823968455154 94.193252383590973 35.400001525878913 1.0000000180025095e-35 53.608998732572893 69.137674271229415 36.742692288818368 51.931347697507398 10.304415000000002 147.16834170854273 11.001790500000002 1.0000000180025095e-35
decision_type=2 2 2 2 2 2 2 2 2 2 2 2 2 2
left_child=2 5 8 12 6 7 -4 -2 13 -6 -10 -5 -3 -1
right_child=1 3 4 11 9 -7 -8 -9 10 -11 -12 -13 -14 -15
leaf_value=-0.092478594678762641 0.073086689692020521 0.24885446358508195 -0.037441329539378988 0.37741625459429579 -0.084037887002602576 -0.10832726686421344 0.04618884672742081 0.14692769634221184 -0.12693951551480998 -0.017728689820778978 -0.2052766447576268 0.61421044789289103 0.051800830349459349 0.052570063064610928
leaf_weight=8395 17360 5252 10166 2748 20739 1131 13956 12307 12347 13929 8315 649 811 706
leaf_count=8395 17360 5252 10166 2748 20739 1131 13956 12307 12347 13929 8315 649 811 706
internal_value=8.01784e-11 0.142562 -0.0648116 0.294372 -0.0293557 0.0959317 0.0109437 0.103719 -0.134847 -0.057396 -0.158465 0.422656 0.222496 -0.0812266
internal_weight=128811 40258 88553 9460 58790 30798 24122 29667 29763 34668 20662 3397 6063 9101
internal_count=128811 40258 88553 9460 58790 30798 24122 29667 29763 34668 20662 3397 6063 9101
is_linear=0
shrinkage=0.01


Tree=16
num_leaves=15
num_cat=0
split_feature=20 20 20 20 20 20 20 4 4 7 4 4 4 13
split_gain=1.40744e+07 3.9936e+06 2.60811e+06 650056 635065 512509 262904 256872 241689 224984 212753 195410 155881 151701
threshold=65.362945039751153 43.914141414141419 102.60050251256284 56.045944233206605 79.350443599493033 27.247474747474758 127.63400335008377 1.0000000180025095e-35 1.0000000180025095e-35 1004.3998300000002 1.0000000180025095e-35 1.0000000180025095e-35 1.0000000180025095e-35 -5.4078997865555696
decision_type=2 2 2 2 2 2 2 2 2 2 2 2 2 2
left_child=1 5 4 8 7 13 -4 -2 -3 -6 -5 -8 -7 -1
right_child=2 3 6 10 9 12 11 -9 -10 -11 -12 -13 -14 -15
leaf_value=-0.24393725841485212 0.12269072202277538 -0.026970437622882627 0.34244894071953647 0.040552273361725323 0.16264983700407773 -0.09456140153245704 0.51878054284047603 -0.086832046291803203 -0.14583352613951975 0.26617318016426988 -0.099993025557986712 0.028782876267152674 -0.18323691105005349 -0.16096785173144074
leaf_weight=2585 16992 28972 2382 24310 3747 22383 1915 606 1818 4774 1127 85 2175 14940
leaf_count=2585 16992 28972 2382 24310 3747 22383 1915 606 1818 4774 1127 85 2175 14940
internal_value=-2.23914e-11 -0.0582232 0.187664 -0.00308356 0.149788 -0.131895 0.413424 0.115476 -0.0339887 0.22065 0.0343253 0.497956 -0.102415 -0.173206
internal_weight=128811 98310 30501 56227 26119 42083 4382 17598 30790 8521 25437 2000 24558 17525
internal_count=128811 98310 30501 56227 26119 42083 4382 17598 30790 8521 25437 2000 24558 17525
is_linear=0
shrinkage=0.01


Tree=17
num_leaves=15
num_cat=0
split_feature=20 20 20 20 20 20 20 4 4 4 0 4 6 6
split_gain=1.37943e+07 3.91412e+06 2.55621e+06 637120 622427 503132 257672 251760 236879 208519 206785 196829 192125 118493
threshold=65.362945039751153 43.914141414141419 102.60050251256284 56.045944233206605 79.350443599493033 31.706349206349213 127.63400335008377 1.0000000180025095e-35 1.0000000180025095e-35 1.0000000180025095e-35 36.742692288818368 1.0000000180025095e-35 11.200285500000001 11.416240000000002
decision_type=2 2 2 2 2 2 2 2 2 2 2 2 2 2
left_child=1 5 4 8 7 10 -4 -2 -3 -5 -1 -6 -8 -7
right_child=2 3 6 9 11 13 12 -9 -10 -11 -12 -13 -14 -15
leaf_value=-0.11722709568644767 0.12146381495787997 -0.026700733447672726 0.33902445232784995 0.040146750866856575 0.22713779104490583 -0.076028279043852051 0.53638667270817475 -0.085963725985839304 -0.14437519073561123 -0.098993095495418279 -0.18123377488967202 -0.047243743754647398 0.2716879673181215 -0.13253957065570579
leaf_weight=7333 16992 28972 2382 24310 8251 13429 1672 606 1818 1127 16194 270 328 5127
leaf_count=7333 16992 28972 2382 24310 8251 13429 1672 606 1818 1127 16194 270 328 5127
internal_value=9.23125e-11 -0.057641 0.185787 -0.00305272 0.14829 -0.130576 0.40929 0.114321 -0.0336488 0.0339821 -0.161284 0.218444 0.492976 -0.0916423
internal_weight=128811 98310 30501 56227 26119 42083 4382 17598 30790 25437 23527 8521 2000 18556
internal_count=128811 98310 30501 56227 26119 42083 4382 17598 30790 25437 23527 8521 2000 18556
is_linear=0
shrinkage=0.01


Tree=18
num_leaves=15
num_cat=0
split_feature=20 20 20 20 20 0 20 6 22 17 7 14 1 20
split_gain=1.35251e+07 3.62421e+06 2.52756e+06 702149 697477 377130 356758 280356 203791 199409 170379 149699 143159 122111
threshold=59.40266159695819 87.37737642585553 40.06944444444445 68.553231939163524 119.59045226130655 35.400001525878913 27.247474747474758 12.100785000000002 68.159315589353625 0.0076717221954019652 1007.5001000000001 7.2000092342799205 -118.21337597412109 53.813307984790882
decision_type=2 2 2 2 2 2 2 2 2 2 2 2 2 2
left_child=2 3 6 12 10 13 11 -7 -6 -5 -3 -1 -2 -4
right_child=1 4 5 9 8 7 -8 -9 -10 -11 -12 -13 -14 -15
leaf_value=-0.15824025530563793 0.044744773116560908 0.22483034025248111 -0.01718134400988405 0.17608340805038089 0.2279362201531353 -0.033296409152092823 -0.10731569415576513 -0.10960531911346041 0.49863392790512301 0.10406939745928956 0.33419314588375865 -0.24347800468551914 0.11184934735958395 0.033150788851498428
leaf_weight=15140 16394 3701 9868 9356 318 22018 19041 6162 2217 6528 2316 2385 3944 9423
leaf_count=15140 16394 3701 9868 9356 318 22018 19041 6162 2217 6528 2316 2385 3944 9423
internal_value=6.79774e-11 0.140383 -0.0747947 0.0966672 0.325543 -0.026662 -0.137282 -0.0499826 0.464677 0.146487 0.266925 -0.16984 0.0577579 0.0074042
internal_weight=128811 44774 84037 36222 8552 47471 36566 28180 2535 15884 6017 17525 20338 19291
internal_count=128811 44774 84037 36222 8552 47471 36566 28180 2535 15884 6017 17525 20338 19291
is_linear=0
shrinkage=0.01


Tree=19
num_leaves=15
num_cat=0
split_feature=25 25 25 27 31 0 4 0 31 13 31 17 17 17
split_gain=1.06997e+07 2.51341e+06 2.13271e+06 803339 579440 514041 434023 418074 326328 303373 247628 242273 191832 191515
threshold=61.164768693886636 82.58358928673789 43.610583016476561 128.20854271356788 43.863751584283911 35.400001525878913 1.0000000180025095e-35 36.742692288818368 59.385509083227724 -6.1506612118435582 50.999788762146181 0.0067160146023610605 0.01178709412018158 0.010805572505596772
decision_type=2 2 2 2 2 2 2 2 2 2 2 2 2 2
left_child=2 6 4 11 7 10 8 -1 -2 -7 -4 -3 -5 -6
right_child=1 3 5 12 13 9 -8 -9 -10 -11 -12 -13 -14 -15
leaf_value=-0.083211347018847942 0.078113717224753715 0.29724029458705042 -0.0068839455080204736 0.56449561686762262 -0.03461303027006922 -0.17443472710746274 -0.093866529776882063 -0.16651801563224022 0.14994169619379474 -0.035778199460298726 0.061229401922047101 0.18490573896414167 0.0602138846008866 -0.12226737640548774
leaf_weight=8951 17962 4562 13425 1098 9424 1677 1162 18423 9763 26719 8860 3315 81 3389
leaf_count=8951 17962 4562 13425 1098 9424 1677 1162 18423 9763 26719 8860 3315 81 3389
internal_value=3.56575e-12 0.141042 -0.0588937 0.286403 -0.113299 -0.0157536 0.0954715 -0.139278 0.103407 -0.0439669 0.0201963 0.249965 0.52985 -0.0577973
internal_weight=128811 37943 90868 9056 40187 50681 28887 27374 27725 28396 22285 7877 1179 12813
internal_count=128811 37943 90868 9056 40187 50681 28887 27374 27725 28396 22285 7877 1179 12813
is_linear=0
shrinkage=0.01


Tree=20
num_leaves=15
num_cat=0
split_feature=23 23 25 30 23 4 4 30 7 4 13 27 6 42
split_gain=1.08428e+07 2.58748e+06 2.01474e+06 767591 757966 378850 339805 323583 321691 313103 293679 268899 240230 71361.9
threshold=63.840761864526129 49.13227010280243 82.58358928673789 94.193252383590973 32.824320518236881 1.0000000180025095e-35 1.0000000180025095e-35 66.658428390367575 1003.9999500000001 1.0000000180025095e-35 2.5624408513775401 147.16834170854273 10.197528500000002 1.0000000180025095e-35
decision_type=2 2 2 2 2 2 2 2 2 2 2 2 2 2
left_child=1 4 6 8 12 10 7 -2 -4 -6 -3 -5 -1 -7
right_child=2 5 3 11 9 13 -8 -9 -10 -11 -12 -13 -14 -15
leaf_value=-0.11804659986988383 0.075682516993998472 0.033744820210435997 0.11101896542681793 0.36356358133199862 -0.060393548746400717 -0.065003154476837133 -0.093004836445010966 0.15207677454080518 0.2705584805744356 -0.17291622241048119 -0.022228723257535492 0.59138364965672585 -0.18766067410419052 -0.18204025588057188
leaf_weight=12271 10158 25116 1925 2667 31305 1010 795 12208 3680 2685 14955 643 8317 1076
leaf_count=12271 10158 25116 1925 2667 31305 1010 795 12208 3680 2685 14955 643 8317 1076
internal_value=-4.75012e-11 -0.0528314 0.159329 0.287072 -0.0982855 0.00601504 0.110159 0.117381 0.215766 -0.0692821 0.0128548 0.40782 -0.146169 -0.125373
internal_weight=128811 96735 32076 8915 54578 42157 23161 22366 5605 33990 40071 3310 20588 2086
internal_count=128811 96735 32076 8915 54578 42157 23161 22366 5605 33990 40071 3310 20588 2086
is_linear=0
shrinkage=0.01


Tree=21
num_leaves=15
num_cat=0
split_feature=23 23 23 27 0 30 30 0 13 30 6 47 17 47
split_gain=1.0636e+07 2.4845e+06 1.96455e+06 835122 616939 378777 370074 351863 351771 336931 286912 256927 180107 133641
threshold=60.627155280698673 81.395184493443153 38.374823968455154 128.20854271356788 35.400001525878913 53.608998732572893 93.688646018431839 36.742692288818368 -6.1506612118435582 62.939480354879606 10.304415000000002 1.0000000180025095e-35 0.01178709412018158 1.0000000180025095e-35
decision_type=2 2 2 2 2 2 2 2 2 2 2 2 2 2
left_child=2 9 7 6 5 -4 -3 13 -6 -2 -9 -11 -5 -1
right_child=1 3 4 12 8 -7 -8 10 -10 11 -12 -13 -14 -15
leaf_value=-0.086771584635724222 0.047675850987719655 0.19446980253919816 -0.035348950988773872 0.55022652558995755 -0.17965262141241187 0.044900610521335177 0.33360939549412183 -0.11970557696226738 -0.04665127124829957 0.093530282979983628 -0.19569416799036993 0.17982569226874337 0.070038234187467463 0.056480989976477394
leaf_weight=8395 12047 6437 10166 1114 2118 13956 2719 12347 32550 13184 8315 4673 84 706
leaf_count=8395 12047 6437 10166 1114 2118 13956 2719 12347 32550 13184 8315 4673 84 706
internal_value=2.15936e-10 0.134768 -0.0612684 0.268275 -0.0277552 0.0110802 0.235789 -0.127466 -0.0547768 0.0885427 -0.150286 0.116113 0.516557 -0.0756589
internal_weight=128811 40258 88553 10354 58790 24122 9156 29763 34668 29904 20662 17857 1198 9101
internal_count=128811 40258 88553 10354 58790 24122 9156 29763 34668 29904 20662 17857 1198 9101
is_linear=0
shrinkage=0.01


Tree=22
num_leaves=15
num_cat=0
split_feature=22 31 27 0 1 30 0 22 47 31 27 27 14 1
split_gain=8.03517e+06 2.05439e+06 1.72766e+06 1.52804e+06 883926 723715 620292 567903 489037 466955 396593 346725 319499 248591
threshold=63.309885931558945 44.868715673848762 80.074989438107323 36.742692288818368 -118.21337597412109 75.981305449936642 35.400001525878913 90.963878326996209 1.0000000180025095e-35 58.267638360794265 57.159378960709766 128.20854271356788 7.194518027679476 -118.21337597412109
decision_type=2 2 2 2 2 2 2 2 2 2 2 2 2 2
left_child=1 3 4 8 9 -6 13 -4 -1 -2 -8 -9 -5 -3
right_child=2 6 7 12 5 -7 10 11 -10 -11 -12 -13 -14 -15
leaf_value=-0.060656910188737367 0.015432848840822994 0.030884064664916753 0.19376000060701926 -0.13723343270154761 0.094914891200055043 0.28316890341603246 -0.05787727145269364 0.29137797140911575 0.047928609380160671 0.11993892991361159 0.021276558125831832 0.51979809610427108 -0.25592450233048653 0.12973919606426693
leaf_weight=20908 11910 13913 5006 21315 4680 3623 16841 1977 5174 6670 10142 1001 2538 3113
leaf_count=20908 11910 13913 5006 21315 4680 3623 16841 1977 5174 6670 10142 1001 2538 3113
internal_value=1.23628e-11 -0.0481165 0.129643 -0.0920176 0.0912815 0.177059 0.0016961 0.258809 -0.0391163 0.0529493 -0.028126 0.368157 -0.149862 0.0489585
internal_weight=128811 93944 34867 49935 26883 8303 44009 7984 26082 18580 26983 2978 23853 17026
internal_count=128811 93944 34867 49935 26883 8303 44009 7984 26082 18580 26983 2978 23853 17026
is_linear=0
shrinkage=0.01


Tree=23
num_leaves=15
num_cat=0
split_feature=20 20 20 20 20 20 20 22 6 6 1 1 6 6
split_gain=1.25002e+07 3.33664e+06 2.3432e+06 680157 607188 350226 335359 187899 182866 162997 151746 139820 128328 127845
threshold=59.40266159695819 88.10709759188849 40.06944444444445 69.838191803971284 119.59045226130655 52.513783269961984 21.689814814814817 68.159315589353625 7.7890305500000006 11.416240000000002 -118.21337597412109 -118.99998249999999 11.001790500000002 6.5012302500000008
decision_type=2 2 2 2 2 2 2 2 2 2 2 2 2 2
left_child=2 3 6 10 13 12 -1 -6 -5 -8 -2 -7 -4 -3
right_child=1 4 5 8 7 11 9 -9 -10 -11 -12 -13 -14 -15
leaf_value=-0.17701445041044675 0.046964165012931602 0.30078208499157749 -0.039970692432230052 0.17760340231671923 0.21871983859360034 -0.02232473533023013 -0.095144784661178122 0.47864915967531618 0.10437708281005995 -0.15089980261345784 0.11266217068005728 0.024673960070573729 -0.094171196372414528 0.20461478827027624
leaf_weight=11418 18018 3242 16056 8510 318 13481 17697 2217 5691 7451 4368 11933 6001 2410
leaf_count=11418 18018 3242 16056 8510 318 13481 17697 2217 5691 7451 4368 11933 6001 2410
internal_value=1.30984e-10 0.13496 -0.0719052 0.0941242 0.317451 -0.0255612 -0.13207 0.446043 0.148258 -0.111664 0.0597833 -0.000256764 -0.0547169 0.259777
internal_weight=128811 44774 84037 36587 8187 47471 36566 2535 14201 25148 22386 25414 22057 5652
internal_count=128811 44774 84037 36587 8187 47471 36566 2535 14201 25148 22386 25414 22057 5652
is_linear=0
shrinkage=0.01


Tree=24
num_leaves=15
num_cat=0
split_feature=20 20 20 20 20 20 27 7 0 0 17 0 14 25
split_gain=1.2257e+07 3.48468e+06 2.27e+06 570182 550715 453503 226634 211406 208594 182935 167865 139789 133518 131453
threshold=65.362945039751153 43.914141414141419 102.60050251256284 54.366920152091261 79.350443599493033 31.706349206349213 147.16834170854273 1004.3998300000002 35.400001525878913 36.742692288818368 0.010974159100179225 36.742692288818368 6.1200022147822333 89.035718436924824
decision_type=2 2 2 2 2 2 2 2 2 2 2 2 2 2
left_child=1 5 4 11 10 9 12 -6 -5 -1 -2 -3 -4 -8
right_child=2 3 6 8 7 -7 13 -9 -10 -11 -12 -13 -14 -15
leaf_value=-0.11086773823716702 0.12501136094278464 -0.018786446860800006 0.37305467862918718 0.048893591110581579 0.14955898379427557 -0.086188181875847897 0.22122386860143806 0.24990979575766734 -0.0024158595834942297 -0.17107008680864816 0.05228721234064368 -0.067280497807207906 0.1691414339080704 0.59830693125910483
leaf_weight=7333 13443 14103 3276 17038 3747 18556 108 4774 14811 16194 4155 10275 356 642
leaf_count=7333 13443 14103 3276 17038 3747 18556 108 4774 14811 16194 4155 10275 356 642
internal_value=-3.23367e-11 -0.0543342 0.175129 -0.00282755 0.139793 -0.123152 0.385748 0.205782 0.0250327 -0.152306 0.107841 -0.039226 0.353068 0.544007
internal_weight=128811 98310 30501 56227 26119 42083 4382 8521 31849 23527 17598 24378 3632 750
internal_count=128811 98310 30501 56227 26119 42083 4382 8521 31849 23527 17598 24378 3632 750
is_linear=0
shrinkage=0.01


Tree=25
num_leaves=15
num_cat=0
split_feature=20 20 20 20 20 20 20 17 6 17 1 7 0 0
split_gain=1.20177e+07 3.20783e+06 2.25016e+06 750574 494833 336144 324607 194828 179923 159491 158331 150290 134152 130391
threshold=59.40266159695819 90.963878326996209 40.06944444444445 71.401140684410663 127.63400335008377 52.513783269961984 21.689814814814817 0.0076717221954019652 8.8965830000000015 0.011428287491609875 -118.21337597412109 1005.00003 35.400001525878913 36.742692288818368
decision_type=2 2 2 2 2 2 2 2 2 2 2 2 2 2
left_child=2 3 6 10 11 13 -1 -5 -6 -8 -2 -3 -7 -4
right_child=1 4 5 7 8 12 9 -9 -10 -11 -12 -13 -14 -15
leaf_value=-0.17368007837130406 0.050133040876195731 0.20903132271377961 -0.030806092051988376 0.18780217797424076 0.51862747990339475 0.024121479568820065 -0.093121527546467228 0.10878120653470152 0.30726875132266335 -0.14837949307559117 0.11397078395741878 0.31873844602471019 -0.021914607129934659 -0.079527562212657832
leaf_weight=11418 19694 2096 11714 7897 1441 11933 17746 5158 559 7402 4840 3089 13481 10343
leaf_count=11418 19694 2096 11714 7897 1441 11933 17746 5158 559 7402 4840 3089 13481 10343
internal_value=-3.77939e-11 0.13233 -0.0705038 0.0953233 0.325932 -0.0250891 -0.129462 0.156581 0.459553 -0.109386 0.0627268 0.27439 -0.000298623 -0.0536526
internal_weight=128811 44774 84037 37589 7185 47471 36566 13055 2000 25148 24534 5185 25414 22057
internal_count=128811 44774 84037 37589 7185 47471 36566 13055 2000 25148 24534 5185 25414 22057
is_linear=0
shrinkage=0.01


Tree=26
num_leaves=15
num_cat=0
split_feature=20 20 20 20 20 4 20 4 22 20 4 4 4 47
split_gain=1.17862e+07 3.37413e+06 2.16252e+06 682604 517103 398349 314059 235151 223666 206485 187318 179767 155415 76359.8
threshold=65.569581749049448 49.469696969696976 102.60050251256284 32.272727272727288 79.350443599493033 1.0000000180025095e-35 56.045944233206605 1.0000000180025095e-35 82.542585551330816 155.57403433476398 1.0000000180025095e-35 1.0000000180025095e-35 1.0000000180025095e-35 1.0000000180025095e-35
decision_type=2 2 2 2 2 2 2 2 2 2 2 2 2 2
left_child=1 3 4 11 7 6 -3 -2 -4 -10 -6 -1 -5 -7
right_child=2 5 8 12 10 13 -8 -9 9 -11 -12 -13 -14 -15
leaf_value=-0.13736106786491509 0.11353608474504016 -0.014698503400858747 0.27172391773211801 -0.067763178060142315 0.2102491702117294 -0.14742831107820809 0.03788758263855313 -0.089103844604136118 0.38925684287774537 0.61116806929379286 -0.057421188191959155 -0.21605233553745945 -0.15942851056700216 -0.0093054368354277255
leaf_weight=20837 16695 21092 1359 24301 8251 1901 24607 593 2520 503 270 3373 2002 507
leaf_count=20837 16695 21092 1359 24301 8251 1901 24607 593 2520 503 270 3373 2002 507
internal_value=-4.63084e-11 -0.0529256 0.172884 -0.110008 0.13801 0.00701145 0.0136169 0.106585 0.378279 0.426181 0.201768 -0.148325 -0.0747401 -0.118347
internal_weight=128811 98620 30191 50513 25809 48107 45699 17288 4382 3023 8521 24210 26303 2408
internal_count=128811 98620 30191 50513 25809 48107 45699 17288 4382 3023 8521 24210 26303 2408
is_linear=0
shrinkage=0.01


Tree=27
num_leaves=15
num_cat=0
split_feature=23 23 25 0 27 13 0 7 4 30 30 28 6 6
split_gain=9.54098e+06 2.27984e+06 1.78228e+06 714835 677457 427448 399260 336089 324822 281834 277910 263797 245075 177014
threshold=63.840761864526129 49.13227010280243 82.58358928673789 36.742692288818368 128.20854271356788 -5.7875127815530378 35.400001525878913 1003.2004000000001 1.0000000180025095e-35 66.658428390367575 55.661808196028737 41.105302070130982 12.501600000000002 12.100785000000002
decision_type=2 2 2 2 2 2 2 2 2 2 2 2 2 2
left_child=1 3 8 11 7 -5 10 -4 9 -2 -3 -1 -8 -6
right_child=2 6 4 5 13 -7 12 -9 -10 -11 -12 -13 -14 -15
leaf_value=-0.086430476025466427 0.071357376744605294 -0.0083461634184401404 0.13236774391881947 -0.22790822803160743 0.52365921200984167 -0.10969674604256906 -0.0087104080370636067 0.27769215087874793 -0.095422265575062365 0.14265322900943309 0.065852194072672926 -0.01715518838085954 -0.096030247087174281 -0.0056706961411148761
leaf_weight=10039 10158 8365 2239 3420 1107 28970 17104 5502 795 12208 12730 12149 3958 67
leaf_count=10039 10158 8365 2239 3420 1107 28970 17104 5502 795 12208 12730 12149 3958 67
internal_value=-1.02925e-10 -0.0495585 0.149459 -0.092225 0.269607 -0.122178 0.00567906 0.235659 0.103212 0.110273 0.0364296 -0.0484989 -0.0251197 0.49345
internal_weight=128811 96735 32076 54578 8915 32390 42157 7741 23161 22366 21095 22188 21062 1174
internal_count=128811 96735 32076 54578 8915 32390 42157 7741 23161 22366 21095 22188 21062 1174
is_linear=0
shrinkage=0.01


Tree=28
num_leaves=15
num_cat=0
split_feature=20 20 20 20 20 20 4 20 4 4 4 4 14 7
split_gain=1.13759e+07 3.18542e+06 2.1564e+06 513392 426036 398956 358814 336113 246817 186042 164665 143024 139229 122936
threshold=65.000000000000014 43.914141414141419 93.323827629911293 54.366920152091261 27.247474747474758 127.63400335008377 1.0000000180025095e-35 75.453422053231961 1.0000000180025095e-35 1.0000000180025095e-35 1.0000000180025095e-35 1.0000000180025095e-35 7.2000092342799205 1007.6001000000001
decision_type=2 2 2 2 2 2 2 2 2 2 2 2 2 2
left_child=1 4 6 10 12 13 7 -2 -5 -7 -3 -6 -1 -4
right_child=2 3 5 8 11 9 -8 -9 -10 -11 -12 -13 -14 -15
leaf_value=-0.14514235585537627 0.10135402334637877 -0.031142855087708039 0.23406650036011672 0.02965685277510233 -0.084263350563214351 0.46755906864308189 -0.079837667859782149 0.17833017004629437 -0.1042996548904925 -0.010549199735417085 -0.13994396100252121 -0.16920329692067324 -0.22734508892782893 0.34209270438458883
leaf_weight=15140 14582 22897 2656 29807 22383 1915 833 9284 1442 85 1481 2175 2385 1746
leaf_count=15140 14582 22897 2656 29807 22383 1915 833 9284 1442 85 1481 2175 2385 1746
internal_value=7.0108e-11 -0.0530192 0.166571 -0.00335724 -0.118664 0.330124 0.124177 0.131298 0.0234754 0.447239 -0.0377527 -0.0917861 -0.156329 0.276914
internal_weight=128811 97710 31101 55627 42083 6402 24699 23866 31249 2000 24378 24558 17525 4402
internal_count=128811 97710 31101 55627 42083 6402 24699 23866 31249 2000 24378 24558 17525 4402
is_linear=0
shrinkage=0.01


Tree=29
num_leaves=15
num_cat=0
split_feature=20 20 20 20 20 20 20 17 6 17 47 17 0 17
split_gain=1.11589e+07 2.93358e+06 2.14405e+06 673226 458926 389829 261121 188223 173231 152515 148458 138031 131932 121470
threshold=59.80323193916351 90.963878326996209 38.358585858585862 71.401140684410663 127.63400335008377 52.513783269961984 19.484126984126991 0.0076717221954019652 8.8965830000000015 0.011316112259684241 1.0000000180025095e-35 0.010974159100179225 35.400001525878913 0.0065711384480610429
decision_type=2 2 2 2 2 2 2 2 2 2 2 2 2 2
left_child=2 3 6 10 13 11 -1 -5 -6 -8 -2 -4 -7 -3
right_child=1 4 5 7 8 12 9 -9 -10 -11 -12 -13 -14 -15
leaf_value=-0.17357481157661847 0.049084010559044627 0.30507392701311409 -0.040038754409340793 0.18154348532025485 0.50073278785263764 0.024457447431021885 -0.094959316765905147 0.1038734442657694 0.29334202749861243 -0.14965579150672931 0.11200229101226217 -0.092489804956047764 -0.020500072691498627 0.20678187323787187
leaf_weight=9498 19073 3042 18144 7897 1441 12306 16710 5158 559 7336 4668 6935 13901 2143
leaf_count=9498 19073 3042 18144 7897 1441 12306 16710 5158 559 7336 4668 6935 13901 2143
internal_value=-9.202e-11 0.129263 -0.067018 0.0931741 0.314085 -0.0263596 -0.129181 0.150856 0.442767 -0.111646 0.0614551 -0.0545428 0.000610594 0.264449
internal_weight=128811 43981 84830 36796 7185 51286 33544 13055 2000 24046 23741 25079 26207 5185
internal_count=128811 43981 84830 36796 7185 51286 33544 13055 2000 24046 23741 25079 26207 5185
is_linear=0
shrinkage=0.01


Tree=30
num_leaves=15
num_cat=0
split_feature=20 20 20 20 20 20 22 7 20 0 0 0 47 6
split_gain=1.09382e+07 3.13494e+06 2.01329e+06 517342 480374 411077 213380 200133 196281 174113 157176 154913 154154 103386
threshold=65.569581749049448 43.914141414141419 102.60050251256284 56.045944233206605 79.350443599493033 31.706349206349213 82.542585551330816 1004.3998300000002 155.57403433476398 36.742692288818368 36.742692288818368 35.400001525878913 1.0000000180025095e-35 11.907919750000001
decision_type=2 2 2 2 2 2 2 2 2 2 2 2 2 2
left_child=1 5 4 10 12 9 -4 -6 -8 -1 -3 -5 -2 -7
right_child=2 3 6 11 7 13 8 -9 -10 -11 -12 -13 -14 -15
leaf_value=-0.10366599842653069 0.086230297785223731 -0.011258808305034358 0.26065408962085906 0.05285242712896876 0.13964756100711229 -0.067355068398316231 0.37551739224034641 0.23728616464057647 0.59187582869712208 -0.16239876655778923 -0.05723602999022364 0.0035309716806482807 0.15704563639990271 -0.12155104747320017
leaf_weight=7333 13289 18236 1359 14202 3747 13835 2520 4774 503 16194 12554 11545 3999 4721
leaf_count=7333 13289 18236 1359 14202 3747 13835 2520 4774 503 16194 12554 11545 3999 4721
internal_value=-2.11594e-11 -0.0509861 0.166548 -0.00234327 0.1329 -0.116336 0.36473 0.194351 0.411517 -0.144093 -0.0300051 0.0307366 0.102611 -0.0811436
internal_weight=128811 98620 30191 56537 25809 42083 4382 8521 3023 23527 30790 25747 17288 18556
internal_count=128811 98620 30191 56537 25809 42083 4382 8521 3023 23527 30790 25747 17288 18556
is_linear=0
shrinkage=0.01


Tree=31
num_leaves=15
num_cat=0
split_feature=20 20 20 20 20 20 20 6 17 7 17 17 14 6
split_gain=1.07254e+07 2.86797e+06 2.01187e+06 560708 555446 357585 253283 178211 175293 153192 148072 134273 123092 121217
threshold=59.40266159695819 87.37737642585553 38.358585858585862 68.553231939163524 119.59045226130655 52.513783269961984 19.484126984126991 7.0967307500000008 0.0076717221954019652 1007.5001000000001 0.011316112259684241 0.010974159100179225 10.800008285760763 9.7100000000000026
decision_type=2 2 2 2 2 2 2 2 2 2 2 2 2 2
left_child=2 3 6 13 9 11 -1 -6 -5 -3 -8 -4 -7 -2
right_child=1 4 5 8 7 12 10 -9 -10 -11 -12 -13 -14 -15
leaf_value=-0.17035785757653926 0.067885228958928012 0.1974993916498701 -0.03920872354339406 0.15839284526253514 0.48044847390562945 0.0030082662294783251 -0.092923831373853308 0.30827042196485765 0.090873611612251437 0.30119939313757527 -0.14681771749701411 -0.090940698358396882 -0.14717397443269209 0.015300891571399838
leaf_weight=9498 13944 3701 18144 9356 1555 24856 16710 980 6528 2316 7336 6935 558 6394
leaf_count=9498 13944 3701 18144 9356 1555 24856 16710 980 6528 2316 7336 6935 558 6394
internal_value=-6.63003e-12 0.125012 -0.0666052 0.0861237 0.289725 -0.026725 -0.126636 0.413887 0.130644 0.237414 -0.109366 -0.053514 -0.000289195 0.0513534
internal_weight=128811 44774 84037 36222 8552 50493 33544 2535 15884 6017 24046 25079 25414 20338
internal_count=128811 44774 84037 36222 8552 50493 33544 2535 15884 6017 24046 25079 25414 20338
is_linear=0
shrinkage=0.01


Tree=32
num_leaves=15
num_cat=0
split_feature=20 20 20 20 20 20 4 20 4 4 4 4 13 7
split_gain=1.05133e+07 2.94168e+06 1.99414e+06 475107 397072 369773 350607 312089 240885 181005 160577 138783 136011 116859
threshold=65.000000000000014 43.914141414141419 93.323827629911293 54.366920152091261 27.247474747474758 127.63400335008377 1.0000000180025095e-35 75.453422053231961 1.0000000180025095e-35 1.0000000180025095e-35 1.0000000180025095e-35 1.0000000180025095e-35 -5.4078997865555696 1007.6001000000001
decision_type=2 2 2 2 2 2 2 2 2 2 2 2 2 2
left_child=1 4 6 10 12 13 7 -2 -5 -7 -3 -6 -1 -4
right_child=2 3 5 8 11 9 -8 -9 -10 -11 -12 -13 -14 -15
leaf_value=-0.21738886560030946 0.097548369316948644 -0.029806032522517546 0.22440823829119036 0.028674266161748507 -0.080694213402517076 0.45020357746231071 -0.082304645043497049 0.17172259477416468 -0.10366261888957415 -0.021387893683770125 -0.13724806644777082 -0.16436552393950052 -0.13882718138081016 0.32973045852361732
leaf_weight=2585 14582 22897 2656 29807 22383 1915 833 9284 1442 85 1481 2175 14940 1746
leaf_count=2585 14582 22897 2656 29807 22383 1915 833 9284 1442 85 1481 2175 14940 1746
internal_value=3.6541e-11 -0.0509694 0.160131 -0.0032452 -0.114053 0.31741 0.119364 0.126403 0.0225675 0.430161 -0.0363333 -0.0881046 -0.150415 0.266183
internal_weight=128811 97710 31101 55627 42083 6402 24699 23866 31249 2000 24378 24558 17525 4402
internal_count=128811 97710 31101 55627 42083 6402 24699 23866 31249 2000 24378 24558 17525 4402
is_linear=0
shrinkage=0.01


Tree=33
num_leaves=15
num_cat=0
split_feature=20 20 20 20 20 4 0 0 13 4 4 4 7 47
split_gain=1.0312e+07 2.71091e+06 1.98046e+06 623771 425647 327276 307505 297983 279382 223776 198356 177403 137192 106813
threshold=59.80323193916351 90.963878326996209 40.06944444444445 71.401140684410663 127.63400335008377 1.0000000180025095e-35 35.400001525878913 36.742692288818368 -5.4078997865555696 1.0000000180025095e-35 1.0000000180025095e-35 1.0000000180025095e-35 1005.00003 1.0000000180025095e-35
decision_type=2 2 2 2 2 2 2 2 2 2 2 2 2 2
left_child=2 3 7 9 12 6 -4 13 -9 -2 -5 -6 -3 -1
right_child=1 4 5 10 11 -7 -8 8 -10 -11 -12 -13 -14 -15
leaf_value=-0.092537217121806167 0.065219067488047122 0.19168229793724498 0.015703898059870259 0.15213748289189874 0.44570154214088192 -0.12789976421330082 -0.037301200962400319 -0.23437688990558969 -0.1287363384254519 -0.093440427788649055 -0.070566484851956587 -0.021174012832781849 0.29650006279120644 -0.0020791746870890229
leaf_weight=12114 22816 2096 18332 12642 1915 2770 27162 2859 20130 925 413 85 3089 1463
leaf_count=12114 22816 2096 18332 12642 1915 2770 27162 2859 20130 925 413 85 3089 1463
internal_value=-6.65891e-11 0.124262 -0.0644248 0.0895691 0.301931 -0.0223681 -0.0159426 -0.119936 -0.141874 0.0590374 0.145092 0.425859 0.254128 -0.0827898
internal_weight=128811 43981 84830 36796 7185 48264 45494 36566 22989 23741 13055 2000 5185 13577
internal_count=128811 43981 84830 36796 7185 48264 45494 36566 22989 23741 13055 2000 5185 13577
is_linear=0
shrinkage=0.01


Tree=34
num_leaves=15
num_cat=0
split_feature=20 20 20 20 20 4 0 4 22 20 7 4 4 1
split_gain=1.01092e+07 2.90714e+06 1.86589e+06 593404 445555 363184 303962 214571 206383 197857 191661 166235 143794 73108.2
threshold=65.569581749049448 49.469696969696976 102.60050251256284 31.706349206349213 79.350443599493033 1.0000000180025095e-35 35.400001525878913 1.0000000180025095e-35 79.901615969581769 155.57403433476398 1004.3998300000002 1.0000000180025095e-35 1.0000000180025095e-35 -118.21337597412109
decision_type=2 2 2 2 2 2 2 2 2 2 2 2 2 2
left_child=1 3 4 11 7 6 -3 -2 -4 -10 -6 -1 -5 -7
right_child=2 5 8 12 10 13 -8 -9 9 -11 -12 -13 -14 -15
leaf_value=-0.12796838746967235 0.10518854979904335 0.039438260552546719 0.23863305539556862 -0.063339496676458745 0.13336839591893743 -0.14153373963194474 -0.012161968355885806 -0.088381066461915112 0.35849698635584104 0.57338841293956722 0.22891804710525188 -0.20449488309112748 -0.15002099646128794 -0.0063836834525333123
leaf_weight=20225 16695 22219 1192 24913 3747 1901 23480 593 2680 510 4774 3302 2073 507
leaf_count=20225 16695 22219 1192 24913 3747 1901 23480 593 2680 510 4774 3302 2073 507
internal_value=-2.32606e-12 -0.0490159 0.160112 -0.102001 0.127719 0.00661907 0.0129262 0.0985489 0.350902 0.392853 0.186901 -0.138709 -0.0699982 -0.113078
internal_weight=128811 98620 30191 50513 25809 48107 45699 17288 4382 3190 8521 23527 26986 2408
internal_count=128811 98620 30191 50513 25809 48107 45699 17288 4382 3190 8521 23527 26986 2408
is_linear=0
shrinkage=0.01


Tree=35
num_leaves=15
num_cat=0
split_feature=23 23 25 0 27 14 0 4 30 30 30 6 1 17
split_gain=8.22511e+06 1.95922e+06 1.55251e+06 653158 591273 404209 363791 296868 277137 245790 237341 233397 227819 177300
threshold=63.840761864526129 49.13227010280243 82.58358928673789 36.742692288818368 128.20854271356788 7.194518027679476 35.400001525878913 1.0000000180025095e-35 93.394405487513623 55.661808196028737 66.286882129277572 12.501600000000002 -118.21337597412109 0.01178709412018158
decision_type=2 2 2 2 2 2 2 2 2 2 2 2 2 2
left_child=1 3 7 12 8 -5 9 10 -4 -3 -2 -8 -1 -6
right_child=2 6 4 5 13 -7 11 -9 -10 -11 -12 -13 -14 -15
leaf_value=-0.054819382841168877 0.065987810458238289 -0.007563918305294297 0.17825621762241331 -0.10301034488438397 0.49348172630992027 -0.22573443880329927 -0.0081932966751068394 -0.094287724358761843 0.30665018992836635 0.062215105733899594 0.13153470352696617 -0.093407262272207858 0.049153610015362253 0.0086003187298774719
leaf_weight=19830 9956 8365 5273 29437 1093 2953 17104 795 2468 12730 12410 3958 2358 81
leaf_count=19830 9956 8365 5273 29437 1093 2953 17104 795 2468 12730 12410 3958 2358 81
internal_value=-9.89113e-11 -0.0460143 0.13877 -0.085567 0.250906 -0.114199 0.00519207 0.0956073 0.219191 0.034545 0.102357 -0.0242068 -0.0437698 0.460027
internal_weight=128811 96735 32076 54578 8915 32390 42157 23161 7741 21095 22366 21062 22188 1174
internal_count=128811 96735 32076 54578 8915 32390 42157 23161 7741 21095 22366 21062 22188 1174
is_linear=0
shrinkage=0.01


Tree=36
num_leaves=15
num_cat=0
split_feature=20 20 20 20 20 20 0 14 6 17 17 17 47 14
split_gain=9.77051e+06 2.60608e+06 1.83664e+06 509884 505569 328626 241938 272218 171867 168814 128461 122553 117578 116695
threshold=59.40266159695819 87.37737642585553 38.358585858585862 68.553231939163524 119.59045226130655 52.513783269961984 36.742692288818368 6.8164225469326789 7.0967307500000008 0.0076717221954019652 0.010974159100179225 0.0065711384480610429 1.0000000180025095e-35 10.800008285760763
decision_type=2 2 2 2 2 2 2 2 2 2 2 2 2 2
left_child=2 3 6 12 11 10 -1 -8 -6 -5 -4 -3 -2 -7
right_child=1 4 5 9 8 13 7 -9 -10 -11 -12 -13 -14 -15
leaf_value=-0.084576081173188475 0.037296813577104376 0.26478685065139684 -0.037156379010860274 0.15193292766770636 0.46015231471170948 0.0030860691583986521 -0.1278932523431929 -0.23819776942258838 0.29106637093875254 0.085673324614636726 -0.087756346881673317 0.17333156450167014 0.098111161216068637 -0.14314202501195714
leaf_weight=11844 16394 3493 18144 9356 1555 24856 19167 2533 980 6528 6935 2524 3944 558
leaf_count=11844 16394 3493 18144 9356 1555 24856 19167 2533 980 6528 6935 2524 3944 558
internal_value=2.02565e-11 0.119318 -0.0635711 0.0822471 0.27633 -0.0254673 -0.120928 -0.140769 0.394786 0.124702 -0.0511486 0.226423 0.0490901 -0.000124574
internal_weight=128811 44774 84037 36222 8552 50493 33544 21700 2535 15884 25079 6017 20338 25414
internal_count=128811 44774 84037 36222 8552 50493 33544 21700 2535 15884 25079 6017 20338 25414
is_linear=0
shrinkage=0.01


Tree=37
num_leaves=15
num_cat=0
split_feature=20 20 20 20 20 20 4 1 4 4 4 14 4 7
split_gain=9.57664e+06 2.42431e+06 1.9497e+06 599389 352381 335842 305287 261563 207752 196593 172864 127409 126853 111552
threshold=60.15256653992396 93.323827629911293 43.368055555555564 72.085633989089118 27.247474747474758 127.63400335008377 1.0000000180025095e-35 -118.99998249999999 1.0000000180025095e-35 1.0000000180025095e-35 1.0000000180025095e-35 7.2000092342799205 1.0000000180025095e-35 1007.6001000000001
decision_type=2 2 2 2 2 2 2 2 2 2 2 2 2 2
left_child=2 3 4 8 11 13 7 -4 -2 -5 -7 -1 -6 -3
right_child=1 5 6 9 12 10 -8 -9 -10 -11 -12 -13 -14 -15
leaf_value=-0.13331366752265389 0.066359862550884885 0.21309029083374903 -0.030324391035867152 0.15217083822841471 -0.077594237699466703 0.42976571912192024 -0.1219374074504016 0.019512335855201974 -0.090877269617275463 -0.068485396952419689 -0.031098602533340458 -0.21194968184741289 -0.15869976097437341 0.31599300710471584
leaf_weight=15140 21795 2656 24300 12729 21543 1915 2522 18586 874 417 85 2385 2118 1746
leaf_count=15140 21795 2656 24300 12729 21543 1915 2522 18586 874 417 85 2385 2118 1746
internal_value=-7.65875e-11 0.12349 -0.0602046 0.0914508 -0.110028 0.302726 -0.0150139 -0.00872607 0.0602976 0.145171 0.410179 -0.144015 -0.0848543 0.253905
internal_weight=128811 42217 86594 35815 41186 6402 45408 42886 22669 13146 2000 17525 23661 4402
internal_count=128811 42217 86594 35815 41186 6402 45408 42886 22669 13146 2000 17525 23661 4402
is_linear=0
shrinkage=0.01


Tree=38
num_leaves=15
num_cat=0
split_feature=20 20 20 20 20 20 0 14 22 17 7 17 6 14
split_gain=9.38848e+06 2.50625e+06 1.76602e+06 490846 485813 318740 236515 263651 168649 164943 141749 125306 116721 113411
threshold=59.40266159695819 87.37737642585553 38.358585858585862 68.553231939163524 119.59045226130655 52.513783269961984 36.742692288818368 6.8164225469326789 68.159315589353625 0.0076717221954019652 1007.5001000000001 0.010974159100179225 9.7100000000000026 10.800008285760763
decision_type=2 2 2 2 2 2 2 2 2 2 2 2 2 2
left_child=2 3 6 12 10 11 -1 -8 -6 -5 -3 -4 -2 -7
right_child=1 4 5 9 8 13 7 -9 -10 -11 -12 -13 -14 -15
leaf_value=-0.082617154158155362 0.064298336075701443 0.18362022604007688 -0.036424566138219816 0.14917982106386413 0.17169246541699337 0.0031719469593760349 -0.1255051217335954 -0.23406007328921871 0.41794694719269004 0.083684330744213803 0.28337219796932439 -0.086399416493295522 0.012698422120258514 -0.14098333845707825
leaf_weight=11844 13944 3701 18144 9356 318 24856 19167 2533 2217 6528 2316 6935 6394 558
leaf_count=11844 13944 3701 18144 9356 318 24856 19167 2533 2217 6528 2316 6935 6394 558
internal_value=6.67693e-12 0.116962 -0.0623159 0.0806081 0.270937 -0.0249519 -0.118559 -0.138177 0.387056 0.122263 0.222016 -0.0502439 0.048076 6.81556e-06
internal_weight=128811 44774 84037 36222 8552 50493 33544 21700 2535 15884 6017 25079 20338 25414
internal_count=128811 44774 84037 36222 8552 50493 33544 21700 2535 15884 6017 25079 20338 25414
is_linear=0
shrinkage=0.01


Tree=39
num_leaves=15
num_cat=0
split_feature=20 20 20 20 20 4 0 20 4 4 4 7 4 17
split_gain=9.20286e+06 2.5829e+06 1.74735e+06 548022 380415 340066 278742 219608 203618 169398 157888 157190 136685 87352.3
threshold=65.000000000000014 49.469696969696976 98.416349809885944 31.706349206349213 79.350443599493033 1.0000000180025095e-35 35.400001525878913 127.63400335008377 1.0000000180025095e-35 1.0000000180025095e-35 1.0000000180025095e-35 1004.3998300000002 1.0000000180025095e-35 0.0066004494725990038
decision_type=2 2 2 2 2 2 2 2 2 2 2 2 2 2
left_child=1 3 4 10 8 6 -3 13 -2 -9 -1 -6 -5 -4
right_child=2 5 7 12 11 -7 -8 9 -10 -11 -12 -13 -14 -15
leaf_value=-0.1221944656579854 0.098166984308879338 0.037315478280253771 0.31150204067658477 -0.060138722788947656 0.12503883765027843 -0.11115971530158524 -0.012577782955091418 0.42157278514237151 -0.085087284403882787 -0.034648404314237484 -0.19677481287586329 0.21482037802247891 -0.14465051667837675 0.20168588010752397
leaf_weight=20225 17570 21792 1785 24913 3508 2373 23032 1915 628 85 3302 4391 2073 1219
leaf_count=20225 17570 21792 1785 24913 3508 2373 23032 1915 628 85 3302 4391 2073 1219
internal_value=7.77682e-12 -0.0476873 0.149819 -0.0973854 0.116997 0.00550258 0.0116787 0.320994 0.091843 0.402183 -0.132662 0.174948 -0.0666307 0.266939
internal_weight=128811 97710 31101 50513 26097 47197 44824 5004 18198 2000 23527 7899 26986 3004
internal_count=128811 97710 31101 50513 26097 47197 44824 5004 18198 2000 23527 7899 26986 3004
is_linear=0
shrinkage=0.01


Tree=40
num_leaves=15
num_cat=0
split_feature=20 20 20 20 20 4 20 4 4 0 4 4 7 44
split_gain=9.03149e+06 2.40685e+06 1.69632e+06 471177 466934 318901 290170 237314 217812 187776 167922 153364 137500 90709.6
threshold=59.40266159695819 87.37737642585553 38.358585858585862 68.553231939163524 119.59045226130655 1.0000000180025095e-35 52.513783269961984 1.0000000180025095e-35 1.0000000180025095e-35 36.742692288818368 1.0000000180025095e-35 1.0000000180025095e-35 1007.5001000000001 1.0000000180025095e-35
decision_type=2 2 2 2 2 2 2 2 2 2 2 2 2 2
left_child=2 3 7 11 12 6 -4 9 -5 -1 -6 -2 -3 -9
right_child=1 4 5 8 10 -7 -8 13 -10 -11 -12 -13 -14 -15
leaf_value=-0.071668920482459084 0.052752304820873716 0.17983045148597043 -0.043259583574186911 0.12674866894836753 0.39602681147826924 -0.12399983815135841 0.0061965876769269094 -0.1533696106215684 -0.080389090159890209 -0.12472212589011041 -0.020096452427972662 -0.089022297231616532 0.27807595712740768 -0.25191344276154726
leaf_weight=10239 19544 3701 23369 15359 2434 3028 24096 2741 525 19147 101 794 2316 1417
leaf_count=10239 19544 3701 23369 15359 2434 3028 24096 2741 525 19147 101 794 2316 1417
internal_value=-2.78556e-11 0.114716 -0.0611196 0.079091 0.265608 -0.0245003 -0.0181527 -0.116242 0.119902 -0.106237 0.379448 0.0472174 0.217646 -0.186952
internal_weight=128811 44774 84037 36222 8552 50493 47465 33544 15884 29386 2535 20338 6017 4158
internal_count=128811 44774 84037 36222 8552 50493 47465 33544 15884 29386 2535 20338 6017 4158
is_linear=0
shrinkage=0.01


Tree=41
num_leaves=15
num_cat=0
split_feature=20 20 20 20 20 4 20 4 4 6 20 4 7 1
split_gain=8.85176e+06 2.35895e+06 1.66266e+06 461801 457642 316273 297469 226481 213477 165826 159914 150312 134764 70024.8
threshold=59.40266159695819 87.37737642585553 37.833333333333336 68.553231939163524 119.59045226130655 1.0000000180025095e-35 52.513783269961984 1.0000000180025095e-35 1.0000000180025095e-35 7.0967307500000008 19.484126984126991 1.0000000180025095e-35 1007.5001000000001 -118.21337597412109
decision_type=2 2 2 2 2 2 2 2 2 2 2 2 2 2
left_child=2 3 7 11 12 6 -4 10 -5 -6 -1 -2 -3 -7
right_child=1 4 5 8 9 13 -8 -9 -10 -11 -12 -13 -14 -15
leaf_value=-0.14487676189165957 0.052224781697326937 0.17803214690717631 -0.043528486675117516 0.12548118210860987 0.43986040312590802 -0.14452082553977214 0.0061346217395388085 -0.18578240663725409 -0.079585199947903557 0.27377305768224963 -0.091796004740393372 -0.088132074950098699 0.27529519738547431 -0.017374338819144824
leaf_weight=7805 19544 3701 24147 15359 1555 2569 24096 4096 525 980 20803 794 2316 521
leaf_count=7805 19544 3701 24147 15359 1555 2569 24096 4096 525 980 20803 794 2316 521
internal_value=-1.25426e-10 0.113569 -0.0605085 0.0783001 0.262951 -0.0250051 -0.0187232 -0.116235 0.118703 0.375653 -0.106278 0.0467452 0.21547 -0.123083
internal_weight=128811 44774 84037 36222 8552 51333 48243 32704 15884 2535 28608 20338 6017 3090
internal_count=128811 44774 84037 36222 8552 51333 48243 32704 15884 2535 28608 20338 6017 3090
is_linear=0
shrinkage=0.01


Tree=42
num_leaves=15
num_cat=0
split_feature=20 20 20 20 20 20 1 6 17 17 1 25 17 17
split_gain=8.67706e+06 2.1999e+06 1.76833e+06 546124 326458 304659 249745 225355 171437 158929 137494 124202 112850 106731
threshold=60.15256653992396 93.323827629911293 43.368055555555564 72.085633989089118 27.247474747474758 127.63400335008377 -118.99998249999999 10.800749500000002 0.0075820395361639991 0.01178709412018158 -118.21337597412109 16.966276756794823 0.011316112259684241 0.0065711384480610429
decision_type=2 2 2 2 2 2 2 2 2 2 2 2 2 2
left_child=2 3 4 10 11 13 7 -4 -5 -7 -2 -1 -6 -3
right_child=1 5 6 8 12 9 -8 -9 -10 -11 -12 -13 -14 -15
leaf_value=-0.20806328599937909 0.044692794554900515 0.28310853454412366 -0.016430439236907585 0.16756479998621493 -0.06675625888956023 0.42652100381767194 0.012327174527927278 -0.082585326390732752 0.093735354680302085 0.16923015768129021 0.10543805380697943 -0.12743054366805698 -0.1151622453610846 0.18311030391075711
leaf_weight=2182 17968 2583 18395 7936 16930 1721 19862 7151 5210 279 4701 15343 6731 1819
leaf_count=2182 17968 2583 18395 7936 16930 1721 19862 7151 5210 279 4701 15343 6731 1819
internal_value=5.28197e-11 0.117547 -0.0573073 0.0870267 -0.104757 0.288286 -0.0142698 -0.0349489 0.138305 0.390629 0.0572899 -0.13747 -0.0805266 0.241787
internal_weight=128811 42217 86594 35815 41186 6402 45408 25546 13146 2000 22669 17525 23661 4402
internal_count=128811 42217 86594 35815 41186 6402 45408 25546 13146 2000 22669 17525 23661 4402
is_linear=0
shrinkage=0.01


Tree=43
num_leaves=15
num_cat=0
split_feature=23 23 25 23 27 1 7 6 1 6 9 17 22 7
split_gain=7.09354e+06 1.74534e+06 1.30264e+06 518955 516743 344886 297072 232190 226551 199075 174318 170368 153625 129781
threshold=64.2762727080693 49.13227010280243 82.58358928673789 32.824320518236881 128.20854271356788 -118.99998249999999 1003.2004000000001 12.501600000000002 -118.21337597412109 10.197528500000002 -0.37940952255126015 0.01178709412018158 65.727099896301425 1004.6003850000001
decision_type=2 2 2 2 2 2 2 2 2 2 2 2 2 2
left_child=1 3 12 9 6 7 -4 -3 -5 -1 -7 -6 -2 -14
right_child=2 5 4 8 11 10 -8 -9 -10 -11 -12 -13 13 -15
leaf_value=-0.09342920686211427 0.065811491651284873 -0.0070224141117170092 0.10691977441368362 -0.061858282513040742 0.46205843417193782 -0.0058604242735543748 0.24362433566510894 -0.091448413750503069 0.04795217047818752 -0.15680042506178557 0.053910779594923713 -0.013250236739347011 0.089528822286419896 0.16155208277438957
leaf_weight=12271 11750 17379 2236 31994 1093 7376 5499 4009 1996 8317 14415 81 6201 4194
leaf_count=12271 11750 17379 2236 31994 1093 7376 5499 4009 1996 8317 14415 81 6201 4194
internal_value=5.89709e-11 -0.0418254 0.131665 -0.0794086 0.233777 0.00567957 0.204106 -0.0228474 -0.0554099 -0.119029 0.0336789 0.429265 0.0905849 0.118588
internal_weight=128811 97757 31054 54578 8909 43179 7735 21388 33990 20588 21791 1174 22145 10395
internal_count=128811 97757 31054 54578 8909 43179 7735 21388 33990 20588 21791 1174 22145 10395
is_linear=0
shrinkage=0.01


Tree=44
num_leaves=15
num_cat=0
split_feature=20 20 20 20 20 4 0 4 4 20 7 0 6 1
split_gain=8.38172e+06 2.41945e+06 1.55371e+06 502653 372664 322037 263902 191274 189231 186925 172863 155580 128807 67938.3
threshold=65.569581749049448 49.469696969696976 102.60050251256284 32.272727272727288 79.350443599493033 1.0000000180025095e-35 35.400001525878913 1.0000000180025095e-35 1.0000000180025095e-35 146.34757118927976 1004.3998300000002 36.742692288818368 11.907919750000001 -118.21337597412109
decision_type=2 2 2 2 2 2 2 2 2 2 2 2 2 2
left_child=1 3 4 11 7 6 -3 -2 9 -4 -6 -1 -5 -7
right_child=2 5 8 12 10 13 -8 -9 -10 -11 -12 -13 -14 -15
leaf_value=-0.088311797174691634 0.095823853236455175 0.036764790928755627 0.29327242521264091 -0.05004344960463996 0.11951779046954475 -0.13402158349747037 -0.011315047074793232 -0.086935447571935803 -0.015505833633152055 0.44492311566017295 0.21026088451311559 -0.14296887680556769 -0.1013817740652075 -0.0037377776262117091
leaf_weight=7583 16695 22219 3121 19816 3747 1901 23480 593 162 1099 4774 16627 6487 507
leaf_count=7583 16695 22219 3121 19816 3747 1901 23480 593 162 1099 4774 16627 6487 507
internal_value=-4.98843e-11 -0.044632 0.145792 -0.0929689 0.116233 0.00612238 0.0120615 0.089555 0.319891 0.332766 0.170358 -0.125849 -0.0627048 -0.106591
internal_weight=128811 98620 30191 50513 25809 48107 45699 17288 4382 4220 8521 24210 26303 2408
internal_count=128811 98620 30191 50513 25809 48107 45699 17288 4382 4220 8521 24210 26303 2408
is_linear=0
shrinkage=0.01


Tree=45
num_leaves=15
num_cat=0
split_feature=20 20 20 20 20 4 0 4 4 4 0 4 7 44
split_gain=8.22418e+06 2.1903e+06 1.54414e+06 515840 338963 304209 280101 219764 193394 174990 168822 158254 119332 84151.7
threshold=59.40266159695819 90.963878326996209 37.833333333333336 71.401140684410663 127.63400335008377 1.0000000180025095e-35 35.400001525878913 1.0000000180025095e-35 1.0000000180025095e-35 1.0000000180025095e-35 36.742692288818368 1.0000000180025095e-35 1005.00003 1.0000000180025095e-35
decision_type=2 2 2 2 2 2 2 2 2 2 2 2 2 2
left_child=2 3 7 8 12 6 -4 10 -2 -5 -1 -6 -3 -9
right_child=1 4 5 9 11 -7 -8 13 -10 -11 -12 -13 -14 -15
leaf_value=-0.068827793842403479 0.057514728787220692 0.16854783092245534 0.011573026636365382 0.13629120273963011 0.39877800034056599 -0.12029855561105558 -0.037615690965248229 -0.14785531472404884 -0.087716224160556938 -0.072885121525914726 -0.11989204527100386 -0.042181341220350825 0.26630511907901189 -0.24340141943452495
leaf_weight=9901 23580 2096 19289 12642 1915 3090 28954 2695 954 413 18707 85 3089 1401
leaf_count=9901 23580 2096 19289 12642 1915 3090 28954 2695 954 413 18707 85 3089 1401
internal_value=-1.46712e-11 0.109469 -0.058324 0.0788903 0.269446 -0.0241095 -0.0179486 -0.112028 0.0518675 0.129674 -0.102219 0.380037 0.226787 -0.180536
internal_weight=128811 44774 84037 37589 7185 51333 48243 32704 24534 13055 28608 2000 5185 4096
internal_count=128811 44774 84037 37589 7185 51333 48243 32704 24534 13055 28608 2000 5185 4096
is_linear=0
shrinkage=0.01


Tree=46
num_leaves=15
num_cat=0
split_feature=23 23 25 0 27 31 0 4 17 30 30 47 30 17
split_gain=6.70536e+06 1.64795e+06 1.23549e+06 572296 489898 394557 328044 246470 224176 223982 220079 214362 183119 166872
threshold=64.2762727080693 49.13227010280243 82.58358928673789 36.742692288818368 128.20854271356788 38.324989438107316 35.400001525878913 1.0000000180025095e-35 0.012610961430146448 55.661808196028737 93.394405487513623 1.0000000180025095e-35 66.286882129277572 0.01178709412018158
decision_type=2 2 2 2 2 2 2 2 2 2 2 2 2 2
left_child=1 3 7 11 10 -5 9 12 -8 -3 -4 -1 -2 -6
right_child=2 6 4 5 13 -7 8 -9 -10 -11 -12 -13 -14 -15
leaf_value=-0.048778273486000001 0.061073084685400909 -0.0071408287223743618 0.16206493375725228 -0.13719790439879362 0.45025440395900879 -0.067308106734985551 -0.0070565132718407933 -0.090673632366213217 -0.090968445315676355 0.058535670059968674 0.27651384606888729 0.05207732090221337 0.12003954432251793 -0.02015149066891567
leaf_weight=19830 9365 8538 5268 16998 1093 15392 17496 746 3892 13253 2467 2358 12034 81
leaf_count=19830 9365 8538 5268 16998 1093 15392 17496 746 3892 13253 2467 2358 12034 81
internal_value=2.09902e-11 -0.0406649 0.128012 -0.0771844 0.227457 -0.103986 0.00549561 0.0880046 -0.0223261 0.0328028 0.198567 -0.03806 0.0942336 0.417799
internal_weight=128811 97757 31054 54578 8909 32390 43179 22145 21388 21791 7735 22188 21399 1174
internal_count=128811 97757 31054 54578 8909 32390 43179 22145 21388 21791 7735 22188 21399 1174
is_linear=0
shrinkage=0.01


Tree=47
num_leaves=15
num_cat=0
split_feature=23 23 23 0 27 31 0 4 30 1 17 30 30 17
split_gain=6.57251e+06 1.55878e+06 1.1702e+06 560908 535116 386705 310965 240641 217922 210096 209086 207761 165539 156385
threshold=63.840761864526129 49.13227010280243 81.395184493443153 36.742692288818368 128.20854271356788 38.324989438107316 35.400001525878913 1.0000000180025095e-35 93.688646018431839 -118.21337597412109 0.012610961430146448 55.661808196028737 66.658428390367575 0.01178709412018158
decision_type=2 2 2 2 2 2 2 2 2 2 2 2 2 2
left_child=1 3 7 9 8 -5 11 12 -4 -1 -8 -3 -2 -6
right_child=2 6 4 5 13 -7 10 -9 -10 -11 -12 -13 -14 -15
leaf_value=-0.048290490802954639 0.058884594755559502 -0.0070343937799994885 0.15382201344112864 -0.13582592586947093 0.44165161050775859 -0.066635025773599893 -0.0077563843070180905 -0.092692371474383625 0.26059405266343943 0.051556547579592119 -0.089342614331601206 0.057119667267862696 0.11518149289452607 -0.0057970162423416263
leaf_weight=19830 9870 8365 6437 16998 1114 15392 17220 758 2719 2358 3842 12730 11094 84
leaf_count=19830 9870 8365 6437 16998 1114 15392 17220 758 2719 2358 3842 12730 11094 84
internal_value=-8.1202e-11 -0.0411327 0.124048 -0.0764126 0.211534 -0.102946 0.00454186 0.0823476 0.185529 -0.0376794 -0.0226388 0.0316801 0.0886765 0.410278
internal_weight=128811 96735 32076 54578 10354 32390 42157 21722 9156 22188 21062 21095 20964 1198
internal_count=128811 96735 32076 54578 10354 32390 42157 21722 9156 22188 21062 21095 20964 1198
is_linear=0
shrinkage=0.01


Tree=48
num_leaves=15
num_cat=0
split_feature=20 20 20 20 20 20 4 0 4 4 4 4 13 17
split_gain=7.8129e+06 1.97447e+06 1.59627e+06 490738 298761 270698 267047 218751 180921 175275 154329 117883 114866 102054
threshold=60.15256653992396 93.323827629911293 43.368055555555564 72.085633989089118 26.170634920634924 127.63400335008377 1.0000000180025095e-35 35.400001525878913 1.0000000180025095e-35 1.0000000180025095e-35 1.0000000180025095e-35 1.0000000180025095e-35 -7.8823039888651101 0.0065711384480610429
decision_type=2 2 2 2 2 2 2 2 2 2 2 2 2 2
left_child=2 3 4 8 12 13 7 -4 -2 -5 -7 -6 -1 -3
right_child=1 5 6 9 11 10 -8 -9 -10 -11 -12 -13 -14 -15
leaf_value=-0.2118597738347211 0.060094570663981169 0.26986991245235042 0.018216444280602515 0.13784330840859241 -0.070789394553582213 0.38827194082611982 -0.11349155186306764 -0.027359612769926631 -0.086638008615270476 -0.070505823282741589 -0.047184896236833404 -0.14663953156744142 -0.12382815450922394 0.17208730206236109
leaf_weight=1649 21795 2583 18586 12729 22628 1915 2522 24300 874 417 85 2253 14656 1819
leaf_count=1649 21795 2583 18586 12729 22628 1915 2522 24300 874 417 85 2253 14656 1819
internal_value=-4.26641e-11 0.11154 -0.0543788 0.0826259 -0.0994606 0.273294 -0.0134887 -0.00760779 0.0544373 0.131234 0.369765 -0.0776577 -0.132731 0.229464
internal_weight=128811 42217 86594 35815 41186 6402 45408 42886 22669 13146 2000 24881 16305 4402
internal_count=128811 42217 86594 35815 41186 6402 45408 42886 22669 13146 2000 24881 16305 4402
is_linear=0
shrinkage=0.01


Tree=49
num_leaves=15
num_cat=0
split_feature=20 20 20 20 20 4 1 22 4 20 7 14 6 1
split_gain=7.66231e+06 2.16293e+06 1.45682e+06 460883 364532 297184 234874 181451 176576 170709 166483 141854 124482 60750.4
threshold=65.000000000000014 49.469696969696976 102.60050251256284 31.706349206349213 79.350443599493033 1.0000000180025095e-35 -118.99998249999999 79.901615969581769 1.0000000180025095e-35 155.57403433476398 1004.3998300000002 9.7003882331052846 11.907919750000001 -118.21337597412109
decision_type=2 2 2 2 2 2 2 2 2 2 2 2 2 2
left_child=1 3 4 11 8 6 -3 -4 -2 -9 -6 -1 -5 -7
right_child=2 5 7 12 10 13 -8 9 -10 -11 -12 -13 -14 -15
leaf_value=-0.11430442654412412 0.08960275062917844 -0.01133181987982025 0.2004375317024267 -0.048460884234282492 0.11307468215095823 -0.12980859755098503 0.034467478221826914 0.31313068048002668 -0.081049606020015125 0.51273534534053478 0.20212742873814751 -0.20701377343067279 -0.098208219030434252 -0.0050929042210322607
leaf_weight=21741 17570 23032 1192 20299 3747 1880 21792 2680 628 510 4774 1786 6687 493
leaf_count=21741 17570 23032 1192 20299 3747 1880 21792 2680 628 510 4774 1786 6687 493
internal_value=4.49576e-12 -0.0435132 0.136705 -0.0889918 0.108989 0.00516071 0.0109343 0.305707 0.0837137 0.345042 0.162968 -0.121342 -0.060788 -0.103898
internal_weight=128811 97710 31101 50513 26719 47197 44824 4382 18198 3190 8521 23527 26986 2373
internal_count=128811 97710 31101 50513 26719 47197 44824 4382 18198 3190 8521 23527 26986 2373
is_linear=0
shrinkage=0.01


Tree=50
num_leaves=15
num_cat=0
split_feature=20 20 20 20 20 20 0 13 22 7 6 7 31 6
split_gain=7.51761e+06 1.99803e+06 1.41198e+06 393058 387376 238018 231488 187501 155514 152528 139824 124701 118324 110171
threshold=59.40266159695819 87.37737642585553 40.06944444444445 68.553231939163524 119.59045226130655 19.484126984126991 36.742692288818368 -5.0732009093110486 68.159315589353625 1004.0995000000001 11.416240000000002 1007.5001000000001 28.357203210815385 9.7100000000000026
decision_type=2 2 2 2 2 2 2 2 2 2 2 2 2 2
left_child=2 3 5 13 11 -1 12 -8 -6 -5 -7 -3 -4 -2
right_child=1 4 6 9 8 10 7 -9 -10 -11 -12 -13 -14 -15
leaf_value=-0.1455366530096926 0.058851060147914351 0.16244414938897936 -0.043930087402915048 0.079709609247059526 0.13902367825450013 -0.07246297825895337 -0.14859516076397958 -0.037047305974841835 0.37549454156161077 0.1417358862625091 -0.12204467903437941 0.25600525443537719 0.0082326579646254203 0.0087198214657974085
leaf_weight=9498 13944 3701 5364 8261 318 18939 1649 17485 2217 7623 8129 2316 22973 6394
leaf_count=9498 13944 3701 5364 8261 318 18939 1649 17485 2217 7623 8129 2316 22973 6394
internal_value=-1.18536e-10 0.104661 -0.0557624 0.0722022 0.242142 -0.102466 -0.0197872 -0.0466607 0.345831 0.109477 -0.0873532 0.198457 -0.00164139 0.0430905
internal_weight=128811 44774 84037 36222 8552 36566 47471 19134 2535 15884 27068 6017 28337 20338
internal_count=128811 44774 84037 36222 8552 36566 47471 19134 2535 15884 27068 6017 28337 20338
is_linear=0
shrinkage=0.01


Tree=51
num_leaves=15
num_cat=0
split_feature=23 23 23 0 30 31 0 7 6 30 47 6 22 7
split_gain=6.09985e+06 1.49637e+06 1.03532e+06 534422 438978 363348 303714 220890 214461 207386 204290 161447 160693 165589
threshold=64.2762727080693 49.13227010280243 81.395184493443153 36.742692288818368 100.22006419932363 38.324989438107316 35.400001525878913 1007.8001 12.501600000000002 55.661808196028737 1.0000000180025095e-35 18.101154000000005 68.159315589353625 1004.6003850000001
decision_type=2 2 2 2 2 2 2 2 2 2 2 2 2 2
left_child=1 3 12 10 7 -5 9 -4 -8 -3 -1 -6 -2 -14
right_child=2 6 4 5 11 -7 8 -9 -10 -11 -12 -13 13 -15
leaf_value=-0.046240674591539202 0.057629017295649829 -0.0069592842723939074 0.1233427711912426 -0.13135577952694508 0.31893516421320012 -0.06428696364031207 -0.0063603076224902268 0.23793362641204996 -0.08749913060951009 0.056237178591209816 0.052217072384971877 -0.18508935418037267 0.077385212252009922 0.16617560475268298
leaf_weight=19830 12040 8538 4866 16998 2852 15392 17379 2571 4009 13253 2358 65 5078 3582
leaf_count=19830 12040 8538 4866 16998 2852 15392 17379 2571 4009 13253 2358 65 5078 3582
internal_value=2.6903e-11 -0.0387854 0.122095 -0.0735849 0.203736 -0.0994841 0.00520098 0.162957 -0.0215691 0.031476 -0.0357772 0.307704 0.0812588 0.114111
internal_weight=128811 97757 31054 54578 10354 32390 43179 7437 21388 21791 22188 2917 20700 8660
internal_count=128811 97757 31054 54578 10354 32390 43179 7437 21388 21791 22188 2917 20700 8660
is_linear=0
shrinkage=0.01


Tree=52
num_leaves=15
num_cat=0
split_feature=22 31 27 0 1 47 30 22 1 31 28 14 31 7
split_gain=4.87974e+06 1.31287e+06 1.02356e+06 950055 567964 417406 404616 351386 336519 291369 266195 255183 206442 140345
threshold=63.309885931558945 44.868715673848762 80.074989438107323 36.742692288818368 -118.21337597412109 1.0000000180025095e-35 75.981305449936642 92.640684410646415 -118.21337597412109 57.336079425433049 59.571820870299966 7.194518027679476 109.59462540595077 1006.5004000000001
decision_type=2 2 2 2 2 2 2 2 2 2 2 2 2 2
left_child=1 3 4 8 9 10 -6 -4 -1 -2 -3 -5 -9 -7
right_child=2 5 7 11 6 13 -8 12 -10 -11 -12 -13 -14 -15
leaf_value=-0.048747277775844228 0.009458905705292963 -0.023702526423166264 0.1517481476815884 -0.10691645453487038 0.078840376757946501 0.075655804788936631 0.21960130214000187 0.24921346464597235 0.0413280508621785 0.090850558025725447 0.030959063220615604 -0.21299039427681266 0.4682854175564119 0.23168268623426605
leaf_weight=20908 11431 27781 5188 21315 4680 2349 3623 2265 5174 7149 13115 2538 531 764
leaf_count=20908 11431 27781 5188 21315 4680 2349 3623 2265 5174 7149 13115 2538 531 764
internal_value=2.5526e-11 -0.0374968 0.10103 -0.0725918 0.0715026 0.00232383 0.140261 0.200451 -0.0308786 0.0407759 -0.00617302 -0.118203 0.290818 0.113948
internal_weight=128811 93944 34867 49935 26883 44009 8303 7984 26082 18580 40896 23853 2796 3113
internal_count=128811 93944 34867 49935 26883 44009 8303 7984 26082 18580 40896 23853 2796 3113
is_linear=0
shrinkage=0.01


Tree=53
num_leaves=15
num_cat=0
split_feature=23 25 23 1 4 31 4 7 6 23 8 1 0 9
split_gain=5.88918e+06 1.4528e+06 1.1322e+06 437103 487508 329730 328700 306004 234590 196405 183892 131572 116021 82816.1
threshold=60.827946768060848 81.688816897294544 36.016511758907207 -118.21337597412109 1.0000000180025095e-35 106.65799604456244 1.0000000180025095e-35 1003.1995500000002 10.197528500000002 69.137674271229415 -0.5 -118.21337597412109 34.083213737060554 -0.37940952255126015
decision_type=2 2 2 2 2 2 2 2 2 2 2 2 2 2
left_child=2 6 8 4 -4 7 9 -3 10 -2 -1 -10 -7 -5
right_child=1 5 3 13 -6 12 -8 -9 11 -11 -12 -13 -14 -15
leaf_value=-0.028951174463990093 0.051699585130466554 0.097056628772460615 -0.023804244276760346 0.012928750367692943 -0.14872300364451194 0.18271044285278076 -0.10146255093683733 0.22882630422037056 -0.1438608961265104 0.10423890390248891 -0.10151175066731824 0.10967243803183785 0.46484628736130673 0.088210663866116035
leaf_weight=5298 16866 2468 53988 2436 3316 189 1110 6164 9921 12307 10250 209 637 3652
leaf_count=5298 16866 2468 53988 2436 3316 189 1110 6164 9921 12307 10250 209 637 3652
internal_value=1.57964e-11 0.101227 -0.0451653 -0.022474 -0.0310329 0.209416 0.0674375 0.191152 -0.101184 0.073864 -0.0767866 -0.13863 0.40029 0.058088
internal_weight=128811 39741 89070 63392 57304 9458 30283 8632 25678 29173 15548 10130 826 6088
internal_count=128811 39741 89070 63392 57304 9458 30283 8632 25678 29173 15548 10130 826 6088
is_linear=0
shrinkage=0.01


Tree=54
num_leaves=15
num_cat=0
split_feature=25 25 25 27 6 47 4 4 7 31 31 17 19 3
split_gain=5.66922e+06 1.34839e+06 1.14098e+06 457090 420030 338882 372296 291177 277301 265679 214393 151554 136071 97974
threshold=61.164768693886636 81.688816897294544 43.610583016476561 128.20854271356788 11.501556500000001 1.0000000180025095e-35 1.0000000180025095e-35 1.0000000180025095e-35 1003.2004000000001 35.558196028728354 53.608998732572893 0.013033790585510205 0.5292360232040022 72.962955000000008
decision_type=2 2 2 2 2 2 2 2 2 2 2 2 2 2
left_child=2 7 4 8 9 6 -4 10 -3 -1 -2 -5 -6 -7
right_child=1 3 5 11 12 13 -8 -9 -10 -11 -12 -13 -14 -15
leaf_value=-0.093638880743122585 0.045909983211862175 0.090483950325491627 -0.013529260201585784 0.41272646565527615 -0.18058553063453725 0.10082523411290155 -0.14085327522648725 -0.088722461581872344 0.21661657995094047 -0.032157527432653543 0.1020274217077901 -0.14980165162086487 -0.10877851895211675 0.016366217654279529
leaf_weight=13465 13311 2474 42713 1137 3913 3026 2427 1137 5899 14704 13935 50 8105 2515
leaf_count=13465 13311 2474 42713 1137 3913 3026 2427 1137 5899 14704 13935 50 8105 2515
internal_value=-6.11529e-11 0.102666 -0.0428692 0.205383 -0.0826629 -0.0113152 -0.020375 0.0680683 0.179348 -0.0615461 0.0746113 0.389031 -0.132159 0.0624902
internal_weight=128811 37943 90868 9560 40187 50681 45140 28383 8373 28169 27246 1187 12018 5541
internal_count=128811 37943 90868 9560 40187 50681 45140 28383 8373 28169 27246 1187 12018 5541
is_linear=0
shrinkage=0.01


Tree=55
num_leaves=15
num_cat=0
split_feature=20 20 20 20 4 4 20 20 4 4 4 22 1 1
split_gain=6.95708e+06 2.04282e+06 1.13295e+06 570007 298801 270614 260060 240926 175648 166024 139445 107314 72015.5 58800.9
threshold=57.91216730038024 79.350443599493033 32.800925925925931 108.2638190954774 1.0000000180025095e-35 1.0000000180025095e-35 51.78250950570343 67.255703422053259 1.0000000180025095e-35 1.0000000180025095e-35 1.0000000180025095e-35 52.1411596958175 -118.21337597412109 -118.21337597412109
decision_type=2 2 2 2 2 2 2 2 2 2 2 2 2 2
left_child=2 5 10 9 6 7 -4 -2 -5 -3 11 -1 -7 -6
right_child=1 3 4 8 13 12 -8 -9 -10 -11 -12 -13 -14 -15
leaf_value=-0.11624754530567943 0.039880921859637965 0.1670505344077704 -0.046157332409673332 0.32112470639183249 -0.13890417443829628 -0.1260652372747704 -0.00051372479872026323 0.093786960350480758 -0.036433027495037427 -0.076462333996951015 -0.17318176320132839 -0.061945902646802872 0.031262777508726039 -0.025863480915534583
leaf_weight=16837 21898 8970 28748 3501 2986 1008 22063 13343 143 289 3429 4643 409 544
leaf_count=16837 21898 8970 28748 3501 2986 1008 22063 13343 143 289 3429 4643 409 544
internal_value=-3.2846e-11 0.0929323 -0.0581176 0.201147 -0.0325188 0.0548427 -0.0263381 0.0602909 0.307093 0.15945 -0.113963 -0.10451 -0.0806544 -0.121484
internal_weight=128811 49561 79250 12903 54341 36658 50811 35241 3644 9259 24909 21480 1417 3530
internal_count=128811 49561 79250 12903 54341 36658 50811 35241 3644 9259 24909 21480 1417 3530
is_linear=0
shrinkage=0.01


Tree=56
num_leaves=15
num_cat=0
split_feature=23 23 25 0 27 13 0 7 4 17 30 47 17 30
split_gain=5.56716e+06 1.37417e+06 1.03407e+06 502544 417927 345536 286516 265364 217397 206317 196019 189179 156595 155144
threshold=64.2762727080693 49.13227010280243 82.58358928673789 36.742692288818368 128.20854271356788 -5.4078997865555696 35.400001525878913 1003.2004000000001 1.0000000180025095e-35 0.012610961430146448 55.661808196028737 1.0000000180025095e-35 0.01178709412018158 66.286882129277572
decision_type=2 2 2 2 2 2 2 2 2 2 2 2 2 2
left_child=1 3 8 11 7 -5 10 -4 13 -8 -3 -1 -6 -2
right_child=2 6 4 5 12 -7 9 -9 -10 -11 -12 -13 -14 -15
leaf_value=-0.043807775214627899 0.055368540512409074 -0.0067479560323303643 0.089083895359545695 -0.1867315918441976 0.41486666647928672 -0.083820983976938448 -0.0062534546953704829 0.21828723712722667 -0.087768385539882518 -0.086753699070015941 0.05469222456328493 0.050938485688442524 -0.04082499165593842 0.10964417220530104
leaf_weight=19830 9365 8538 2236 3681 1093 28709 17496 5499 746 3892 13253 2358 81 12034
leaf_count=19830 9365 8538 2236 3681 1093 28709 17496 5499 746 3892 13253 2358 81 12034
internal_value=-3.64396e-11 -0.0370531 0.116642 -0.0704015 0.207621 -0.0955164 0.00509892 0.180938 0.0800411 -0.0209022 0.0306192 -0.0337387 0.383426 0.0858911
internal_weight=128811 97757 31054 54578 8909 32390 43179 7735 22145 21388 21791 22188 1174 21399
internal_count=128811 97757 31054 54578 8909 32390 43179 7735 22145 21388 21791 22188 1174 21399
is_linear=0
shrinkage=0.01


Tree=57
num_leaves=15
num_cat=0
split_feature=20 20 20 20 20 47 6 22 6 14 6 31 22 6
split_gain=6.7157e+06 1.97202e+06 1.09816e+06 550874 272666 239341 220406 161251 147325 136520 133646 120699 111498 87912
threshold=57.91216730038024 79.350443599493033 32.800925925925931 108.2638190954774 51.78250950570343 1.0000000180025095e-35 10.800749500000002 79.901615969581769 6.9899357000000011 9.7003882331052846 11.001790500000002 58.467997465145764 52.1411596958175 14.305990000000003
decision_type=2 2 2 2 2 2 2 2 2 2 2 2 2 2
left_child=2 5 9 8 10 6 -2 -5 -3 12 -4 -7 -1 -6
right_child=1 3 4 7 13 11 -8 -9 -10 -11 -12 -13 -14 -15
leaf_value=-0.11706537203621825 0.05648159215768235 0.18991037689671841 -0.038307745677515867 0.18630938011775461 0.0015788133944037456 0.090008999258424593 -0.0076211762110845547 0.34010348579068861 0.1088162934077106 -0.19454183202570727 -0.084429517713231275 0.21808631176431156 -0.063843841183105904 -0.055346257032510587
leaf_weight=18014 22001 5460 22261 908 20193 6738 7093 2736 3799 1858 8753 826 5037 3134
leaf_count=18014 22001 5460 22261 908 20193 6738 7093 2736 3799 1858 8753 826 5037 3134
internal_value=-1.58569e-11 0.0913059 -0.0571004 0.197628 -0.0318977 0.0538822 0.0408536 0.301782 0.156637 -0.112082 -0.0513246 0.103995 -0.105436 -0.00606911
internal_weight=128811 49561 79250 12903 54341 36658 29094 3644 9259 24909 31014 7564 23051 23327
internal_count=128811 49561 79250 12903 54341 36658 29094 3644 9259 24909 31014 7564 23051 23327
is_linear=0
shrinkage=0.01


Tree=58
num_leaves=15
num_cat=0
split_feature=23 25 23 27 1 31 6 31 1 14 17 1 30 9
split_gain=5.35764e+06 1.35374e+06 1.01082e+06 418415 402942 394626 221421 203285 261128 192099 146015 137644 136344 129271
threshold=60.440413322067322 81.688816897294544 36.016511758907207 128.20854271356788 -118.21337597412109 51.746725813265748 10.197528500000002 52.117659484579647 -118.21337597412109 6.8164225469326789 0.013033790585510205 -118.99998249999999 56.595057034220538 -0.78656609248549325
decision_type=2 2 2 2 2 2 2 2 2 2 2 2 2 2
left_child=2 7 6 9 5 -4 13 11 -9 -3 -5 -2 -6 -1
right_child=1 3 4 10 12 -7 -8 8 -10 -11 -12 -13 -14 -15
leaf_value=-0.12020406575106002 -0.021004327896513356 0.19015454200772081 -0.051424701193359762 0.39876324401948299 0.016073904779757904 0.0028227308133082656 -0.13306703535444156 0.070176542127874358 0.18208943010236525 0.026565900421619264 -0.15342001843452455 0.052421307499122147 0.11359988034839014 -0.055376823270406599
leaf_weight=4223 3407 7482 34541 1134 3465 21920 10130 15295 2414 794 50 10186 2445 11325
leaf_count=4223 3407 7482 34541 1134 3465 21920 10130 15295 2414 794 50 10186 2445 11325
internal_value=-2.43344e-11 0.0947861 -0.0438809 0.199615 -0.0221407 -0.0303641 -0.0966872 0.0631051 0.0854319 0.17446 0.375445 0.0340176 0.0564209 -0.0729846
internal_weight=128811 40762 88049 9460 62371 56461 25678 31302 17709 8276 1184 13593 5910 15548
internal_count=128811 40762 88049 9460 62371 56461 25678 31302 17709 8276 1184 13593 5910 15548
is_linear=0
shrinkage=0.01


Tree=59
num_leaves=15
num_cat=0
split_feature=20 20 20 20 4 20 4 13 4 46 4 4 47 43
split_gain=6.48658e+06 1.88929e+06 1.20138e+06 393813 306543 287803 272791 209183 172458 152788 130044 113652 56552.1 39170.9
threshold=65.569581749049448 49.469696969696976 102.60050251256284 31.706349206349213 1.0000000180025095e-35 79.350443599493033 1.0000000180025095e-35 9.7200121987729897 1.0000000180025095e-35 1.0000000180025095e-35 1.0000000180025095e-35 1.0000000180025095e-35 1.0000000180025095e-35 1.0000000180025095e-35
decision_type=2 2 2 2 2 2 2 2 2 2 2 2 2 2
left_child=1 3 4 10 5 -2 7 -3 9 -4 -1 -5 -8 -6
right_child=2 6 8 11 13 -7 12 -9 -10 -11 -12 -13 -14 -15
leaf_value=-0.10238166704499894 0.084794104799291295 0.017239302740190202 0.31991768339616977 -0.049986469625174092 -0.1429273553359558 0.15698819316609561 -0.12317789163342484 -0.062939259672785866 -0.038840491127820669 0.15586617758574747 -0.17006706238626987 -0.12704929589606537 -0.0043119575970124681 -0.0072520027041442572
leaf_weight=20225 16695 42173 3544 24913 482 8251 1901 3526 162 676 3302 2073 507 381
leaf_count=20225 16695 42173 3544 24913 482 8251 1901 3526 162 676 3302 2073 507 381
internal_value=-3.271e-11 -0.0392634 0.128255 -0.0819772 0.102263 0.108673 0.00558675 0.011053 0.281347 0.293638 -0.111881 -0.0559063 -0.0981509 -0.083029
internal_weight=128811 98620 30191 50513 25809 24946 48107 45699 4382 4220 23527 26986 2408 863
internal_count=128811 98620 30191 50513 25809 24946 48107 45699 4382 4220 23527 26986 2408 863
is_linear=0
shrinkage=0.01


Tree=60
num_leaves=15
num_cat=0
split_feature=23 23 25 23 30 1 6 1 6 30 6 30 1 6
split_gain=5.16315e+06 1.27476e+06 958890 398595 376802 273460 236666 202121 198933 183981 159927 146406 163065 124582
threshold=64.2762727080693 49.13227010280243 82.58358928673789 31.019169835234475 96.646387832699645 -118.99998249999999 11.001790500000002 -118.21337597412109 12.501600000000002 55.661808196028737 10.197528500000002 66.286882129277572 -118.21337597412109 18.101154000000005
decision_type=2 2 2 2 2 2 2 2 2 2 2 2 2 2
left_child=1 3 11 10 6 8 -4 -5 -3 -7 -1 -2 -13 -6
right_child=2 5 4 7 13 9 -8 -9 -10 -11 -12 12 -14 -15
leaf_value=-0.081568027391760167 0.047931120676776302 -0.0058384822939321849 0.17782061466608717 -0.054628951612702148 0.29909283582488538 -0.0063540699582775037 -0.010362009620911628 0.046445594900242214 -0.08398475921346002 0.053169604745296653 -0.14217926992724478 0.076413519920570494 0.15583132074439213 -0.18121023718877272
leaf_weight=10675 9689 17379 5104 34453 2981 8538 769 2099 4009 13253 7351 8794 3662 55
leaf_count=10675 9689 17379 5104 34453 2981 8538 769 2099 4009 13253 7351 8794 3662 55
internal_value=-1.20784e-11 -0.0356833 0.11233 -0.0678028 0.199939 0.00491544 0.15318 -0.0488247 -0.0204863 0.0298474 -0.106285 0.0770846 0.0997619 0.290392
internal_weight=128811 97757 31054 54578 8909 43179 5873 36552 21388 21791 18026 22145 12456 3036
internal_count=128811 97757 31054 54578 8909 43179 5873 36552 21388 21791 18026 22145 12456 3036
is_linear=0
shrinkage=0.01


Tree=61
num_leaves=15
num_cat=0
split_feature=25 25 25 27 17 47 4 4 31 31 17 14 17 30
split_gain=4.97635e+06 1.16216e+06 1.01949e+06 410015 391172 312999 347330 267028 244152 195773 188034 163076 142931 131957
threshold=61.348375228841022 81.688816897294544 43.610583016476561 128.20854271356788 0.011316112259684241 1.0000000180025095e-35 1.0000000180025095e-35 1.0000000180025095e-35 35.558196028728354 53.608998732572893 0.0067160146023610605 8.1439012143298998e-16 0.01178709412018158 57.71340304182511
decision_type=2 2 2 2 2 2 2 2 2 2 2 2 2 2
left_child=2 7 4 10 8 6 -4 9 -1 -2 -3 -6 -5 -7
right_child=1 3 5 12 11 13 -8 -9 -10 -11 -12 -13 -14 -15
leaf_value=-0.087675663589725769 0.043016377002870691 0.20804783070804184 -0.012330726157426948 0.39626992961189345 -0.10360649263150845 0.018271548425551301 -0.13492481533203421 -0.087221333150914085 -0.028408596800783666 0.097128262577061419 0.11208262105508267 -0.18805176246351818 -0.034023344405444272 0.11589732429707486
leaf_weight=13311 13026 4843 43086 1104 9296 3243 2442 1114 14547 13737 3530 3033 83 2416
leaf_count=13311 13026 4843 43086 1104 9296 3243 2442 1114 14547 13737 3530 3033 83 2416
internal_value=-7.17233e-13 0.0971046 -0.0397849 0.192247 -0.0774827 -0.0101882 -0.0189063 0.0644767 -0.0567274 0.0707911 0.16759 -0.12438 0.366182 0.059951
internal_weight=128811 37437 91374 9560 40187 51187 45528 27877 27858 26763 8373 12329 1187 5659
internal_count=128811 37437 91374 9560 40187 51187 45528 27877 27858 26763 8373 12329 1187 5659
is_linear=0
shrinkage=0.01


Tree=62
num_leaves=15
num_cat=0
split_feature=20 20 20 20 4 4 20 0 4 4 4 0 44 47
split_gain=6.17688e+06 1.80945e+06 1.01191e+06 508083 252147 241478 216228 199574 167692 166231 154976 118291 76553.4 66066.1
threshold=57.91216730038024 79.350443599493033 36.166666666666671 108.2638190954774 1.0000000180025095e-35 1.0000000180025095e-35 67.255703422053259 35.400001525878913 1.0000000180025095e-35 1.0000000180025095e-35 1.0000000180025095e-35 36.742692288818368 1.0000000180025095e-35 1.0000000180025095e-35
decision_type=2 2 2 2 2 2 2 2 2 2 2 2 2 2
left_child=2 4 8 10 6 7 -2 -4 11 -5 -3 -1 -10 -6
right_child=1 3 5 9 13 -7 -8 -9 12 -11 -12 -13 -14 -15
leaf_value=-0.061769661564405873 0.037641947766159672 0.15738884310775261 0.0060030967068662369 0.30308874863109181 -0.12256836968729788 -0.11295240439799349 0.088710189718315888 -0.03707242261431682 -0.12881933075075591 -0.044752242639139815 -0.077882493926424878 -0.10626893035692289 -0.22158017352701018 0.028120922378075369
leaf_weight=9096 21898 8970 17266 3501 1008 3034 13343 28526 2562 143 289 17403 1363 409
leaf_count=9096 21898 8970 17266 3501 1008 3034 13343 28526 2562 143 289 17403 1363 409
internal_value=9.34448e-12 0.0875664 -0.0547619 0.189412 0.0517185 -0.026555 0.0569775 -0.0208307 -0.10003 0.289439 0.150045 -0.0909942 -0.161032 -0.0790737
internal_weight=128811 49561 79250 12903 36658 48826 35241 45792 30424 3644 9259 26499 3925 1417
internal_count=128811 49561 79250 12903 36658 48826 35241 45792 30424 3644 9259 26499 3925 1417
is_linear=0
shrinkage=0.01


Tree=63
num_leaves=15
num_cat=0
split_feature=20 20 20 20 20 47 6 22 6 14 6 31 22 1
split_gain=6.05426e+06 1.80842e+06 967217 497973 232706 224779 214197 151761 140326 127499 119734 113525 110079 96852.6
threshold=57.535244223457163 79.350443599493033 32.800925925925931 108.2638190954774 51.403675538656536 1.0000000180025095e-35 10.800749500000002 79.901615969581769 6.9899357000000011 6.840005818032048 10.102840500000001 58.467997465145764 52.712294043092534 -118.99998249999999
decision_type=2 2 2 2 2 2 2 2 2 2 2 2 2 2
left_child=2 5 9 8 10 6 -2 -5 -3 12 -4 -7 -1 -11
right_child=1 3 4 7 -6 11 -8 -9 -10 13 -12 -13 -14 -15
leaf_value=-0.10878844450450974 0.053054048882109468 0.1810180705077008 -0.035585668975905878 0.17452138030177416 -0.007796737575399889 0.084959253308034 -0.0093556511756395806 0.32372134075805065 0.10187378687781135 -0.19596015463547192 -0.078292653401082338 0.20813851310870435 -0.052230953369185804 -0.077961694279793589
leaf_weight=17153 22579 5460 19735 908 23826 6913 7270 2736 3799 2485 9837 839 4305 966
leaf_count=17153 22579 5460 19735 908 23826 6913 7270 2736 3799 2485 9837 839 4305 966
internal_value=-2.15298e-11 0.0853672 -0.0550575 0.187518 -0.0310538 0.0503136 0.0378536 0.286544 0.148545 -0.106515 -0.049792 0.098291 -0.0974416 -0.16293
internal_weight=128811 50504 78307 12903 53398 37601 29849 3644 9259 24909 29572 7752 21458 3451
internal_count=128811 50504 78307 12903 53398 37601 29849 3644 9259 24909 29572 7752 21458 3451
is_linear=0
shrinkage=0.01


Tree=64
num_leaves=15
num_cat=0
split_feature=20 20 20 20 20 0 13 6 20 7 17 25 6 31
split_gain=5.94101e+06 1.68815e+06 1.1282e+06 360610 273329 193852 220573 156534 172422 148067 137022 125506 105328 100148
threshold=65.000000000000014 49.469696969696976 102.60050251256284 31.706349206349213 79.350443599493033 35.400001525878913 -6.1506612118435582 6.8836735000000013 146.34757118927976 1004.3998300000002 0.010974159100179225 16.966276756794823 11.907919750000001 28.908730158730162
decision_type=2 2 2 2 2 2 2 2 2 2 2 2 2 2
left_child=1 3 4 11 10 -3 -7 8 -4 -6 -2 -1 -5 -9
right_child=2 5 7 12 9 6 -8 13 -10 -11 -12 -13 -14 -15
leaf_value=-0.17695629743654354 0.089346966670185532 0.025436062350382014 0.27176692769688293 -0.042206590863802136 0.095672387219486371 -0.13661398004159309 -0.0075928388467848273 -0.015232762640342117 0.45995509327106859 0.17965550074354597 0.024721140103489702 -0.099471634178081969 -0.087966780538489803 0.22268036662396942
leaf_weight=2319 13904 23042 2005 20299 3747 1407 22748 200 643 4774 4294 21208 6687 1534
leaf_count=2319 13904 23042 2005 20299 3747 1407 22748 200 643 4774 4294 21208 6687 1534
internal_value=3.0231e-12 -0.0383152 0.120375 -0.0784935 0.0959839 0.00468589 -0.0151082 0.269098 0.317464 0.142725 0.0740979 -0.107109 -0.0535457 0.195239
internal_weight=128811 97710 31101 50513 26719 47197 24155 4382 2648 8521 18198 23527 26986 1734
internal_count=128811 97710 31101 50513 26719 47197 24155 4382 2648 8521 18198 23527 26986 1734
is_linear=0
shrinkage=0.01


Tree=65
num_leaves=15
num_cat=0
split_feature=20 20 20 20 20 20 20 17 17 6 6 17 6 25
split_gain=5.82781e+06 1.47404e+06 1.19881e+06 365808 238215 206819 168863 145141 137045 134855 116791 89972.7 86595.3 75196.9
threshold=60.15256653992396 93.323827629911293 43.368055555555564 72.085633989089118 19.484126984126991 127.63400335008377 53.813307984790882 0.0075820395361639991 0.01178709412018158 8.8965830000000015 9.7100000000000026 0.0065711384480610429 10.402124500000001 16.966276756794823
decision_type=2 2 2 2 2 2 2 2 2 2 2 2 2 2
left_child=2 3 4 10 13 11 12 -5 -6 -7 -2 -3 -4 -1
right_child=1 5 6 7 8 9 -8 -9 -10 -11 -12 -13 -14 -15
leaf_value=-0.18900108466680002 0.062209495182435834 0.23572179969445958 -0.017843558776690267 0.1402408661812069 -0.060024274017658863 0.37156120331077674 0.0081883678786590728 0.072309155392243793 -0.1065429921721405 0.1885783780937971 0.013110041882550048 0.14390928642327655 -0.060129092907585086 -0.11655145835775813
leaf_weight=1758 15653 2583 16323 7936 22940 1441 22199 5210 8748 559 7016 1819 6886 7740
leaf_count=1758 15653 2583 16323 7936 22940 1441 22199 5210 8748 559 7016 1819 6886 7740
internal_value=1.80949e-11 0.0963333 -0.0469652 0.0713508 -0.0860333 0.236094 -0.0115296 0.113318 -0.0728665 0.320418 0.0470133 0.197783 -0.0303895 -0.129961
internal_weight=128811 42217 86594 35815 41186 6402 45408 13146 31688 2000 22669 4402 23209 9498
internal_count=128811 42217 86594 35815 41186 6402 45408 13146 31688 2000 22669 4402 23209 9498
is_linear=0
shrinkage=0.01


Tree=66
num_leaves=15
num_cat=0
split_feature=20 20 20 20 4 4 20 1 4 4 25 6 1 1
split_gain=5.71294e+06 1.72044e+06 898430 470401 262687 250614 216709 201064 161333 151127 126319 100315 68115.3 49326.4
threshold=57.350126742712312 79.350443599493033 32.800925925925931 108.2638190954774 1.0000000180025095e-35 1.0000000180025095e-35 67.255703422053259 -118.99998249999999 1.0000000180025095e-35 1.0000000180025095e-35 16.966276756794823 10.507109000000002 -118.21337597412109 -118.21337597412109
decision_type=2 2 2 2 2 2 2 2 2 2 2 2 2 2
left_child=2 5 10 9 7 6 -2 -4 -5 -3 -1 -12 -7 -6
right_child=1 3 4 8 13 12 -8 -9 -10 -11 11 -13 -14 -15
leaf_value=-0.17345732172341916 0.035197154572481258 0.15140786976209628 -0.040200038305957836 0.29172830151047524 -0.1307609937183451 -0.12209478437513814 0.085737690563104416 0.0015601436312607975 -0.050950419621450915 -0.080923691349213608 -0.080070323566267587 -0.12374458958102992 0.027579467421705917 -0.025610830818405622
leaf_weight=2336 23297 8970 31085 3501 2938 1056 13343 18327 143 289 14231 8342 427 526
leaf_count=2336 23297 8970 31085 3501 2938 1056 13343 18327 143 289 14231 8342 427 526
internal_value=-4.1705e-11 0.0822253 -0.0539388 0.182035 -0.0306126 0.048444 0.0536022 -0.0247111 0.278281 0.144156 -0.103455 -0.0962104 -0.0789991 -0.114794
internal_weight=128811 51026 77785 12903 52876 38123 36640 49412 3644 9259 24909 22573 1483 3464
internal_count=128811 51026 77785 12903 52876 38123 36640 49412 3644 9259 24909 22573 1483 3464
is_linear=0
shrinkage=0.01


Tree=67
num_leaves=15
num_cat=0
split_feature=20 20 20 20 17 2 7 0 13 6 20 14 6 31
split_gain=5.60121e+06 1.62403e+06 1.0452e+06 339558 258058 256291 203002 189552 216389 150407 166604 119351 100618 97433.6
threshold=65.362945039751153 49.469696969696976 102.60050251256284 31.706349206349213 0.010974159100179225 17.725000000000005 1004.4003000000001 35.400001525878913 -6.1506612118435582 6.8836735000000013 146.34757118927976 6.840005818032048 11.907919750000001 28.908730158730162
decision_type=2 2 2 2 2 2 2 2 2 2 2 2 2 2
left_child=1 3 4 11 6 -6 -2 -3 -9 10 -4 -1 -5 -11
right_child=2 7 9 12 5 -7 -8 8 -10 13 -12 -13 -14 -15
leaf_value=-0.094923958476475612 0.077237969025946596 0.025430310966591509 0.26379501462549415 -0.040975171512692053 -0.089728677036585949 0.071129218961487592 0.14030993984534998 -0.13425982225292518 -0.0070236875339233966 -0.018693950068578127 0.44878126835563509 -0.1597177748658532 -0.085700560359266389 0.21597267882433396
leaf_weight=20219 9572 23349 2005 20299 1284 4333 10930 1419 23029 200 643 3308 6687 1534
leaf_count=20219 9572 23349 2005 20299 1284 4333 10930 1419 23029 200 643 3308 6687 1534
internal_value=-7.27068e-12 -0.0367301 0.118388 -0.0762665 0.0944102 0.0343584 0.110863 0.00505281 -0.0144087 0.261305 0.308714 -0.104034 -0.0520579 0.188906
internal_weight=128811 98310 30501 50513 26119 5617 20502 47797 24448 4382 2648 23527 26986 1734
internal_count=128811 98310 30501 50513 26119 5617 20502 47797 24448 4382 2648 23527 26986 1734
is_linear=0
shrinkage=0.01


Tree=68
num_leaves=15
num_cat=0
split_feature=23 23 25 0 27 13 7 0 4 17 1 9 17 1
split_gain=4.45014e+06 1.09567e+06 832992 448360 356680 314908 250221 248145 190304 185755 173043 149460 132813 119121
threshold=64.2762727080693 49.13227010280243 81.688816897294544 36.742692288818368 134.61055276381913 -5.4078997865555696 1003.4999000000001 35.400001525878913 1.0000000180025095e-35 0.012610961430146448 -118.21337597412109 -0.37940952255126015 0.012946693346382803 -118.21337597412109
decision_type=2 2 2 2 2 2 2 2 2 2 2 2 2 2
left_child=1 3 8 10 6 -5 -4 11 13 -9 -1 -3 -6 -2
right_child=2 7 4 5 12 -7 -8 9 -10 -11 -12 -13 -14 -15
leaf_value=-0.037906013525526951 0.061843818383506138 -0.0083507456196644531 0.079189140020726648 -0.17370701893397986 0.38620381922717206 -0.075463186671250557 0.19783425198264282 -0.005786769303833106 -0.089313192752654966 -0.082170336680132919 0.052709548548926406 0.046994850430607395 -0.15823752253613574 0.11674294989319942
leaf_weight=19830 15657 7376 2559 3681 960 28709 5821 17496 723 3892 2358 14415 47 5287
leaf_count=19830 15657 7376 2559 3681 960 28709 5821 17496 723 3892 2358 14415 47 5287
internal_value=2.13685e-11 -0.033128 0.104286 -0.0629058 0.182972 -0.0866282 0.161604 0.00451107 0.0701959 -0.0196864 -0.028276 0.028261 0.360793 0.0757023
internal_weight=128811 97757 31054 54578 9387 32390 8380 43179 21667 21388 22188 21791 1007 20944
internal_count=128811 97757 31054 54578 9387 32390 8380 43179 21667 21388 22188 21791 1007 20944
is_linear=0
shrinkage=0.01


Tree=69
num_leaves=15
num_cat=0
split_feature=20 20 20 20 4 4 20 0 4 7 25 6 1 8
split_gain=5.418e+06 1.63453e+06 851863 444026 255405 241908 203298 190876 156461 149833 122692 97021 66065.5 48736.5
threshold=57.350126742712312 79.350443599493033 32.800925925925931 108.2638190954774 1.0000000180025095e-35 1.0000000180025095e-35 67.255703422053259 36.742692288818368 1.0000000180025095e-35 1004.4003000000001 16.966276756794823 10.507109000000002 -118.21337597412109 -1.0000000180025095e-35
decision_type=2 2 2 2 2 2 2 2 2 2 2 2 2 2
left_child=2 5 10 9 7 6 -2 -4 -5 -3 -1 -12 -7 -6
right_child=1 3 4 8 13 12 -8 -9 -10 -11 11 -13 -14 -15
leaf_value=-0.1697340551600951 0.034389006614895343 0.094857112534048355 -0.0064942148419755222 0.28411209625810474 -0.077233384031316063 -0.12050451252829093 0.0833407262325499 -0.046067883864733511 -0.053352047009067941 0.17596761628883381 -0.077731235443197128 -0.12068237935653102 0.026900465931237374 -0.15235560478405355
leaf_weight=2336 23297 4042 27560 3501 1823 1056 13343 21852 143 5217 14231 8342 427 1641
leaf_count=2336 23297 4042 27560 3501 1823 1056 13343 21852 143 5217 14231 8342 427 1641
internal_value=1.11378e-11 0.0800747 -0.052528 0.177361 -0.0298144 0.0471476 0.0522155 -0.0239953 0.270869 0.140559 -0.100744 -0.0936041 -0.0780622 -0.112821
internal_weight=128811 51026 77785 12903 52876 38123 36640 49412 3644 9259 24909 22573 1483 3464
internal_count=128811 51026 77785 12903 52876 38123 36640 49412 3644 9259 24909 22573 1483 3464
is_linear=0
shrinkage=0.01


Tree=70
num_leaves=15
num_cat=0
split_feature=20 20 20 20 20 4 4 20 0 4 4 4 25 1
split_gain=5.31141e+06 1.34757e+06 1.10015e+06 334531 221836 211727 193839 216054 155855 145092 142546 129670 70139.4 41526.7
threshold=60.15256653992396 93.323827629911293 43.368055555555564 72.085633989089118 19.484126984126991 1.0000000180025095e-35 1.0000000180025095e-35 130.97864321608043 35.400001525878913 1.0000000180025095e-35 1.0000000180025095e-35 1.0000000180025095e-35 16.966276756794823 -118.21337597412109
decision_type=2 2 2 2 2 2 2 2 2 2 2 2 2 2
left_child=2 3 4 9 12 8 7 -3 -4 -2 -5 -6 -1 -7
right_child=1 6 5 10 11 13 -8 -9 -10 -11 -12 -13 -14 -15
leaf_value=-0.18167292947444927 0.049871969972059074 0.1989489406814367 0.016144304276645184 0.11417286941508312 -0.062924599603037812 -0.11892173222581681 -0.061393856878847804 0.33020648583084344 -0.022325714208697375 -0.081530430264562137 -0.073719191623748931 -0.13126275978832833 -0.11170208674100877 -0.013214021308006304
leaf_weight=1758 21795 4425 18586 12729 28613 2069 227 1750 24300 874 417 3075 7740 453
leaf_count=1758 21795 4425 18586 12729 28613 2069 227 1750 24300 874 417 3075 7740 453
internal_value=6.05107e-12 0.0919663 -0.0448361 0.0680795 -0.0822622 -0.01089 0.225597 0.236147 -0.00565352 0.0448058 0.108213 -0.0695561 -0.124653 -0.0999346
internal_weight=128811 42217 86594 35815 41186 45408 6402 6175 42886 22669 13146 31688 9498 2522
internal_count=128811 42217 86594 35815 41186 45408 6402 6175 42886 22669 13146 31688 9498 2522
is_linear=0
shrinkage=0.01


Tree=71
num_leaves=15
num_cat=0
split_feature=20 20 20 20 4 4 20 0 4 4 14 20 1 0
split_gain=5.20998e+06 1.57177e+06 820309 427207 245258 232256 195202 184777 150369 143090 119427 90165.2 64507.1 54708.6
threshold=57.350126742712312 79.350443599493033 32.800925925925931 108.2638190954774 1.0000000180025095e-35 1.0000000180025095e-35 67.255703422053259 36.742692288818368 1.0000000180025095e-35 1.0000000180025095e-35 9.7003882331052846 13.928571428571431 -118.21337597412109 35.400001525878913
decision_type=2 2 2 2 2 2 2 2 2 2 2 2 2 2
left_child=2 5 10 9 7 6 -2 -4 -5 -3 11 -1 -7 -12
right_child=1 3 4 8 -6 12 -8 -9 -10 -11 13 -13 -14 -15
leaf_value=-0.13170317859405742 0.033731522847026109 0.14488061431723095 -0.0062992098106572584 0.27862538603103326 -0.11056177749725997 -0.11839162872437471 0.081698588324794541 -0.045235519964835158 -0.052204587584608921 -0.081188533046253827 -0.082963367606655278 -0.082602370637099728 0.027264369472826393 -0.20761505671533584
leaf_weight=4697 23297 8970 27560 3501 3464 1056 13343 21852 143 289 472 18354 427 1386
leaf_count=4697 23297 8970 27560 3501 3464 1056 13343 21852 143 289 472 18354 427 1386
internal_value=1.48348e-11 0.0785224 -0.0515097 0.173922 -0.0292208 0.0462337 0.0511994 -0.0235184 0.265643 0.137824 -0.098824 -0.0926074 -0.0764529 -0.175949
internal_weight=128811 51026 77785 12903 52876 38123 36640 49412 3644 9259 24909 23051 1483 1858
internal_count=128811 51026 77785 12903 52876 38123 36640 49412 3644 9259 24909 23051 1483 1858
is_linear=0
shrinkage=0.01


Tree=72
num_leaves=15
num_cat=0
split_feature=20 20 20 20 4 4 20 0 4 4 4 0 44 47
split_gain=5.1063e+06 1.54049e+06 804037 418706 227634 208093 191318 166071 152895 147377 140242 106334 72081.4 63223.4
threshold=57.350126742712312 79.350443599493033 36.166666666666671 108.2638190954774 1.0000000180025095e-35 1.0000000180025095e-35 67.255703422053259 35.400001525878913 1.0000000180025095e-35 1.0000000180025095e-35 1.0000000180025095e-35 36.742692288818368 1.0000000180025095e-35 1.0000000180025095e-35
decision_type=2 2 2 2 2 2 2 2 2 2 2 2 2 2
left_child=2 4 8 10 6 7 -2 -4 11 -5 -3 -1 -10 -6
right_child=1 3 5 9 13 -7 -8 -9 12 -11 -12 -13 -14 -15
leaf_value=-0.054772471530594898 0.033394207655361205 0.14343180812724504 0.005083705747636098 0.27583913188477699 -0.11720771252216461 -0.10629306243418783 0.080881602487973797 -0.034836181127469876 -0.11809944824687482 -0.051682542576031248 -0.080376647672387155 -0.096962832667942339 -0.20811011962029571 0.02699172523171495
leaf_weight=9096 23297 8970 16714 3501 1056 2968 13343 27679 2562 143 289 17403 1363 427
leaf_count=9096 23297 8970 16714 3501 1056 2968 13343 27679 2562 143 289 17403 1363 427
internal_value=-1.10281e-11 0.0777372 -0.0509947 0.172183 0.0457714 -0.0252262 0.0506874 -0.0198063 -0.0911083 0.262986 0.136446 -0.0824806 -0.149357 -0.0756884
internal_weight=128811 51026 77785 12903 38123 47361 36640 44393 30424 3644 9259 26499 3925 1483
internal_count=128811 51026 77785 12903 38123 47361 36640 44393 30424 3644 9259 26499 3925 1483
is_linear=0
shrinkage=0.01


Tree=73
num_leaves=15
num_cat=0
split_feature=23 23 23 31 27 1 1 6 14 5 17 22 17 11
split_gain=4.05113e+06 996229 702416 400549 359811 273482 232586 181289 180273 138745 136895 121937 116375 111532
threshold=64.2762727080693 49.13227010280243 81.395184493443153 47.090805872412346 128.20854271356788 -118.21337597412109 -118.99998249999999 12.501600000000002 6.8164225469326789 18.500000000000004 0.01178709412018158 68.159315589353625 0.0076208114217326947 0.6830127018922193
decision_type=2 2 2 2 2 2 2 2 2 2 2 2 2 2
left_child=1 3 11 5 8 -1 7 -3 -4 -8 -6 -2 -13 -5
right_child=2 6 4 13 10 -7 9 -9 -10 -11 -12 12 -14 -15
leaf_value=-0.08332564683004863 0.045280660872407986 -0.0051609788633369966 0.15985652203228876 -0.03355623800270717 0.35907081805122765 0.042152208822503291 0.049748900887129903 -0.079761194712473074 0.0090044226898326959 -0.001056292704957401 -0.059568167960359936 0.12517561697582305 0.050699998633599426 0.026654621689048294
leaf_weight=36812 12040 17379 8280 11779 1114 1823 12152 4009 876 9639 84 5091 3569 4164
leaf_count=36812 12040 17379 8280 11779 1114 1823 12152 4009 876 9639 84 5091 3569 4164
internal_value=-2.02523e-12 -0.0316079 0.0995008 -0.0600024 0.166747 -0.0774049 0.00428245 -0.0191442 0.145424 0.0272758 0.329717 0.0658646 0.0944824 -0.0178303
internal_weight=128811 97757 31054 54578 10354 38635 43179 21388 9156 21791 1198 20700 8660 15943
internal_count=128811 97757 31054 54578 10354 38635 43179 21388 9156 21791 1198 20700 8660 15943
is_linear=0
shrinkage=0.01


Tree=74
num_leaves=15
num_cat=0
split_feature=20 20 20 20 20 4 4 20 13 7 17 4 13 1
split_gain=4.93014e+06 1.25436e+06 1.02677e+06 309850 208884 198611 181908 204072 160122 140564 139955 136331 61664.8 39809.1
threshold=60.15256653992396 93.323827629911293 43.368055555555564 72.085633989089118 16.127450980392162 1.0000000180025095e-35 1.0000000180025095e-35 141.99748743718598 9.7200121987729897 1004.4003000000001 0.011316112259684241 1.0000000180025095e-35 -4.3200008563706804 -118.21337597412109
decision_type=2 2 2 2 2 2 2 2 2 2 2 2 2 2
left_child=2 3 4 11 12 8 7 -3 -4 -5 -6 -2 -1 -7
right_child=1 6 5 9 10 13 -8 -9 -10 -11 -12 -13 -14 -15
leaf_value=-0.19022386261705584 0.048070308449962712 0.19865824285078493 0.0008468715273884309 0.072303779479676519 -0.056224111072768354 -0.11523503234020289 -0.060487919763583975 0.34134741436521432 -0.065769503339561303 0.13772376943098724 -0.10018592039090324 -0.079303052691525405 -0.11503887097620367 -0.011736403582987703
leaf_weight=1371 21795 4916 38909 6740 24129 2069 227 1259 3977 6406 10347 874 5339 453
leaf_count=1371 21795 4916 38909 6740 24129 2069 227 1259 3977 6406 10347 874 5339 453
internal_value=-1.0638e-11 0.088604 -0.043197 0.0655582 -0.0793533 -0.0104024 0.21753 0.227751 -0.00533075 0.104183 -0.069418 0.0431594 -0.130401 -0.0966447
internal_weight=128811 42217 86594 35815 41186 45408 6402 6175 42886 13146 34476 22669 6710 2522
internal_count=128811 42217 86594 35815 41186 45408 6402 6175 42886 13146 34476 22669 6710 2522
is_linear=0
shrinkage=0.01


Tree=75
num_leaves=15
num_cat=0
split_feature=20 20 20 20 1 6 6 2 22 7 7 1 14 22
split_gain=4.83723e+06 1.45816e+06 766101 397926 209749 198775 190093 169239 144099 143695 136199 130184 115582 104932
threshold=57.350126742712312 79.350443599493033 32.800925925925931 108.2638190954774 -118.21337597412109 10.800749500000002 10.102840500000001 18.525000000000002 68.159315589353625 1004.4003000000001 1005.00003 -120.84999847412108 6.840005818032048 52.712294043092534
decision_type=2 2 2 2 2 2 2 2 2 2 2 2 2 2
left_child=2 4 12 9 5 -2 11 -8 -5 -3 -6 -4 13 -1
right_child=1 3 6 8 10 -7 7 -9 -10 -11 -12 -13 -14 -15
leaf_value=-0.097796873574642562 0.047183245660294262 0.087953673577047184 -0.057356336957967616 0.09500607777294158 0.060615217245976051 -0.012469420224856398 -0.09340669577589443 -0.029042634343383583 0.28062173615219993 0.16738545260369456 0.14850808218807424 -0.0065992050236561017 -0.14907142182028121 -0.042577369208999835
leaf_weight=17153 22902 4042 6077 482 5153 7388 7005 9801 3162 5217 2680 29993 3451 4305
leaf_count=17153 22902 4042 6077 482 5153 7388 7005 9801 3162 5217 2680 29993 3451 4305
internal_value=1.246e-11 0.0756613 -0.0496329 0.167548 0.0445615 0.0326334 -0.028093 -0.0558706 0.25607 0.13271 0.0906871 -0.0151507 -0.0953571 -0.0867185
internal_weight=128811 51026 77785 12903 38123 30290 52876 16806 3644 9259 7833 36070 24909 21458
internal_count=128811 51026 77785 12903 38123 30290 52876 16806 3644 9259 7833 36070 24909 21458
is_linear=0
shrinkage=0.01


Tree=76
num_leaves=15
num_cat=0
split_feature=20 20 20 20 7 2 1 1 22 14 20 14 5 1
split_gain=4.74782e+06 1.35534e+06 914058 286117 201260 210888 205823 158705 151979 135916 135167 109188 86588.8 84251.4
threshold=64.818124207858077 49.469696969696976 98.416349809885944 31.706349206349213 1004.0995000000001 13.725000000000001 -118.21337597412109 -118.99998249999999 84.939797211660348 10.06482468696843 155.57403433476398 6.840005818032048 18.500000000000004 -118.21337597412109
decision_type=2 2 2 2 2 2 2 2 2 2 2 2 2 2
left_child=1 3 4 11 5 -2 -6 9 -4 -3 -10 -1 -9 -5
right_child=2 7 8 13 6 -7 -8 12 10 -11 -12 -13 -14 -15
leaf_value=-0.087221976443884033 -0.056327593071475307 -0.0099052635358201999 0.15817478444995403 -0.053080330167688879 0.088597996639223256 0.070311694585643791 0.18102932491372159 0.04174598772954595 0.2446603953693415 -0.16183930447997391 0.42512865820326773 -0.1491957419545504 0.0027726465492420305 0.016069987022368167
leaf_weight=20219 1474 23381 1831 25091 9584 12188 3218 11914 2682 604 491 3308 10931 1895
leaf_count=20219 1474 23381 1831 25091 9584 12188 3218 11914 2682 604 491 3308 10931 1895
internal_value=4.92148e-11 -0.0345186 0.10678 -0.0704466 0.0833437 0.0566485 0.111832 0.00423497 0.230722 -0.0137313 0.272587 -0.0959358 0.0230978 -0.0482245
internal_weight=128811 97343 31468 50513 26464 13662 12802 46830 5004 23985 3173 23527 22845 26986
internal_count=128811 97343 31468 50513 26464 13662 12802 46830 5004 23985 3173 23527 22845 26986
is_linear=0
shrinkage=0.01


Tree=77
num_leaves=15
num_cat=0
split_feature=20 20 20 20 6 15 7 13 14 6 20 0 25 31
split_gain=4.65471e+06 1.3782e+06 860831 280925 230274 186275 185252 162968 174102 142590 151245 108874 95522.5 91743.4
threshold=65.569581749049448 49.469696969696976 102.60050251256284 27.247474747474758 11.001790500000002 0.22780652774268209 1004.4003000000001 9.7200121987729897 10.800008285760763 6.8836735000000013 146.34757118927976 36.742692288818368 12.326388888888891 28.908730158730162
decision_type=2 2 2 2 2 2 2 2 2 2 2 2 2 2
left_child=1 3 4 12 6 -6 -2 8 -3 10 -4 -5 -1 -11
right_child=2 7 9 11 5 -7 -8 -9 -10 13 -12 -13 -14 -15
leaf_value=-0.1998884666852811 0.069952192014130998 0.013293313712403139 0.24159762760326486 -0.033497767630302093 -0.10606074682780574 0.054269080106636357 0.13047179744927292 -0.059718219277161401 -0.11938659553917626 -0.033704098827391865 0.41785082493550946 -0.069873261901986908 -0.096523405130236481 0.19400703239591
leaf_weight=945 9500 43500 2005 15707 859 4633 10817 3595 1012 200 643 17281 16580 1534
leaf_count=945 9500 43500 2005 15707 859 4633 10817 3595 1012 200 643 17281 16580 1534
internal_value=-3.26982e-11 -0.0332603 0.108646 -0.0697421 0.0866435 0.029192 0.102174 0.0050461 0.0102768 0.238235 0.284396 -0.0525533 -0.102097 0.167743
internal_weight=128811 98620 30191 50513 25809 5492 20317 48107 44512 4382 2648 32988 17525 1734
internal_count=128811 98620 30191 50513 25809 5492 20317 48107 44512 4382 2648 32988 17525 1734
is_linear=0
shrinkage=0.01


Tree=78
num_leaves=15
num_cat=0
split_feature=20 20 20 20 47 17 17 2 7 7 1 17 25 17
split_gain=4.57081e+06 1.38208e+06 720473 372580 202639 188526 183981 167089 136635 130498 129548 120915 112958 91125.2
threshold=57.350126742712312 79.350443599493033 32.800925925925931 108.2638190954774 1.0000000180025095e-35 0.010725190969453883 0.010266180410520581 18.525000000000002 1004.4003000000001 1005.00003 -120.84999847412108 0.0068084329085323836 16.966276756794823 0.011316112259684241
decision_type=2 2 2 2 2 2 2 2 2 2 2 2 2 2
left_child=2 4 12 8 5 -2 10 -8 -3 -6 -4 -5 -1 -14
right_child=1 3 6 11 9 -7 7 -9 -10 -11 -12 -13 13 -15
leaf_value=-0.15878533405982176 0.04582519887424906 0.085652511360769831 -0.056716128456050549 0.29567920753600313 0.059171788987835656 -0.012042905796604102 -0.093764725868500973 -0.028566510779894468 0.16310839914659833 0.14520563536227349 -0.0064787457075931266 0.17808810612865625 -0.071766998911475602 -0.11463302774539763
leaf_weight=2336 22816 4042 6173 2187 5153 7474 6677 9557 5217 2680 30469 1457 15216 7357
leaf_count=2336 22816 4042 6173 2187 5153 7474 6677 9557 5217 2680 30469 1457 15216 7357
internal_value=-4.03688e-11 0.0735482 -0.0482467 0.163006 0.0432705 0.0315464 -0.0273581 -0.0553824 0.129295 0.0886076 -0.0149421 0.248662 -0.0925884 -0.0857379
internal_weight=128811 51026 77785 12903 38123 30290 52876 16234 9259 7833 36642 3644 24909 22573
internal_count=128811 51026 77785 12903 38123 30290 52876 16234 9259 7833 36642 3644 24909 22573
is_linear=0
shrinkage=0.01


Tree=79
num_leaves=15
num_cat=0
split_feature=20 20 20 4 4 4 20 20 4 20 20 44 1 42
split_gain=4.4823e+06 1.15562e+06 960054 231122 227719 201254 191956 189624 176888 189506 141026 86664.8 52506.6 39219.5
threshold=63.309885931558945 43.368055555555564 93.323827629911293 1.0000000180025095e-35 1.0000000180025095e-35 1.0000000180025095e-35 54.366920152091261 72.487959442332084 1.0000000180025095e-35 141.99748743718598 21.689814814814817 1.0000000180025095e-35 -118.21337597412109 1.0000000180025095e-35
decision_type=2 2 2 2 2 2 2 2 2 2 2 2 2 2
left_child=1 5 3 7 6 10 -3 -2 9 -4 -1 -7 -6 -5
right_child=2 4 8 13 12 11 -8 -9 -10 -11 -12 -13 -14 -15
leaf_value=-0.10082424700008075 0.053502098261414686 -0.020589750574975474 0.18941297338198948 -0.0091430512809561638 -0.11311516439557621 -0.10734303392819346 0.018699681257241436 0.10623215956616613 -0.066785931258671619 0.32691572357453647 -0.055990859721721915 -0.19854623996426191 -0.0039084926772896848 -0.13651535220527294
leaf_weight=9488 15158 23737 4916 439 2291 3230 26117 12398 227 1259 26930 1538 545 538
leaf_count=9488 15158 23737 4916 439 2291 3230 26117 12398 227 1259 26930 1538 545 538
internal_value=-8.99368e-12 -0.0359855 0.0966988 0.0718674 -0.00496558 -0.0756698 -7.20773e-06 0.0772264 0.20737 0.217448 -0.0676713 -0.136762 -0.0921287 -0.0792826
internal_weight=128811 93876 34935 28533 52690 41186 49854 27556 6402 6175 36418 4768 2836 977
internal_count=128811 93876 34935 28533 52690 41186 49854 27556 6402 6175 36418 4768 2836 977
is_linear=0
shrinkage=0.01


Tree=80
num_leaves=15
num_cat=0
split_feature=20 20 20 20 1 6 6 2 22 20 7 7 0 6
split_gain=4.39397e+06 1.28979e+06 727726 358872 190735 180588 167598 165886 138958 135363 133597 125613 110323 95792.6
threshold=57.91216730038024 79.350443599493033 36.166666666666671 108.2638190954774 -118.21337597412109 10.800749500000002 10.402124500000001 17.225000000000005 68.159315589353625 13.928571428571431 1004.4003000000001 1005.00003 37.042691525878915 10.197528500000002
decision_type=2 2 2 2 2 2 2 2 2 2 2 2 2 2
left_child=2 4 9 10 5 -2 12 -8 -5 -1 -3 -6 -4 -11
right_child=1 3 6 8 11 -7 7 -9 -10 13 -12 -13 -14 -15
leaf_value=-0.13060071099294127 0.046104982759984273 0.083601631831588238 -0.0024371505223468913 0.085741946365794408 0.05891935149609899 -0.01191936560283542 -0.097309816743716873 -0.026203866146816183 0.26801673935181247 -0.059643665665361743 0.16019172475139695 0.1447991630394303 -0.051544580356353439 -0.099867052114809729
leaf_weight=5281 22001 4042 28876 482 4974 7093 5011 9503 3162 15601 5217 2590 5436 9542
leaf_count=5281 22001 4042 28876 482 4974 7093 5011 9503 3162 15601 5217 2590 5436 9542
internal_value=6.91209e-12 0.0738553 -0.0461873 0.159841 0.0435896 0.0319589 -0.022267 -0.0507534 0.243907 -0.0845758 0.126756 0.0883256 -0.0102172 -0.0749088
internal_weight=128811 49561 79250 12903 36658 29094 48826 14514 3644 30424 9259 7564 34312 25143
internal_count=128811 49561 79250 12903 36658 29094 48826 14514 3644 30424 9259 7564 34312 25143
is_linear=0
shrinkage=0.01


Tree=81
num_leaves=15
num_cat=0
split_feature=20 20 20 20 17 13 14 6 20 2 20 0 13 31
split_gain=4.31523e+06 1.27809e+06 795195 259654 202172 155975 166071 155307 159846 130668 117143 104786 91787.6 84281.7
threshold=65.569581749049448 49.469696969696976 98.416349809885944 27.247474747474758 0.0079839409892662801 9.7200121987729897 10.800008285760763 6.8836735000000013 146.34757118927976 18.225000000000005 75.453422053231961 36.742692288818368 -4.3315975928084693 28.908730158730162
decision_type=2 2 2 2 2 2 2 2 2 2 2 2 2 2
left_child=1 3 4 12 10 6 -3 8 -4 -6 -2 -5 -1 -9
right_child=2 5 7 11 9 -7 -8 13 -10 -11 -12 -13 -14 -15
leaf_value=-0.14718923733969327 0.078488745300523355 0.012927720733243039 0.22712963633181726 -0.031936574888586193 -0.0034925972287205682 -0.058495205312303622 -0.11665590575557541 -0.026908179620264941 0.40496093207185224 0.073213705134906923 0.13359766540205761 -0.067622704437591399 -0.087557531145547637 0.17507126297664463
leaf_weight=3146 8292 43500 2363 15707 3450 3595 1012 234 643 6233 7212 17281 14379 1764
leaf_count=3146 8292 43500 2363 15707 3450 3595 1012 234 643 6233 7212 17281 14379 1764
internal_value=3.2021e-12 -0.0320245 0.104609 -0.0671562 0.0817337 0.00486436 0.00998158 0.219749 0.265169 0.0458837 0.104124 -0.050631 -0.0982623 0.151416
internal_weight=128811 98620 30191 50513 25187 48107 44512 5004 3006 9683 15504 32988 17525 1998
internal_count=128811 98620 30191 50513 25187 48107 44512 5004 3006 9683 15504 32988 17525 1998
is_linear=0
shrinkage=0.01


Tree=82
num_leaves=15
num_cat=0
split_feature=23 0 25 31 47 31 30 10 7 13 4 31 3 47
split_gain=3.43333e+06 892132 659556 529314 336462 316163 261365 241189 219472 201865 163876 128370 111631 107147
threshold=64.2762727080693 36.742692288818368 81.688816897294544 44.444550063371366 1.0000000180025095e-35 34.43610054921843 96.646387832699645 1.0000000180025095e-35 1003.9999500000001 -4.3315975928084693 1.0000000180025095e-35 28.908730158730162 72.962955000000008 1.0000000180025095e-35
decision_type=2 2 2 2 2 2 2 2 2 2 2 2 2 2
left_child=1 4 10 9 5 -1 8 -5 -4 -3 13 -8 -6 -2
right_child=2 3 6 7 12 -7 11 -9 -10 -11 -12 -13 -14 -15
leaf_value=-0.051221613499433563 0.053232256786722242 -0.15855662134836637 0.042741178488589007 0.0050078901718750013 0.089944458161644716 0.0066987073652514167 0.084572919658573067 -0.062842436506276952 0.16724599522352815 -0.080215564610866472 -0.086753314279952448 0.2638062803673647 0.016798857271116473 0.10529912435347932
leaf_weight=13867 15657 3906 2156 12013 4657 29416 471 9291 4124 20827 723 2636 3780 5287
leaf_count=13867 15657 3906 2156 12013 4657 29416 471 9291 4124 20827 723 2636 3780 5287
internal_value=-1.868e-11 -0.0290982 0.0916001 -0.0611178 -0.000596866 -0.0118578 0.161617 -0.0245827 0.124502 -0.0925877 0.061266 0.236636 0.0571733 0.0663758
internal_weight=128811 97757 31054 46037 51720 43283 9387 21304 6280 24733 21667 3107 8437 20944
internal_count=128811 97757 31054 46037 51720 43283 9387 21304 6280 24733 21667 3107 8437 20944
is_linear=0
shrinkage=0.01


Tree=83
num_leaves=15
num_cat=0
split_feature=20 20 20 4 20 4 4 4 20 0 0 44 1 43
split_gain=4.16969e+06 981467 962458 239690 225376 200435 193618 171531 178747 149353 139167 83332.5 44550.4 42340.4
threshold=61.824714828897349 93.323827629911293 43.368055555555564 1.0000000180025095e-35 72.487959442332084 1.0000000180025095e-35 1.0000000180025095e-35 1.0000000180025095e-35 141.99748743718598 35.400001525878913 36.742692288818368 1.0000000180025095e-35 -118.21337597412109 1.0000000180025095e-35
decision_type=2 2 2 2 2 2 2 2 2 2 2 2 2 2
left_child=2 3 6 4 -2 9 10 8 -3 -4 -1 -8 -7 -5
right_child=1 7 5 13 -6 12 11 -9 -10 -11 -12 -13 -14 -15
leaf_value=-0.039850259509240031 0.04773090690595834 0.18252406471863958 0.017915778747577858 -0.13414288600692389 0.10263346860011061 -0.11099641956560499 -0.10402106125691427 -0.070144802933386513 0.31606635660962801 -0.018330932339501047 -0.080234987884650388 -0.19345366655770199 -0.0058075185412722963 -0.011966198686758679
leaf_weight=13647 18837 4916 20237 617 12398 2177 3230 227 1259 25938 22771 1538 494 525
leaf_count=13647 18837 4916 20237 617 12398 2177 3230 227 1259 25938 22771 1538 494 525
internal_value=9.67973e-12 0.0866913 -0.0373401 0.0643206 0.0695232 -0.00731716 -0.0729468 0.199827 0.209752 -0.00244518 -0.0651015 -0.132869 -0.0915418 -0.0779758
internal_weight=128811 38779 90032 32377 31235 48846 41186 6402 6175 46175 36418 4768 2671 1142
internal_count=128811 38779 90032 32377 31235 48846 41186 6402 6175 46175 36418 4768 2671 1142
is_linear=0
shrinkage=0.01


Tree=84
num_leaves=15
num_cat=0
split_feature=20 20 20 20 4 4 1 0 4 22 14 22 1 0
split_gain=4.09104e+06 1.23371e+06 647122 334265 214329 203456 167835 154909 139772 133208 106642 97742.3 56968.8 50472.8
threshold=57.350126742712312 79.350443599493033 32.800925925925931 113.6316582914573 1.0000000180025095e-35 1.0000000180025095e-35 -118.21337597412109 36.742692288818368 1.0000000180025095e-35 82.542585551330816 9.7003882331052846 52.1411596958175 -118.21337597412109 35.400001525878913
decision_type=2 2 2 2 2 2 2 2 2 2 2 2 2 2
left_child=2 5 10 8 7 6 -2 -4 -3 -5 11 -1 -7 -12
right_child=1 3 4 9 -6 12 -8 -9 -10 -11 13 -13 -14 -15
leaf_value=-0.092682724907371561 0.034850188074103054 0.1324017853927611 -0.0047507821600758851 0.13528907035906074 -0.10188707805016387 -0.11326541878314773 0.088144786698472186 -0.040401608008773952 -0.082038744956160037 0.28416831014167354 -0.071234943536189144 -0.042852231868394722 0.023615541497029505 -0.19096381819095817
leaf_weight=18014 29234 9499 27560 817 3464 1056 7406 21852 314 2273 472 5037 427 1386
leaf_count=18014 29234 9499 27560 817 3464 1056 7406 21852 314 2273 472 5037 427 1386
internal_value=-9.88278e-12 0.0695813 -0.0456445 0.154101 -0.0258477 0.0409749 0.0456226 -0.020517 0.12554 0.244804 -0.0876684 -0.081794 -0.0738533 -0.160548
internal_weight=128811 51026 77785 12903 52876 38123 36640 49412 9813 3090 24909 23051 1483 1858
internal_count=128811 51026 77785 12903 52876 38123 36640 49412 9813 3090 24909 23051 1483 1858
is_linear=0
shrinkage=0.01


Tree=85
num_leaves=15
num_cat=0
split_feature=20 20 20 20 4 4 20 13 0 17 4 13 15 1
split_gain=4.01556e+06 1.1904e+06 737919 243170 235134 202160 177757 167001 134716 144608 110607 84248.8 68749.9 42183.4
threshold=65.569581749049448 49.469696969696976 102.60050251256284 26.170634920634924 1.0000000180025095e-35 1.0000000180025095e-35 79.350443599493033 9.7200121987729897 34.083213737060554 0.0068084329085323836 1.0000000180025095e-35 -4.3315975928084693 0.15865857453054469 -118.21337597412109
decision_type=2 2 2 2 2 2 2 2 2 2 2 2 2 2
left_child=1 3 4 11 6 7 -2 -3 12 -10 -5 -1 -4 -7
right_child=2 5 8 10 -6 13 -8 -9 9 -11 -12 -13 -14 -15
leaf_value=-0.14480335827784893 0.067388221481845589 0.014941583487381177 0.23099976951049436 -0.044218537722322156 -0.081740560504820453 -0.10621004526107046 0.12412532401471377 -0.056698249186056614 0.29651409824484914 0.1692113615823117 -0.10918158922833554 -0.085863524042535375 0.019675272048885625 -0.0035493589548992923
leaf_weight=2964 16695 42173 234 31348 863 1901 8251 3526 2194 1504 2860 13341 450 507
leaf_count=2964 16695 42173 234 31348 863 1901 8251 3526 2194 1504 2860 13341 450 507
internal_value=-7.15728e-12 -0.0308925 0.100911 -0.0647977 0.0805402 0.00470843 0.0861543 0.00941407 0.220893 0.244739 -0.0496498 -0.0965779 0.0919705 -0.084595
internal_weight=128811 98620 30191 50513 25809 48107 24946 45699 4382 3698 34208 16305 684 2408
internal_count=128811 98620 30191 50513 25809 48107 24946 45699 4382 3698 34208 16305 684 2408
is_linear=0
shrinkage=0.01


Tree=86
num_leaves=15
num_cat=0
split_feature=20 20 20 20 1 6 6 2 17 6 0 31 25 1
split_gain=3.93714e+06 1.18326e+06 622156 323019 183668 178606 170916 162589 129782 121330 118945 106293 106094 87181.5
threshold=57.350126742712312 79.350443599493033 32.800925925925931 119.59045226130655 -118.21337597412109 10.800749500000002 12.100785000000002 18.525000000000002 0.0053774437757933826 7.0967307500000008 37.042691525878915 58.467997465145764 16.966276756794823 -118.21337597412109
decision_type=2 2 2 2 2 2 2 2 2 2 2 2 2 2
left_child=2 4 12 8 5 -2 10 -8 -3 -5 -4 -6 -1 -14
right_child=1 3 6 9 11 -7 7 -9 -10 -11 -12 -13 13 -15
leaf_value=-0.15013717694551679 0.042874684071490837 0.16564886767346651 -0.0083132405152549806 0.30714278559231312 0.070631639590365738 -0.013670777007240327 -0.10527029326864926 -0.028902576387720119 0.094487009113709719 0.16507512429046767 -0.054299452856838577 0.18962364584726352 -0.083125546692582541 0.022785166870460616
leaf_weight=2336 22902 4634 34506 1555 6992 7388 4620 7030 5734 980 6720 841 21767 806
leaf_count=2336 22902 4634 34506 1555 6992 7388 4620 7030 5734 980 6720 841 21767 806
internal_value=-1.80266e-11 0.06826 -0.0447777 0.151034 0.0402446 0.0290827 -0.0253666 -0.0591875 0.126293 0.252221 -0.0158092 0.0834074 -0.085983 -0.0793439
internal_weight=128811 51026 77785 12903 38123 30290 52876 11650 10368 2535 41226 7833 24909 22573
internal_count=128811 51026 77785 12903 38123 30290 52876 11650 10368 2535 41226 7833 24909 22573
is_linear=0
shrinkage=0.01


Tree=87
num_leaves=15
num_cat=0
split_feature=20 20 20 20 4 7 4 13 4 22 4 25 1 42
split_gain=3.86568e+06 1.14629e+06 709776 233401 230071 197612 197166 161789 133318 130204 107608 85862.5 40967.3 32468.1
threshold=65.569581749049448 49.469696969696976 102.60050251256284 26.170634920634924 1.0000000180025095e-35 1004.0995000000001 1.0000000180025095e-35 9.7200121987729897 1.0000000180025095e-35 79.901615969581769 1.0000000180025095e-35 12.326388888888891 -118.21337597412109 1.0000000180025095e-35
decision_type=2 2 2 2 2 2 2 2 2 2 2 2 2 2
left_child=1 3 4 11 5 -2 7 -3 9 -4 -5 -1 -8 -6
right_child=2 6 8 10 13 -7 12 -9 -10 -11 -12 -13 -14 -15
leaf_value=-0.18775753034547688 0.05707302427981438 0.01471235818442432 0.13640629166841403 -0.043383948632391159 -0.012503095421148098 0.11337820446710613 -0.10487009438750251 -0.055800615646106458 -0.064836810713196982 0.26136359095656536 -0.10746049475771459 -0.08905698916848058 -0.0037000933260137041 -0.13602600275743676
leaf_weight=935 12757 42173 1144 31348 381 12189 1901 3526 162 3076 2860 15370 507 482
leaf_count=935 12757 42173 1144 31348 381 12189 1901 3526 162 3076 2860 15370 507 482
internal_value=-3.50364e-11 -0.0303105 0.0990103 -0.0635816 0.0790313 0.0845846 0.00462463 0.00927179 0.216682 0.227489 -0.0487411 -0.0947169 -0.0835689 -0.0814927
internal_weight=128811 98620 30191 50513 25809 24946 48107 45699 4382 4220 34208 16305 2408 863
internal_count=128811 98620 30191 50513 25809 24946 48107 45699 4382 4220 34208 16305 2408 863
is_linear=0
shrinkage=0.01


Tree=88
num_leaves=15
num_cat=0
split_feature=20 20 20 20 20 20 14 17 20 17 6 6 7 25
split_gain=3.79133e+06 962985 788903 218876 173927 166952 128240 124519 122344 121040 113793 91313.5 87939.2 55897.1
threshold=60.15256653992396 90.963878326996209 43.368055555555564 70.586026615969601 16.127450980392162 127.63400335008377 10.800008285760763 0.010189840109947048 53.433012748825774 0.0076717221954019652 8.8965830000000015 9.7100000000000026 1007.3001 15.841787248274892
decision_type=2 2 2 2 2 2 2 2 2 2 2 2 2 2
left_child=2 3 4 11 13 12 8 -6 -4 -5 -7 -2 -3 -1
right_child=1 5 6 9 7 10 -8 -9 -10 -11 -12 -13 -14 -15
leaf_value=-0.17609325987084085 0.049277966718378564 0.11843478356833526 -0.023772870479464032 0.1098000012649776 -0.0461799075021481 0.30775379502462025 -0.11895369947887957 -0.085715822710633119 0.0094592714375813063 0.050554451483876738 0.13966663097093057 0.0037769873733307785 0.20197677181114845 -0.1022559964373945
leaf_weight=1263 14293 3026 21392 8606 21982 1441 1039 12494 22977 5754 559 6379 2159 5447
leaf_count=1263 14293 3026 21392 8606 21982 1441 1039 12494 22977 5754 559 6379 2159 5447
internal_value=1.1971e-11 0.0776998 -0.0378808 0.0560702 -0.0695735 0.183159 -0.00913488 -0.0605076 -0.00656322 0.0860605 0.260773 0.0352372 0.153221 -0.116154
internal_weight=128811 42217 86594 35032 41186 7185 45408 34476 44369 14360 2000 20672 5185 6710
internal_count=128811 42217 86594 35032 41186 7185 45408 34476 44369 14360 2000 20672 5185 6710
is_linear=0
shrinkage=0.01


Tree=89
num_leaves=15
num_cat=0
split_feature=20 20 20 20 4 1 4 4 13 22 14 13 22 1
split_gain=3.71769e+06 1.22604e+06 504190 304635 214181 178469 174244 138580 135233 117400 103164 102056 98228.4 53448.3
threshold=56.045944233206605 79.350443599493033 32.800925925925931 119.59045226130655 1.0000000180025095e-35 -118.21337597412109 1.0000000180025095e-35 1.0000000180025095e-35 9.3600018938691232 68.159315589353625 6.8164225469326789 -3.5999953169554435 52.712294043092534 -118.21337597412109
decision_type=2 2 2 2 2 2 2 2 2 2 2 2 2 2
left_child=2 4 10 7 5 -2 8 -3 -4 -5 12 -12 -1 -6
right_child=1 3 6 9 13 -7 -8 -9 -10 -11 11 -13 -14 -15
leaf_value=-0.086004883999110868 0.030121554427456832 0.12943081030289894 -0.016277614949322335 0.065397736156277309 -0.1071041395955646 0.082902953650121736 -0.099233526228321461 -0.078529848716590342 -0.067925071721026728 0.27085750270955206 -0.17868871292762728 -0.069780977963013774 -0.032413450624113466 0.017811197590320668
leaf_weight=17088 33374 10037 38921 318 1263 7928 3214 331 5829 2217 2075 1470 4276 470
leaf_count=17088 33374 10037 38921 318 1263 7928 3214 331 5829 2217 2075 1470 4276 470
internal_value=-1.65366e-11 0.0613183 -0.0470685 0.146818 0.0356833 0.040253 -0.028113 0.122792 -0.0230051 0.245084 -0.0835685 -0.133528 -0.0752786 -0.0732264
internal_weight=128811 55938 72873 12903 43035 41302 47964 10368 44750 2535 24909 3545 21364 1733
internal_count=128811 55938 72873 12903 43035 41302 47964 10368 44750 2535 24909 3545 21364 1733
is_linear=0
shrinkage=0.01


Tree=90
num_leaves=15
num_cat=0
split_feature=23 22 25 6 27 7 5 1 23 17 1 14 7 2
split_gain=2.96799e+06 849646 494112 354379 255193 234438 216394 176288 169005 163429 130452 103668 99709.1 123105
threshold=65.952955569638092 52.509125475285181 82.58358928673789 10.197528500000002 147.16834170854273 1003.2004000000001 13.500000000000002 -118.99998249999999 34.121637797493321 0.0088530813612274026 -118.99998249999999 -9.9444011431583963 1005.29975 13.925000000000002
decision_type=2 2 2 2 2 2 2 2 2 2 2 2 2 2
left_child=1 3 12 8 5 -4 10 -5 -1 -8 -3 -6 13 -2
right_child=2 6 4 7 11 -7 9 -9 -10 -11 -12 -13 -14 -15
leaf_value=-0.06608441479582379 -0.032993189162028862 0.0042977864142073764 0.052390243795761821 -0.10239698702880795 -0.31526197612285617 0.17134152768172312 0.0064073041626529215 -0.026266448625029075 -0.019641030395195345 -0.050906094676592177 0.05072677881611061 0.35287686591154499 0.093377326339747477 0.058628841424369083
leaf_weight=11103 1715 12007 2319 14732 24 5803 12569 3833 26622 8235 12201 717 6811 10120
leaf_count=11103 1715 12007 2319 14732 24 5803 12569 3833 26622 8235 12201 717 6811 10120
internal_value=-1.19932e-11 -0.025014 0.0921141 -0.0509115 0.153586 0.137378 0.00737232 -0.0866788 -0.03331 -0.0162795 0.0276983 0.331237 0.0628946 0.045352
internal_weight=128811 101302 27509 56290 8863 8122 45012 18565 37725 20804 24208 741 18646 11835
internal_count=128811 101302 27509 56290 8863 8122 45012 18565 37725 20804 24208 741 18646 11835
is_linear=0
shrinkage=0.01


Tree=91
num_leaves=15
num_cat=0
split_feature=20 20 20 6 0 13 20 6 20 5 17 31 20 2
split_gain=3.59876e+06 927668 768073 192789 172357 185042 171626 156486 174810 142752 122359 110461 106473 86986.2
threshold=63.309885931558945 43.914141414141419 93.323827629911293 7.9018096500000015 36.742692288818368 -5.0732009093110486 16.127450980392162 6.8836735000000013 146.34757118927976 72.500000000000014 0.011316112259684241 28.908730158730162 72.085633989089118 20.525000000000002
decision_type=2 2 2 2 2 2 2 2 2 2 2 2 2 2
left_child=1 6 3 12 11 -6 -1 8 -4 -5 -8 -3 -2 -9
right_child=2 4 7 9 5 -7 10 13 -10 -11 -12 -13 -14 -15
leaf_value=-0.11348570187768209 0.061441399396455751 -0.029414788742602366 0.19574130802034456 0.052648954446304075 -0.12984976072185597 -0.018432441972021138 -0.046168183968691191 0.07964092115763452 0.37642836176913413 -0.029721923452661364 -0.086782256602164487 0.018335186818958522 0.11151680511254713 0.19995155441733828
leaf_weight=6710 8710 5896 3201 8770 1633 17095 24787 1593 643 2768 10586 27169 8285 965
leaf_count=6710 8710 5896 3201 8770 1633 17095 24787 1593 643 2768 10586 27169 8285 965
internal_value=3.06722e-11 -0.0322443 0.0866456 0.0644353 -0.00390841 -0.0281475 -0.0671182 0.185635 0.225965 0.0328879 -0.0583227 0.00982063 0.085853 0.125028
internal_weight=128811 93876 34935 28533 51793 18728 42083 6402 3844 11538 35373 33065 16995 2558
internal_count=128811 93876 34935 28533 51793 18728 42083 6402 3844 11538 35373 33065 16995 2558
is_linear=0
shrinkage=0.01


Tree=92
num_leaves=15
num_cat=0
split_feature=20 20 20 0 14 4 4 7 13 6 20 1 31 1
split_gain=3.52898e+06 1.0481e+06 648476 224247 244939 206999 185906 169928 153705 139591 140429 94665.3 80407.5 39135.8
threshold=65.569581749049448 49.469696969696976 98.416349809885944 36.742692288818368 6.5162392177022381 1.0000000180025095e-35 1.0000000180025095e-35 1004.0995000000001 9.7200121987729897 6.8836735000000013 146.34757118927976 -118.21337597412109 28.908730158730162 -118.21337597412109
decision_type=2 2 2 2 2 2 2 2 2 2 2 2 2 2
left_child=1 3 5 11 -5 7 8 -2 -3 10 -4 -1 -11 -8
right_child=2 6 9 4 -6 -7 13 -9 -10 12 -12 -13 -14 -15
leaf_value=-0.043541685786647674 0.053678087125220771 0.014260426534275131 0.20598325930345135 -0.068309892038602341 -0.16056170150792365 -0.079642550067883872 -0.10201275646896237 0.10654943505833364 -0.054468455911367439 -0.040383905004869158 0.37266407341616664 0.020946628464627512 0.15689865545705467 -0.0031300622252729048
leaf_weight=17992 12547 42173 2363 26689 3226 848 1901 11792 3526 234 643 2606 1764 507
leaf_count=17992 12547 42173 2363 26689 3226 848 1901 11792 3526 234 643 2606 1764 507
internal_value=-2.46902e-11 -0.0289604 0.0946002 -0.0607746 -0.0782582 0.0739426 0.00444501 0.0792937 0.00895751 0.198577 0.241637 -0.0353828 0.133793 -0.0811932
internal_weight=128811 98620 30191 50513 29915 25187 48107 24339 45699 5004 3006 20598 1998 2408
internal_count=128811 98620 30191 50513 29915 25187 48107 24339 45699 5004 3006 20598 1998 2408
is_linear=0
shrinkage=0.01


Tree=93
num_leaves=15
num_cat=0
split_feature=20 20 20 20 4 1 4 13 4 22 4 22 44 1
split_gain=3.4654e+06 1.14065e+06 472960 283915 203010 172002 167047 127226 126381 123210 99369 84461.8 61713.7 51503.3
threshold=56.045944233206605 79.350443599493033 32.800925925925931 113.6316582914573 1.0000000180025095e-35 -118.21337597412109 1.0000000180025095e-35 9.3600018938691232 1.0000000180025095e-35 82.542585551330816 1.0000000180025095e-35 52.1411596958175 1.0000000180025095e-35 -118.21337597412109
decision_type=2 2 2 2 2 2 2 2 2 2 2 2 2 2
left_child=2 4 10 8 5 -2 7 -4 -3 -5 11 -1 -12 -6
right_child=1 3 6 9 13 -7 -8 -9 -10 -11 12 -13 -14 -15
leaf_value=-0.083227804686633031 0.028977682166187992 0.12187202362061499 -0.015557743099575536 0.11993761985248121 -0.10481190191922518 0.080793980026196088 -0.096720485522444513 -0.065652834146190817 -0.082037895759860507 0.26312052650561124 -0.097880010286842845 -0.035053495830696196 -0.18548087795910004 0.017809534311690862
leaf_weight=16837 33374 9499 38921 817 1263 7928 3214 5829 314 2273 2141 4643 1288 470
leaf_count=16837 33374 9499 38921 817 1263 7928 3214 5829 314 2273 2141 4643 1288 470
internal_value=9.02745e-12 0.0592011 -0.0454434 0.14167 0.0344749 0.0389239 -0.0270843 -0.022083 0.115347 0.225263 -0.0807949 -0.0728147 -0.130785 -0.0715562
internal_weight=128811 55938 72873 12903 43035 41302 47964 44750 9813 3090 24909 21480 3429 1733
internal_count=128811 55938 72873 12903 43035 41302 47964 44750 9813 3090 24909 21480 3429 1733
is_linear=0
shrinkage=0.01


Tree=94
num_leaves=15
num_cat=0
split_feature=20 20 20 4 20 4 4 4 20 13 17 44 42 1
split_gain=3.39877e+06 799286 786084 205817 186955 171535 171023 157525 153238 133293 114731 77708.2 38811.6 26318.2
threshold=61.824714828897349 93.323827629911293 43.368055555555564 1.0000000180025095e-35 72.487959442332084 1.0000000180025095e-35 0.15000000000000005 1.0000000180025095e-35 141.99748743718598 9.7200121987729897 0.011316112259684241 1.0000000180025095e-35 1.0000000180025095e-35 -118.21337597412109
decision_type=2 2 2 2 2 2 2 2 2 2 2 2 2 2
left_child=2 3 5 4 -2 10 9 8 -3 -4 -1 -7 -5 -8
right_child=1 7 6 12 -6 11 13 -9 -10 -11 -12 -13 -14 -15
leaf_value=-0.047391485781807526 0.043053046002561483 0.16466584829004544 0.0023881134194596631 -0.010580063780361698 0.093057344070618303 -0.094435333615432035 -0.11906984965192033 -0.07834997070452715 0.28831283578254147 -0.056486950936373431 -0.086849537298784987 -0.18079721926752448 -0.12755461350759578 -0.018025365839098428
leaf_weight=26159 18837 4916 42804 525 12398 3230 1506 227 1259 4225 10259 1538 617 311
leaf_count=26159 18837 4916 42804 525 12398 3230 1506 227 1259 4225 10259 1538 617 311
internal_value=2.04629e-11 0.0782681 -0.033712 0.0580801 0.0629011 -0.0658912 -0.00657908 0.180365 0.189876 -0.00290112 -0.0585069 -0.122293 -0.0737791 -0.101775
internal_weight=128811 38779 90032 32377 31235 41186 48846 6402 6175 47029 36418 4768 1142 1817
internal_count=128811 38779 90032 32377 31235 41186 48846 6402 6175 47029 36418 4768 1142 1817
is_linear=0
shrinkage=0.01


Tree=95
num_leaves=15
num_cat=0
split_feature=23 0 25 13 47 10 4 6 30 4 13 7 7 17
split_gain=2.70848e+06 801247 454031 446368 312138 300828 247727 239569 186639 127736 105315 89603.5 84797.6 66831.4
threshold=65.952955569638092 36.742692288818368 82.58358928673789 -6.1506612118435582 1.0000000180025095e-35 1.0000000180025095e-35 1.0000000180025095e-35 12.404780500000003 94.193252383590973 1.0000000180025095e-35 -5.3999977199171356 1005.29975 1007.3001 0.0099932415149097623
decision_type=2 2 2 2 2 2 2 2 2 2 2 2 2 2
left_child=1 4 9 13 6 -5 -1 8 -4 11 -9 -2 -6 -3
right_child=2 3 7 5 12 -7 -8 10 -10 -11 -12 -13 -14 -15
leaf_value=-0.0020557506514232182 0.047946723359715157 -0.086035531830423312 0.12736299257592712 -0.020211977808922265 0.042271136110297522 -0.073312175342307329 -0.093084298000031859 0.084871376820986041 0.22768069523931833 -0.080095223982674796 -0.135381053964159 0.094252676970188409 0.1255780355342678 -0.17889857066124759
leaf_weight=41957 11430 1047 5041 23134 7709 19801 3219 510 2934 629 378 6587 1452 2983
leaf_count=41957 11430 1047 5041 23134 7709 19801 3219 510 2934 629 378 6587 1452 2983
internal_value=-1.28924e-11 -0.0238954 0.0879951 -0.0541461 0.00225106 -0.044701 -0.00854196 0.146921 0.16427 0.0599857 -0.00888473 0.0648761 0.0554751 -0.154773
internal_weight=128811 101302 27509 46965 54337 42935 45176 8863 7975 18646 888 18017 9161 4030
internal_count=128811 101302 27509 46965 54337 42935 45176 8863 7975 18646 888 18017 9161 4030
is_linear=0
shrinkage=0.01


Tree=96
num_leaves=15
num_cat=0
split_feature=20 20 20 20 47 6 6 7 7 1 14 14 13 48
split_gain=3.29331e+06 1.07762e+06 451628 269832 182585 171905 139306 120080 118032 108176 107864 95301.3 97253.8 94766.2
threshold=56.045944233206605 79.350443599493033 32.800925925925931 108.2638190954774 1.0000000180025095e-35 10.800749500000002 10.102840500000001 1006.4001350000001 1004.4003000000001 -118.99998249999999 7.9291623050754811 6.5162392177022381 -3.5999953169554435 1.0000000180025095e-35
decision_type=2 2 2 2 2 2 2 2 2 2 2 2 2 2
left_child=2 4 11 8 5 -2 13 -6 -3 -8 -5 -1 -13 -4
right_child=1 3 6 10 7 -7 9 -9 -10 -11 -12 12 -14 -15
leaf_value=-0.070740880094125311 0.036257096021313821 0.068618376595078731 -0.0067483492696728776 0.22276249551657426 0.054313503388106837 -0.015479983322546504 -0.069038223420900505 0.14296601663523104 0.14060865150372295 -0.011835150877949435 -0.03594342206885829 -0.17029913872533509 -0.065833846576973304 -0.051469466003310177
leaf_weight=21259 26121 4042 26823 3475 6390 8516 10577 2008 5217 4809 169 2104 1546 5755
leaf_count=21259 26121 4042 26823 3475 6390 8516 10577 2008 5217 4809 169 2104 1546 5755
internal_value=-1.30218e-11 0.0577125 -0.0443006 0.13787 0.0336792 0.0235368 -0.0263604 0.0755107 0.109181 -0.051159 0.210764 -0.0788458 -0.126052 -0.0146485
internal_weight=128811 55938 72873 12903 43035 34637 47964 8398 9259 15386 3644 24909 3650 32578
internal_count=128811 55938 72873 12903 43035 34637 47964 8398 9259 15386 3644 24909 3650 32578
is_linear=0
shrinkage=0.01


Tree=97
num_leaves=15
num_cat=0
split_feature=20 20 20 20 6 15 7 6 6 20 16 1 47 31
split_gain=3.22998e+06 961696 589258 202631 194236 169546 154528 137752 117636 124200 111347 104504 103599 82797
threshold=65.569581749049448 49.469696969696976 102.60050251256284 24.523809523809529 11.001790500000002 0.22780652774268209 1004.3998300000002 17.400723500000002 6.8836735000000013 155.57403433476398 9.6656486560000019 -118.21337597412109 1.0000000180025095e-35 28.908730158730162
decision_type=2 2 2 2 2 2 2 2 2 2 2 2 2 2
left_child=1 3 4 -1 6 -6 -2 11 9 -4 -9 -3 -5 -10
right_child=2 7 8 12 5 -7 -8 10 13 -11 -12 -13 -14 -15
leaf_value=-0.089812699974338162 0.056877605037875187 0.0024391423450825984 0.21252613554347768 -0.049946337163467976 -0.10950128138773318 0.043459776520060979 0.11218452395923409 -0.14890836628702753 -0.057679812316596503 0.41258145110064226 -0.017225587618396324 0.046511131502094009 0.019109511609318765 0.1586438782870857
leaf_weight=14456 9412 39052 2289 33735 859 4633 10905 991 200 359 1824 6240 2322 1534
leaf_count=14456 9412 39052 2289 33735 859 4633 10905 991 200 359 1824 6240 2322 1534
internal_value=3.00873e-11 -0.0277064 0.0905039 -0.0581811 0.0723 0.0195352 0.0865632 0.00429241 0.197721 0.239648 -0.0635835 0.00851106 -0.0454993 0.133693
internal_weight=128811 98620 30191 50513 25809 5492 20317 48107 4382 2648 2815 45292 36057 1734
internal_count=128811 98620 30191 50513 25809 5492 20317 48107 4382 2648 2815 45292 36057 1734
is_linear=0
shrinkage=0.01


Tree=98
num_leaves=15
num_cat=0
split_feature=20 20 20 20 4 13 4 4 13 22 14 13 22 42
split_gain=3.16963e+06 1.03834e+06 434407 260382 191012 160900 157796 125568 118515 110251 93329.2 95225 91051.4 48995.8
threshold=56.045944233206605 79.350443599493033 32.800925925925931 119.59045226130655 1.0000000180025095e-35 9.7200121987729897 1.0000000180025095e-35 1.0000000180025095e-35 9.3600018938691232 68.159315589353625 6.5162392177022381 -3.5999953169554435 52.712294043092534 1.0000000180025095e-35
decision_type=2 2 2 2 2 2 2 2 2 2 2 2 2 2
left_child=2 4 10 7 5 -2 8 -3 -4 -5 12 -12 -1 -6
right_child=1 3 6 9 13 -7 -8 -9 -10 -11 11 -13 -14 -15
leaf_value=-0.079671362886365366 0.041884468599033928 0.119408863162436 -0.014707175263496981 0.052021556142834754 -0.014490717825470852 -0.048431468916165503 -0.093546503991249072 -0.078548448175765867 -0.063056968114305501 0.25112698087506552 -0.16783938904451792 -0.064469451834260935 -0.027943131152781703 -0.12091841051906975
leaf_weight=17005 39225 10037 38921 318 832 2077 3214 331 5829 2217 2104 1546 4254 901
leaf_count=17005 39225 10037 38921 318 832 2077 3214 331 5829 2217 2104 1546 4254 901
internal_value=-2.22834e-11 0.0566184 -0.0434608 0.135302 0.0330271 0.0373426 -0.025866 0.113089 -0.0210051 0.22615 -0.0773409 -0.124056 -0.0693204 -0.0698233
internal_weight=128811 55938 72873 12903 43035 41302 47964 10368 44750 2535 24909 3650 21259 1733
internal_count=128811 55938 72873 12903 43035 41302 47964 10368 44750 2535 24909 3650 21259 1733
is_linear=0
shrinkage=0.01


Tree=99
num_leaves=15
num_cat=0
split_feature=23 0 13 23 1 10 4 0 3 4 3 13 6 3
split_gain=2.51632e+06 758796 428421 367934 295614 289601 235165 173285 153287 152992 104482 102914 63265.1 60235.6
threshold=65.952955569638092 36.742692288818368 -6.1506612118435582 92.455851819299298 -118.21337597412109 1.0000000180025095e-35 1.0000000180025095e-35 34.083213737060554 53.601623500000009 1.0000000180025095e-35 72.962955000000008 10.543555078550009 9.6966480000000015 35.722492500000008
decision_type=2 2 2 2 2 2 2 2 2 2 2 2 2 2
left_child=1 4 12 9 6 -4 -1 13 -9 11 -6 -2 -3 -5
right_child=3 2 5 7 10 -7 -8 8 -10 -11 -12 -13 -14 -15
leaf_value=-0.001771540748268874 0.07389922744258047 -0.078866305004561765 -0.019189599681463148 -0.182984137342001 0.084826843851803849 -0.071289455303491109 -0.090462203387542586 0.2592911910448864 0.14018055486065453 -0.072375049776366357 0.016959441073405305 -0.08906720154873933 -0.17280038990938604 0.058101078010703383
leaf_weight=41957 20425 933 23134 120 5028 19801 3219 1570 3465 774 4133 395 3097 760
leaf_count=41957 20425 933 23134 120 5028 19801 3219 1570 3465 774 4133 395 3097 760
internal_value=1.60343e-11 -0.0230322 -0.0524706 0.084816 0.00241229 -0.0432173 -0.00809116 0.154693 0.177321 0.0656753 0.0542084 0.0708074 -0.151053 0.0252258
internal_weight=128811 101302 46965 27509 54337 42935 45176 5915 5035 21594 9161 20820 4030 880
internal_count=128811 101302 46965 27509 54337 42935 45176 5915 5035 21594 9161 20820 4030 880
is_linear=0
shrinkage=0.01


Tree=100
num_leaves=15
num_cat=0
split_feature=20 20 20 4 20 4 20 4 4 13 0 44 43 47
split_gain=3.06883e+06 774626 644527 195372 178309 157357 158847 152921 142531 129669 104868 67348.8 39063.3 36628.4
threshold=60.15256653992396 90.963878326996209 40.06944444444445 1.0000000180025095e-35 69.838191803971284 1.0000000180025095e-35 141.99748743718598 1.0000000180025095e-35 1.0000000180025095e-35 9.7200121987729897 36.742692288818368 1.0000000180025095e-35 1.0000000180025095e-35 1.0000000180025095e-35
decision_type=2 2 2 2 2 2 2 2 2 2 2 2 2 2
left_child=2 3 8 4 -2 6 -3 9 10 -4 -1 -10 -5 -9
right_child=1 5 7 12 -6 -7 -8 13 11 -11 -12 -13 -14 -15
leaf_value=-0.034878948284640512 0.034896600969286082 0.15090883653722043 -0.0010298250505008841 -0.12400913872543072 0.081243390176865035 -0.079474533014729912 0.27507803012487481 -0.098604987084078652 -0.091786854448632979 -0.057042342082909453 -0.072383226646878462 -0.17460954364623285 -0.012584794538616131 -0.0046253018604502797
leaf_weight=11764 19068 5671 42606 669 14701 255 1259 2341 2981 4577 20357 1464 594 504
leaf_count=11764 19068 5671 42606 669 14701 255 1259 2341 2981 4577 20357 1464 594 504
internal_value=2.50863e-12 0.0699053 -0.0340808 0.0505061 0.0550732 0.16449 0.173467 -0.0107565 -0.0659921 -0.00646333 -0.0586477 -0.119065 -0.0716053 -0.0819562
internal_weight=128811 42217 86594 35032 33769 7185 6930 50028 36566 47183 32121 4445 1263 2845
internal_count=128811 42217 86594 35032 33769 7185 6930 50028 36566 47183 32121 4445 1263 2845
is_linear=0
shrinkage=0.01


Tree=101
num_leaves=15
num_cat=0
split_feature=20 20 20 20 4 1 4 7 22 1 6 1 8 42
split_gain=3.01114e+06 983330 413926 247708 180622 154678 149040 136437 107099 102800 89814.6 85537.8 71054.1 46846.6
threshold=56.045944233206605 79.350443599493033 32.800925925925931 119.59045226130655 1.0000000180025095e-35 -118.21337597412109 1.0000000180025095e-35 1007.5001000000001 68.159315589353625 -118.99998249999999 10.304415000000002 -118.21337597412109 -0.25881904510252113 1.0000000180025095e-35
decision_type=2 2 2 2 2 2 2 2 2 2 2 2 2 2
left_child=2 4 10 7 5 -2 9 -3 -5 -4 12 -12 -1 -6
right_child=1 3 6 8 13 -7 -8 -9 -10 -11 11 -13 -14 -15
leaf_value=-0.029318862449338425 0.02699135094546902 0.083582319612137718 -0.031706987492995199 0.048743562543963864 -0.013681619441575515 0.076128995229212751 -0.090961268843049045 0.15973380062898276 0.24498234122531151 -3.4031217936966826e-05 -0.10458762949522617 0.066673536681232867 -0.075354639813589655 -0.1177488913842695
leaf_weight=4982 33374 6759 28861 318 832 7928 3214 3609 2217 15889 9374 301 10252 901
leaf_count=4982 33374 6759 28861 318 832 7928 3214 3609 2217 15889 9374 301 10252 901
internal_value=-2.52169e-12 0.0551847 -0.0423603 0.131755 0.0322269 0.0364234 -0.0251853 0.11009 0.220365 -0.0204611 -0.0754321 -0.0992595 -0.0602995 -0.067787
internal_weight=128811 55938 72873 12903 43035 41302 47964 10368 2535 44750 24909 9675 15234 1733
internal_count=128811 55938 72873 12903 43035 41302 47964 10368 2535 44750 24909 9675 15234 1733
is_linear=0
shrinkage=0.01


Tree=102
num_leaves=15
num_cat=0
split_feature=20 20 20 0 14 6 15 7 0 14 6 19 5 1
split_gain=2.95716e+06 883650 538652 233178 233522 186544 162518 148740 126984 130697 121544 103732 97694 86335.3
threshold=65.569581749049448 51.403675538656536 102.60050251256284 36.742692288818368 6.5162392177022381 11.001790500000002 0.22780652774268209 1004.3998300000002 34.083213737060554 7.9291623050754811 17.400723500000002 1.1447594336457934 6.5000000000000009 -118.21337597412109
decision_type=2 2 2 2 2 2 2 2 2 2 2 2 2 2
left_child=1 3 5 13 -5 7 -7 -2 -4 -10 12 -12 -3 -1
right_child=2 10 8 4 -6 6 -8 -9 9 -11 11 -13 -14 -15
leaf_value=-0.0367722442459852 0.054046178094132757 0.026279627862864818 0.063938888550330267 -0.061821968877315503 -0.15037057513986055 -0.10885073846884774 0.040906653533340005 0.10830738800204649 0.22570597713674997 -0.05056272846429298 -0.14766721368382074 -0.013748422407537882 -0.0043748267790599364 0.021147506573528339
leaf_weight=20215 9412 20663 684 27984 3333 859 4633 10905 3518 180 886 1666 20924 2949
leaf_count=20215 9412 20663 684 27984 3333 859 4633 10905 3518 180 886 1666 20924 2949
internal_value=-4.10871e-12 -0.0265104 0.0865973 -0.0534535 -0.071246 0.0691926 0.0174832 0.0831705 0.189107 0.212259 0.00674549 -0.0602422 0.0108562 -0.0293985
internal_weight=128811 98620 30191 54481 31317 25809 5492 20317 4382 3698 44139 2552 41587 23164
internal_count=128811 98620 30191 54481 31317 25809 5492 20317 4382 3698 44139 2552 41587 23164
is_linear=0
shrinkage=0.01


Tree=103
num_leaves=15
num_cat=0
split_feature=25 0 25 13 31 47 31 27 7 31 47 17 0 7
split_gain=2.35018e+06 576833 560839 382061 301431 262336 228165 226485 198562 163214 166322 118793 112716 87655.4
threshold=61.348375228841022 36.742692288818368 81.688816897294544 -5.3999977199171356 46.666772285593588 1.0000000180025095e-35 34.43610054921843 134.61055276381913 1003.4999000000001 53.051277989015638 1.0000000180025095e-35 0.012946693346382803 35.400001525878913 1007.3001
decision_type=2 2 2 2 2 2 2 2 2 2 2 2 2 2
left_child=1 5 9 -3 -5 6 -1 8 -4 12 -11 -9 -2 -7
right_child=2 3 7 4 -6 13 -8 11 -10 10 -12 -13 -14 -15
leaf_value=-0.04635699426970849 0.03487145266855992 -0.1379690889321418 0.044117047605734545 -0.066419598305995795 -0.011026564632183131 0.039371189320757921 0.0045125131455072227 0.29819641134785635 0.1483584485956482 0.053955574027018074 0.15318842512812109 -0.21664518979001554 -0.033800391387597647 0.13746927519325466
leaf_weight=13198 10272 4723 2647 23129 17077 5595 26564 965 5901 12538 1952 47 3115 1088
leaf_count=13198 10272 4723 2647 23129 17077 5595 26564 965 5901 12538 1952 47 3115 1088
internal_value=2.22158e-11 -0.0273409 0.0667321 -0.0528867 -0.0428921 -0.00262893 -0.0123723 0.132826 0.116079 0.0440661 0.0673236 0.274286 0.0188923 0.0553417
internal_weight=128811 91374 37437 44929 40206 46445 39762 9560 8548 27877 14490 1012 13387 6683
internal_count=128811 91374 37437 44929 40206 46445 39762 9560 8548 27877 14490 1012 13387 6683
is_linear=0
shrinkage=0.01


Tree=104
num_leaves=15
num_cat=0
split_feature=20 20 20 0 14 6 4 4 20 2 0 7 1 7
split_gain=2.8562e+06 741089 606113 185539 214493 172589 145672 144295 137535 133532 94271.2 93794.2 82083.2 24051.7
threshold=63.309885931558945 49.469696969696976 93.323827629911293 36.742692288818368 6.5162392177022381 7.9018096500000015 1.0000000180025095e-35 0.15000000000000005 155.57403433476398 18.225000000000005 35.400001525878913 1004.3998300000002 -118.21337597412109 1001.5001850000001
decision_type=2 2 2 2 2 2 2 2 2 2 2 2 2 2
left_child=1 3 5 12 -5 11 8 10 -4 -7 -3 -2 -1 -8
right_child=2 7 6 4 -6 9 13 -9 -10 -11 -12 -13 -14 -15
leaf_value=-0.0392589777980221 0.051427432148853605 0.020750544905882431 0.1584625524417197 -0.061351906286117669 -0.14768008270919161 -0.017993285903756817 -0.29067510839634475 -0.093882731663608415 0.31515787033666148 0.052988772330955544 -0.0092991762027749766 0.098711479528453994 0.020790986877091296 -0.032482217285618349
leaf_weight=17992 7543 20025 5552 26689 3226 4125 45 1527 623 7413 21811 9452 2606 182
leaf_count=17992 7543 20025 5552 26689 3226 4125 45 1527 623 7413 21811 9452 2606 182
internal_value=-7.83041e-12 -0.0287257 0.0771907 -0.0547582 -0.0706614 0.0574605 0.165126 0.00159921 0.174272 0.0276117 0.00508427 0.0777251 -0.0316616 -0.0836658
internal_weight=128811 93876 34935 50513 29915 28533 6402 43363 6175 11538 41836 16995 20598 227
internal_count=128811 93876 34935 50513 29915 28533 6402 43363 6175 11538 41836 16995 20598 227
is_linear=0
shrinkage=0.01


Tree=105
num_leaves=15
num_cat=0
split_feature=20 20 20 20 1 6 7 6 7 2 6 25 1 6
split_gain=2.80288e+06 917536 389182 230737 163955 160193 129907 128327 114322 113718 104942 92080.3 85890.6 84280.3
threshold=56.045944233206605 79.350443599493033 32.800925925925931 119.59045226130655 -118.21337597412109 13.002460500000002 1007.5001000000001 10.001280000000003 1006.4001350000001 18.525000000000002 7.0967307500000008 14.427083333333337 -120.84999847412108 10.304415000000002
decision_type=2 2 2 2 2 2 2 2 2 2 2 2 2 2
left_child=2 4 11 6 5 -2 -3 12 -6 -9 -5 -1 -4 -13
right_child=1 3 7 10 8 -7 -8 9 -10 -11 -12 13 -14 -15
leaf_value=-0.1506140798960994 0.030803279067598121 0.08043123255106481 -0.047956546775825219 0.26380566572679442 0.050022974508755536 -0.028017198327162301 0.15473800526757694 -0.078909300304560948 0.13652389081363039 -0.024428461692636811 0.13168026426784238 -0.053124849342653706 -0.0052615252480730105 -0.092032194920232777
leaf_weight=1438 29132 6759 5727 1555 6390 5505 3609 6691 2008 8964 980 14390 26582 9081
leaf_count=1438 29132 6759 5727 1555 6390 5505 3609 6691 2008 8964 980 14390 26582 9081
internal_value=1.86311e-11 0.0532422 -0.0408692 0.127207 0.0310657 0.0214547 0.106297 -0.0242154 0.0707057 -0.0477138 0.212728 -0.0729373 -0.0128295 -0.0681782
internal_weight=128811 55938 72873 12903 43035 34637 10368 47964 8398 15655 2535 24909 32309 23471
internal_count=128811 55938 72873 12903 43035 34637 10368 47964 8398 15655 2535 24909 32309 23471
is_linear=0
shrinkage=0.01


Tree=106
num_leaves=15
num_cat=0
split_feature=20 20 20 0 13 6 2 7 0 6 6 2 47 1
split_gain=2.75312e+06 821144 500978 215912 201595 178464 211404 140562 123728 124225 117305 128528 81371.7 80929.2
threshold=65.569581749049448 51.403675538656536 102.60050251256284 36.742692288818368 -5.0400037278625121 11.001790500000002 18.225000000000005 1004.3998300000002 34.083213737060554 6.8836735000000013 17.400723500000002 20.875000000000004 1.0000000180025095e-35 -118.21337597412109
decision_type=2 2 2 2 2 2 2 2 2 2 2 2 2 2
left_child=1 3 5 13 -5 7 -7 -2 -4 -10 12 -12 -3 -1
right_child=2 10 8 4 -6 6 -8 -9 9 -11 11 -13 -14 -15
leaf_value=-0.035544043528054965 0.052130852045284323 0.0048243808622431099 0.058863538924539299 -0.13634113671885892 -0.059160314091968036 -0.091738597441087769 0.051858230686967696 0.10487933367658331 0.25317583776539482 0.1351486443703514 -0.14759577730369425 -0.0022713006099791175 0.044888755145226077 0.020532996975662039
leaf_weight=20215 9412 35678 684 3860 27457 1364 4128 10905 2197 1501 1002 1550 5909 2949
leaf_count=20215 9412 35678 684 3860 27457 1364 4128 10905 2197 1501 1002 1550 5909 2949
internal_value=8.57741e-13 -0.0255795 0.0835564 -0.0515521 -0.0686733 0.0667714 0.0161943 0.0804432 0.182416 0.205269 0.00647863 -0.0593305 0.010517 -0.0284049
internal_weight=128811 98620 30191 54481 31317 25809 5492 20317 4382 3698 44139 2552 41587 23164
internal_count=128811 98620 30191 54481 31317 25809 5492 20317 4382 3698 44139 2552 41587 23164
is_linear=0
shrinkage=0.01


Tree=107
num_leaves=15
num_cat=0
split_feature=25 0 25 13 1 10 17 27 28 14 2 13 7 13
split_gain=2.18527e+06 541233 523666 363511 248582 245898 218280 235250 190873 116681 113401 107697 84609.6 78149.5
threshold=61.348375228841022 36.742692288818368 81.688816897294544 -6.1506612118435582 -118.21337597412109 1.0000000180025095e-35 0.01178709412018158 134.61055276381913 41.111216730038031 7.5353316543005482 19.325000000000006 7.5964049405506477 1007.3001 -2.5054951684997055
decision_type=2 2 2 2 2 2 2 2 2 2 2 2 2 2
left_child=1 4 9 -3 8 -5 7 -4 -1 11 -8 -2 -6 -11
right_child=2 3 6 5 12 -7 10 -9 -10 13 -12 -13 -14 -15
leaf_value=-0.044158857729371274 0.053553943856985822 -0.14321306263353745 0.12734598742108466 -0.019115965464516108 0.038312897463266715 -0.068155600364999 -0.10422239919272819 0.29547507094241193 0.0029745870738112409 -0.098864754306429575 0.092316622855163899 -0.025295843839877964 0.13469160519286935 0.03112717019063669
leaf_weight=12558 24161 3912 7443 21605 5595 19412 549 937 27204 931 631 1866 1088 919
leaf_count=12558 24161 3912 7443 21605 5595 19412 549 937 27204 931 631 1866 1088 919
internal_value=2.91979e-11 -0.0263643 0.0643483 -0.0511092 -0.00242698 -0.0423248 0.128214 0.146145 -0.0119115 0.0424464 0.00087601 0.0479008 0.0540035 -0.0342904
internal_weight=128811 91374 37437 44929 46445 41017 9560 8380 39762 27877 1180 26027 6683 1850
internal_count=128811 91374 37437 44929 46445 41017 9560 8380 39762 27877 1180 26027 6683 1850
is_linear=0
shrinkage=0.01


Tree=108
num_leaves=15
num_cat=0
split_feature=20 20 20 0 14 4 7 4 4 0 13 47 42 42
split_gain=2.66072e+06 794418 484263 207221 216198 173785 142647 138372 124297 119993 114929 77352.8 27776.2 24448.8
threshold=65.569581749049448 51.403675538656536 98.416349809885944 36.742692288818368 6.5162392177022381 1.0000000180025095e-35 1004.0995000000001 0.15000000000000005 1.0000000180025095e-35 34.083213737060554 9.7200121987729897 1.0000000180025095e-35 1.0000000180025095e-35 1.0000000180025095e-35
decision_type=2 2 2 2 2 2 2 2 2 2 2 2 2 2
left_child=1 3 5 11 -5 6 -2 10 9 -4 -3 -1 -9 -7
right_child=2 7 8 4 -6 13 -8 12 -10 -11 -12 -13 -14 -15
leaf_value=-0.034996069023056929 0.045724408441895736 0.014356396995315903 0.069592118889649404 -0.058398340722884731 -0.1435990486771121 -0.015840846679445568 0.094166020690454308 -0.045779039982622872 -0.088274387350821562 0.2037446982137093 -0.048172515167342334 0.019827895917665494 -0.13202666800955729 -0.12401553127530374
leaf_weight=20215 12547 39469 799 27984 3333 373 11792 759 177 4028 3176 2949 735 475
leaf_count=20215 12547 39469 799 27984 3333 373 11792 759 177 4028 3176 2949 735 475
internal_value=2.02199e-11 -0.0251466 0.0821423 -0.050693 -0.0674661 0.0642909 0.0691939 0.00638553 0.171995 0.181539 0.00969954 -0.0280165 -0.0882101 -0.076434
internal_weight=128811 98620 30191 54481 31317 25187 24339 44139 5004 4827 42645 23164 1494 848
internal_count=128811 98620 30191 54481 31317 25187 24339 44139 5004 4827 42645 23164 1494 848
is_linear=0
shrinkage=0.01


Tree=109
num_leaves=15
num_cat=0
split_feature=31 1 1 28 4 0 17 7 30 4 31 8 14 30
split_gain=1.55863e+06 862342 548581 494734 323216 278779 267523 224750 113949 103176 101600 77742.1 62235.3 54026.6
threshold=51.931347697507398 -118.21337597412109 -118.21337597412109 63.163867765103511 1.0000000180025095e-35 36.742692288818368 0.013675796177970627 1004.6003850000001 72.261592075289869 1.0000000180025095e-35 62.939480354879606 -0.37940952255126059 5.0400008471098738 79.163531536007042
decision_type=2 2 2 2 2 2 2 2 2 2 2 2 2 2
left_child=1 4 3 9 5 -1 -5 13 -3 -2 -9 -6 -10 -4
right_child=2 8 7 6 11 -7 -8 10 12 -11 -12 -13 -14 -15
leaf_value=-0.013446785207371694 0.0081903480954654689 0.029543463392508393 0.048096505065417759 0.083552160993659128 -0.067360136819855795 -0.0565513319981246 -0.051802635009983132 0.17501288637335166 0.11634535745113045 -0.10671702874683435 0.32631388993641047 -0.13951563709374584 0.0073842442348832265 0.14994503358243028
leaf_weight=30010 25623 8910 1843 17047 2486 30007 1597 1901 2897 806 579 3739 640 726
leaf_count=30010 25623 8910 1843 17047 2486 30007 1597 1901 2897 806 579 3739 640 726
internal_value=1.5669e-11 -0.0277621 0.043585 0.0325124 -0.042112 -0.034998 0.071958 0.142432 0.0486069 0.00468604 0.210337 -0.1107 0.0966295 0.0768789
internal_weight=128811 78689 50122 45073 66242 60017 18644 5049 12447 26429 2480 6225 3537 2569
internal_count=128811 78689 50122 45073 66242 60017 18644 5049 12447 26429 2480 6225 3537 2569
is_linear=0
shrinkage=0.01


Tree=110
num_leaves=15
num_cat=0
split_feature=25 31 25 1 4 17 27 47 31 47 2 1 6 30
split_gain=2.07595e+06 510448 500087 285411 243841 212154 228232 205179 151896 156417 110283 105167 101293 70297.6
threshold=61.348375228841022 34.43610054921843 81.688816897294544 -118.21337597412109 1.0000000180025095e-35 0.01178709412018158 134.61055276381913 1.0000000180025095e-35 53.051277989015638 1.0000000180025095e-35 19.325000000000006 -118.99998249999999 10.197528500000002 65.254330376003409
decision_type=2 2 2 2 2 2 2 2 2 2 2 2 2 2
left_child=1 7 8 4 -3 6 -4 12 11 -10 -7 -2 -1 -5
right_child=2 3 5 13 -6 10 -8 -9 9 -11 -12 -13 -14 -15
leaf_value=-0.051251058326318787 -0.033868007011247432 -0.0098493325218422627 0.12429039877064504 0.052894631903344924 -0.10641866875274224 -0.1040522821983136 0.28989288124360202 0.02302646554279086 0.050787672403883384 0.14702030393133966 0.089765496521556493 0.032464318924629504 -0.089964431554447444 0.15966196354770851
leaf_weight=16645 3115 53919 7443 3130 2748 549 937 2785 12538 1952 631 10272 11379 768
leaf_count=16645 3115 53919 7443 3130 2748 549 937 2785 12538 1952 631 10272 11379 768
internal_value=2.4085e-11 -0.0256963 0.062718 -0.00883884 -0.0145323 0.12513 0.142807 -0.0588351 0.0413149 0.0637515 -0.000409046 0.0170296 -0.0669704 0.0739304
internal_weight=128811 91374 37437 60565 56667 9560 8380 30809 27877 14490 1180 13387 28024 3898
internal_count=128811 91374 37437 60565 56667 9560 8380 30809 27877 14490 1180 13387 28024 3898
is_linear=0
shrinkage=0.01


Tree=111
num_leaves=15
num_cat=0
split_feature=25 0 25 13 31 1 7 31 5 4 27 31 7 17
split_gain=2.03463e+06 511216 490135 349526 267722 230721 211400 207712 204140 149572 140035 130344 81795.8 81109.9
threshold=61.348375228841022 36.742692288818368 81.688816897294544 -5.3999977199171356 46.666772285593588 -118.21337597412109 1003.4999000000001 34.43610054921843 11.500000000000002 1.0000000180025095e-35 134.61055276381913 53.608998732572893 1007.3001 0.0099932415149097623
decision_type=2 2 2 2 2 2 2 2 2 2 2 2 2 2
left_child=1 5 9 13 -5 7 8 -1 -4 11 -8 -2 -7 -3
right_child=2 3 6 4 -6 12 10 -9 -10 -11 -12 -13 -14 -15
leaf_value=-0.043738458434378513 0.022964440978585087 -0.073755469778952851 0.13647421013087499 -0.062101700319218897 -0.0098978050378303369 0.036762609168542994 0.13932114567040282 0.0047975230999565809 -0.029927455714639759 -0.072632440414105812 0.28796945636331195 0.067117602259060605 0.1315251843090621 -0.16093713140961277
leaf_weight=13198 13026 1629 1478 23129 17077 5595 5901 26564 1471 1114 710 13737 1088 3094
leaf_count=13198 13026 1629 1478 23129 17077 5595 5901 26564 1471 1114 710 13737 1088 3094
internal_value=1.16894e-11 -0.0254393 0.0620908 -0.0494884 -0.0399287 -0.00217532 0.123878 -0.0113128 0.0534709 0.0409017 0.155285 0.0456275 0.0521901 -0.130867
internal_weight=128811 91374 37437 44929 40206 46445 9560 39762 2949 27877 6611 26763 6683 4723
internal_count=128811 91374 37437 44929 40206 46445 9560 39762 2949 27877 6611 26763 6683 4723
is_linear=0
shrinkage=0.01


Tree=112
num_leaves=15
num_cat=0
split_feature=20 20 20 20 4 13 4 7 13 6 20 6 8 42
split_gain=2.50277e+06 820282 352602 208583 161405 142465 133898 121757 104750 98414.4 84093.6 59042.9 46138.8 43517.3
threshold=56.045944233206605 79.350443599493033 32.800925925925931 119.59045226130655 1.0000000180025095e-35 9.7200121987729897 1.0000000180025095e-35 1007.5001000000001 9.3600018938691232 7.0967307500000008 13.121693121693125 10.304415000000002 1.0000000180025095e-35 1.0000000180025095e-35
decision_type=2 2 2 2 2 2 2 2 2 2 2 2 2 2
left_child=2 4 10 7 5 -2 8 -3 -4 -5 -1 -12 -8 -6
right_child=1 3 6 9 13 -7 12 -9 -10 -11 11 -13 -14 -15
leaf_value=-0.10726319458843461 0.037583490127764053 0.075324075540877361 -0.012368844232959893 0.25102145354374289 -0.013053719274469655 -0.047400959905431563 -0.051848136690016783 0.14726222922994264 -0.05782412386375161 0.12307151928889966 -0.046843108113161981 -0.082014753321528536 -0.12826845090833625 -0.11335494463231732
leaf_weight=4696 39225 6759 38921 1555 832 2077 1815 3609 5829 980 12487 7726 1399 901
leaf_count=4696 39225 6759 38921 1555 832 2077 1815 3609 5829 980 12487 7726 1399 901
internal_value=-3.29263e-11 0.0503111 -0.0386192 0.120246 0.0293428 0.0333098 -0.0227674 0.100365 -0.0182897 0.201558 -0.069143 -0.0602867 -0.0851126 -0.0652011
internal_weight=128811 55938 72873 12903 43035 41302 47964 10368 44750 2535 24909 20213 3214 1733
internal_count=128811 55938 72873 12903 43035 41302 47964 10368 44750 2535 24909 20213 3214 1733
is_linear=0
shrinkage=0.01


Tree=113
num_leaves=15
num_cat=0
split_feature=20 20 20 4 20 4 20 4 4 13 22 44 42 1
split_gain=2.45477e+06 622180 521655 170841 147579 143347 137406 131307 125215 111075 96035.1 60508 35232.3 22547.6
threshold=60.15256653992396 90.963878326996209 40.06944444444445 1.0000000180025095e-35 72.487959442332084 1.0000000180025095e-35 153.20815450643781 0.15000000000000005 1.0000000180025095e-35 9.7200121987729897 52.509125475285181 1.0000000180025095e-35 1.0000000180025095e-35 -118.21337597412109
decision_type=2 2 2 2 2 2 2 2 2 2 2 2 2 2
left_child=2 3 8 4 -2 6 -3 9 10 -4 -1 -10 -5 -9
right_child=1 5 7 12 -6 -7 -8 13 11 -11 -12 -13 -14 -15
leaf_value=-0.061796943549758662 0.034241662394392053 0.14008022333474521 -0.0012964909250707968 -0.013000712608736283 0.078224946376188889 -0.085560912376671447 0.28152766976813953 -0.10538535884514696 -0.083078815744798015 -0.052969614346405118 -0.020804582458326695 -0.16158263613245974 -0.11882021061246394 -0.014337587306839884
leaf_weight=24684 22126 6157 43484 594 11643 255 773 1617 2981 4600 7437 1464 669 327
leaf_count=24684 22126 6157 43484 594 11643 255 773 1617 2981 4600 7437 1464 669 327
internal_value=2.10738e-11 0.0625214 -0.030481 0.0451356 0.0494064 0.14729 0.155858 -0.00949735 -0.0591898 -0.00623985 -0.052306 -0.108935 -0.0690524 -0.0900702
internal_weight=128811 42217 86594 35032 33769 7185 6930 50028 36566 48084 32121 4445 1263 1944
internal_count=128811 42217 86594 35032 33769 7185 6930 50028 36566 48084 32121 4445 1263 1944
is_linear=0
shrinkage=0.01


Tree=114
num_leaves=15
num_cat=0
split_feature=20 20 20 4 20 4 20 4 20 0 8 42 25 8
split_gain=2.40849e+06 723800 394909 175689 177007 149758 155941 125099 100617 94537.9 68390.2 43331.5 37422.7 36317
threshold=57.350126742712312 87.37737642585553 36.166666666666671 1.0000000180025095e-35 68.553231939163524 1.0000000180025095e-35 130.97864321608043 1.0000000180025095e-35 13.928571428571431 36.742692288818368 -0.5 1.0000000180025095e-35 16.966276756794823 1.0000000180025095e-35
decision_type=2 2 2 2 2 2 2 2 2 2 2 2 2 2
left_child=2 3 8 4 -2 6 -3 9 12 -4 -10 -5 -1 -9
right_child=1 5 7 11 -6 -7 -8 13 10 -11 -12 -13 -14 -15
leaf_value=-0.14935187969189395 0.024376352175868945 0.12278146495966112 -2.9607925713824014e-06 -0.011218243231841268 0.067347647445780534 -0.081020188659626277 0.22913180658015822 -0.04944119898500951 -0.028560622379162348 -0.029453053285112229 -0.065166608491686775 -0.11505909011943884 -0.087588173148239565 -0.12009925145486448
leaf_weight=1302 25503 6499 25162 763 15359 303 1750 1692 7120 19231 18023 849 3979 1276
leaf_count=1302 25503 6499 25162 763 15359 303 1750 1692 7120 19231 18023 849 3979 1276
internal_value=-4.19869e-12 0.0533886 -0.0350223 0.0364886 0.0405282 0.137323 0.145343 -0.0169631 -0.063135 -0.0127607 -0.0548005 -0.0659086 -0.102816 -0.0798184
internal_weight=128811 51026 77785 42474 40862 8552 8249 47361 30424 44393 25143 1612 5281 2968
internal_count=128811 51026 77785 42474 40862 8552 8249 47361 30424 44393 25143 1612 5281 2968
is_linear=0
shrinkage=0.01


Tree=115
num_leaves=15
num_cat=0
split_feature=23 25 0 14 17 4 31 47 47 31 31 2 9 17
split_gain=1.89287e+06 681147 347354 260549 207408 203101 181777 177566 156680 148500 123121 105198 55065.7 41005.6
threshold=54.745792846078025 81.688816897294544 36.742692288818368 7.194518027679476 0.01178709412018158 1.0000000180025095e-35 38.324989438107316 1.0000000180025095e-35 1.0000000180025095e-35 106.65799604456244 33.324989438107316 17.925000000000001 -0.37940952255126015 0.0099932415149097623
decision_type=2 2 2 2 2 2 2 2 2 2 2 2 2 2
left_child=2 5 8 6 9 7 -4 -2 10 -3 -1 -6 -10 -5
right_child=1 4 3 13 11 -7 -8 -9 12 -11 -12 -13 -14 -15
leaf_value=-0.046707424728286824 0.0215515090451406 0.12358988237014323 -0.072104517103809329 -0.078099468837191599 -0.11837930902099807 -0.072937926147824669 -0.026379606787106474 0.070290697744514671 0.0041051893333968296 0.26933367122516233 -0.0032355750412911884 0.075226353435542903 0.07888303956271743 -0.1596221230467407
leaf_weight=10182 37240 7594 15850 818 484 1946 19258 9352 1692 770 18090 668 2356 2511
leaf_count=10182 37240 7594 15850 818 484 1946 19258 9352 1692 770 18090 668 2356 2511
internal_value=2.76316e-12 0.0423207 -0.0347228 -0.05504 0.119681 0.027154 -0.0470228 0.0313345 -0.0105604 0.137007 -0.0188917 -0.00611491 0.0476271 -0.13959
internal_weight=128811 58054 70757 38437 9516 48538 35108 46592 32320 8364 28272 1152 4048 3329
internal_count=128811 58054 70757 38437 9516 48538 35108 46592 32320 8364 28272 1152 4048 3329
is_linear=0
shrinkage=0.01


Tree=116
num_leaves=15
num_cat=0
split_feature=20 20 20 0 14 6 15 7 0 14 6 19 31 1
split_gain=2.32837e+06 691246 431679 182464 199696 172404 150855 128400 117373 119566 104661 92043.7 75131.3 68523.5
threshold=65.362945039751153 51.403675538656536 102.60050251256284 36.742692288818368 6.5162392177022381 11.001790500000002 0.22780652774268209 1004.3998300000002 34.083213737060554 7.9291623050754811 17.400723500000002 1.1447594336457934 28.908730158730162 -118.21337597412109
decision_type=2 2 2 2 2 2 2 2 2 2 2 2 2 2
left_child=1 3 5 13 -5 7 -7 -2 -4 -10 12 -12 -3 -1
right_child=2 10 8 4 -6 6 -8 -9 9 -11 11 -13 -14 -15
leaf_value=-0.03275519721249584 0.047430223024906869 -0.027231211874893267 0.047838008691562205 -0.054489314045570919 -0.13637390963321883 -0.10865127777975303 0.03410032183485065 0.097554209784009902 0.20329672376040187 -0.060946104460292395 -0.13920225476892717 -0.012567660273218859 0.014634503820995086 0.018845110989648504
leaf_weight=20215 9535 4858 684 27984 3333 879 4691 11014 3518 180 879 1654 36438 2949
leaf_count=20215 9535 4858 684 27984 3333 879 4691 11014 3518 180 879 1654 36438 2949
internal_value=-3.87999e-12 -0.0236814 0.0763292 -0.0474649 -0.0632041 0.06092 0.0115727 0.074296 0.168176 0.190435 0.00588234 -0.0565123 0.00970948 -0.026186
internal_weight=128811 98310 30501 54481 31317 26119 5570 20549 4382 3698 43829 2533 41296 23164
internal_count=128811 98310 30501 54481 31317 26119 5570 20549 4382 3698 43829 2533 41296 23164
is_linear=0
shrinkage=0.01


Tree=117
num_leaves=15
num_cat=0
split_feature=20 20 20 20 4 1 4 7 22 31 25 8 8 47
split_gain=2.28517e+06 750232 323215 191468 148138 126580 125299 116782 97550.4 89839.6 84265.8 76663.8 45369.8 39898.2
threshold=56.045944233206605 79.350443599493033 32.272727272727288 119.59045226130655 1.0000000180025095e-35 -118.21337597412109 1.0000000180025095e-35 1007.5001000000001 68.159315589353625 54.541402619349405 12.326388888888891 -0.5 1.0000000180025095e-35 1.0000000180025095e-35
decision_type=2 2 2 2 2 2 2 2 2 2 2 2 2 2
left_child=2 4 10 7 5 -2 9 -3 -5 -4 -1 -12 -8 -6
right_child=1 3 6 8 13 -7 12 -9 -10 -11 11 -13 -14 -15
leaf_value=-0.15807938444330183 0.023289249569971374 0.071384578461171536 -0.024801320905557627 0.029067728384485784 -0.091823801168265773 0.067740370304916586 -0.049158554381289764 0.14183767736133707 0.21635450851541041 0.010290651462834048 -0.033334076848940838 -0.074087944050614363 -0.12429602256382694 0.016102020021963943
leaf_weight=970 33374 6759 36260 318 1263 7928 1848 3609 2217 9133 6352 16888 1422 470
leaf_count=970 33374 6759 36260 318 1263 7928 1848 3609 2217 9133 6352 16888 1422 470
internal_value=-8.59888e-12 0.0480743 -0.0369022 0.114956 0.0280213 0.0318217 -0.0220477 0.0959086 0.192861 -0.0177409 -0.0667605 -0.062949 -0.081833 -0.0625537
internal_weight=128811 55938 72873 12903 43035 41302 48663 10368 2535 45393 24210 23240 3270 1733
internal_count=128811 55938 72873 12903 43035 41302 48663 10368 2535 45393 24210 23240 3270 1733
is_linear=0
shrinkage=0.01


Tree=118
num_leaves=15
num_cat=0
split_feature=20 20 20 0 13 4 6 20 4 47 13 2 47 42
split_gain=2.24248e+06 670623 411039 177919 177192 137344 129589 130851 118976 110474 104877 80389.9 67223.4 25489.8
threshold=65.569581749049448 51.403675538656536 93.323827629911293 36.742692288818368 -5.0400037278625121 1.0000000180025095e-35 6.8836735000000013 146.34757118927976 0.15000000000000005 1.0000000180025095e-35 10.350049457084255 20.525000000000002 1.0000000180025095e-35 1.0000000180025095e-35
decision_type=2 2 2 2 2 2 2 2 2 2 2 2 2 2
left_child=1 3 5 12 -5 9 7 -4 10 -2 -3 -8 -1 -10
right_child=2 8 6 4 -6 -7 11 -9 13 -11 -12 -13 -14 -15
leaf_value=-0.032051904149084216 0.048109953300704687 0.013072641949019519 0.1570895059292706 -0.12553969058676484 -0.05318076797059073 -0.072702690968640099 0.047752315453350153 0.31341593392135381 -0.041182969992474824 0.09877370676782915 -0.050818866257005837 0.16341135627293835 0.019056566653128305 -0.12380460659754114
leaf_weight=20215 17257 39899 3201 3860 27457 798 1593 643 759 5734 2746 965 2949 735
leaf_count=20215 17257 39899 3201 3860 27457 798 1593 643 759 5734 2746 965 2949 735
internal_value=-1.71007e-11 -0.0230857 0.0754104 -0.0465575 -0.0620994 0.0562691 0.146537 0.183239 0.00588555 0.0607456 0.00895854 0.0913844 -0.0255453 -0.0818302
internal_weight=128811 98620 30191 54481 31317 23789 6402 3844 44139 22991 42645 2558 23164 1494
internal_count=128811 98620 30191 54481 31317 23789 6402 3844 44139 22991 42645 2558 23164 1494
is_linear=0
shrinkage=0.01


Tree=119
num_leaves=15
num_cat=0
split_feature=23 0 13 25 31 31 6 27 13 13 31 6 0 5
split_gain=1.76339e+06 566978 351134 301383 283184 229173 203046 184770 129075 95877.8 88032.4 82243.3 70904.2 62147.2
threshold=65.952955569638092 36.742692288818368 -5.3999977199171356 82.58358928673789 45.442332065906221 27.246092099704274 12.404780500000003 134.61055276381913 2.8800116280145009 -5.3999977199171356 51.559569074778217 9.6966480000000015 37.042691525878915 6.5000000000000009
decision_type=2 2 2 2 2 2 2 2 2 2 2 2 2 2
left_child=1 5 11 10 -4 -1 7 -5 -7 -8 13 -3 -12 -2
right_child=3 2 4 6 -6 8 9 -9 -10 -11 12 -13 -14 -15
leaf_value=-0.03810292861643115 0.053481933156368927 -0.065452967977621374 -0.059788837591253474 0.11731368637127604 -0.0078058600972011642 0.024109011201389908 0.065029252028421441 0.26610941216973105 -0.013862846333045561 -0.14512320751196178 0.070056297049017544 -0.15327308818549271 -0.062918981307795135 -0.0059618914589308625
leaf_weight=10977 3173 1573 22348 7028 19733 30728 510 947 12632 378 11111 3311 416 3946
leaf_count=10977 3173 1573 22348 7028 19733 30728 510 947 12632 378 11111 3311 416 3946
internal_value=-1.37473e-11 -0.0192808 -0.0447277 0.0710018 -0.0354125 0.00271363 0.119011 0.134983 0.0130467 -0.0244275 0.0481816 -0.124989 0.0652573 0.0205327
internal_weight=128811 101302 46965 27509 42081 54337 8863 7975 43360 888 18646 4884 11527 7119
internal_count=128811 101302 46965 27509 42081 54337 8863 7975 43360 888 18646 4884 11527 7119
is_linear=0
shrinkage=0.01


Tree=120
num_leaves=15
num_cat=0
split_feature=20 20 20 4 20 4 0 4 20 0 22 42 22 42
split_gain=2.16777e+06 635913 373415 159399 152729 142821 148696 119320 95200.3 87841 71010.8 38937.6 38636.6 26910.9
threshold=57.91216730038024 87.37737642585553 36.166666666666671 1.0000000180025095e-35 68.553231939163524 1.0000000180025095e-35 34.083213737060554 1.0000000180025095e-35 13.928571428571431 35.400001525878913 151.876251788269 1.0000000180025095e-35 31.193693693693699 1.0000000180025095e-35
decision_type=2 2 2 2 2 2 2 2 2 2 2 2 2 2
left_child=2 3 8 4 -2 6 -3 9 12 -4 -10 -5 -1 -9
right_child=1 5 7 11 -6 -7 -8 13 10 -11 -12 -13 -14 -15
leaf_value=-0.12285986067255163 0.02371589577338265 0.054129364443915161 0.0065196293056474178 -0.010615984499403043 0.064064660609665952 -0.082911954901792817 0.15960185571128352 -0.046393792873536899 -0.052373922020463884 -0.022058064198627193 0.47050377488135731 -0.11118960050979308 -0.068457454709688809 -0.10595873505862689
leaf_weight=2920 24104 1678 17266 724 15359 303 6571 1524 25117 28526 26 822 2361 1510
leaf_count=2920 24104 1678 17266 724 15359 303 6571 1524 25117 28526 26 822 2361 1510
internal_value=-2.18679e-12 0.0518751 -0.0324414 0.0355174 0.0394196 0.130315 0.138147 -0.0153066 -0.0599402 -0.0112828 -0.0518332 -0.0640904 -0.0985379 -0.0760388
internal_weight=128811 49561 79250 41009 39463 8552 8249 48826 30424 45792 25143 1546 5281 3034
internal_count=128811 49561 79250 41009 39463 8552 8249 48826 30424 45792 25143 1546 5281 3034
is_linear=0
shrinkage=0.01


Tree=121
num_leaves=15
num_cat=0
split_feature=20 20 20 20 1 6 6 7 2 7 6 31 8 11
split_gain=2.12647e+06 697649 302115 180075 135602 142662 113669 113103 108999 105938 91897.2 80214.5 78804 82648.4
threshold=56.045944233206605 79.350443599493033 32.272727272727288 119.59045226130655 -118.21337597412109 13.002460500000002 12.100785000000002 1007.5001000000001 18.525000000000002 1006.4001350000001 7.0967307500000008 54.731939163498105 -0.5 0.25000000000000017
decision_type=2 2 2 2 2 2 2 2 2 2 2 2 2 2
left_child=2 4 12 7 5 -2 11 -3 -8 -6 -5 -4 13 -1
right_child=1 3 6 10 9 -7 8 -9 -10 -11 -12 -13 -14 -15
leaf_value=-0.061795066963247235 0.027119086144905342 0.068263457202802164 -0.020318875821027572 0.23421951932941604 0.043177426372293277 -0.028389632346197798 -0.087920867597312866 0.13759816827032065 -0.023419950024337968 0.12644616947639417 0.11057869775275871 0.016138510579108985 -0.075563044890581285 0.01151103662879965
leaf_weight=4229 29132 6759 30285 1555 6390 5505 4431 3609 6410 2008 980 7537 17564 2417
leaf_count=4229 29132 6759 30285 1555 6390 5505 4431 3609 6410 2008 980 7537 17564 2417
internal_value=8.74777e-13 0.0463749 -0.0355978 0.110871 0.0270374 0.0182969 -0.0212363 0.0923982 -0.0497832 0.0630874 0.186421 -0.0130538 -0.064465 -0.0351353
internal_weight=128811 55938 72873 12903 43035 34637 48663 10368 10841 8398 2535 37822 24210 6646
internal_count=128811 55938 72873 12903 43035 34637 48663 10368 10841 8398 2535 37822 24210 6646
is_linear=0
shrinkage=0.01


Tree=122
num_leaves=15
num_cat=0
split_feature=20 20 20 4 17 15 4 4 20 6 13 7 44 7
split_gain=2.08727e+06 601807 400120 154599 133962 132725 125547 124151 116074 114512 104570 88297.8 68109.7 23032.7
threshold=64.818124207858077 49.469696969696976 93.323827629911293 1.0000000180025095e-35 0.010974159100179225 0.22780652774268209 1.0000000180025095e-35 0.15000000000000005 155.57403433476398 11.804439000000002 9.7200121987729897 1004.4999700000002 1.0000000180025095e-35 1001.5001850000001
decision_type=2 2 2 2 2 2 2 2 2 2 2 2 2 2
left_child=1 3 4 9 11 -6 8 10 -4 -1 -3 -2 -5 -8
right_child=2 7 6 12 5 -7 13 -9 -10 -11 -12 -13 -14 -15
leaf_value=-0.031530772388853143 0.043094950692803037 0.010379014249781908 0.13532455614571037 -0.073864694317864493 -0.10699940456784324 0.029949862763803129 -0.29218716242578296 -0.083437949953706236 0.27927658592137011 -0.068186857959112987 -0.046865987085535708 0.085610728328890467 -0.15108101010547062 -0.039522990070406223
leaf_weight=33735 9462 41768 5552 3728 834 4672 45 1607 623 11403 3455 10098 1647 182
leaf_count=33735 9462 41768 5552 3728 834 4672 45 1607 623 11403 3455 10098 1647 182
internal_value=8.8263e-13 -0.0228873 0.0707995 -0.046828 0.0527787 0.009206 0.141357 0.00293624 0.149848 -0.040791 0.00600554 0.065044 -0.0975252 -0.0896106
internal_weight=128811 97343 31468 50513 25066 5506 6402 46830 6175 45138 45223 19560 5375 227
internal_count=128811 97343 31468 50513 25066 5506 6402 46830 6175 45138 45223 19560 5375 227
is_linear=0
shrinkage=0.01


Tree=123
num_leaves=15
num_cat=0
split_feature=20 20 20 6 2 4 0 4 4 20 13 6 44 42
split_gain=2.04722e+06 518118 436459 158661 223799 129181 126949 114377 114158 101596 100490 82700.4 55009.5 21029.2
threshold=60.15256653992396 90.963878326996209 40.06944444444445 9.7100000000000026 17.225000000000005 1.0000000180025095e-35 34.083213737060554 1.0000000180025095e-35 0.15000000000000005 72.487959442332084 9.7200121987729897 12.200115000000002 1.0000000180025095e-35 1.0000000180025095e-35
decision_type=2 2 2 2 2 2 2 2 2 2 2 2 2 2
left_child=2 3 7 9 -5 6 -3 11 10 -2 -4 -1 -9 -10
right_child=1 5 8 4 -6 -7 -8 12 13 -11 -12 -13 -14 -15
leaf_value=-0.038339902682934961 0.039651356730646223 0.05397615046333451 -0.00090288247764802685 -0.074331563635649009 0.034711646781156298 -0.086595005493830243 0.16325879961709919 -0.076986154100611798 -0.050981025847372338 0.081738685576221104 -0.050052295273697291 -0.075572587324297141 -0.15183810859253183 -0.11676127520809804
leaf_weight=24204 15903 1311 43484 2495 7663 255 5619 2981 975 8971 4600 7917 1464 969
leaf_count=24204 15903 1311 43484 2495 7663 255 5619 2981 975 8971 4600 7917 1464 969
internal_value=2.93243e-11 0.057096 -0.0278359 0.0412306 0.00792854 0.134451 0.142585 -0.054096 -0.00864215 0.0548305 -0.00560481 -0.0475168 -0.101639 -0.0837696
internal_weight=128811 42217 86594 35032 10158 7185 6930 36566 50028 24874 48084 32121 4445 1944
internal_count=128811 42217 86594 35032 10158 7185 6930 36566 50028 24874 48084 32121 4445 1944
is_linear=0
shrinkage=0.01


Tree=124
num_leaves=15
num_cat=0
split_feature=20 20 20 20 4 7 0 4 1 31 25 8 8 42
split_gain=2.01017e+06 710606 249128 208766 130563 112243 104330 104023 102591 81323.5 80253.9 73726.1 46843.1 34189.6
threshold=54.742675016774776 75.453422053231961 31.706349206349213 108.2638190954774 1.0000000180025095e-35 1004.4999700000002 34.083213737060554 1.0000000180025095e-35 -118.21337597412109 54.731939163498105 12.326388888888891 -0.60355339059327362 -0.37940952255126059 1.0000000180025095e-35
decision_type=2 2 2 2 2 2 2 2 2 2 2 2 2 2
left_child=2 4 10 5 8 -3 -5 9 -2 -4 -1 -12 -9 -6
right_child=1 3 7 6 13 -7 -8 12 -10 -11 11 -13 -14 -15
leaf_value=-0.15245326113876559 0.017864308689905326 0.047413192846673148 -0.025390327021727593 0.038151704032806107 -0.01691442574965742 0.1079011313122923 0.18829767723519414 -0.03470543633971402 0.058439567527873319 0.011529711656801398 -0.026675751823174911 -0.069465952562239322 -0.11270733034037335 -0.10269519380628234
leaf_weight=969 34687 5742 34837 544 915 6587 3100 1362 7596 7199 5247 17311 1771 944
leaf_count=969 34687 5742 34837 544 915 6587 3100 1362 7596 7199 5247 17311 1771 944
internal_value=3.30973e-12 0.0422293 -0.0369543 0.0993845 0.0215474 0.07973 0.165883 -0.0232105 0.0251535 -0.0190675 -0.0633408 -0.0595129 -0.0787978 -0.0604739
internal_weight=128811 60115 68696 15973 44142 12329 3644 45169 42283 42036 23527 22558 3133 1859
internal_count=128811 60115 68696 15973 44142 12329 3644 45169 42283 42036 23527 22558 3133 1859
is_linear=0
shrinkage=0.01


Tree=125
num_leaves=15
num_cat=0
split_feature=20 20 20 0 14 6 11 0 14 4 22 6 1 16
split_gain=1.97177e+06 591793 364119 166620 190003 150959 137098 108822 112989 105041 91657.3 76920 67110.5 54914.5
threshold=65.569581749049448 51.78250950570343 102.60050251256284 36.742692288818368 6.5162392177022381 11.001790500000002 1.0000000180025095e-35 34.083213737060554 7.9291623050754811 0.15000000000000005 67.221276244007285 18.957766000000003 -118.21337597412109 3.0961428875000006
decision_type=2 2 2 2 2 2 2 2 2 2 2 2 2 2
left_child=1 3 5 12 -5 10 -7 13 -9 11 -2 -3 -1 -4
right_child=2 9 7 4 -6 6 -8 8 -10 -11 -12 -13 -14 -15
leaf_value=-0.029532696203090528 0.046838650066822973 0.011754768384228165 0.12846210685050871 -0.049604432001905813 -0.12891389045302848 0.044082437819958152 -0.063113473622589775 0.1889293535730294 -0.067942848279451337 -0.077628219222730235 0.089355024043750689 -0.067115977581727812 0.020422379177974067 -0.050741780049650985
leaf_weight=20826 9738 39983 343 28632 3377 3740 1752 3518 180 1438 10579 1276 3088 341
leaf_count=20826 9738 39983 343 28632 3377 3740 1752 3518 180 1438 10579 1276 3088 341
internal_value=1.94815e-11 -0.0216475 0.0707124 -0.0430521 -0.0579717 0.0564026 0.00988593 0.154994 0.176426 0.00638737 0.0689768 0.00931557 -0.023082 0.0391222
internal_weight=128811 98620 30191 55923 32009 25809 5492 4382 3698 42697 20317 41259 23914 684
internal_count=128811 98620 30191 55923 32009 25809 5492 4382 3698 42697 20317 41259 23914 684
is_linear=0
shrinkage=0.01


Tree=126
num_leaves=15
num_cat=0
split_feature=20 20 20 20 4 4 7 0 1 6 20 6 43 1
split_gain=1.93411e+06 634729 278064 200426 119195 110856 109571 100384 90621.5 82608.3 72997.9 52071 35620.2 30570.1
threshold=56.045944233206605 75.453422053231961 32.272727272727288 108.2638190954774 1.0000000180025095e-35 1.0000000180025095e-35 1004.4999700000002 34.083213737060554 -118.21337597412109 10.001280000000003 13.121693121693125 10.304415000000002 1.0000000180025095e-35 -118.21337597412109
decision_type=2 2 2 2 2 2 2 2 2 2 2 2 2 2
left_child=2 4 10 6 8 9 -3 -5 -2 -4 -1 -12 -6 -7
right_child=1 3 5 7 12 13 -8 -9 -10 -11 11 -13 -14 -15
leaf_value=-0.09704099037990116 0.01918961394933491 0.046322799989960445 -0.0070727349558291474 0.03737499751175432 -0.10475509414377944 -0.089242317303465754 0.1060863817982448 0.18465384248807545 0.058796834395394591 -0.036234147715105906 -0.040245671579305857 -0.073842981709797292 -0.011771498223919942 -0.0035775745288297838
leaf_weight=4696 31226 5742 31309 544 861 2780 6587 3100 7088 14084 12033 7481 790 490
leaf_count=4696 31226 5742 31309 544 861 2780 6587 3100 7088 14084 12033 7481 790 490
internal_value=5.01086e-12 0.0442277 -0.0339496 0.0975105 0.0229319 -0.0201716 0.0782526 0.162667 0.0265169 -0.0161206 -0.0616439 -0.0531257 -0.0602626 -0.0764057
internal_weight=128811 55938 72873 15973 39965 48663 12329 3644 38314 45393 24210 19514 1651 3270
internal_count=128811 55938 72873 15973 39965 48663 12329 3644 38314 45393 24210 19514 1651 3270
is_linear=0
shrinkage=0.01


Tree=127
num_leaves=15
num_cat=0
split_feature=20 20 20 17 2 6 20 4 4 13 6 20 2 8
split_gain=1.89829e+06 447134 445622 153462 141522 122569 121667 119812 111460 93543.9 88884.7 79238.6 77911.5 67109.6
threshold=61.824714828897349 43.368055555555564 93.323827629911293 0.0079032804170939119 18.225000000000005 6.8836735000000013 153.20815450643781 1.0000000180025095e-35 0.15000000000000005 9.7200121987729897 12.100785000000002 71.711660329531085 20.525000000000002 -0.5
decision_type=2 2 2 2 2 2 2 2 2 2 2 2 2 2
left_child=1 7 3 11 -5 6 -4 10 9 -3 -1 -2 -7 -9
right_child=2 8 5 4 -6 12 -8 13 -10 -11 -12 -13 -14 -15
leaf_value=-0.034340436928116676 0.043375799533557607 0.0026692165061510953 0.15001230432465096 -0.026980380327496483 0.041458464711514112 0.038134179131080539 0.32551174708794156 -0.044788713111133298 -0.081582202830525641 -0.046652153065143781 -0.070556400855412163 0.084301830492590921 0.15199634148149602 -0.12376654824529014
leaf_weight=27416 10694 42804 3397 4683 8516 1593 447 1640 1817 4225 9002 8484 965 3128
leaf_count=27416 10694 42804 3397 4683 8516 1593 447 1640 1817 4225 9002 8484 965 3128
internal_value=1.93772e-11 -0.0251945 0.0584932 0.0434194 0.0171764 0.134727 0.17042 -0.0494639 -0.00473093 -0.00176173 -0.0432925 0.0614807 0.0810884 -0.0966014
internal_weight=128811 90032 38779 32377 13199 6402 3844 41186 48846 47029 36418 19178 2558 4768
internal_count=128811 90032 38779 32377 13199 6402 3844 41186 48846 47029 36418 19178 2558 4768
is_linear=0
shrinkage=0.01


Tree=128
num_leaves=15
num_cat=0
split_feature=20 20 20 20 6 2 17 0 5 13 17 25 0 8
split_gain=1.863e+06 657693 232791 193111 117143 247651 102288 98378.6 97167.1 107521 88391.4 77888.7 72159.6 71971.4
threshold=54.742675016774776 75.453422053231961 31.706349206349213 108.2638190954774 12.807721500000001 20.525000000000002 0.0071642536833790632 34.083213737060554 18.500000000000004 1.0800004224300357 0.0096248946512900117 12.326388888888891 37.042691525878915 -0.60355339059327362
decision_type=2 2 2 2 2 2 2 2 2 2 2 2 2 2
left_child=2 4 11 6 12 -6 -3 -5 9 -4 -10 -1 -2 -13
right_child=1 3 8 7 5 -7 -8 -9 10 -11 -12 13 -14 -15
leaf_value=-0.14887204343231994 0.032120233232887076 0.10060804766309256 0.018892337039100031 0.035562285618909624 -0.10006515183672152 0.022952950054533638 0.041981352241659733 0.18136282207558999 -0.02392672297505382 -0.024531688729588476 -0.068326121755871688 -0.024867434353700094 -0.022941298156657811 -0.067145370597585088
leaf_weight=969 33872 7309 8872 544 2357 5353 5020 3100 13664 15959 6674 5247 2560 17311
leaf_count=969 33872 7309 8872 544 2357 5353 5020 3100 13664 15959 6674 5247 2560 17311
internal_value=1.45233e-11 0.0406541 -0.0355759 0.0956402 0.0207571 -0.0146545 0.076737 0.159597 -0.0222903 -0.00901649 -0.0384966 -0.0610826 0.0282512 -0.0573115
internal_weight=128811 60115 68696 15973 44142 7710 12329 3644 45169 24831 20338 23527 36432 22558
internal_count=128811 60115 68696 15973 44142 7710 12329 3644 45169 24831 20338 23527 36432 22558
is_linear=0
shrinkage=0.01


Tree=129
num_leaves=15
num_cat=0
split_feature=20 20 20 20 6 2 6 46 14 6 2 22 31 15
split_gain=1.82869e+06 548981 336146 156712 143780 184255 108430 102860 109809 96701.6 111412 87708.8 67954.6 61253.4
threshold=65.569581749049448 51.78250950570343 102.60050251256284 19.484126984126991 11.001790500000002 18.225000000000005 11.804439000000002 1.0000000180025095e-35 7.9291623050754811 17.400723500000002 20.875000000000004 67.221276244007285 28.908730158730162 0.15865857453054469
decision_type=2 2 2 2 2 2 2 2 2 2 2 2 2 2
left_child=1 3 4 -1 11 -6 -5 8 -4 12 -11 -2 -3 -9
right_child=2 9 7 6 5 -7 -8 13 -10 10 -12 -13 -14 -15
leaf_value=-0.078472810673257176 0.044964757539752431 -0.025974695273446927 0.1822407719928103 -0.024791191720550255 -0.091812407985422478 0.042247309756473492 -0.059556840398857787 0.1676555652040829 -0.070991316431512436 -0.13892335899791858 -0.00077535085293312057 0.086555269992583742 0.014579151784915511 -0.031815053616050214
leaf_weight=9498 9738 4675 3518 34273 1364 4128 12152 234 180 959 1492 10579 35571 450
leaf_count=9498 9738 4675 3518 34273 1364 4128 12152 234 180 959 1492 10579 35571 450
internal_value=-2.91421e-11 -0.0208473 0.0680984 -0.041463 0.0543492 0.00895207 -0.0338913 0.149078 0.169915 0.00615451 -0.0548284 0.0666208 0.00986839 0.0364249
internal_weight=128811 98620 30191 55923 25809 5492 46425 4382 3698 42697 2451 20317 40246 684
internal_count=128811 98620 30191 55923 25809 5492 46425 4382 3698 42697 2451 20317 40246 684
is_linear=0
shrinkage=0.01


Tree=130
num_leaves=15
num_cat=0
split_feature=22 31 23 0 47 7 2 4 14 31 47 7 31 5
split_gain=1.4711e+06 454040 389628 286314 204975 179539 172450 146114 121057 117345 111014 104252 104049 81897.5
threshold=63.309885931558945 43.863751584283911 77.600536745833111 36.742692288818368 1.0000000180025095e-35 1003.8002 17.625000000000004 1.0000000180025095e-35 7.194518027679476 51.559569074778217 1.0000000180025095e-35 1006.4001350000001 50.999788762146181 7.5000000000000009
decision_type=2 2 2 2 2 2 2 2 2 2 2 2 2 2
left_child=1 3 12 10 7 6 -4 -3 -5 -7 -1 -6 13 -2
right_child=2 4 5 8 11 9 -8 -9 -10 -11 -12 -13 -14 -15
leaf_value=-0.029255305965678293 0.040364120174142419 -0.00039645944262211034 -0.029247987556616565 -0.059696090546140751 0.045635182443237263 0.07309388848903714 0.11005374003894884 -0.098242254271255727 -0.13379218809547741 0.16393183695911756 0.023499208279796222 0.17602525792687473 0.052997820212747203 -0.013275208962004733
leaf_weight=20061 5317 41128 1567 20411 2495 2024 2053 1585 2472 4782 4979 813 12998 6126
leaf_count=20061 5317 41128 1567 20411 2495 2024 2053 1585 2472 4782 4979 813 12998 6126
internal_value=2.18673e-12 -0.0205881 0.0554717 -0.0421317 0.00184587 0.106654 0.0497538 -0.00402733 -0.0677005 0.136918 -0.0187655 0.0776809 0.0336385 0.0116484
internal_weight=128811 93944 34867 47923 46021 10426 3620 42713 22883 6806 25040 3308 24441 11443
internal_count=128811 93944 34867 47923 46021 10426 3620 42713 22883 6806 25040 3308 24441 11443
is_linear=0
shrinkage=0.01


Tree=131
num_leaves=15
num_cat=0
split_feature=22 31 23 0 1 31 4 23 14 1 31 5 1 10
split_gain=1.44182e+06 445005 381875 280617 200896 155962 143206 140226 118648 108805 101978 80267.7 78078.7 62040.3
threshold=63.309885931558945 43.863751584283911 77.600536745833111 36.742692288818368 -118.21337597412109 44.868715673848762 1.0000000180025095e-35 125.67572371516049 7.194518027679476 -118.21337597412109 50.999788762146181 7.5000000000000009 -118.21337597412109 0.25000000000000011
decision_type=2 2 2 2 2 2 2 2 2 2 2 2 2 2
left_child=1 3 10 9 6 -4 -3 -7 -5 -1 11 -2 -12 -6
right_child=2 4 5 8 13 7 -8 -9 -10 -11 12 -13 -14 -15
leaf_value=-0.028962752908537656 0.039960478818957874 -0.00039249487455990758 0.038433891408435054 -0.059099129642841509 0.04547961239471781 0.11156609405859272 -0.097259832228326792 0.23776719556451692 -0.1324542659124914 0.023264216206550666 0.042326804651561523 -0.013142456833985879 0.11170217519786553 0.13658572482921372
leaf_weight=20061 5317 41128 2597 20411 2167 6818 1585 1011 2472 4979 11098 6126 1900 1141
leaf_count=20061 5317 41128 2597 20411 2167 6818 1585 1011 2472 4979 11098 6126 1900 1141
internal_value=7.25487e-12 -0.0203822 0.0549169 -0.0417104 0.00182741 0.105587 -0.00398706 0.127863 -0.0670235 -0.0185778 0.0333021 0.0115319 0.0524678 0.0769041
internal_weight=128811 93944 34867 47923 46021 10426 42713 7829 22883 25040 24441 11443 12998 3308
internal_count=128811 93944 34867 47923 46021 10426 42713 7829 22883 25040 24441 11443 12998 3308
is_linear=0
shrinkage=0.01


Tree=132
num_leaves=15
num_cat=0
split_feature=20 20 20 7 5 20 4 13 5 13 17 25 17 42
split_gain=1.74111e+06 613509 217646 187340 183726 147635 117790 117367 94168.2 104256 84756.7 75156.8 65407.8 32599.9
threshold=54.742675016774776 75.453422053231961 31.706349206349213 1004.4003000000001 11.500000000000002 141.99748743718598 1.0000000180025095e-35 9.7200121987729897 18.500000000000004 1.0800004224300357 0.0096248946512900117 12.326388888888891 0.012405292241965805 1.0000000180025095e-35
decision_type=2 2 2 2 2 2 2 2 2 2 2 2 2 2
left_child=2 6 11 4 -3 -5 7 -2 9 -4 -10 -1 -13 -8
right_child=1 3 8 5 -6 -7 13 -9 10 -11 -12 12 -14 -15
leaf_value=-0.14529158754566429 0.027540554602744488 0.096526702274167167 0.019003004175515054 0.11014327777190017 -0.007724094487842538 0.25469069020714213 -0.015286856023317377 -0.045355091224055281 -0.0232333189000569 -0.023756716663399204 -0.066710263113287857 -0.044704533029369269 -0.082585559421344976 -0.099049612237298384
leaf_weight=969 39945 4097 8872 8225 2878 773 915 2338 13664 15959 6674 16218 6340 944
leaf_count=969 39945 4097 8872 8225 2878 773 915 2338 13664 15959 6674 16218 6340 944
internal_value=-2.9432e-11 0.0393017 -0.0343924 0.0924087 0.0535111 0.122561 0.0200847 0.0235099 -0.0215463 -0.00847887 -0.0375005 -0.0590555 -0.0553511 -0.0578216
internal_weight=128811 60115 68696 15973 6975 8998 44142 42283 45169 24831 20338 23527 22558 1859
internal_count=128811 60115 68696 15973 6975 8998 44142 42283 45169 24831 20338 23527 22558 1859
is_linear=0
shrinkage=0.01


Tree=133
num_leaves=15
num_cat=0
split_feature=20 20 20 4 17 0 4 22 13 4 2 7 8 43
split_gain=1.70981e+06 568383 283034 152964 139331 124125 109981 100687 98194 96657.7 93733 92650.9 71330.7 26292.1
threshold=67.255703422053259 51.78250950570343 108.2638190954774 1.0000000180025095e-35 0.0071642536833790632 36.742692288818368 0.15000000000000005 68.159315589353625 10.350049457084255 1.0000000180025095e-35 18.225000000000005 1004.3998300000002 -0.37940952255126059 1.0000000180025095e-35
decision_type=2 2 2 2 2 2 2 2 2 2 2 2 2 2
left_child=1 3 4 5 11 -1 8 -4 -3 -9 -6 -2 -5 -8
right_child=2 6 7 12 10 -7 13 9 -10 -11 -12 -13 -14 -15
leaf_value=-0.016219355756019842 0.046350388471677668 0.013936387638764274 0.018496808982821359 -0.045575457435144115 -0.0056329319383322104 -0.04801977692543799 -0.11779710558503309 0.1845398869844975 -0.048377167716101836 -0.10715970900683207 0.056026455641427261 0.10141597269279048 -0.11790815879482734 -0.034725879240710279
leaf_weight=21345 4980 41963 482 2261 4191 28883 761 3044 2691 118 5988 7907 3434 763
leaf_count=21345 4980 41963 482 2261 4191 28883 761 3044 2691 118 5988 7907 3434 763
internal_value=1.85115e-11 -0.0186346 0.0712321 -0.0400747 0.0582936 -0.0345058 0.00733012 0.153131 0.0101812 0.173654 0.0306394 0.0801367 -0.089191 -0.076207
internal_weight=128811 102101 26710 55923 23066 50228 46178 3644 44654 3162 10179 12887 5695 1524
internal_count=128811 102101 26710 55923 23066 50228 46178 3644 44654 3162 10179 12887 5695 1524
is_linear=0
shrinkage=0.01


Tree=134
num_leaves=15
num_cat=0
split_feature=20 20 20 6 5 4 0 4 0 8 4 11 22 8
split_gain=1.67681e+06 450195 335895 132713 143447 129417 130840 108097 97614.2 87808.7 92168.3 87899.9 75944.8 25297.1
threshold=59.40266159695819 87.37737642585553 36.166666666666671 7.9018096500000015 45.500000000000007 1.0000000180025095e-35 34.083213737060554 0.15000000000000005 36.742692288818368 -0.5 1.0000000180025095e-35 0.25000000000000017 67.221276244007285 -0.37940952255126059
decision_type=2 2 2 2 2 2 2 2 2 2 2 2 2 2
left_child=2 3 9 12 -5 6 -3 8 -4 11 -11 -1 -2 -9
right_child=1 5 7 4 -6 -7 -8 13 -10 10 -12 -13 -14 -15
leaf_value=-0.049409599059745998 0.035652602925383636 0.043332576339153342 0.003363143679534112 0.031490975620146661 -0.035685392052645225 -0.088285531674084497 0.14226980361637348 -0.038819022346594657 -0.024584043725170489 -0.055896357680147696 -0.11929084056356735 0.018053005668931504 0.074980377013465924 -0.10729487619586099
leaf_weight=5435 13162 1678 29911 10707 4521 303 6571 911 21468 19392 2601 2996 7832 1323
leaf_count=5435 13162 1678 29911 10707 4521 303 6571 911 21468 19392 2601 2996 7832 1323
internal_value=-2.6953e-11 0.0494296 -0.0263356 0.034022 0.0115472 0.114689 0.122144 -0.0112751 -0.0083142 -0.0528751 -0.0633937 -0.0254364 0.0503242 -0.0793712
internal_weight=128811 44774 84037 36222 15228 8552 8249 53613 51379 30424 21993 8431 20994 2234
internal_count=128811 44774 84037 36222 15228 8552 8249 53613 51379 30424 21993 8431 20994 2234
is_linear=0
shrinkage=0.01


Tree=135
num_leaves=15
num_cat=0
split_feature=20 20 20 0 14 7 2 1 22 14 20 1 1 0
split_gain=1.64616e+06 547422 273580 148089 174711 136367 183365 115455 98491.9 97184.9 87385.1 68373.3 62640.4 61271
threshold=67.255703422053259 51.78250950570343 108.2638190954774 36.742692288818368 6.5162392177022381 1004.0995000000001 13.625000000000002 -118.21337597412109 68.159315589353625 7.2000092342799205 155.57403433476398 -118.21337597412109 -118.21337597412109 36.742692288818368
decision_type=2 2 2 2 2 2 2 2 2 2 2 2 2 2
left_child=1 3 5 12 -5 6 -2 -7 -4 11 -10 -3 -1 -11
right_child=2 9 8 4 -6 7 -8 -9 10 13 -12 -13 -14 -15
leaf_value=-0.026730914267562737 -0.080105907058607734 0.0060008422663696149 0.017255042567955431 -0.045367599082365401 -0.12141850589532686 0.062037462582211794 0.046845891666516863 0.13282366277796781 0.14634982431223711 -0.018489323594507914 0.28415220583380868 0.041895511564728087 0.021531811619781856 -0.11526909580515772
leaf_weight=20826 1282 36727 482 28632 3377 8515 10110 3159 2603 2340 559 6203 3088 908
leaf_count=20826 1282 36727 482 28632 3377 8515 10110 3159 2603 2340 559 6203 3088 908
internal_value=8.75425e-12 -0.0182845 0.0698937 -0.0393256 -0.0533911 0.0571731 0.0325594 0.0811923 0.150413 0.00719696 0.170711 0.0111873 -0.0204988 -0.0455448
internal_weight=128811 102101 26710 55923 32009 23066 11392 11674 3644 46178 3162 42930 23914 3248
internal_count=128811 102101 26710 55923 32009 23066 11392 11674 3644 46178 3162 42930 23914 3248
is_linear=0
shrinkage=0.01


Tree=136
num_leaves=15
num_cat=0
split_feature=22 31 25 0 10 7 5 0 31 0 13 5 0 13
split_gain=1.33163e+06 419770 342895 236108 219103 184476 179746 173444 113373 107188 94602.2 83591.7 69119.5 64715.1
threshold=63.309885931558945 33.324989438107316 80.826978284960944 36.742692288818368 1.0000000180025095e-35 1003.5005000000001 11.500000000000002 36.742692288818368 50.999788762146181 34.083213737060554 2.8800116280145009 7.5000000000000009 37.042691525878915 -4.3315975928084693
decision_type=2 2 2 2 2 2 2 2 2 2 2 2 2 2
left_child=1 7 8 10 -5 6 -4 -1 11 -7 -3 -2 -10 -9
right_child=2 3 5 4 -6 9 -8 13 12 -11 -12 -13 -14 -15
leaf_value=-0.028222256734128936 0.039494341912060513 0.02296232223406305 0.11786812311860169 -0.0010281990488381603 -0.054031934937446117 0.040065280187547993 -0.041411674267327864 -0.12358757318721569 0.058480162046660775 0.15335413072975007 -0.01367620065703117 -0.013925510645901485 -0.042996360097920905 -0.06731403852939935
leaf_weight=14807 5532 24427 1420 16850 14519 991 1414 2514 13266 5311 9905 6226 707 10922
leaf_count=14807 5532 24427 1420 16850 14519 991 1414 2514 13266 5311 9905 6226 707 10922
internal_value=-9.43446e-12 -0.0195879 0.0527768 -0.00572863 -0.0255607 0.105406 0.0383968 -0.0518284 0.0340905 0.135539 0.0123919 0.0112079 0.0533457 -0.0778433
internal_weight=128811 93944 34867 65701 31369 9136 2834 28243 25731 6302 34332 11758 13973 13436
internal_count=128811 93944 34867 65701 31369 9136 2834 28243 25731 6302 34332 11758 13973 13436
is_linear=0
shrinkage=0.01


Tree=137
num_leaves=15
num_cat=0
split_feature=20 20 20 17 20 4 5 1 5 17 25 8 0 42
split_gain=1.59216e+06 561780 200694 170147 180453 111424 108035 91097.1 90996.5 81116.1 72702.5 69084.4 62248.3 31489.9
threshold=54.742675016774776 75.453422053231961 31.706349206349213 0.0071642536833790632 146.34757118927976 1.0000000180025095e-35 11.500000000000002 -118.21337597412109 18.500000000000004 0.0096248946512900117 12.326388888888891 -0.60355339059327362 35.400001525878913 1.0000000180025095e-35
decision_type=2 2 2 2 2 2 2 2 2 2 2 2 2 2
left_child=2 5 10 4 -3 7 -5 -2 12 -10 -1 -12 -4 -7
right_child=1 3 8 6 -6 13 -8 -9 9 -11 11 -13 -14 -15
leaf_value=-0.14138786838911821 0.01565653327090185 0.1030920809132526 0.016043124417731106 0.086963125624465218 0.27290022463779923 -0.014773273194951765 0.0044547741364986152 0.053891382148104711 -0.022278545699013136 -0.064811509659658151 -0.021141422831260623 -0.062562705143546962 -0.018262358062511214 -0.097097677074499039
leaf_weight=969 34687 8926 7640 3391 673 915 2983 7596 13664 6674 5247 17311 17191 944
leaf_count=969 34687 8926 7640 3391 673 915 2983 7596 13664 6674 5247 17311 17191 944
internal_value=1.77165e-11 0.037583 -0.0328884 0.0884018 0.114998 0.019194 0.0483496 0.0225253 -0.0205527 -0.0362359 -0.0565715 -0.0529281 -0.00770725 -0.0565776
internal_weight=128811 60115 68696 15973 9599 44142 6374 42283 45169 20338 23527 22558 24831 1859
internal_count=128811 60115 68696 15973 9599 44142 6374 42283 45169 20338 23527 22558 24831 1859
is_linear=0
shrinkage=0.01


Tree=138
num_leaves=15
num_cat=0
split_feature=25 0 25 13 11 1 7 2 31 31 1 27 0 7
split_gain=1.26247e+06 367563 308221 285608 220190 186480 177794 191116 154646 118404 134658 107944 88733.1 74766.4
threshold=61.348375228841022 36.742692288818368 81.688816897294544 -5.3999977199171356 0.25000000000000017 -118.21337597412109 1003.1995500000002 17.625000000000004 33.324989438107316 53.051277989015638 -118.21337597412109 134.61055276381913 35.400001525878913 1007.3001
decision_type=2 2 2 2 2 2 2 2 2 2 2 2 2 2
left_child=1 5 9 -3 -5 8 7 -4 -1 12 -11 -8 -2 -7
right_child=2 3 6 4 -6 13 11 -9 -10 10 -12 -13 -14 -15
leaf_value=-0.037969140160111291 0.024842844011836406 -0.11399363421801384 -0.066951145544713556 -0.048530183016571499 0.00092441035699724412 0.033813902711351672 0.11161968233467644 0.10156488324414648 0.0046828385935893651 0.039887453405938682 0.12917612776032375 0.24086805988541118 -0.036086707874589917 0.1244131235687682
leaf_weight=12315 10272 4723 1168 26596 13610 5595 6081 1588 27447 12538 1952 723 3115 1088
leaf_count=12315 10272 4723 1168 26596 13610 5595 6081 1588 27447 12538 1952 723 3115 1088
internal_value=-1.59359e-13 -0.0200388 0.0489096 -0.0404309 -0.0317895 -0.000312409 0.0979072 0.0301473 -0.00852724 0.0321066 0.0519159 0.125354 0.0106652 0.0485636
internal_weight=128811 91374 37437 44929 40206 46445 9560 2756 39762 27877 14490 6804 13387 6683
internal_count=128811 91374 37437 44929 40206 46445 9560 2756 39762 27877 14490 6804 13387 6683
is_linear=0
shrinkage=0.01


Tree=139
num_leaves=15
num_cat=0
split_feature=20 20 20 6 2 4 4 20 22 0 17 7 22 7
split_gain=1.53966e+06 404283 331365 125852 166484 112606 107004 106404 103313 92976.8 79118.4 78644.4 35726.7 21521.6
threshold=63.309885931558945 43.368055555555564 93.323827629911293 9.7100000000000026 18.225000000000005 1.0000000180025095e-35 0.15000000000000005 13.928571428571431 107.03266331658294 36.742692288818368 0.013549654825488595 1004.3998300000002 31.193693693693699 1001.5001850000001
decision_type=2 2 2 2 2 2 2 2 2 2 2 2 2 2
left_child=1 7 3 11 -5 8 9 12 -4 -3 -9 -2 -1 -7
right_child=2 6 5 4 -6 13 -8 10 -10 -11 -12 -13 -14 -15
leaf_value=-0.10986142834529383 0.034456273657204016 0.010304353511260175 0.10100364866576404 -0.064564733037592345 0.036890357736333299 -0.29286594371000929 -0.075747745904335681 -0.030767576618384675 0.18796836372326109 -0.017805605950270767 -0.067275035314593862 0.0736953112822816 -0.057547773790010484 -0.048630987356652278
leaf_weight=2920 9648 32220 4135 2245 5786 45 1934 28400 2040 18536 7505 10854 2361 182
leaf_count=2920 9648 32220 4135 2245 5786 45 1934 28400 2040 18536 7505 10854 2361 182
internal_value=1.03344e-12 -0.0210906 0.0566738 0.0420854 0.00852942 0.121693 -0.00274311 -0.0445628 0.129734 3.86468e-05 -0.0383985 0.0552299 -0.0864733 -0.0970476
internal_weight=128811 93876 34935 28533 8031 6402 52690 41186 6175 50756 35905 20502 5281 227
internal_count=128811 93876 34935 28533 8031 6402 52690 41186 6175 50756 35905 20502 5281 227
is_linear=0
shrinkage=0.01


Tree=140
num_leaves=15
num_cat=0
split_feature=20 20 20 7 5 20 6 2 5 13 17 8 25 0
split_gain=1.51199e+06 532462 191298 171060 174641 133958 108167 230788 89063.1 98146.6 78181.8 71077.4 67463 66748.7
threshold=54.742675016774776 75.453422053231961 31.706349206349213 1004.4003000000001 11.500000000000002 141.99748743718598 12.807721500000001 20.525000000000002 18.500000000000004 1.0800004224300357 0.0096248946512900117 -0.25881904510252113 17.848859315589358 37.042691525878915
decision_type=2 2 2 2 2 2 2 2 2 2 2 2 2 2
left_child=2 6 11 4 -3 -5 13 -8 9 -4 -10 -1 -13 -2
right_child=1 3 8 5 -6 -7 7 -9 10 -11 -12 12 -14 -15
leaf_value=-0.03196514027591052 0.029644165503304665 0.090868983868687858 0.01936652932420356 0.10308339152442106 -0.010771627805711568 0.24077267964154889 -0.097757587034131191 0.020998353128386146 -0.021819283205068964 -0.022121340441654491 -0.063575873621588744 -0.12875816376195384 -0.060799910743664462 -0.02331273417702687
leaf_weight=8455 33872 4097 8872 8225 2878 773 2357 5353 13664 15959 6674 1639 13433 2560
leaf_count=8455 33872 4097 8872 8225 2878 773 2357 5353 13664 15959 6674 1639 13433 2560
internal_value=1.67775e-11 0.0366245 -0.0320497 0.0860995 0.0489304 0.114912 0.0187218 -0.0153062 -0.0200062 -0.00729792 -0.0355219 -0.0551717 -0.06819 0.025923
internal_weight=128811 60115 68696 15973 6975 8998 44142 7710 45169 24831 20338 23527 15072 36432
internal_count=128811 60115 68696 15973 6975 8998 44142 7710 45169 24831 20338 23527 15072 36432
is_linear=0
shrinkage=0.01


Tree=141
num_leaves=15
num_cat=0
split_feature=20 20 20 4 17 6 5 17 5 22 13 4 7 8
split_gain=1.48398e+06 493616 249860 141648 128095 106886 106306 119175 99467.9 93510.7 91259.8 90605.6 84270.3 67361.4
threshold=67.255703422053259 51.78250950570343 108.2638190954774 1.0000000180025095e-35 0.0071642536833790632 9.6966480000000015 6.5000000000000009 0.0086852942095260021 20.500000000000004 68.159315589353625 1.7999977181282774 1.0000000180025095e-35 1004.3998300000002 -0.37940952255126059
decision_type=2 2 2 2 2 2 2 2 2 2 2 2 2 2
left_child=1 3 4 5 12 -1 10 -8 -6 -4 -3 -11 -2 -5
right_child=2 6 9 13 8 -7 7 -9 -10 11 -12 -13 -14 -15
leaf_value=-0.020770013214057585 0.042926637686964829 0.040474486114817951 0.013563904713112784 -0.042220741258600494 0.052928506746482244 -0.050961985729879034 0.0080559875802681726 -0.039802796718028326 -0.011027641545692291 0.17362880603782954 0.00057510486551909487 -0.10879093255026867 0.095442750832641379 -0.11251209560351041
leaf_weight=31576 4980 12399 482 2261 6162 18652 15208 7909 4017 3044 10662 118 7907 3434
leaf_count=31576 4980 12399 482 2261 6162 18652 15208 7909 4017 3044 10662 118 7907 3434
internal_value=4.11601e-12 -0.0173604 0.0663615 -0.0373407 0.0542048 -0.0319817 0.00683637 -0.0083179 0.0276891 0.143311 0.0220274 0.163089 0.0751486 -0.0846054
internal_weight=128811 102101 26710 55923 23066 50228 46178 23117 10179 3644 23061 3162 12887 5695
internal_count=128811 102101 26710 55923 23066 50228 46178 23117 10179 3644 23061 3162 12887 5695
is_linear=0
shrinkage=0.01


Tree=142
num_leaves=15
num_cat=0
split_feature=20 20 20 4 4 0 1 4 31 8 11 25 8 1
split_gain=1.45451e+06 430342 257120 127313 120784 123864 113032 105798 83439.2 72350.5 81066.4 75318.5 43551.4 34173.2
threshold=57.91216730038024 87.37737642585553 32.800925925925931 1.0000000180025095e-35 1.0000000180025095e-35 34.083213737060554 -118.21337597412109 1.0000000180025095e-35 52.678284748626965 -0.5 0.25000000000000017 17.848859315589358 1.0000000180025095e-35 -118.21337597412109
decision_type=2 2 2 2 2 2 2 2 2 2 2 2 2 2
left_child=2 3 9 6 5 -3 -2 8 -4 10 -1 -11 -9 -5
right_child=1 4 7 13 -6 -7 -8 12 -10 11 -12 -13 -14 -15
leaf_value=-0.051292611610592419 0.023739910339188534 0.037540583021764523 -0.019244386306376662 -0.090109794990966399 -0.089068113429711604 0.13380399502220525 0.065132797993028513 -0.036488497023984004 0.0085202425261693623 -0.12346322349912799 0.02037434848174113 -0.056700477038128375 -0.10733692793709149 0.013389229890290233
leaf_weight=4388 31089 1678 35176 1096 303 6571 8374 1994 15635 1887 2465 16169 1536 450
leaf_count=4388 31089 1678 35176 1096 303 6571 8374 1994 15635 1887 2465 16169 1536 450
internal_value=3.07139e-12 0.0424925 -0.0265737 0.029036 0.10702 0.114222 0.0325234 -0.0143787 -0.010701 -0.0531781 -0.0255143 -0.0636777 -0.0673166 -0.0599839
internal_weight=128811 49561 79250 41009 8552 8249 39463 54341 50811 24909 6853 18056 3530 1546
internal_count=128811 49561 79250 41009 8552 8249 39463 54341 50811 24909 6853 18056 3530 1546
is_linear=0
shrinkage=0.01


Tree=143
num_leaves=15
num_cat=0
split_feature=20 20 20 4 17 6 5 17 5 22 13 4 46 47
split_gain=1.43e+06 474519 241337 137457 125195 104815 103730 116286 97142.9 91470.2 89075.4 87475.5 68042.4 54509.3
threshold=67.255703422053259 51.78250950570343 108.2638190954774 1.0000000180025095e-35 0.0071642536833790632 11.804439000000002 6.5000000000000009 0.0086852942095260021 20.500000000000004 68.159315589353625 1.7999977181282774 1.0000000180025095e-35 1.0000000180025095e-35 1.0000000180025095e-35
decision_type=2 2 2 2 2 2 2 2 2 2 2 2 2 2
left_child=1 3 4 5 12 -1 10 -8 -6 -4 -3 -11 -2 -5
right_child=2 6 9 13 8 -7 7 -9 -10 11 -12 -13 -14 -15
leaf_value=-0.023046457941274207 0.091433985076609159 0.039913147481624826 0.012445483732875825 -0.092122025246004602 0.05192468425633745 -0.056476010945428784 0.007887018230302181 -0.039388169164761462 -0.011279587095771666 0.17068635055703296 0.00049417278889544417 -0.10681234205173233 0.043786555982868444 0.023989704083438673
leaf_weight=37748 8145 12399 482 5257 6162 12480 15208 7909 4017 3044 10662 118 4742 438
leaf_count=37748 8145 12399 482 5257 6162 12480 15208 7909 4017 3044 10662 118 4742 438
internal_value=-1.84249e-12 -0.0170417 0.0651434 -0.0366317 0.0531958 -0.0313526 0.00668233 -0.0082872 0.026982 0.14077 0.0216882 0.160331 0.0739013 -0.0831919
internal_weight=128811 102101 26710 55923 23066 50228 46178 23117 10179 3644 23061 3162 12887 5695
internal_count=128811 102101 26710 55923 23066 50228 46178 23117 10179 3644 23061 3162 12887 5695
is_linear=0
shrinkage=0.01


Tree=144
num_leaves=15
num_cat=0
split_feature=25 0 25 10 1 6 27 31 7 31 31 1 0 2
split_gain=1.13464e+06 349910 274673 268031 181267 170120 150034 144363 127282 123612 108554 125530 83397.4 81637.8
threshold=61.540856921560355 36.742692288818368 81.688816897294544 1.0000000180025095e-35 -118.21337597412109 12.404780500000003 134.61055276381913 30.567632850241548 1006.3000500000002 44.444550063371366 53.608998732572893 -118.21337597412109 35.400001525878913 19.325000000000006
decision_type=2 2 2 2 2 2 2 2 2 2 2 2 2 2
left_child=1 4 10 9 7 6 -4 -1 -5 -3 12 -12 -2 -7
right_child=2 3 5 8 -6 13 -8 -9 -10 -11 11 -13 -14 -15
leaf_value=-0.039454206092120886 0.024258713575958112 -0.037971790823910022 0.092675219908311915 -0.087063201307084517 0.048046229475977455 -0.12328221659915518 0.22549661311420122 0.0036018057949106308 -0.039281371511631566 0.0086503459382904074 0.038805815728853957 0.12863072841535841 -0.034421865653084506 0.055426550334298892
leaf_weight=10588 10402 11326 7576 11233 6803 483 958 29440 11068 11422 12025 1787 3157 543
leaf_count=10588 10402 11326 7576 11233 6803 483 958 29440 11068 11422 12025 1787 3157 543
internal_value=-1.5083e-11 -0.0188165 0.0468132 -0.0387137 0.0003236 0.0929586 0.107585 -0.00778715 -0.063349 -0.0145623 0.0306957 0.0504274 0.0105959 -0.0287024
internal_weight=128811 91880 36931 45049 46831 9560 8534 40028 22301 22748 27371 13812 13559 1026
internal_count=128811 91880 36931 45049 46831 9560 8534 40028 22301 22748 27371 13812 13559 1026
is_linear=0
shrinkage=0.01


Tree=145
num_leaves=15
num_cat=0
split_feature=22 31 23 1 4 7 2 0 31 7 5 7 1 13
split_gain=1.1628e+06 375427 293501 227546 186505 157320 164109 154960 109913 104170 92413.5 107807 61781.9 60280.2
threshold=63.309885931558945 33.324989438107316 77.600536745833111 -118.21337597412109 1.0000000180025095e-35 1003.5005000000001 20.525000000000002 36.742692288818368 51.559569074778217 1006.4001350000001 1.5000000000000002 1006.3000500000002 -118.21337597412109 -4.3315975928084693
decision_type=2 2 2 2 2 2 2 2 2 2 2 2 2 2
left_child=1 7 10 4 -3 6 -4 12 -7 -5 -2 -12 -1 -9
right_child=2 3 5 9 -6 8 -8 13 -10 -11 11 -13 -14 -15
leaf_value=-0.036885254747832427 0.054014589126726284 -0.0067969096277571495 -0.019804203918362944 0.033314251909414318 -0.090227642361349766 0.060153713194449392 0.12166690163015567 -0.11753290639375337 0.14654489137527946 0.13849327884737125 -0.0044841894772524402 0.053576038983744488 0.013623417190606677 -0.063221791095484148
leaf_weight=11757 9860 57654 2012 4006 2810 2100 1384 2514 4930 1231 9844 4737 3050 10922
leaf_count=11757 9860 57654 2012 4006 2810 2100 1384 2514 4930 1231 9844 4737 3050 10922
internal_value=3.16287e-13 -0.0183041 0.0493177 -0.00519728 -0.0106743 0.0937397 0.0378507 -0.0487942 0.120738 0.0580374 0.0303683 0.0143781 -0.0264813 -0.0733839
internal_weight=128811 93944 34867 65701 60464 10426 3396 28243 7030 5237 24441 14581 14807 13436
internal_count=128811 93944 34867 65701 60464 10426 3396 28243 7030 5237 24441 14581 14807 13436
is_linear=0
shrinkage=0.01


Tree=146
num_leaves=15
num_cat=0
split_feature=20 20 31 7 20 10 6 19 6 47 14 9 19 48
split_gain=1.3621e+06 480097 174837 160658 137832 129788 103555 181573 97944.5 92422.9 81907.7 75408.2 69101.4 58417.2
threshold=54.742675016774776 75.453422053231961 33.907689057879175 1003.9001350000001 141.99748743718598 -0.24999999999999994 12.807721500000001 0.76206393309252707 13.60318975 1.0000000180025095e-35 7.2000092342799205 -0.70710678118654757 0.97486519864514087 1.0000000180025095e-35
decision_type=2 2 2 2 2 2 2 2 2 2 2 2 2 2
left_child=2 6 9 5 -5 -3 11 -8 13 10 -1 -2 -10 -4
right_child=1 3 8 4 -6 -7 7 -9 12 -11 -12 -13 -14 -15
leaf_value=-0.048401442804826562 0.00027184735787455147 0.073554002518957523 -0.0048048647863128636 0.095992221929008859 0.23162959025292609 -0.023475564014606657 -0.10995591274332567 0.0094086119795662015 -0.094240921199623962 0.012516588514996907 -0.10144946955126949 0.033243961930669717 -0.027878009106907898 -0.039216495145941159
leaf_weight=21721 9321 4346 28751 8789 819 2019 1611 6099 2487 2170 3361 27111 4251 5955
leaf_count=21721 9321 4346 28751 8789 819 2019 1611 6099 2487 2170 3361 27111 4251 5955
internal_value=9.79663e-12 0.0347618 -0.0304196 0.081741 0.107554 0.0427759 0.0177621 -0.0155325 -0.017483 -0.0500931 -0.0555099 0.0248082 -0.0523726 -0.0107094
internal_weight=128811 60115 68696 15973 9608 6365 44142 7710 41444 27252 25082 36432 6738 34706
internal_count=128811 60115 68696 15973 9608 6365 44142 7710 41444 27252 25082 36432 6738 34706
is_linear=0
shrinkage=0.01


Tree=147
num_leaves=15
num_cat=0
split_feature=20 20 20 17 2 20 5 17 7 6 6 20 31 1
split_gain=1.33693e+06 386392 261940 135717 178172 117034 101425 104831 95450.9 87415.2 86095 88651.1 69627.3 48081.8
threshold=64.818124207858077 49.469696969696976 102.60050251256284 0.010974159100179225 18.225000000000005 16.127450980392162 6.5000000000000009 0.0076208114217326947 1004.4999700000002 10.197528500000002 6.8836735000000013 155.57403433476398 28.908730158730162 -118.99998249999999
decision_type=2 2 2 2 2 2 2 2 2 2 2 2 2 2
left_child=1 5 3 8 -5 -1 13 -8 -2 -7 11 -4 -12 -3
right_child=2 6 10 4 -6 9 7 -9 -10 -11 12 -13 -14 -15
leaf_value=-0.076391138718895232 0.03432770857821707 0.0043477140697676447 0.14134735054023811 -0.09382793738750661 0.034073152352260071 -0.02100618970460429 0.0062041188491451637 -0.036390188503544779 0.076794509664469449 -0.050482731430978478 -0.10187711086720228 0.31036459196825877 0.096497768391642577 0.033262767424335225
leaf_weight=6710 10003 12978 2289 1448 4395 28145 13320 10205 11240 15658 200 359 1534 10327
leaf_count=6710 10003 12978 2289 1448 4395 28145 13320 10205 11240 15658 200 359 1534 10327
internal_value=1.74304e-12 -0.0183173 0.0566625 0.0450579 0.00237697 -0.0375005 0.00237468 -0.012273 0.0567976 -0.031543 0.128393 0.164262 0.0736172 0.0171607
internal_weight=128811 97343 31468 27086 5843 50513 46830 23525 21243 43803 4382 2648 1734 23305
internal_count=128811 97343 31468 27086 5843 50513 46830 23525 21243 43803 4382 2648 1734 23305
is_linear=0
shrinkage=0.01


Tree=148
num_leaves=15
num_cat=0
split_feature=20 20 20 6 17 9 17 47 46 14 19 7 13 9
split_gain=1.31172e+06 435708 222246 123927 118636 102850 95193.5 95113.3 89260.5 98046.6 84191.1 77785.7 75810.1 71130.7
threshold=67.255703422053259 51.403675538656536 108.2638190954774 12.100785000000002 0.0071642536833790632 -0.60355339059327384 0.017349384893164829 1.0000000180025095e-35 1.0000000180025095e-35 7.9291623050754811 1.1447594336457934 1004.3998300000002 10.799998940360799 -0.70710678118654757
decision_type=2 2 2 2 2 2 2 2 2 2 2 2 2 2
left_child=1 3 4 5 11 -1 13 -5 9 -4 -8 -2 -6 -3
right_child=2 6 8 7 12 -7 10 -9 -10 -11 -12 -13 -14 -15
leaf_value=-0.047005970561624401 0.040124022221412925 -0.012197853736650444 0.16859908885165972 -0.0665217598127925 0.031445566423067742 -0.014120170909128801 -0.12852860245926936 0.061220086649678075 0.016817383840474685 -0.089441873681160702 -0.012019567010907679 0.090579144181622995 -0.097942388523252377 0.016680878389444268
leaf_weight=15388 4980 11457 2945 13587 9704 24897 931 609 544 155 1858 7907 475 33374
leaf_count=15388 4980 11457 2945 13587 9704 24897 931 609 544 155 1858 7907 475 33374
internal_value=1.21376e-11 -0.0163217 0.0623909 -0.0356349 0.0509257 -0.0266818 0.00577414 -0.0610417 0.134964 0.155697 -0.0509116 0.0710815 0.0254077 0.00930064
internal_weight=128811 102101 26710 54481 23066 40285 47620 14196 3644 3100 2789 12887 10179 44831
internal_count=128811 102101 26710 54481 23066 40285 47620 14196 3644 3100 2789 12887 10179 44831
is_linear=0
shrinkage=0.01


Tree=149
num_leaves=15
num_cat=0
split_feature=20 20 4 6 20 31 4 13 0 2 8 22 47 44
split_gain=1.28724e+06 471435 158091 150958 159743 126060 106453 110718 95753.8 93644.2 71177.5 56844.8 34288.8 33601.3
threshold=54.366920152091261 75.453422053231961 1.0000000180025095e-35 6.8836735000000013 146.34757118927976 44.444550063371366 1.0000000180025095e-35 9.7200121987729897 36.742692288818368 20.525000000000002 1.0000000180025095e-35 143.47487437185933 1.0000000180025095e-35 1.0000000180025095e-35
decision_type=2 2 2 2 2 2 2 2 2 2 2 2 2 2
left_child=2 6 5 4 -3 8 7 -2 -1 -5 12 -7 -4 -12
right_child=1 3 10 9 -6 11 -8 -9 -10 -11 13 -13 -14 -15
leaf_value=-0.019164206647401462 0.023532701151608583 0.094595475664677076 -0.057021132709455656 0.012570832700018164 0.25807580883126607 -0.00784879284162553 -0.055090558410161201 -0.045481641422064081 -0.051286797135174478 0.08754001161970415 -0.09269756343552947 0.28605639241861575 0.056993004031311204 -0.16744827576517538
leaf_weight=16834 41928 8486 3136 3976 643 22576 1988 2461 20679 2868 2027 66 288 855
leaf_count=16834 41928 8486 3136 3976 643 22576 1988 2461 20679 2868 2027 66 288 855
internal_value=-1.47296e-11 0.0326376 -0.0306188 0.079492 0.10611 -0.0256252 0.0165002 0.0197064 -0.0368717 0.0439869 -0.0782541 -0.00699208 -0.0474312 -0.114874
internal_weight=128811 62350 66461 15973 9129 60155 46377 44389 37513 6844 6306 22642 3424 2882
internal_count=128811 62350 66461 15973 9129 60155 46377 44389 37513 6844 6306 22642 3424 2882
is_linear=0
shrinkage=0.01


Tree=150
num_leaves=15
num_cat=0
split_feature=20 20 20 6 15 6 20 5 13 6 8 4 11 7
split_gain=1.26361e+06 303422 302447 123766 132572 102627 101206 100310 99006.2 98208.6 89228.7 102344 94119 71377.7
threshold=61.824714828897349 93.323827629911293 40.06944444444445 9.7100000000000026 0.29191899057896131 6.8836735000000013 155.57403433476398 5.5000000000000009 2.139953036737503 8.1009995000000021 -0.5 1.0000000180025095e-35 0.25000000000000017 1004.3998300000002
decision_type=2 2 2 2 2 2 2 2 2 2 2 2 2 2
left_child=2 3 10 13 -5 6 -3 8 -4 -9 12 -12 -1 -2
right_child=1 5 7 4 -6 -7 -8 9 -10 -11 11 -13 -14 -15
leaf_value=-0.039776499374579395 0.029246534695251514 0.12682097642383847 0.029505020549813486 -0.056867852867160604 0.027795683601725022 0.061547253298237514 0.30315908475340575 -0.0029313441026622817 -0.0095201059973612206 -0.041447313867374769 -0.045523838867939918 -0.10825914817482619 0.023664720616425827 0.064404250981280747
leaf_weight=6761 11043 3485 12141 2559 6671 2558 359 16076 13994 11255 23303 2927 3575 12104
leaf_count=6761 11043 3485 12141 2559 6671 2558 359 16076 13994 11255 23303 2927 3575 12104
internal_value=3.25245e-12 0.0477233 -0.0205556 0.0352849 0.00432288 0.110628 0.14329 -0.00539815 0.008609 -0.0187924 -0.0427185 -0.0525245 -0.0178335 0.0476312
internal_weight=128811 38779 90032 32377 9230 6402 3844 53466 26135 27331 36566 26230 10336 23147
internal_count=128811 38779 90032 32377 9230 6402 3844 53466 26135 27331 36566 26230 10336 23147
is_linear=0
shrinkage=0.01


Tree=151
num_leaves=15
num_cat=0
split_feature=25 0 13 25 11 1 6 27 31 31 1 0 2 3
split_gain=1.00455e+06 324784 263639 244344 205907 170163 159824 137587 131719 101514 120667 77832 76753 68391.6
threshold=61.540856921560355 36.742692288818368 -5.3999977199171356 81.688816897294544 0.25000000000000017 -118.21337597412109 12.404780500000003 134.61055276381913 30.567632850241548 53.051277989015638 -118.21337597412109 35.400001525878913 19.325000000000006 72.962955000000008
decision_type=2 2 2 2 2 2 2 2 2 2 2 2 2 2
left_child=1 5 -3 9 -4 8 7 -5 -1 11 -11 -2 -8 -7
right_child=3 2 4 6 -6 13 12 -9 -10 10 -12 -13 -14 -15
leaf_value=-0.037371818475433985 0.022143020226191169 -0.10750397237202046 -0.044788397310005112 0.087470128336229566 0.0029362341635712857 0.076052310050146288 -0.12205724095806141 0.21466265898470091 0.0037554664077386448 0.035813449829008796 0.12091854634054532 -0.035601892095413416 0.051222490129604746 0.012401501358818727
leaf_weight=10588 10064 4730 26633 7576 13686 3695 483 958 29440 12342 1926 3039 543 3108
leaf_count=10588 10064 4730 26633 7576 13686 3695 483 958 29440 12342 1926 3039 543 3108
internal_value=2.04194e-11 -0.017705 -0.0368745 0.0440479 -0.0285886 0.000735096 0.0875712 0.101748 -0.00712331 0.0288463 0.0473016 0.00875015 -0.0303507 0.046973
internal_weight=128811 91880 45049 36931 40319 46831 9560 8534 40028 27371 14268 13103 1026 6803
internal_count=128811 91880 45049 36931 40319 46831 9560 8534 40028 27371 14268 13103 1026 6803
is_linear=0
shrinkage=0.01


Tree=152
num_leaves=15
num_cat=0
split_feature=23 23 0 14 11 31 1 9 1 23 7 15 9 5
split_gain=986102 366522 218385 185976 164340 161900 146666 135958 121445 118188 79076.5 78354.9 45781.5 34065.2
threshold=53.928073510773139 77.600536745833111 36.742692288818368 6.8164225469326789 0.25000000000000017 44.868715673848762 -119.7866065258789 -0.70710678118654757 -118.21337597412109 125.67572371516049 1008.0000500000001 0.17061669092148882 -0.37940952255126015 30.500000000000004
decision_type=2 2 2 2 2 2 2 2 2 2 2 2 2 2
left_child=2 6 8 4 -4 10 -2 -8 11 -7 -3 -1 -10 -5
right_child=1 5 3 13 -6 9 7 -9 12 -11 -12 -13 -14 -15
leaf_value=-0.038607489820153433 -0.019416172895574166 -0.012830278205452199 -0.049713246512589924 -0.041023700777378123 -0.0021390888456928564 0.085229560583671607 -0.0075021570665772018 0.035922055284718368 0.0062082387591218162 0.19643777313723415 0.096135552664863247 -0.0019946754824358552 0.077258367889794247 -0.12410948341281511
leaf_weight=8579 9142 2433 23454 590 10517 8420 9595 29008 1568 1078 917 18343 2151 3016
leaf_count=8579 9142 2433 23454 590 10517 8420 9595 29008 1568 1078 917 18343 2151 3016
internal_value=-1.43938e-11 0.0293578 -0.0260763 -0.042233 -0.0349849 0.0767694 0.0165995 0.0251287 -0.00626235 0.0978514 0.0169971 -0.0136618 0.0473023 -0.110515
internal_weight=128811 60593 68218 37577 33971 12848 47745 38603 30641 9498 3350 26922 3719 3606
internal_count=128811 60593 68218 37577 33971 12848 47745 38603 30641 9498 3350 26922 3719 3606
is_linear=0
shrinkage=0.01


Tree=153
num_leaves=15
num_cat=0
split_feature=20 20 20 20 7 2 5 6 6 6 46 14 13 15
split_gain=1.20358e+06 400006 205149 121478 112499 172764 96886.2 104763 89072.7 88058.4 87182.2 94187.5 81375.8 53971.2
threshold=67.255703422053259 51.78250950570343 108.2638190954774 18.333333333333336 1004.0995000000001 13.625000000000002 6.5000000000000009 8.703618500000001 12.807721500000001 11.804439000000002 1.0000000180025095e-35 7.9291623050754811 1.7999977181282774 0.14898221512100243
decision_type=2 2 2 2 2 2 2 2 2 2 2 2 2 2
left_child=1 3 4 -1 5 -2 12 -8 -6 -5 11 -4 -3 -12
right_child=2 6 10 9 8 -7 7 -9 -10 -11 13 -13 -14 -15
leaf_value=-0.068094548464591606 -0.082967748964211205 0.038069336014519679 0.16262550473115911 -0.019171125267833961 0.077656825369633004 0.040259627804453406 0.0070232774366425429 -0.037856638473859699 -0.037017668112390094 -0.050176032071559962 0.16500928260431699 -0.090286174270414535 0.00039253355063815278 -0.052423178921808089
leaf_weight=8642 1282 12399 2945 34855 10952 10110 15214 7903 722 12426 163 155 10662 381
leaf_count=8642 1282 12399 2945 34855 10952 10110 15214 7903 722 12426 163 155 10662 381
internal_value=-1.7144e-12 -0.0156344 0.0597638 -0.0336207 0.0487484 0.0263922 0.00614747 -0.0083198 0.0705646 -0.0273196 0.12949 0.14998 0.0206499 0.0127266
internal_weight=128811 102101 26710 55923 23066 11392 46178 23117 11674 47281 3644 3100 23061 544
internal_count=128811 102101 26710 55923 23066 11392 46178 23117 11674 47281 3644 3100 23061 544
is_linear=0
shrinkage=0.01


Tree=154
num_leaves=15
num_cat=0
split_feature=20 20 4 4 20 0 10 6 2 9 8 9 44 44
split_gain=1.18121e+06 417768 158939 141081 128549 126613 118360 106643 232276 80024.8 69289.9 43608.4 32689.5 29832.9
threshold=54.742675016774776 79.350443599493033 1.0000000180025095e-35 1.0000000180025095e-35 130.97864321608043 36.742692288818368 1.0000000180025095e-35 12.501600000000002 17.225000000000005 -0.78656609248549325 1.0000000180025095e-35 -0.78656609248549325 1.0000000180025095e-35 1.0000000180025095e-35
decision_type=2 2 2 2 2 2 2 2 2 2 2 2 2 2
left_child=2 7 5 4 -3 11 -7 9 -9 -2 13 -1 -12 -4
right_child=1 3 10 -5 -6 6 -8 8 -10 -11 12 -13 -14 -15
leaf_value=-0.028781349943317491 -0.002520852387812435 0.07598064358392205 -0.027429047317447792 -0.094865580420009796 0.16841818153817686 -0.017872764545728361 -0.055506531658408388 -0.11325096665902973 0.013683533764282644 0.033058368776140531 -0.089858781010468305 -0.00077589236435923932 -0.16299459890033854 -0.092606115527144747
leaf_weight=7523 7968 10721 2524 432 1750 16721 16707 1828 6820 30596 2071 21310 867 973
leaf_count=7523 7968 10721 2524 432 1750 16721 16707 1828 6820 30596 2071 21310 867 973
internal_value=-1.21779e-11 0.0323714 -0.0283278 0.0827977 0.088952 -0.0234377 -0.0366818 0.0185899 -0.0131477 0.0257071 -0.0756411 -0.00808297 -0.111441 -0.0455638
internal_weight=128811 60115 68696 12903 12471 62261 33428 47212 8648 38564 6435 28833 2938 3497
internal_count=128811 60115 68696 12903 12471 62261 33428 47212 8648 38564 6435 28833 2938 3497
is_linear=0
shrinkage=0.01


Tree=155
num_leaves=15
num_cat=0
split_feature=20 20 20 4 6 2 5 6 22 0 14 13 31 8
split_gain=1.15959e+06 384750 197402 118808 110226 147684 97733.8 105283 93212.1 85420.3 91745.7 82126 81209.7 62212.6
threshold=67.255703422053259 51.403675538656536 108.2638190954774 1.0000000180025095e-35 11.001790500000002 18.225000000000005 6.5000000000000009 8.2897760000000016 52.509125475285181 34.083213737060554 7.9291623050754811 1.7999977181282774 45.000105618926916 -0.5
decision_type=2 2 2 2 2 2 2 2 2 2 2 2 2 2
left_child=1 3 4 8 12 -6 11 -8 -1 -4 -11 -3 -2 -5
right_child=2 6 9 13 5 -7 7 -9 -10 10 -12 -13 -14 -15
leaf_value=-0.037030424055536554 0.02179291642315807 0.037161386733875798 0.011480907221626051 -0.031820691067642688 -0.090366718909900515 0.037670123749491073 0.0075588109011197318 -0.035753683691688923 -0.0061544695304871387 0.15982082633514919 -0.089790985488122518 -6.7517573071241392e-05 0.070849242202537813 -0.10158891233335847
leaf_weight=35357 4457 12669 544 1970 1213 3501 14766 9053 13515 2945 155 11132 13895 3639
leaf_count=35357 4457 12669 544 1970 1213 3501 14766 9053 13515 2945 155 11132 13895 3639
internal_value=1.85611e-12 -0.0153461 0.0586615 -0.0334948 0.0478561 0.00472386 0.0054175 -0.00890317 -0.028492 0.127058 0.14734 0.019749 0.0589353 -0.0770848
internal_weight=128811 102101 26710 54481 23066 4714 47620 23819 48872 3644 3100 23801 18352 5609
internal_count=128811 102101 26710 54481 23066 4714 47620 23819 48872 3644 3100 23801 18352 5609
is_linear=0
shrinkage=0.01


Tree=156
num_leaves=15
num_cat=0
split_feature=22 1 17 2 25 7 5 22 5 7 7 44 13 9
split_gain=989280 292004 243543 248886 237692 157065 161697 150003 93751.2 92937.5 85348.5 75687.3 51957.5 49441.8
threshold=63.309885931558945 -118.21337597412109 0.012405292241965805 18.525000000000002 80.826978284960944 1003.5005000000001 11.500000000000002 48.922222222222224 1.5000000000000002 1006.5004000000001 1006.3000500000002 1.0000000180025095e-35 11.577727342662625 -0.12940952255126037
decision_type=2 2 2 2 2 2 2 2 2 2 2 2 2 2
left_child=1 2 7 -4 8 6 -6 -1 12 13 -10 -7 -2 -3
right_child=4 9 3 -5 5 11 -8 -9 10 -11 -12 -13 -14 -15
leaf_value=-0.026912807334381648 0.057715127529431774 -0.0039178306292178703 -0.095794800602104657 -0.022303583242152661 0.10285276058966845 0.085613094805526466 -0.048218714431602687 0.0032022562689773782 -0.0021327414614272277 0.10012794230833695 0.048422681583297281 0.1552404196555483 -0.053196191429297802 0.05226957125301275
leaf_weight=36966 10000 3502 8144 10614 1420 3451 1414 29933 10363 1952 4927 2851 441 2833
leaf_count=36966 10000 3502 8144 10614 1420 3451 1414 29933 10363 1952 4927 2851 441 2833
internal_value=-4.9722e-13 -0.0168832 -0.022367 -0.0542106 0.0454894 0.0893072 0.0274769 -0.0134383 0.0299315 0.0397984 0.0141581 0.117112 0.0530305 0.0212091
internal_weight=128811 93944 85657 18758 34867 9136 2834 66899 25731 8287 15290 6302 10441 6335
internal_count=128811 93944 85657 18758 34867 9136 2834 66899 25731 8287 15290 6302 10441 6335
is_linear=0
shrinkage=0.01


Tree=157
num_leaves=15
num_cat=0
split_feature=22 31 31 47 4 23 47 0 6 6 3 6 31 47
split_gain=969593 327613 241356 202464 166014 148507 147308 134071 112232 83305.2 79924.2 77754.6 65269.4 51887.1
threshold=63.309885931558945 33.324989438107316 61.643060836501917 1.0000000180025095e-35 1.0000000180025095e-35 134.29704288063743 1.0000000180025095e-35 36.742692288818368 16.304814000000004 17.304986500000002 78.401620000000023 13.002460500000002 60.322137727080694 1.0000000180025095e-35
decision_type=2 2 2 2 2 2 2 2 2 2 2 2 2 2
left_child=1 7 6 4 -3 8 9 13 -4 -2 -8 -7 -5 -1
right_child=2 3 5 12 -6 11 10 -9 -10 -11 -12 -13 -14 -15
leaf_value=-0.033976794633360834 0.014078226011083873 -0.0059787827899721495 0.080449657082896198 0.0448883527517666 -0.084692882096488523 0.25680409299083862 0.084353378316393737 -0.068069141472126754 -0.084391064635889482 -0.081961402975833486 0.020129684298698738 -0.30193601938394404 0.17630961672452891 0.012310846788228537
leaf_weight=11757 14097 57654 10469 4827 2810 592 5199 13436 430 965 3089 26 410 3050
leaf_count=11757 14097 57654 10469 4827 2810 592 5199 13436 430 965 3089 26 410 3050
internal_value=-8.29115e-12 -0.0167144 0.0450345 -0.00447063 -0.00963694 0.0824969 0.0265568 -0.0451968 0.0739462 0.00792511 0.0604167 0.233297 0.0551772 -0.0244423
internal_weight=128811 93944 34867 65701 60464 11517 23350 28243 10899 15062 8288 618 5237 14807
internal_count=128811 93944 34867 65701 60464 11517 23350 28243 10899 15062 8288 618 5237 14807
is_linear=0
shrinkage=0.01


Tree=158
num_leaves=15
num_cat=0
split_feature=22 0 23 14 1 14 4 4 23 5 3 17 5 6
split_gain=950298 306084 232149 231678 146355 135335 117343 105415 99234.6 84554.6 76889.2 75742.7 47344.1 31760.4
threshold=63.309885931558945 36.742692288818368 77.600536745833111 7.194518027679476 -118.21337597412109 -11.15998386963255 1.0000000180025095e-35 0.25000000000000006 134.29704288063743 1.5000000000000002 72.962955000000008 0.00813740289210289 10.500000000000002 21.505282500000003
decision_type=2 2 2 2 2 2 2 2 2 2 2 2 2 2
left_child=1 4 9 5 7 -3 8 -1 -4 13 -6 -11 -5 -2
right_child=2 3 6 12 10 -7 -8 -9 -10 11 -12 -13 -14 -15
leaf_value=-0.0037688971235928848 0.052654838385169399 -0.088281380562400272 0.080987267455209649 -0.019819653916092198 0.071587721388623224 -0.02315395298388009 -0.085192223288104663 -0.084917393947190917 0.19216710301962767 0.032533166211662107 0.010529047924606235 -0.013411527845908005 -0.12581310431956977 -0.089393421780783675
leaf_weight=39183 9700 3486 9152 486 3865 37662 394 1669 880 8203 4422 6378 3171 160
leaf_count=39183 9700 3486 9152 486 3865 37662 394 1669 880 8203 4422 6378 3171 160
internal_value=1.50731e-12 -0.0165473 0.0445842 -0.0354505 0.000688703 -0.0286715 0.0840914 -0.0070842 0.0907399 0.0277313 0.0390064 0.0124361 -0.111727 0.0503498
internal_weight=128811 93944 34867 44805 49139 41148 10426 40852 10032 24441 8287 14581 3657 9860
internal_count=128811 93944 34867 44805 49139 41148 10426 40852 10032 24441 8287 14581 3657 9860
is_linear=0
shrinkage=0.01


Tree=159
num_leaves=15
num_cat=0
split_feature=22 31 31 1 4 7 1 46 1 23 7 6 3 14
split_gain=931388 320148 234751 194726 161028 148506 143791 111523 108627 97628.9 97406.9 81033.4 78519.2 71837.7
threshold=63.309885931558945 33.324989438107316 61.643060836501917 -118.21337597412109 1.0000000180025095e-35 1003.9999500000001 -118.21337597412109 1.0000000180025095e-35 -118.21337597412109 134.29704288063743 1006.4001350000001 17.304986500000002 78.401620000000023 8.6399950876219993
decision_type=2 2 2 2 2 2 2 2 2 2 2 2 2 2
left_child=1 8 6 4 -3 9 11 -7 13 -4 -5 -2 -8 -1
right_child=2 3 5 10 -6 7 12 -9 -10 -11 -12 -13 -14 -15
leaf_value=-0.045805424979781011 0.01357585968160065 -0.0057421464997579278 0.029867091275841046 0.030311530141420972 -0.083265256559482886 0.14122290642417715 0.083093884479827532 0.053016937914600569 0.0118264016489234 0.23262503960102798 0.13201869908030842 -0.081145145845806968 0.019437218707649237 -0.10268304238543849
leaf_weight=22732 14097 57654 4741 4006 2810 4400 5199 2126 3050 250 1231 965 3089 2461
leaf_count=22732 14097 57654 4741 4006 2810 4400 5199 2126 3050 250 1231 965 3089 2461
internal_value=2.05094e-12 -0.0163818 0.0441383 -0.00427832 -0.00934495 0.0810846 0.0259152 0.112488 -0.0445378 0.0400233 0.0542186 0.00750723 0.0593686 -0.0513616
internal_weight=128811 93944 34867 65701 60464 11517 23350 6526 28243 4991 5237 15062 8288 25193
internal_count=128811 93944 34867 65701 60464 11517 23350 6526 28243 4991 5237 15062 8288 25193
is_linear=0
shrinkage=0.01


Tree=160
num_leaves=15
num_cat=0
split_feature=23 25 1 17 1 17 2 4 8 27 13 18 1 7
split_gain=862603 323829 192513 180072 161928 154680 152513 149819 129859 124826 84446.5 33865.6 32486.5 24492.5
threshold=53.928073510773139 81.688816897294544 -118.21337597412109 0.010059333893874428 -119.7866065258789 0.012405292241965805 18.525000000000002 1.0000000180025095e-35 -0.5 147.16834170854273 -5.3999977199171356 1.6160189151611752 -120.84999847412108 1009.2000650000001
decision_type=2 2 2 2 2 2 2 2 2 2 2 2 2 2
left_child=2 4 3 8 12 9 -5 -6 -1 -3 -7 13 -2 -4
right_child=1 5 11 6 7 10 -8 -9 -10 -11 -12 -13 -14 -15
leaf_value=0.0079662990516869668 -0.046832311465270095 0.083181941303844514 -0.0034708309577504348 -0.076496625811060065 0.029707543266154848 0.041032550870714814 -0.025563997693036886 -0.067804558457795358 -0.029119080646293038 0.22113927273256653 -0.14593987902424421 0.069502898372919439 -0.0071137366623895215 0.16268561348319055
leaf_weight=14758 3078 7809 1341 11506 40135 578 12022 1640 26213 716 415 2283 6222 95
leaf_count=14758 3078 7809 1341 11506 40135 578 12022 1640 26213 716 415 2283 6222 95
internal_value=1.52705e-11 0.0274579 -0.0243888 -0.0284226 0.0174782 0.0810102 -0.0504718 0.0258794 -0.0157607 0.0947687 -0.037108 0.0455703 -0.0202593 0.00752141
internal_weight=128811 60593 68218 64499 51075 9518 23528 41775 40971 8525 993 3719 9300 1436
internal_count=128811 60593 68218 64499 51075 9518 23528 41775 40971 8525 993 3719 9300 1436
is_linear=0
shrinkage=0.01


Tree=161
num_leaves=15
num_cat=0
split_feature=20 20 7 5 31 0 4 17 0 1 2 0 7 1
split_gain=1.06133e+06 386796 141432 160458 139204 116589 94126.4 85065.4 79919.3 70881.4 67134 49593.5 43691.8 36735.4
threshold=54.366920152091261 75.453422053231961 1003.9001350000001 11.500000000000002 33.907689057879175 34.083213737060554 1.0000000180025095e-35 0.01421729659156821 36.742692288818368 -118.21337597412109 19.225000000000005 37.042691525878915 1006.8000250000001 -118.21337597412109
decision_type=2 2 2 2 2 2 2 2 2 2 2 2 2 2
left_child=4 6 3 -3 8 -4 9 11 13 -2 -9 -6 -10 -1
right_child=1 2 5 -5 7 -7 -8 10 12 -11 -12 -13 -14 -15
leaf_value=-0.034622284929895296 0.012228796551494812 0.076351466632645471 0.027769907865639321 -0.026218535548846744 -0.0041730256567720095 0.11400358760623186 -0.052300057379487654 -0.09214727711826548 -0.07986037864214747 0.045543444591138391 -0.022738138903630759 -0.035958312046665705 -0.044905648023688266 0.011047947633468383
leaf_weight=10505 36655 3831 1973 2534 27787 7635 1988 2374 6796 7734 3374 5962 7547 2116
leaf_count=10505 36655 3831 1973 2534 27787 7635 1988 2374 6796 7734 3374 5962 7547 2116
internal_value=1.09025e-11 0.0296356 0.0720761 0.0355168 -0.0278025 0.0962955 0.0150184 -0.0158446 -0.0453183 0.0180333 -0.051405 -0.00978812 -0.0614679 -0.0269653
internal_weight=128811 62350 15973 6365 66461 9608 46377 39497 26964 44389 5748 33749 14343 12621
internal_count=128811 62350 15973 6365 66461 9608 46377 39497 26964 44389 5748 33749 14343 12621
is_linear=0
shrinkage=0.01


Tree=162
num_leaves=15
num_cat=0
split_feature=22 31 6 1 1 25 5 5 4 46 1 10 26 31
split_gain=888344 347756 203229 177531 161864 146795 120837 115010 114073 105723 83458.4 59393.6 57044.3 37695.7
threshold=67.221276244007285 44.444550063371366 8.0999995000000009 -118.21337597412109 -118.21337597412109 80.826978284960944 23.500000000000004 2.5000000000000004 1.0000000180025095e-35 1.0000000180025095e-35 -118.99998249999999 0.68301270189221941 41.784708920842498 57.901774397972126
decision_type=2 2 2 2 2 2 2 2 2 2 2 2 2 2
left_child=1 3 5 6 8 13 -1 12 -3 -7 -9 -6 -4 -2
right_child=2 4 7 -5 11 9 -8 10 -10 -11 -12 -13 -14 -15
leaf_value=-0.022679902002229312 0.033570848956769324 0.0034667058859318375 0.050523173788004722 0.019497960224247376 0.048427179317455354 0.13118677982566376 -0.054909230489154533 -0.060156129371819057 -0.081652441114507757 0.017969704489001467 0.01716929008465222 0.14686987065143989 0.35111779641360047 0.073031070174833415
leaf_weight=24641 5715 43909 4655 6093 3050 5071 22037 2214 1633 985 3777 767 64 4200
leaf_count=24641 5715 43909 4655 6093 3050 5071 22037 2214 1633 985 3777 767 64 4200
internal_value=1.04587e-11 -0.0134227 0.0513795 -0.0312689 0.00565719 0.0739801 -0.0378956 0.0176769 0.000414588 0.112772 -0.0114067 0.0682086 0.0545999 0.0502862
internal_weight=128811 102130 26681 52771 49359 15971 46678 10710 45542 6056 5991 3817 4719 9915
internal_count=128811 102130 26681 52771 49359 15971 46678 10710 45542 6056 5991 3817 4719 9915
is_linear=0
shrinkage=0.01


Tree=163
num_leaves=15
num_cat=0
split_feature=20 20 6 20 31 5 17 2 6 8 5 5 2 11
split_gain=1.02607e+06 373215 135169 138742 134283 96967.8 93158.6 200067 83306.5 77321 77175 63566.3 59201.6 53306.9
threshold=54.366920152091261 75.453422053231961 6.8836735000000013 146.34757118927976 33.907689057879175 11.500000000000002 0.01379379281390892 20.375000000000004 15.105712000000002 -0.5 21.500000000000004 2.5000000000000004 19.225000000000005 0.25000000000000017
decision_type=2 2 2 2 2 2 2 2 2 2 2 2 2 2
left_child=4 6 3 -3 9 -4 11 -8 -6 13 -11 -2 -10 -1
right_child=1 2 5 -5 8 -7 7 -9 12 10 -12 -13 -14 -15
leaf_value=-0.03861470003704192 0.034981450926286232 0.085284503187206956 0.072763658866544137 0.23763988432412153 -0.010234097111094149 -0.0026429720124883159 -0.10419181460551663 0.01555572526521927 -0.09705769697396395 -0.033976608920722497 -0.073444382266584327 0.009457259763681199 -0.025240292952994903 0.017303793127411118
leaf_weight=4256 17337 8486 3619 643 34765 3225 1976 4747 1958 9452 10412 22317 2774 2844
leaf_count=4256 17337 8486 3619 643 34765 3225 1976 4747 1958 9452 10412 22317 2774 2844
internal_value=-1.07294e-11 0.0291391 0.0708279 0.0960156 -0.0273367 0.0372309 0.0147808 -0.01964 -0.0155922 -0.0445402 -0.0546642 0.0206166 -0.0549568 -0.0162158
internal_weight=128811 62350 15973 9129 66461 6844 46377 6723 39497 26964 19864 39654 4732 7100
internal_count=128811 62350 15973 9129 66461 6844 46377 6723 39497 26964 19864 39654 4732 7100
is_linear=0
shrinkage=0.01


Tree=164
num_leaves=15
num_cat=0
split_feature=20 20 20 4 20 6 2 5 9 8 22 25 8 19
split_gain=1.00565e+06 365878 133109 131075 115478 99984.9 223229 86543.4 81423.7 74821.7 53485.5 51249.4 44738.3 17786.5
threshold=54.366920152091261 79.350443599493033 24.523809523809529 1.0000000180025095e-35 155.57403433476398 13.002460500000002 20.525000000000002 18.500000000000004 -0.78656609248549325 -0.25881904510252113 143.47487437185933 12.326388888888891 -0.5 0.20646853521648015
decision_type=2 2 2 2 2 2 2 2 2 2 2 2 2 2
left_child=2 5 11 4 -3 8 -7 10 -2 -9 -4 13 -13 -1
right_child=1 3 7 -5 -6 6 -8 9 -10 -11 -12 12 -14 -15
leaf_value=-0.17341274586578162 -0.0046935384994197258 0.075223391399784692 -0.0084877949700661315 -0.094978277266491204 0.21490318512242065 -0.093631226595424777 0.019273396670303446 -0.013504007428578987 0.030010256742129818 -0.049424663577570221 0.28794037819152973 -0.018328915995466256 -0.059776134124501723 -0.085163436010631671
leaf_weight=427 8524 11848 28362 432 623 2525 5714 10281 32684 13301 61 3519 10019 491
leaf_count=427 8524 11848 28362 432 623 2525 5714 10281 32684 13301 61 3519 10019 491
internal_value=-5.9698e-12 0.0288478 -0.0270634 0.0762691 0.0822012 0.0164733 -0.0153284 -0.0196019 0.0228317 -0.0337644 -0.00785162 -0.0539056 -0.0490026 -0.126212
internal_weight=128811 62350 66461 12903 12471 49447 8239 52005 41208 23582 28423 14456 13538 918
internal_count=128811 62350 66461 12903 12471 49447 8239 52005 41208 23582 28423 14456 13538 918
is_linear=0
shrinkage=0.01


Tree=165
num_leaves=15
num_cat=0
split_feature=20 20 20 20 6 2 5 6 6 0 31 13 6 18
split_gain=987877 329442 173015 106645 101450 139619 91080 96578.2 84589.3 80458.5 77368.9 76723.8 75084 51251.5
threshold=67.255703422053259 51.403675538656536 108.2638190954774 13.928571428571431 11.001790500000002 18.225000000000005 6.5000000000000009 8.2897760000000016 9.6966480000000015 34.083213737060554 45.000105618926916 1.7999977181282774 6.8836735000000013 0.40799999999999997
decision_type=2 2 2 2 2 2 2 2 2 2 2 2 2 2
left_child=1 3 4 -1 10 -6 11 -8 -5 13 -2 -3 -11 -4
right_child=2 6 9 8 5 -7 7 -9 -10 12 -12 -13 -14 -15
leaf_value=-0.073662391771555202 0.018403896082390698 0.035713956146352331 0.14233370390865707 -0.015941342622365455 -0.089809215211348659 0.034682739755900624 0.0069911116415047993 -0.03449222750963709 -0.04285376771955756 0.17888712194686038 0.066286135800850826 -0.00026965979242568437 0.078823808002396301 -0.063100923921943858
leaf_weight=5281 4457 12669 183 30127 1213 3501 14766 9053 19073 1829 13895 11132 1271 361
leaf_count=5281 4457 12669 183 30127 1213 3501 14766 9053 19073 1829 13895 11132 1271 361
internal_value=4.15537e-12 -0.0141644 0.0541443 -0.0309581 0.0440283 0.00264864 0.00504895 -0.00877566 -0.0263743 0.118177 0.0546574 0.018884 0.137861 0.00600668
internal_weight=128811 102101 26710 54481 23066 4714 47620 23819 49200 3644 18352 23801 3100 544
internal_count=128811 102101 26710 54481 23066 4714 47620 23819 49200 3644 18352 23801 3100 544
is_linear=0
shrinkage=0.01


Tree=166
num_leaves=15
num_cat=0
split_feature=22 31 31 47 7 25 6 47 23 7 14 14 47 13
split_gain=836660 289516 216792 180058 177282 150942 126925 97769.6 94719.9 93963.5 72169.7 67711.8 59861.5 32550.7
threshold=63.309885931558945 33.324989438107316 51.376531474440227 1.0000000180025095e-35 1003.9999500000001 69.146282213772722 13.60318975 1.0000000180025095e-35 134.29704288063743 1006.4001350000001 6.1529304970907202 8.6399950876219993 1.0000000180025095e-35 -2.5883773669708261
decision_type=2 2 2 2 2 2 2 2 2 2 2 2 2 2
left_child=1 7 10 6 8 -6 -3 11 -4 -5 12 -1 -2 -12
right_child=2 3 4 9 5 -7 -8 -9 -10 -11 13 -13 -14 -15
leaf_value=-0.043381112916392621 0.0046129466083004046 -0.0027826746709381889 0.025749114482419091 0.028753429157206706 0.042166594830146384 0.12017337944501387 -0.043268158258052955 0.011171654118319638 0.21831778240365335 0.12864671328417049 -0.082386468371376406 -0.098601242035435327 0.048404058327408628 -0.0017748487649788692
leaf_weight=22732 7935 51345 8873 4006 3935 6711 9119 3050 263 1231 1015 2461 5146 989
leaf_count=22732 7935 51345 8873 4006 3935 6711 9119 3050 263 1231 1015 2461 5146 989
internal_value=-7.22542e-12 -0.0155264 0.0418336 -0.00401651 0.0636083 0.0913403 -0.00888857 -0.0423016 0.0312926 0.0522342 0.013279 -0.0487753 0.0218402 -0.0426036
internal_weight=128811 93944 34867 65701 19782 10646 60464 28243 9136 5237 15085 25193 13081 2004
internal_count=128811 93944 34867 65701 19782 10646 60464 28243 9136 5237 15085 25193 13081 2004
is_linear=0
shrinkage=0.01


Tree=167
num_leaves=15
num_cat=0
split_feature=20 20 20 6 2 4 5 13 17 0 8 4 7 22
split_gain=954874 251328 218359 108138 177007 91753.5 85880.1 97145.9 83877.8 81694.7 76834 66654.5 61275.7 54840.9
threshold=60.15256653992396 93.323827629911293 36.166666666666671 9.7100000000000026 17.225000000000005 1.0000000180025095e-35 18.500000000000004 1.0549740469210389 0.010805572505596772 34.083213737060554 -0.5 1.0000000180025095e-35 1004.3998300000002 116.8819095477387
decision_type=2 2 2 2 2 2 2 2 2 2 2 2 2 2
left_child=2 3 10 12 -5 9 7 -4 -8 -3 13 -12 -2 -1
right_child=1 5 6 4 -6 -7 8 -9 -10 -11 11 -13 -14 -15
leaf_value=-0.016890529507080837 0.023503940843426687 0.026520092383554492 0.025015114130530796 -0.071085738082781638 0.02505250645525512 -0.1007469214636849 -0.010712972616058563 -0.010880675046707412 -0.05335535108102693 0.12104603984204484 -0.044050958688689593 -0.097961704986924011 0.054534761182636164 0.31527837049961088
leaf_weight=8381 12174 1116 12709 2542 7766 227 18815 18535 6111 5059 19392 2601 13333 50
leaf_count=8381 12174 1116 12709 2542 7766 227 18815 18535 6111 5059 19392 2601 13333 50
internal_value=1.18058e-11 0.0389939 -0.0190106 0.0286781 0.00134438 0.096704 -0.00732376 0.00372052 -0.0211674 0.103962 -0.0405874 -0.0504267 0.0397243 -0.0149206
internal_weight=128811 42217 86594 35815 10308 6402 56170 31244 24926 6175 30424 21993 25507 8431
internal_count=128811 42217 86594 35815 10308 6402 56170 31244 24926 6175 30424 21993 25507 8431
is_linear=0
shrinkage=0.01


Tree=168
num_leaves=15
num_cat=0
split_feature=22 0 13 6 10 44 1 27 2 3 1 2 6 24
split_gain=809857 312347 245849 188117 176686 161375 138927 130193 107434 92658.9 89740.7 83414.3 86154.9 74927.1
threshold=67.221276244007285 36.742692288818368 -5.3999977199171356 7.528860550000001 -1.0000000180025095e-35 1.0000000180025095e-35 -118.21337597412109 120.57537688442213 14.825000000000001 72.962955000000008 -118.21337597412109 18.225000000000005 12.100785000000002 14.562642131134353
decision_type=2 2 2 2 2 2 2 2 2 2 2 2 2 2
left_child=1 6 -3 5 -4 10 8 -7 -1 -8 -2 12 -5 -13
right_child=3 2 4 11 -6 7 9 -9 -10 -11 -12 13 -14 -15
leaf_value=-0.023468400174378679 0.026943237571301293 -0.10009737615277033 -0.0054465174330809371 0.017671158472221379 -0.046513932783562424 0.098178651213479282 0.069426760740889368 0.24054668266928597 0.0081636876766208715 0.0081905659451578499 0.087649938077293349 0.028368402660150435 -0.068299093139510186 0.11950751703973449
leaf_weight=17537 6205 4734 23060 3653 19198 3800 4701 773 27691 5209 4008 5449 1712 1081
leaf_count=17537 6205 4734 23060 3653 19198 3800 4701 773 27691 5209 4008 5449 1712 1081
internal_value=-2.11847e-11 -0.012816 -0.0317593 0.0490573 -0.0241036 0.0728733 0.00332865 0.122244 -0.00410154 0.0372391 0.050767 0.0194529 -0.00976241 0.0434559
internal_weight=128811 102130 46992 26681 42258 14786 55138 4573 45228 9910 10213 11895 5365 6530
internal_count=128811 102130 46992 26681 42258 14786 55138 4573 45228 9910 10213 11895 5365 6530
is_linear=0
shrinkage=0.01


Tree=169
num_leaves=15
num_cat=0
split_feature=20 20 7 5 31 0 0 14 5 7 10 0 22 47
split_gain=925107 335969 131935 153909 124764 109263 89983.3 90325.4 88583.1 77761.3 54391.2 59925.5 50427.4 43843.1
threshold=54.366920152091261 75.453422053231961 1003.9001350000001 11.500000000000002 44.444550063371366 34.083213737060554 36.742692288818368 6.1529304970907202 3.5000000000000004 1006.3000500000002 1.0000000180025095e-35 36.742692288818368 143.47487437185933 1.0000000180025095e-35
decision_type=2 2 2 2 2 2 2 2 2 2 2 2 2 2
left_child=4 8 3 -3 6 -4 13 -8 -2 -10 12 -12 -6 -1
right_child=1 2 5 -5 10 -7 7 -9 9 -11 11 -13 -14 -15
leaf_value=-0.0267295629761219 0.028851956350649726 0.071904510340962222 0.024276546704591367 -0.028550599234138416 0.0046450144471676747 0.10775717183003523 -0.041647813702597361 -0.099461221821626866 -0.011853321834854044 0.025282964986486304 0.0038084818431404865 -0.044609102632483362 0.30272617842021743 0.014500649960805429
leaf_weight=16213 21593 3831 1973 2534 13157 7635 20318 3117 16109 8675 4367 6165 57 3067
leaf_count=16213 21593 3831 1973 2534 13157 7635 20318 3117 16109 8675 4367 6165 57 3067
internal_value=-8.31687e-12 0.0276684 0.0672223 0.0319119 -0.025957 0.0906144 -0.0361726 -0.0493374 0.0140454 0.00114528 -0.0075808 -0.0245332 0.00593082 -0.0201708
internal_weight=128811 62350 15973 6365 66461 9608 42715 23435 46377 24784 23746 10532 13214 19280
internal_count=128811 62350 15973 6365 66461 9608 42715 23435 46377 24784 23746 10532 13214 19280
is_linear=0
shrinkage=0.01


Tree=170
num_leaves=15
num_cat=0
split_feature=20 20 7 2 20 20 5 17 6 47 7 13 5 14
split_gain=907882 323631 167204 171529 128495 103150 90041.4 96381.1 81921.5 81149.5 77752.6 74871.3 74228.6 49714.7
threshold=68.553231939163524 51.78250950570343 1003.9001350000001 14.625000000000002 119.59045226130655 13.928571428571431 6.5000000000000009 0.0086852942095260021 10.197528500000002 1.0000000180025095e-35 1001.8003300000001 1.7999977181282774 9.5000000000000018 7.5353316543005482
decision_type=2 2 2 2 2 2 2 2 2 2 2 2 2 2
left_child=1 5 3 10 9 -1 11 -8 -7 -4 -2 -3 -5 -6
right_child=2 6 4 12 13 8 7 -9 -10 -11 -12 -13 -14 -15
leaf_value=-0.071292824137681121 -0.1481477155574098 0.035839764273943552 0.050020666631918495 0.063158823253512589 0.17286488378374718 -0.015435529104436263 0.0068132173553926631 -0.035218719151654261 -0.042032521333231827 0.10803528809092837 -0.0095983715960948571 0.0005209880505403356 0.0037812330224319874 -0.060253027523915793
leaf_weight=5281 697 13153 8380 6082 1608 32716 15974 8285 17926 3385 967 11040 3220 97
leaf_count=5281 697 13153 8380 6082 1608 32716 15974 8285 17926 3385 967 11040 3220 97
internal_value=-1.65649e-11 -0.0128456 0.0548683 0.025877 0.0784703 -0.0292359 0.00607198 -0.00754164 -0.0248502 0.0667125 -0.0676326 0.0197227 0.0426046 0.159602
internal_weight=128811 104375 24436 10966 13470 55923 48452 24259 50642 11765 1664 24193 9302 1705
internal_count=128811 104375 24436 10966 13470 55923 48452 24259 50642 11765 1664 24193 9302 1705
is_linear=0
shrinkage=0.01


Tree=171
num_leaves=15
num_cat=0
split_feature=20 20 20 13 4 6 5 22 2 20 4 17 22 14
split_gain=890398 263647 181269 115248 110081 99812.5 91582.9 76685.1 74147.5 73345.8 72860.7 54742.7 30889.1 26462
threshold=64.818124207858077 40.06944444444445 108.2638190954774 10.799998940360799 1.0000000180025095e-35 18.803168500000002 6.5000000000000009 68.159315589353625 21.225000000000005 13.121693121693125 1.0000000180025095e-35 0.0096248946512900117 31.193693693693699 -12.528775007022446
decision_type=2 2 2 2 2 2 2 2 2 2 2 2 2 2
left_child=1 9 3 4 -2 6 -3 -4 -7 12 -9 -11 -1 -5
right_child=2 5 7 13 -6 8 -8 10 -10 11 -12 -13 -14 -15
leaf_value=-0.096128769648241283 0.044384949497008871 0.013155200113066319 -0.0049340712265555911 -0.19751117178314442 -0.067016063007817261 -0.12324986744229965 -0.011918705564465209 0.13992383029783675 -0.013969212338682334 -0.019834792969142631 -0.1133347861595073 -0.046495854059140813 -0.04454599423115807 -0.054679009336205668
leaf_weight=2596 26287 28797 482 185 918 1146 29479 3044 1355 18847 118 13023 2100 434
leaf_count=2596 26287 28797 482 185 918 1146 29479 3044 1355 18847 118 13023 2100 434
internal_value=-1.39513e-11 -0.0149485 0.0462417 0.0375559 0.0406259 -0.00218329 0.000471528 0.112562 -0.0640434 -0.0361658 0.130473 -0.0307293 -0.0730615 -0.0973671
internal_weight=128811 97343 31468 27824 27205 60777 58276 3644 2501 36566 3162 31870 4696 619
internal_count=128811 97343 31468 27824 27205 60777 58276 3644 2501 36566 3162 31870 4696 619
is_linear=0
shrinkage=0.01


Tree=172
num_leaves=15
num_cat=0
split_feature=23 25 0 10 1 17 4 3 1 14 41 15 2 9
split_gain=701399 265299 180764 158312 148533 141335 134749 99585.7 99390.2 75053.2 74698.5 66953.8 66305.7 42338
threshold=53.928073510773139 81.688816897294544 36.742692288818368 1.0000000180025095e-35 -119.7866065258789 0.012405292241965805 1.0000000180025095e-35 70.000125000000011 -118.21337597412109 6.1529304970907202 53.051277989015638 0.17061669092148882 19.325000000000006 -0.37940952255126015
decision_type=2 2 2 2 2 2 2 2 2 2 2 2 2 2
left_child=2 4 8 10 -2 7 -6 -3 11 -5 -4 -1 -7 -10
right_child=1 5 3 9 6 12 -8 -9 13 -11 -12 -13 -14 -15
leaf_value=-0.033718890629708821 -0.020416244380206675 0.12579748851436948 -0.027295735860808953 -0.048484302921310535 0.027403460353559689 -0.1271043244277813 -0.065074363310883815 0.05674514758968275 0.0049736888187477723 -0.10523896217324125 0.019249208183292555 0.0001255758093050686 0.036698614535958698 0.073299505211978366
leaf_weight=8579 9300 3659 13249 16966 40135 463 1640 4866 1568 2701 4661 18343 530 2151
leaf_count=8579 9300 3659 13249 16966 40135 463 1640 4866 1568 2701 4661 18343 530 2151
internal_value=2.8957e-11 0.0247596 -0.0219922 -0.0366915 0.0157268 0.0732313 0.023773 0.086383 -0.00396544 -0.0562788 -0.0151826 -0.0106593 -0.0396768 0.0444921
internal_weight=128811 60593 68218 37577 51075 9518 41775 8525 30641 19667 17910 26922 993 3719
internal_count=128811 60593 68218 37577 51075 9518 41775 8525 30641 19667 17910 26922 993 3719
is_linear=0
shrinkage=0.01


Tree=173
num_leaves=15
num_cat=0
split_feature=20 20 31 4 31 1 0 0 13 10 0 22 1 0
split_gain=862279 305176 128864 111824 101889 107219 101759 87559.7 88734 52967.3 65824.4 49161 43007.5 35122.2
threshold=54.742675016774776 82.393536121673023 44.444550063371366 1.0000000180025095e-35 23.923611111111118 -118.21337597412109 34.083213737060554 36.742692288818368 -4.3315975928084693 1.0000000180025095e-35 36.742692288818368 143.47487437185933 -118.21337597412109 36.742692288818368
decision_type=2 2 2 2 2 2 2 2 2 2 2 2 2 2
left_child=2 4 7 6 13 -6 -3 12 -9 11 -11 -4 -1 -2
right_child=1 3 9 -5 5 -7 -8 8 -10 10 -12 -13 -14 -15
leaf_value=-0.025607258291288359 -0.025703461871786945 0.025852784692795189 0.0053801015215793691 -0.092887035977513618 0.013601491560372565 0.053438132839185373 0.098228583666546868 -0.092182433293112057 -0.039229459234861097 0.0054865914290290361 -0.043715551343541596 0.2996514480887798 0.014580336022503936 -0.13098816556437465
leaf_weight=16731 2881 2549 14114 383 37541 8239 8166 3768 19759 4762 6338 57 3167 356
leaf_count=16731 2881 2549 14114 383 37541 8239 8166 3768 19759 4762 6338 57 3167 356
internal_value=-3.19858e-12 0.0276581 -0.0242032 0.0750097 0.0169371 0.0207709 0.081011 -0.0346514 -0.0477102 -0.00624934 -0.0226074 0.00656375 -0.0192109 -0.0372825
internal_weight=128811 60115 68696 11098 49017 45780 10715 43425 23527 25271 11100 14171 19898 3237
internal_count=128811 60115 68696 11098 49017 45780 10715 43425 23527 25271 11100 14171 19898 3237
is_linear=0
shrinkage=0.01


Tree=174
num_leaves=15
num_cat=0
split_feature=22 31 7 0 5 0 17 23 13 31 22 0 2 31
split_gain=740778 295425 186746 184490 147249 123033 139493 114988 92690.1 87643.1 83207.1 76046.2 75561.6 49317.9
threshold=67.221276244007285 44.444550063371366 1007.5001000000001 36.742692288818368 1.5000000000000002 35.400001525878913 0.012946693346382803 134.29704288063743 -4.3315975928084693 29.463244613434728 82.542585551330816 34.083213737060554 14.925000000000002 59.766608576256878
decision_type=2 2 2 2 2 2 2 2 2 2 2 2 2 2
left_child=1 3 4 12 7 11 -7 -2 -5 -6 -4 -3 -1 -12
right_child=2 5 10 8 9 6 -8 -9 -10 -11 13 -13 -14 -15
leaf_value=-0.028891317913198149 0.05698071194051469 0.014950721452137043 0.055322217481018683 -0.094612483846910414 -0.051161046917351814 0.0014788430384902018 -0.059351942574695837 0.26737639081467041 -0.040601778410927034 0.020849327054981898 0.084066316388547432 0.064533135025877431 0.0037485434659849299 0.15686073916440627
leaf_weight=13276 7565 16315 3531 3760 2055 24781 4446 269 20507 9520 1740 3817 15228 2001
leaf_count=13276 7565 16315 3531 3760 2055 24781 4446 269 20507 9520 1740 3817 15228 2001
internal_value=2.32271e-12 -0.0122572 0.0469184 -0.028706 0.0307246 0.00532856 -0.00777471 0.0642052 -0.0489704 0.00806476 0.0901398 0.0243515 -0.0114538 0.123003
internal_weight=128811 102130 26681 52771 19409 49359 29227 7834 24267 11575 7272 20132 28504 3741
internal_count=128811 102130 26681 52771 19409 49359 29227 7834 24267 11575 7272 20132 28504 3741
is_linear=0
shrinkage=0.01


Tree=175
num_leaves=15
num_cat=0
split_feature=20 20 7 2 20 4 31 17 7 17 2 8 9 31
split_gain=835379 296437 160683 166268 122690 107440 105619 85596 75641.1 72483 99154.5 62267.7 59815.6 45741
threshold=68.553231939163524 52.887632579547734 1003.9001350000001 14.625000000000002 141.99748743718598 1.0000000180025095e-35 45.000105618926916 0.0096248946512900117 1001.8003300000001 0.017349384893164829 21.125000000000004 1.0000000180025095e-35 -0.70710678118654757 12.30769230769231
decision_type=2 2 2 2 2 2 2 2 2 2 2 2 2 2
left_child=1 5 3 8 6 7 -4 -1 -2 12 -11 -7 -3 -5
right_child=2 9 4 13 -6 11 -8 -9 -10 10 -12 -13 -14 -15
leaf_value=-0.012649071078005357 -0.1472672172632587 -0.010116869406916543 0.015024112640772849 -0.20865301243246417 0.19438465229846238 -0.036870201651868661 0.083822733903722788 -0.038534213295399494 -0.010612081759777825 -0.12762722729102413 0.0033377816875968698 -0.1013771478129369 0.017860548379891289 0.042652750322684549
leaf_weight=34887 697 10181 2893 73 819 3245 9758 20155 967 913 1576 2777 30641 9229
leaf_count=34887 697 10181 2893 73 819 3245 9758 20155 967 913 1576 2777 30641 9229
internal_value=1.99054e-12 -0.012322 0.0526318 0.0242115 0.075769 -0.026515 0.06809 -0.0221276 -0.0678528 0.00768862 -0.044702 -0.0666171 0.010883 0.0406806
internal_weight=128811 104375 24436 10966 13470 61064 12651 55042 1664 43311 2489 6022 40822 9302
internal_count=128811 104375 24436 10966 13470 61064 12651 55042 1664 43311 2489 6022 40822 9302
is_linear=0
shrinkage=0.01


Tree=176
num_leaves=15
num_cat=0
split_feature=20 20 7 22 15 17 8 20 1 0 6 19 10 0
split_gain=818755 290537 157485 131506 116814 105551 100349 90479.2 87393.5 85818 71491.1 72686.9 56362.4 53697.5
threshold=68.553231939163524 52.887632579547734 1003.9001350000001 80.444428195378791 0.15151514960208148 0.015173961901385606 -0.5 130.97864321608043 -118.21337597412109 35.400001525878913 17.400723500000002 1.471676822148402 -0.24999999999999994 37.042691525878915
decision_type=2 2 2 2 2 2 2 2 2 2 2 2 2 2
left_child=1 5 4 8 -2 6 -1 -5 -4 -7 13 -12 -6 -3
right_child=2 10 3 7 12 9 -8 -9 -10 -11 11 -13 -14 -15
leaf_value=0.00045061388000503633 -0.081460816717970772 0.014275030438436941 0.029068451591040729 0.093424203049006449 0.048843674242734586 -0.0054411959596747453 -0.029861420829436703 0.19816736317280195 0.10348018353260059 -0.076156122078701788 -0.10931121068310638 0.0012979435448106811 -0.0040587342852718578 -0.026544921323527652
leaf_weight=15583 959 37342 5839 4456 7213 2312 36510 1012 2163 6659 1021 1421 2794 3527
leaf_count=15583 959 37342 5839 4456 7213 2312 36510 1012 2163 6659 1021 1421 2794 3527
internal_value=1.58985e-11 -0.0121988 0.0521055 0.0750113 0.0239694 -0.0262499 -0.0207939 0.11281 0.0491825 -0.0579315 0.00761174 -0.0449477 0.0340731 0.0107523
internal_weight=128811 104375 24436 13470 10966 61064 52093 5468 8002 8971 43311 2442 10007 40869
internal_count=128811 104375 24436 13470 10966 61064 52093 5468 8002 8971 43311 2442 10007 40869
is_linear=0
shrinkage=0.01


Tree=177
num_leaves=15
num_cat=0
split_feature=20 20 20 6 2 31 6 8 31 7 4 7 2 33
split_gain=802630 215538 186297 101204 166832 90540 77765.9 73999.1 72540 67273.6 61244.7 56338.8 51586.2 49531.8
threshold=60.15256653992396 93.323827629911293 36.166666666666671 9.7100000000000026 17.225000000000005 28.908730158730162 18.803168500000002 -0.5 60.137515842839044 1003.9001350000001 1.0000000180025095e-35 1006.5004000000001 21.525000000000002 102.71001872480274
decision_type=2 2 2 2 2 2 2 2 2 2 2 2 2 2
left_child=2 3 7 11 -5 -3 8 13 -4 -7 -9 -2 -8 -1
right_child=1 5 6 4 -6 9 12 10 -10 -11 -12 -13 -14 -15
leaf_value=-0.013352262408974412 0.025445728286601434 -0.01475040455548628 -0.0080999502922987233 -0.070563080882815529 0.022771133768611843 0.052475405829114863 -0.1064167085433262 -0.040903701987055223 0.02968332113045007 0.12641383902591555 -0.092580432088774228 0.056194539186321286 -0.015399673272136743 0.48489252775907515
leaf_weight=8411 16019 741 47996 2542 7766 1808 1255 19392 5683 3853 2601 9488 1236 20
leaf_count=8411 16019 741 47996 2542 7766 1808 1255 19392 5683 3853 2601 9488 1236 20
internal_value=9.33498e-12 0.0357504 -0.0174293 0.0261974 -0.000245511 0.0891937 -0.00663454 -0.0373591 -0.00409983 0.1028 -0.0470152 0.0368836 -0.0612553 -0.0121703
internal_weight=128811 42217 86594 35815 10308 6402 56170 30424 53679 5661 21993 25507 2491 8431
internal_count=128811 42217 86594 35815 10308 6402 56170 30424 53679 5661 21993 25507 2491 8431
is_linear=0
shrinkage=0.01


Tree=178
num_leaves=15
num_cat=0
split_feature=23 31 1 0 23 10 1 14 1 30 14 31 2 10
split_gain=629806 243211 178248 168281 166250 151308 137637 99643.3 95336.3 76301.2 70830.5 68229.4 61085.5 55924.5
threshold=53.928073510773139 59.385509083227724 -118.21337597412109 36.742692288818368 125.67572371516049 1.0000000180025095e-35 -118.21337597412109 7.2000092342799205 -118.21337597412109 72.261592075289869 6.1529304970907202 33.880544993662873 14.825000000000001 0.25000000000000011
decision_type=2 2 2 2 2 2 2 2 2 2 2 2 2 2
left_child=3 6 4 8 -3 11 7 -2 12 -8 -7 -5 -1 -4
right_child=1 2 13 5 -6 10 9 -9 -10 -11 -12 -13 -14 -15
leaf_value=-0.026520921731295936 0.0029271377592223992 0.036573650439917331 0.10126566747216026 -0.040693096639208282 0.17814263555630785 -0.046599317170389613 0.017451808530306069 -0.066284608968380565 0.044012497592898561 0.068671376801367409 -0.10173427705108562 0.00027427993494166878 0.0037335804568086333 0.22087855631188949
leaf_weight=12223 26269 17417 890 6238 871 16966 7397 2259 3719 4793 2701 11672 14699 697
leaf_count=12223 26269 17417 890 6238 871 16966 7397 2259 3719 4793 2701 11672 14699 697
internal_value=1.88237e-11 0.023462 0.0521381 -0.0208396 0.0433161 -0.0350222 0.00946483 -0.00255342 -0.00344646 0.0375909 -0.0541714 -0.0139945 -0.0100024 0.153799
internal_weight=128811 60593 19875 68218 18288 37577 40718 28528 30641 12190 19667 17910 26922 1587
internal_count=128811 60593 19875 68218 18288 37577 40718 28528 30641 12190 19667 17910 26922 1587
is_linear=0
shrinkage=0.01


Tree=179
num_leaves=15
num_cat=0
split_feature=20 20 7 2 20 31 4 17 2 9 7 9 8 31
split_gain=776068 275408 151786 160060 115869 102779 92881.8 81522.9 102434 77820.6 73860.6 65786.2 56111.1 44737.5
threshold=68.553231939163524 51.403675538656536 1003.9001350000001 14.625000000000002 141.99748743718598 45.000105618926916 1.0000000180025095e-35 0.017349384893164829 20.525000000000002 -0.60355339059327384 1001.8003300000001 -0.70710678118654757 1.0000000180025095e-35 12.30769230769231
decision_type=2 2 2 2 2 2 2 2 2 2 2 2 2 2
left_child=1 6 3 10 5 -4 9 11 -9 -1 -2 -3 -8 -5
right_child=2 7 4 13 -6 -7 12 8 -10 -11 -12 -13 -14 -15
leaf_value=-0.040596671969276618 -0.14569668845619629 -0.012012777867070432 0.013406736588052763 -0.20731773907191134 0.18848742560964529 0.081273804442568182 -0.036562542542271238 -0.1245324672173214 -0.0012668605671059402 -0.013950054572437276 -0.010659434921710127 0.015178050513373719 -0.099988859441284036 0.041215825697582788
leaf_weight=16595 697 11924 2893 73 819 9758 3009 1062 1846 32277 967 35062 2600 9229
leaf_count=16595 697 11924 2893 73 819 9758 3009 1062 1846 32277 967 35062 2600 9229
internal_value=3.58004e-12 -0.0118766 0.0507291 0.0231067 0.0732165 0.0657541 -0.0274216 0.00509761 -0.0462834 -0.0229982 -0.0672225 0.00827762 -0.0659632 0.0392654
internal_weight=128811 104375 24436 10966 13470 12651 54481 49894 2908 48872 1664 46986 5609 9302
internal_count=128811 104375 24436 10966 13470 12651 54481 49894 2908 48872 1664 46986 5609 9302
is_linear=0
shrinkage=0.01


Tree=180
num_leaves=15
num_cat=0
split_feature=20 20 7 5 22 5 8 13 20 1 5 17 2 13
split_gain=760625 270423 148765 160381 126145 103068 116923 107266 85616.3 84798.6 76534.3 83314.7 59930.6 57122.6
threshold=68.553231939163524 52.887632579547734 1003.9001350000001 19.500000000000004 80.444428195378791 18.500000000000004 -0.25881904510252113 1.0800004224300357 130.97864321608043 -118.21337597412109 6.5000000000000009 0.0076208114217326947 13.425000000000002 1.7999977181282774
decision_type=2 2 2 2 2 2 2 2 2 2 2 2 2 2
left_child=1 5 3 -2 9 7 -7 -1 -6 -4 13 -12 -5 -3
right_child=2 10 4 12 8 6 -8 -9 -10 -11 11 -13 -14 -15
leaf_value=0.015189644210440849 0.051247846156665153 0.035152255897034738 0.027374325031281448 -0.10069160893983829 0.090647008183101466 -0.014982215308995125 -0.055563779669043287 -0.024886165037042347 0.19253654771826778 0.10067298532686322 0.010829148300128296 -0.028866904006392646 -0.0072968955341739571 0.0024422893382339207
leaf_weight=9551 7073 12050 5839 891 4456 12077 17227 22209 1012 2163 12526 9149 3002 9586
leaf_count=9551 7073 12050 5839 891 4456 12077 17227 22209 1012 2163 12526 9149 3002 9586
internal_value=-2.39921e-12 -0.0117578 0.0502218 0.0228757 0.0724844 -0.0253137 -0.038839 -0.0128344 0.109504 0.0471875 0.00735469 -0.00592652 -0.0286724 0.0206598
internal_weight=128811 104375 24436 10966 13470 61064 29304 31760 5468 8002 43311 21675 3893 21636
internal_count=128811 104375 24436 10966 13470 61064 29304 31760 5468 8002 43311 21675 3893 21636
is_linear=0
shrinkage=0.01


Tree=181
num_leaves=15
num_cat=0
split_feature=20 20 20 5 6 6 2 6 20 2 25 0 6 7
split_gain=745999 206768 171482 96901.4 88673.3 88204.9 132769 83529.3 81762.4 67671.6 64963.5 63234.2 52786.1 51768.2
threshold=63.309885931558945 36.166666666666671 93.323827629911293 18.500000000000004 9.3981377500000018 10.507109000000002 20.925000000000001 6.8836735000000013 155.57403433476398 20.525000000000002 12.326388888888891 35.400001525878913 13.60318975 1004.4999700000002
decision_type=2 2 2 2 2 2 2 2 2 2 2 2 2 2
left_child=1 10 5 11 -5 13 -7 8 -4 -9 -1 -3 -12 -2
right_child=2 3 7 4 -6 6 -8 9 -10 -11 12 -13 -14 -15
leaf_value=-0.11604123947776848 0.023026204811357091 0.023543256493430819 0.10088590850956855 -0.006041401389179424 -0.044084180385839916 -0.061988131677773797 0.0299644210986297 0.0019106671265376135 0.25938249087578574 0.10802696244928195 -0.026302256723176876 -0.0039505750740381424 -0.058555166984829182 0.053981221680370312
leaf_weight=984 10540 13583 3485 19063 9029 2413 4496 1593 359 965 22923 21777 6517 11084
leaf_count=984 10540 13583 3485 19063 9029 2413 4496 1593 359 965 22923 21777 6517 11084
internal_value=-1.05588e-11 -0.0146807 0.0394493 -0.00440407 -0.0182687 0.0289548 -0.00215043 0.0862223 0.115688 0.0419428 -0.0361134 0.00661076 -0.0334419 0.0388931
internal_weight=128811 93876 34935 63452 28092 28533 6909 6402 3844 2558 30424 35360 29440 21624
internal_count=128811 93876 34935 63452 28092 28533 6909 6402 3844 2558 30424 35360 29440 21624
is_linear=0
shrinkage=0.01


Tree=182
num_leaves=15
num_cat=0
split_feature=22 0 13 17 44 11 25 47 5 9 7 13 0 22
split_gain=659398 236140 199850 173918 158841 142296 124705 109229 107478 84457.5 83138.9 73637.7 71306.8 58004.8
threshold=63.309885931558945 36.742692288818368 -5.3999977199171356 0.0071642536833790632 1.0000000180025095e-35 0.25000000000000017 96.754625870161973 1.0000000180025095e-35 2.5000000000000004 -0.5 1006.5004000000001 2.1615859956647241 35.400001525878913 151.876251788269
decision_type=2 2 2 2 2 2 2 2 2 2 2 2 2 2
left_child=1 7 -3 4 9 -4 -6 11 13 -2 -9 -1 -10 -5
right_child=3 2 5 8 6 -7 -8 10 12 -11 -12 -13 -14 -15
leaf_value=0.0052646221636843682 0.0062114876072192184 -0.09313756029690401 -0.037040033520997391 0.037923800725171833 0.078386322071258327 0.002414389714801153 0.19462497060679224 0.016875899593760763 0.013088650611565332 0.05950453784434262 0.091518636687048502 -0.022325908332484705 -0.043685824680760356 0.21768290182575584
leaf_weight=25121 4657 4559 26209 7352 3820 14037 1217 6335 5854 8227 1952 15731 3556 184
leaf_count=25121 4657 4559 26209 7352 3820 14037 1217 6335 5854 8227 1952 15731 3556 184
internal_value=-1.76949e-12 -0.0137838 -0.0303874 0.0371385 0.0588564 -0.0232791 0.106471 0.00135528 0.0141711 0.0402414 0.034458 -0.00535974 -0.00836619 0.0423128
internal_weight=128811 93944 44805 34867 17921 40246 5037 49139 16946 12884 8287 40852 9410 7536
internal_count=128811 93944 44805 34867 17921 40246 5037 49139 16946 12884 8287 40852 9410 7536
is_linear=0
shrinkage=0.01


Tree=183
num_leaves=15
num_cat=0
split_feature=23 25 0 13 11 1 6 4 1 0 13 4 9 0
split_gain=576829 222493 159181 145704 139347 136801 132071 124787 91746.7 89271.5 75890.4 58144.8 40449.6 31028.2
threshold=53.928073510773139 81.688816897294544 36.742692288818368 -6.1506612118435582 0.25000000000000017 -119.7866065258789 12.404780500000003 1.0000000180025095e-35 -118.21337597412109 34.083213737060554 -5.3999977199171356 0.25000000000000006 -0.37940952255126015 37.042691525878915
decision_type=2 2 2 2 2 2 2 2 2 2 2 2 2 2
left_child=2 5 8 -4 -5 13 9 -7 11 -3 -8 -1 -10 -2
right_child=1 6 3 4 -6 7 10 -9 12 -11 -12 -13 -14 -15
leaf_value=-0.0059743378894051846 -0.0076576703510757441 0.004495649818816911 -0.09526780829349063 -0.041352423115163031 0.0019400733259177666 0.025397079894613594 0.032480303876101971 -0.063596651364044757 0.0049023661413972446 0.093574301159366977 -0.14378106220166301 -0.071439400198859651 0.071687078567731377 -0.046474526946335609
leaf_weight=25489 6222 1334 3491 23129 10957 40135 580 1640 1568 7182 422 1433 2151 3078
leaf_count=25489 6222 1334 3491 23129 10957 40135 580 1640 1568 7182 422 1433 2151 3078
internal_value=-1.65998e-11 0.0224536 -0.0199438 -0.0337377 -0.027436 0.0141815 0.0668429 0.0219034 -0.00302754 0.0796205 -0.0417535 -0.0094589 0.0435294 -0.0205048
internal_weight=128811 60593 68218 37577 34086 51075 9518 41775 30641 8516 1002 26922 3719 9300
internal_count=128811 60593 68218 37577 34086 51075 9518 41775 30641 8516 1002 26922 3719 9300
is_linear=0
shrinkage=0.01


Tree=184
num_leaves=15
num_cat=0
split_feature=22 31 7 0 5 1 23 6 7 1 13 31 2 0
split_gain=638636 263610 169441 161662 139354 131667 106348 88254.1 86952.4 86712.1 84146.2 81187.4 68946.8 67815.4
threshold=67.221276244007285 44.444550063371366 1007.5001000000001 36.742692288818368 1.5000000000000002 -118.21337597412109 134.29704288063743 15.303705000000003 1006.4001350000001 -119.7866065258789 -4.3315975928084693 29.463244613434728 14.925000000000002 34.083213737060554
decision_type=2 2 2 2 2 2 2 2 2 2 2 2 2 2
left_child=1 3 4 12 6 7 -2 -3 -7 -4 -5 -6 -1 -11
right_child=2 5 9 10 11 8 -8 -9 -10 13 -12 -13 -14 -15
leaf_value=-0.027425882430363618 0.053761436970193206 0.0048653948697159784 0.00010921566256345295 -0.089375649508926638 -0.050908309957656071 0.034673038827527557 0.25609910223065258 -0.043916023748604642 0.14610034602898539 0.032332971124167637 -0.037914402725968153 0.018399207145195287 0.00375259305631185 0.11518501908930237
leaf_weight=13276 7565 41469 1038 3760 2055 2893 269 4073 924 1231 20507 9520 15228 5003
leaf_count=13276 7565 41469 1038 3760 2055 2893 269 4073 924 1231 20507 9520 15228 5003
internal_value=-2.09747e-11 -0.0113808 0.0435638 -0.0269187 0.0281385 0.00523104 0.0607092 0.000502681 0.0616468 0.084734 -0.045888 0.0060945 -0.0107691 0.0988246
internal_weight=128811 102130 26681 52771 19409 49359 7834 45542 3817 7272 24267 11575 28504 6234
internal_count=128811 102130 26681 52771 19409 49359 7834 45542 3817 7272 24267 11575 28504 6234
is_linear=0
shrinkage=0.01


Tree=185
num_leaves=15
num_cat=0
split_feature=20 20 31 14 31 46 1 17 8 17 4 11 4 10
split_gain=701855 251916 114544 106257 90425.9 105158 82072.8 73531.5 70839.7 60393 52309.9 49571.2 39941.2 31330.5
threshold=54.742675016774776 87.37737642585553 33.324989438107316 7.2000092342799205 28.908730158730162 1.0000000180025095e-35 -118.21337597412109 0.019438067362094726 -0.5 0.013436250959373676 0.25000000000000006 0.25000000000000017 1.0000000180025095e-35 0.68301270189221941
decision_type=2 2 2 2 2 2 2 2 2 2 2 2 2 2
left_child=2 3 8 6 13 -6 -2 10 11 -5 -4 -1 -10 -3
right_child=1 4 7 9 5 -7 -8 -9 12 -11 -12 -13 -14 -15
leaf_value=-0.033041320322039686 0.014030661290738211 0.013590946063523332 -0.0073506049528960574 -0.013938067942961608 0.10614895859903875 0.01464916061865365 0.046936916142975592 -0.077863727137457872 -0.042629339117704439 -0.11280862208432575 -0.075209416685971683 0.022228477419133159 -0.084669900206371246 -0.12640521004573624
leaf_weight=4014 38642 781 40218 2690 5980 1590 9429 1624 16324 802 1169 2724 2623 201
leaf_count=4014 38642 781 40218 2690 5980 1590 9429 1624 16324 802 1169 2724 2623 201
internal_value=-4.35845e-12 0.0249529 -0.021836 0.0166161 0.0752187 0.0869304 0.0204851 -0.0118574 -0.0385458 -0.0366455 -0.00926732 -0.0106972 -0.0484494 -0.0150641
internal_weight=128811 60115 68696 51563 8552 7570 48071 43011 25685 3492 41387 6738 18947 982
internal_count=128811 60115 68696 51563 8552 7570 48071 43011 25685 3492 41387 6738 18947 982
is_linear=0
shrinkage=0.01


Tree=186
num_leaves=15
num_cat=0
split_feature=20 20 6 20 5 13 1 31 6 0 5 6 0 13
split_gain=690294 244866 132544 111929 98033.8 102378 95279.8 128894 94509.4 90660.6 73215.6 77555.3 64747.8 53864
threshold=68.553231939163524 52.887632579547734 5.4975805000000006 146.34757118927976 18.500000000000004 1.0800004224300357 -118.21337597412109 51.18610054921843 12.600642500000001 36.742692288818368 6.5000000000000009 7.697960000000001 34.083213737060554 1.7999977181282774
decision_type=2 2 2 2 2 2 2 2 2 2 2 2 2 2
left_child=1 4 3 12 5 -1 8 -8 -4 -6 13 -12 -2 -3
right_child=2 10 6 -5 9 -7 7 -9 -10 -11 11 -13 -14 -15
leaf_value=0.015448372755042435 0.031040496581396321 0.034072367013503961 0.026139191116133085 0.22122559463631417 -0.017963548688219925 -0.023703684807163516 0.023772627446863176 0.13663498828506299 -0.051925085354900855 -0.053298317941759044 0.010142116290856769 -0.028164680713481272 0.085717850419416916 0.0023090812601634612
leaf_weight=9551 3231 12050 7945 499 13275 22209 2614 1651 1927 16029 12539 9136 6569 9586
leaf_count=9551 3231 12050 7945 499 13275 22209 2614 1651 1927 16029 12539 9136 6569 9586
internal_value=-2.21366e-11 -0.011201 0.0478436 0.07513 -0.0241005 -0.0119297 0.0279651 0.0674621 0.0109012 -0.0372913 0.0069859 -0.00600418 0.0676911 0.0199994
internal_weight=128811 104375 24436 10299 61064 31760 14137 4265 9872 29304 43311 21675 9800 21636
internal_count=128811 104375 24436 10299 61064 31760 14137 4265 9872 29304 43311 21675 9800 21636
is_linear=0
shrinkage=0.01


Tree=187
num_leaves=15
num_cat=0
split_feature=20 20 7 5 20 31 20 5 17 17 13 2 23 6
split_gain=676557 240288 138794 154919 105578 99062.8 88179.9 82449.8 85897.5 68500.3 67124.5 58458.7 53041.5 34337.9
threshold=68.553231939163524 51.403675538656536 1003.9001350000001 19.500000000000004 141.99748743718598 45.000105618926916 13.928571428571431 6.5000000000000009 0.0086852942095260021 0.0096248946512900117 1.7999977181282774 14.625000000000002 118.64924896394045 6.8836735000000013
decision_type=2 2 2 2 2 2 2 2 2 2 2 2 2 2
left_child=1 6 3 12 5 -4 -1 10 -9 -8 -3 -5 -2 -6
right_child=2 7 4 11 13 -7 9 8 -10 -11 -12 -13 -14 -15
leaf_value=-0.064440837296167189 0.041851776756829065 0.03282195401978482 0.010352997346650817 -0.088469060514722087 0.22046734096463128 0.076981982092072937 -0.012053735598547262 0.0053521675608474775 -0.033698023573404179 -0.036272598901149769 -9.0889363429618543e-05 -0.0041548555279720453 0.15620575738725839 0.078032544798307346
leaf_weight=5281 6641 13423 2893 1180 580 9758 30130 16374 8587 19070 11510 2713 432 239
leaf_count=5281 6641 13423 2893 1180 580 9758 30130 16374 8587 19070 11510 2713 432 239
internal_value=-1.67684e-12 -0.011089 0.0473652 0.0209514 0.0688688 0.0617454 -0.0256091 0.00476599 -0.00808175 -0.021441 0.0176282 -0.0297112 0.0488362 0.178902
internal_weight=128811 104375 24436 10966 13470 12651 54481 49894 24961 49200 24933 3893 7073 819
internal_count=128811 104375 24436 10966 13470 12651 54481 49894 24961 49200 24933 3893 7073 819
is_linear=0
shrinkage=0.01


Tree=188
num_leaves=15
num_cat=0
split_feature=22 31 1 17 44 4 31 0 5 9 0 31 26 5
split_gain=601442 249886 154944 154419 138472 137231 100926 100208 93123.7 79781.1 70061.5 64930.1 57363.9 43708.6
threshold=67.221276244007285 33.324989438107316 -118.21337597412109 0.0075464850105319593 1.0000000180025095e-35 1.0000000180025095e-35 116.87453180134477 36.742692288818368 2.5000000000000004 -0.5 35.400001525878913 60.694761301225192 34.710444188504589 21.500000000000004
decision_type=2 2 2 2 2 2 2 2 2 2 2 2 2 2
left_child=1 7 5 4 9 -3 -6 13 12 -2 -10 -4 -5 -1
right_child=3 2 11 8 6 -7 -8 -9 10 -11 -12 -13 -14 -15
leaf_value=-0.0017492606855327468 0.0038279026115461186 -0.002372329918787182 0.037055348515894891 0.040157222438745734 0.0985316893471571 -0.07154535232248721 0.31432445726373742 -0.055272638345722401 0.01559056191540633 0.062955774482792076 -0.05155235255186992 0.15780124626287617 0.20664470765394746 -0.034621866654369983
leaf_weight=7928 3423 62903 5857 4942 4387 3005 228 13697 4157 6846 2482 482 216 8258
leaf_count=7928 3423 62903 5857 4942 4387 3005 228 13697 4157 6846 2482 482 216 8258
internal_value=4.21138e-12 -0.0110445 -0.000984499 0.0422762 0.0636941 -0.00552619 0.109193 -0.0353661 0.0152538 0.0432465 -0.00951092 0.0462365 0.0471292 -0.0185207
internal_weight=128811 102130 72247 26681 14884 65908 4615 29883 11797 10269 6639 6339 5158 16186
internal_count=128811 102130 72247 26681 14884 65908 4615 29883 11797 10269 6639 6339 5158 16186
is_linear=0
shrinkage=0.01


Tree=189
num_leaves=15
num_cat=0
split_feature=20 20 7 5 20 5 17 13 8 11 31 5 2 23
split_gain=654159 219679 134595 152164 109167 92738.1 94921.1 92809.1 85965.6 97604.5 83408.3 78360.7 59260.3 53396.1
threshold=67.255703422053259 43.368055555555564 1003.9001350000001 19.500000000000004 119.59045226130655 6.5000000000000009 0.00813740289210289 1.7999977181282774 -0.5 0.25000000000000017 44.444550063371366 21.500000000000004 13.425000000000002 118.64924896394045
decision_type=2 2 2 2 2 2 2 2 2 2 2 2 2 2
left_child=1 8 3 13 10 7 -7 -3 9 -1 -4 -10 -5 -2
right_child=2 5 4 12 -6 6 -8 -9 11 -11 -12 -13 -14 -15
leaf_value=-0.027175172657049381 0.039596760948092044 0.030380687161944628 0.0071935546834513142 -0.096396344296690736 0.13989025278107703 0.0025405854066710624 -0.033424713428183817 -0.0046533779085638372 -0.023065738630385836 0.033495429514543616 0.068470875283301327 -0.055793132985882309 -0.0079401876329399188 0.15394066800139156
leaf_weight=7824 7475 15206 2866 976 1705 18509 12159 15041 15474 4011 9875 13877 3381 432
leaf_count=7824 7475 15206 2866 976 1705 18509 12159 15041 15474 4011 9875 13877 3381 432
internal_value=-1.06227e-12 -0.0115262 0.0440599 0.0196966 0.0647431 0.000535006 -0.0117186 0.0129592 -0.029365 -0.0066133 0.054687 -0.0385391 -0.027755 0.045844
internal_weight=128811 102101 26710 12264 14446 60915 30668 30247 41186 11835 12741 29351 4357 7907
internal_count=128811 102101 26710 12264 14446 60915 30668 30247 41186 11835 12741 29351 4357 7907
is_linear=0
shrinkage=0.01


Tree=190
num_leaves=15
num_cat=0
split_feature=20 20 5 8 13 13 31 0 31 13 0 2 26 2
split_gain=642295 231862 109594 114034 113569 100282 86627.1 100911 86207.6 72451.6 55748.2 52233.3 47877.2 38884.4
threshold=54.742675016774776 87.37737642585553 18.500000000000004 -0.25881904510252113 2.139953036737503 10.543555078550009 28.908730158730162 34.083213737060554 23.923611111111118 -4.3315975928084693 35.400001525878913 8.8250000000000011 41.784708920842498 24.725000000000005
decision_type=2 2 2 2 2 2 2 2 2 2 2 2 2 2
left_child=2 5 4 11 10 8 -3 -8 -2 -5 -1 -4 -6 -7
right_child=1 6 3 9 12 13 7 -9 -10 -11 -12 -13 -14 -15
leaf_value=0.037020650842211282 -0.031348758740023401 -0.016271796998361131 0.048348597659019776 -0.087100191191197732 -0.022830046846468291 -0.095251704831061088 0.012750778433099484 0.1023837828297872 0.022104453482237132 -0.039721034069892185 -0.0045347034294319416 -0.018433056743696326 0.29666048195767913 -0.0052226918053419622
leaf_weight=6037 3227 982 1294 4121 23029 1065 1590 5980 46398 14887 6939 12342 47 873
leaf_count=6037 3227 982 1294 4121 23029 1065 1590 5980 46398 14887 6939 12342 47 873
internal_value=-1.49864e-12 0.0238707 -0.020889 -0.0341626 -0.00887004 0.0158726 0.0720942 0.0835573 0.0186285 -0.049993 0.0147987 -0.0120958 -0.0221793 -0.0546968
internal_weight=128811 60115 68696 32644 36052 51563 8552 7570 49625 19008 12976 13636 23076 1938
internal_count=128811 60115 68696 32644 36052 51563 8552 7570 49625 19008 12976 13636 23076 1938
is_linear=0
shrinkage=0.01


Tree=191
num_leaves=15
num_cat=0
split_feature=23 0 10 7 2 7 1 0 1 0 2 3 7 11
split_gain=502987 253184 210212 159448 164889 131042 116401 109784 99194 127723 97706.3 64111.8 63593.4 55064.8
threshold=66.498024952604183 36.742692288818368 1.0000000180025095e-35 1003.9999500000001 13.725000000000001 1006.3000500000002 -118.21337597412109 37.042691525878915 -119.7866065258789 34.083213737060554 14.825000000000001 72.962955000000008 1001.9995750000002 0.93301270189221952
decision_type=2 2 2 2 2 2 2 2 2 2 2 2 2 2
left_child=1 6 7 4 12 -4 10 -3 -5 -10 -1 -8 -2 -6
right_child=3 2 5 8 13 -7 11 -9 9 -11 -12 -13 -14 -15
leaf_value=-0.020673857664086279 -0.14436352979807326 0.0088843410470001802 -0.072852346254659209 -0.022398917742352281 0.030011625013098953 -0.024860226636099329 0.060232974572682528 -0.035511178603712772 0.016233847690022667 0.088085410340718762 0.0094104529960100866 0.0077672460092669442 -0.023896355878915636 -0.18283829148343908
leaf_weight=17469 780 15878 11408 1283 10255 11350 5159 8580 3321 9700 28259 4246 1000 123
leaf_count=17469 780 15878 11408 1283 10255 11350 5159 8580 3321 9700 28259 4246 1000 123
internal_value=2.28492e-11 -0.0100478 -0.0270434 0.0388627 0.0122372 -0.0489174 0.00450728 -0.00668985 0.0614935 0.0697597 -0.00208235 0.0365467 -0.0766853 0.0274889
internal_weight=128811 102349 47216 26462 12158 22758 55133 24458 14304 13021 45728 9405 1780 10378
internal_count=128811 102349 47216 26462 12158 22758 55133 24458 14304 13021 45728 9405 1780 10378
is_linear=0
shrinkage=0.01


Tree=192
num_leaves=15
num_cat=0
split_feature=20 22 7 5 6 22 5 14 1 44 20 31 13 2
split_gain=622062 232183 129846 147394 129642 111560 95899.3 79880.3 78741.8 77228.7 76120.6 68051.1 62102.6 56814.7
threshold=68.553231939163524 52.509125475285181 1003.9001350000001 19.500000000000004 10.197528500000002 80.444428195378791 6.5000000000000009 7.5353316543005482 -118.21337597412109 1.0000000180025095e-35 130.97864321608043 42.222327841149145 10.080001084134688 21.225000000000005
decision_type=2 2 2 2 2 2 2 2 2 2 2 2 2 2
left_child=1 4 3 -2 11 8 12 -8 -4 -6 -7 -1 -3 -5
right_child=2 6 5 13 9 10 7 -9 -10 -11 -12 -13 -14 -15
leaf_value=-0.026632124158191044 0.047068646999032099 0.025937510154256778 0.023334432567610256 -0.053218403938343935 -0.029142497765720338 0.08324955289159304 -0.0013051535106887175 -0.056307487260845182 0.093966913639954866 -0.070742106431941454 0.1793228214087329 0.00011175859836982824 -0.029553150826917625 0.032106518907920906
leaf_weight=19815 7073 20492 5839 2813 10977 4456 22031 3000 2163 7520 1012 18303 2237 1080
leaf_count=19815 7073 20492 5839 2813 10977 4456 22031 3000 2163 7520 1012 18303 2237 1080
internal_value=-5.62208e-12 -0.010633 0.0454175 0.0198694 -0.0243319 0.0662164 0.00560563 -0.00789726 0.0424269 -0.0460549 0.10103 -0.0137906 0.0204761 -0.0295475
internal_weight=128811 104375 24436 10966 56615 13470 47760 25031 8002 18497 5468 38118 22729 3893
internal_count=128811 104375 24436 10966 56615 13470 47760 25031 8002 18497 5468 38118 22729 3893
is_linear=0
shrinkage=0.01


Tree=193
num_leaves=15
num_cat=0
split_feature=22 0 13 14 1 4 13 22 13 3 5 42 34 28
split_gain=557684 228980 202597 132073 105221 101322 105880 101262 82314 82081.2 51697.6 20750.1 19882.1 12923.7
threshold=67.221276244007285 36.742692288818368 -5.3999977199171356 -11.15998386963255 -118.21337597412109 1.0000000180025095e-35 11.577727342662625 107.03266331658294 2.8800116280145009 72.962955000000008 22.500000000000004 1.0000000180025095e-35 40.029784537389112 92.774614517454211
decision_type=2 2 2 2 2 2 2 2 2 2 2 2 2 2
left_child=1 4 10 -4 8 6 7 -2 -1 -6 -3 12 -7 -8
right_child=5 2 3 -5 9 11 13 -9 -10 -11 -12 -13 -14 -15
leaf_value=0.0062127013402035894 0.040321340047791275 -0.015165352192095884 -0.077462146697434134 -0.014474815642990177 0.062994426629918027 0.088967299428821978 -0.071344580382977044 0.09794251123460479 -0.022454167736471253 0.0053594230237930234 -0.10370312889455996 -0.080799127107650567 -0.033622640569937294 -0.31263676850692085
leaf_weight=30254 21038 792 3643 38615 4701 174 636 3567 14974 5209 3942 691 552 23
leaf_count=30254 21038 792 3643 38615 4701 174 636 3567 14974 5209 3942 691 552 23
internal_value=-2.77828e-12 -0.0106351 -0.0268545 -0.0199049 0.00318808 0.0407093 0.0453244 0.0486747 -0.00327827 0.0326997 -0.0888907 -0.0415749 -0.00424158 -0.079766
internal_weight=128811 102130 46992 42258 55138 26681 25264 24605 45228 9910 4734 1417 726 659
internal_count=128811 102130 46992 42258 55138 26681 25264 24605 45228 9910 4734 1417 726 659
is_linear=0
shrinkage=0.01


Tree=194
num_leaves=15
num_cat=0
split_feature=20 20 31 6 31 47 20 17 8 2 22 11 22 44
split_gain=602341 217498 104619 92740.3 92039.3 87310.8 79182.5 69529.5 67459.3 66109.2 48384.8 47588.7 37677.7 32763.3
threshold=54.742675016774776 82.393536121673023 33.324989438107316 5.4975805000000006 23.923611111111118 1.0000000180025095e-35 155.57403433476398 0.019438067362094726 -0.5 20.525000000000002 143.47487437185933 0.25000000000000017 20.092592592592599 1.0000000180025095e-35
decision_type=2 2 2 2 2 2 2 2 2 2 2 2 2 2
left_child=2 4 8 6 13 -6 -3 10 11 -5 -4 -1 -10 -2
right_child=1 3 7 9 5 -7 -8 -9 12 -11 -12 -13 -14 -15
leaf_value=-0.030915049416164221 -0.026283308885814358 0.084851430419875043 -0.0086642285081334827 0.01236281598825055 0.01123966833915511 0.047188236283149332 0.25955588801607599 -0.074877346844889517 -0.075358688742205082 0.082871452265993503 0.23016723590037402 0.023238286409730833 -0.039120817483985271 -0.12797099992591007
leaf_weight=4014 2881 4879 41302 3937 37541 8239 274 1624 3525 2008 85 2724 15422 356
leaf_count=4014 2881 4879 41302 3937 37541 8239 274 1624 3525 2008 85 2724 15422 356
internal_value=5.5593e-12 0.0231163 -0.0202288 0.0630913 0.0140656 0.0177093 0.094141 -0.0106923 -0.0361983 0.036178 -0.00817372 -0.00902225 -0.0458627 -0.0374668
internal_weight=128811 60115 68696 11098 49017 45780 5153 43011 25685 5945 41387 6738 18947 3237
internal_count=128811 60115 68696 11098 49017 45780 5153 43011 25685 5945 41387 6738 18947 3237
is_linear=0
shrinkage=0.01


Tree=195
num_leaves=15
num_cat=0
split_feature=22 22 7 6 0 6 2 2 0 13 31 31 2 0
split_gain=539933 217617 141648 139537 109235 103764 115561 101388 83327.9 92001.3 83267.9 77250.4 55807.9 41442
threshold=53.239746760677775 77.922053231939188 1003.9001350000001 10.197528500000002 34.083213737060554 16.304814000000004 21.625000000000004 17.425000000000001 35.400001525878913 -1.0799992260827447 25.574355724545843 43.863751584283911 14.525000000000002 37.042691525878915
decision_type=2 2 2 2 2 2 2 2 2 2 2 2 2 2
left_child=3 5 7 11 -4 10 -7 -3 12 -10 -2 -1 -5 -13
right_child=1 2 4 8 -6 6 -8 -9 9 -11 -12 13 -14 -15
leaf_value=-0.023656603254225719 -0.022452117047459207 -0.037092755374636639 0.010169524035831261 -0.05227280674551759 0.10041756602431924 -0.0924512139900001 0.0074555269522921987 0.048945742286221706 -0.10010524910007516 -0.041001726185468511 0.019655257448413409 0.0096598196525406865 0.021007409372334328 -0.029124253111921877
leaf_weight=22211 5286 2160 1691 1612 6483 1978 2792 3743 3356 12237 42102 16945 2925 3290
leaf_count=22211 5286 2160 1691 1612 6483 1978 2792 3743 3356 12237 42102 16945 2925 3290
internal_value=6.4476e-12 0.0199 0.0547906 -0.0210636 0.0817475 0.0104834 -0.0339733 0.0174629 -0.0427476 -0.0537223 0.0149583 -0.01078 -0.00502911 0.00335393
internal_weight=128811 66235 14077 62576 8174 52158 4770 5903 20130 15593 47388 42446 4537 20235
internal_count=128811 66235 14077 62576 8174 52158 4770 5903 20130 15593 47388 42446 4537 20235
is_linear=0
shrinkage=0.01


Tree=196
num_leaves=15
num_cat=0
split_feature=20 22 17 6 20 5 1 31 6 44 17 31 0 13
split_gain=583101 217056 122918 122452 100217 93342.4 91611.1 121339 88290.6 74527.6 68458.8 64150 59916.8 59163.9
threshold=68.553231939163524 52.509125475285181 0.0054836189580683746 10.197528500000002 146.34757118927976 6.5000000000000009 -118.21337597412109 51.18610054921843 12.600642500000001 1.0000000180025095e-35 0.007197859426632665 42.222327841149145 34.083213737060554 10.080001084134688
decision_type=2 2 2 2 2 2 2 2 2 2 2 2 2 2
left_child=1 3 4 11 12 13 8 -8 -4 -5 -7 -1 -2 -3
right_child=2 5 6 9 -6 10 7 -9 -10 -11 -12 -13 -14 -15
leaf_value=-0.025762945116318377 0.028005964805989152 0.025407616277098422 0.02267451135389759 -0.028037805762943024 0.20783496240966962 0.0086267858652537641 0.020980371903440775 0.13066025390680466 -0.052879104980600583 -0.068903453113809673 -0.024448654363169908 0.00020305500517098083 0.080272076466445769 -0.028754222409314259
leaf_weight=19815 3275 20492 7837 10977 502 12512 2610 1644 1927 7520 12519 18303 6641 2237
leaf_count=19815 3275 20492 7837 10977 502 12512 2610 1644 1927 7520 12519 18303 6641 2237
internal_value=-8.11345e-12 -0.0102947 0.0439722 -0.0235397 0.0699884 0.0054061 0.0246373 0.0633672 0.00776343 -0.0446518 -0.00791556 -0.0132949 0.0630099 0.020077
internal_weight=128811 104375 24436 56615 10418 47760 14018 4254 9764 18497 25031 38118 9916 22729
internal_count=128811 104375 24436 56615 10418 47760 14018 4254 9764 18497 25031 38118 9916 22729
is_linear=0
shrinkage=0.01


Tree=197
num_leaves=15
num_cat=0
split_feature=20 20 31 6 2 4 31 0 0 17 7 14 6 1
split_gain=572398 159135 150347 86659.3 151252 85307.2 81009.4 78171.4 70812.4 69222.8 48801.8 48399.1 34348.9 32216.4
threshold=60.15256653992396 93.323827629911293 33.324989438107316 9.7100000000000026 17.225000000000005 0.25000000000000006 28.908730158730162 34.083213737060554 36.742692288818368 0.019438067362094726 1006.5004000000001 5.0324123434842152 5.6920993000000006 -118.21337597412109
decision_type=2 2 2 2 2 2 2 2 2 2 2 2 2 2
left_child=2 3 8 10 -5 9 12 -8 13 -4 -2 -10 -3 -1
right_child=1 6 5 4 -6 -7 7 -9 11 -11 -12 -13 -14 -15
leaf_value=-0.025516928921214745 0.021225390744261902 0.051530190386380625 -0.0013558397339224917 -0.069440657977717951 0.019428644492250142 -0.074713321260816382 0.011517273295887089 0.10680770728767598 -0.040158675168040503 -0.066081644707980253 0.049843611282190538 -0.086330825732905292 -0.085072131294384609 0.011639751096231688
leaf_weight=11911 16019 341 54482 2542 7766 1725 1059 4602 11010 1704 9488 2860 400 2902
leaf_count=11911 16019 341 54482 2542 7766 1725 1059 4602 11010 1704 9488 2860 400 2902
internal_value=1.9028e-11 0.0301907 -0.0147188 0.0219821 -0.00248693 -0.00544547 0.076112 0.0889818 -0.0334416 -0.00331883 0.0318707 -0.0496794 -0.0222093 -0.0182376
internal_weight=128811 42217 86594 35815 10308 57911 6402 5661 28683 56186 25507 13870 741 14813
internal_count=128811 42217 86594 35815 10308 57911 6402 5661 28683 56186 25507 13870 741 14813
is_linear=0
shrinkage=0.01


Tree=198
num_leaves=15
num_cat=0
split_feature=20 20 5 8 4 31 11 20 48 14 9 17 23 44
split_gain=562678 209159 98659.8 107996 97923.9 89413.3 84052.5 82802.1 80435.4 59564.5 55513.5 50537.8 37697.6 31887.3
threshold=54.366920152091261 82.393536121673023 18.500000000000004 -0.25881904510252113 1.0000000180025095e-35 23.923611111111118 0.6830127018922193 155.57403433476398 1.0000000180025095e-35 7.6093684333255576 -0.78656609248549325 0.015769624186723036 34.121637797493321 1.0000000180025095e-35
decision_type=2 2 2 2 2 2 2 2 2 2 2 2 2 2
left_child=2 5 10 6 7 13 -4 -3 -7 -5 12 -12 -1 -2
right_child=1 4 3 9 -6 8 -8 -9 -10 -11 11 -13 -14 -15
leaf_value=-0.066795998270530718 -0.025944370672841468 0.059647319813053934 -0.026400156263819356 -0.040700579946736141 -0.096177176441073264 0.020144269432989078 0.030777982588900941 0.17843851501741007 -0.030080154410034036 -0.08929859805104283 0.0042473981521937414 -0.033754052467937966 -0.018409962220603399 -0.12358655284729538
leaf_weight=2202 2964 10092 9617 15451 383 44476 3509 623 3435 3014 22534 4143 5991 377
leaf_count=2202 2964 10092 9617 15451 383 44476 3509 623 3435 3014 22534 4143 5991 377
internal_value=9.32872e-12 0.0215784 -0.0202436 -0.0330443 0.0609382 0.0130555 -0.0111146 0.0665542 0.0165434 -0.0486331 -0.00864672 -0.00165432 -0.0314145 -0.0369624
internal_weight=128811 62350 66461 31591 11098 51252 13126 10715 47911 18465 34870 26677 8193 3341
internal_count=128811 62350 66461 31591 11098 51252 13126 10715 47911 18465 34870 26677 8193 3341
is_linear=0
shrinkage=0.01


Tree=199
num_leaves=15
num_cat=0
split_feature=22 0 14 17 10 25 0 5 1 4 3 0 17 5
split_gain=508682 191917 171622 146308 138351 107684 105502 95922.6 91587.2 75202.8 62097 52633.6 46488.4 34464.4
threshold=63.309885931558945 36.742692288818368 7.194518027679476 0.0071642536833790632 1.0000000180025095e-35 80.826978284960944 36.742692288818368 70.500000000000014 -118.21337597412109 0.25000000000000006 72.962955000000008 36.742692288818368 0.0169767051949417 10.500000000000002
decision_type=2 2 2 2 2 2 2 2 2 2 2 2 2 2
left_child=1 8 4 5 -3 -2 -7 12 9 -1 -10 -9 -5 -4
right_child=3 2 13 7 -6 6 -8 11 10 -11 -12 -13 -14 -15
leaf_value=-0.0018071150594123975 0.03567287794394549 -0.0038422668977556047 -0.014309246886191973 0.034834325238784054 -0.040565875949725438 0.050682691597460049 0.13704823567788219 -0.0027831203409805732 0.061133411978899155 -0.070347533771860843 0.006261543192754764 -0.072584171087907767 -0.020646820698401729 -0.10474324474558211
leaf_weight=39183 12163 21654 486 10292 19494 3259 2499 3271 3865 1669 4422 1613 1770 3171
leaf_count=39183 12163 21654 486 10292 19494 3259 2499 3271 3865 1669 4422 1613 1770 3171
internal_value=-2.1393e-11 -0.0121065 -0.0270748 0.0326193 -0.0212402 0.0525388 0.0881658 0.0115536 0.00154156 -0.00460732 0.0318534 -0.0258358 0.0266929 -0.0927249
internal_weight=128811 93944 44805 34867 41148 17921 5758 16946 49139 40852 8287 4884 12062 3657
internal_count=128811 93944 44805 34867 41148 17921 5758 16946 49139 40852 8287 4884 12062 3657
is_linear=0
shrinkage=0.01


Tree=200
num_leaves=15
num_cat=0
split_feature=20 31 7 5 6 1 20 31 1 14 11 23 16 4
split_gain=544746 201862 121167 142733 106069 106939 91514.4 92634.9 77025.1 62746.8 53499.6 47985.1 44056.7 38348.8
threshold=68.553231939163524 33.324989438107316 1003.9001350000001 19.500000000000004 18.611846500000002 -120.84999847412108 141.99748743718598 45.000105618926916 -118.21337597412109 6.5162392177022381 1.0000000180025095e-35 125.67572371516049 15.840231543000003 1.0000000180025095e-35
decision_type=2 2 2 2 2 2 2 2 2 2 2 2 2 2
left_child=1 8 3 11 5 -3 7 -4 9 -1 -5 -2 -6 -8
right_child=2 4 6 10 12 -7 13 -9 -10 -11 -12 -13 -14 -15
leaf_value=-0.030548302297041509 0.038635696322975206 -0.028629820455733441 0.0062641683845361326 0.0031821354257182857 -0.087440349906952777 0.0067403155243994442 0.17860820049424728 0.070695193077597279 0.0099836348237230064 -0.071993114934820149 -0.071239048386531126 0.1585724687860732 -0.0085518791102750045 -0.17996151170422955
leaf_weight=23106 6722 9970 2893 2115 1933 59932 788 9758 3978 4339 1778 351 1117 31
leaf_count=23106 6722 9970 2893 2115 1933 59932 788 9758 3978 4339 1778 351 1117 31
internal_value=-4.54264e-12 -0.00995033 0.0425015 0.0178219 -0.00082319 0.00169553 0.0625932 0.0559613 -0.03114 -0.0371006 -0.0308073 0.0445876 -0.0585491 0.165036
internal_weight=128811 104375 24436 10966 72952 69902 13470 12651 31423 27445 3893 7073 3050 819
internal_count=128811 104375 24436 10966 72952 69902 13470 12651 31423 27445 3893 7073 3050 819
is_linear=0
shrinkage=0.01


Tree=201
num_leaves=15
num_cat=0
split_feature=20 20 31 1 5 8 11 6 2 9 0 9 26 23
split_gain=536298 204205 109418 96388.3 90591.4 105264 84150 75454 174050 64625 55460.8 52918.3 53758.8 35231.1
threshold=53.813307984790882 75.453422053231961 28.908730158730162 -118.21337597412109 18.500000000000004 -0.25881904510252113 0.6830127018922193 13.416919000000002 21.625000000000004 -0.70710678118654757 36.742692288818368 -0.78656609248549325 41.784708920842498 34.121637797493321
decision_type=2 2 2 2 2 2 2 2 2 2 2 2 2 2
left_child=4 7 -3 -4 11 6 -6 9 -9 -2 -7 13 -13 -1
right_child=1 2 3 -5 5 10 -8 8 -10 -11 -12 12 -14 -15
leaf_value=-0.065668222612744562 -0.005807345073646256 -0.022685043021887289 0.044730693297145289 0.1032805965535062 -0.026278411189213272 -0.029003576601788646 0.031933225922062422 -0.083260039002002892 0.016748390155577934 0.022965756222432125 -0.064267799214268562 -0.0027410862633306648 0.32547705150842665 -0.018604812767538031
leaf_weight=2199 10511 1772 10339 3862 9338 8120 3383 2698 4902 30332 9894 25662 50 5749
leaf_count=2199 10511 1772 10339 3862 9338 8120 3383 2698 4902 30332 9894 25662 50 5749
internal_value=1.22334e-11 0.0204012 0.0514082 0.0606535 -0.0204079 -0.0328203 -0.0107977 0.0101773 -0.0187546 0.015561 -0.0483721 -0.00907402 -0.00210283 -0.031626
internal_weight=128811 64416 15973 14201 64395 30735 12721 48443 7600 40843 18014 33660 25712 7948
internal_count=128811 64416 15973 14201 64395 30735 12721 48443 7600 40843 18014 33660 25712 7948
is_linear=0
shrinkage=0.01


Tree=202
num_leaves=15
num_cat=0
split_feature=20 20 14 17 9 4 0 44 6 0 20 5 47 10
split_gain=525626 200901 96824.1 89792 102606 80156.9 80729.7 75391.6 73806.5 66186.9 59671.5 49507.8 37432.6 23297.8
threshold=53.813307984790882 87.37737642585553 7.2000092342799205 0.015173961901385606 -0.60355339059327384 1.0000000180025095e-35 34.083213737060554 1.0000000180025095e-35 21.817158000000003 36.742692288818368 19.484126984126991 26.500000000000004 1.0000000180025095e-35 0.68301270189221941
decision_type=2 2 2 2 2 2 2 2 2 2 2 2 2 2
left_child=3 2 8 4 10 6 -3 12 -2 -4 -1 -6 -5 -9
right_child=1 5 9 7 11 -7 -8 13 -10 -11 -12 -13 -14 -15
leaf_value=-0.074103669646688658 0.018024520099157428 0.009294652293038835 -0.0093893015786528141 -0.035634349435677379 0.0054252379407782481 -0.094407298891457783 0.08700977052008263 -0.069671864869607636 -0.10491486176935309 -0.10208634168314243 -0.026101388387670267 -0.018487739753841492 0.056489866388899329 -0.12753293740907259
leaf_weight=3061 51540 1678 2763 5708 19731 303 6571 2141 493 1068 16818 15427 478 1031
leaf_count=3061 51540 1678 2763 5708 19731 303 6571 2141 493 1068 16818 15427 478 1031
internal_value=-2.10771e-11 0.0201972 0.0132874 -0.0202038 -0.0153346 0.0653335 0.0712011 -0.0488408 0.0168597 -0.0352312 -0.0334929 -0.00506755 -0.0285158 -0.0884785
internal_weight=128811 64416 55864 64395 55037 8552 8249 9358 52033 3831 19879 35158 6186 3172
internal_count=128811 64416 55864 64395 55037 8552 8249 9358 52033 3831 19879 35158 6186 3172
is_linear=0
shrinkage=0.01


Tree=203
num_leaves=15
num_cat=0
split_feature=22 31 7 0 5 1 4 11 1 14 7 26 2 0
split_gain=480472 207839 145934 126453 126094 109732 85977.4 85693.8 76389 74559.1 73768.9 70262.9 58375.6 57432
threshold=67.221276244007285 44.444550063371366 1007.5001000000001 36.742692288818368 1.5000000000000002 -118.21337597412109 0.25000000000000006 -0.5 -119.7866065258789 7.2000092342799205 1001.3998 32.764317480487975 14.925000000000002 34.083213737060554
decision_type=2 2 2 2 2 2 2 2 2 2 2 2 2 2
left_child=1 3 4 12 11 6 -3 -7 -4 -5 -6 -2 -1 -10
right_child=2 5 8 9 10 7 -8 -9 13 -11 -12 -13 -14 -15
leaf_value=-0.024711764853844041 0.047947732698935902 0.002528586642537804 -0.0034339115685408286 -0.034482116438422819 -0.034637496140527413 0.00021479060424159607 -0.095447779747227485 0.096352721468529717 0.028029336942001194 -0.091971446937131399 0.019661897963145953 0.19232127333872506 0.0039771227897422295 0.10427515391533099
leaf_weight=13276 7481 44628 1038 21750 3658 1587 914 2230 1231 2517 7917 353 15228 5003
leaf_count=13276 7481 44628 1038 21750 3658 1587 914 2230 1231 2517 7917 353 15228 5003
internal_value=-1.21774e-11 -0.00987148 0.0377862 -0.0236681 0.0234708 0.00487883 0.000562261 0.0563813 0.075994 -0.040445 0.00250188 0.0544532 -0.00938499 0.0892192
internal_weight=128811 102130 26681 52771 19409 49359 45542 3817 7272 24267 11575 7834 28504 6234
internal_count=128811 102130 26681 52771 19409 49359 45542 3817 7272 24267 11575 7834 28504 6234
is_linear=0
shrinkage=0.01


Tree=204
num_leaves=15
num_cat=0
split_feature=20 20 17 2 20 6 7 9 9 47 26 2 23 47
split_gain=509083 159164 131038 150266 125876 84112.2 76367.3 72563.7 63767.7 62872.6 61629.5 60827.1 55348 36928.6
threshold=64.818124207858077 36.166666666666671 0.010974159100179225 18.625000000000004 141.99748743718598 18.803168500000002 1007.5001000000001 -0.78656609248549325 -0.60355339059327384 1.0000000180025095e-35 32.764317480487975 21.525000000000002 104.89373196782394 1.0000000180025095e-35
decision_type=2 2 2 2 2 2 2 2 2 2 2 2 2 2
left_child=1 8 4 13 6 7 -2 -3 -1 -5 -10 -7 -6 -4
right_child=2 5 3 9 12 11 -8 -9 10 -11 -12 -13 -14 -15
leaf_value=-0.050191427069833823 0.027908672308288335 -0.020243103366403611 -0.1165398069642811 -0.0020846480869208908 0.0074655572619718273 -0.10336824424413876 0.065787256838598457 0.0053635861839939339 -0.021151646064728719 0.074467029477424784 0.20071277237600751 -0.010796435443386385 0.18676775221902603 -0.020574392557838092
leaf_weight=10513 15864 14224 1163 3099 215 1385 8010 49854 19785 1641 126 1456 864 612
leaf_count=10513 15864 14224 1163 3099 215 1385 8010 49854 19785 1641 126 1456 864 612
internal_value=-8.51158e-12 -0.0113032 0.0349652 -0.00497118 0.0453922 -0.00268125 0.0406174 -0.000320573 -0.0302675 0.0244177 -0.0197477 -0.0559256 0.15104 -0.083452
internal_weight=128811 97343 31468 6515 24953 66919 23874 64078 30424 4740 19911 2841 1079 1775
internal_count=128811 97343 31468 6515 24953 66919 23874 64078 30424 4740 19911 2841 1079 1775
is_linear=0
shrinkage=0.01


Tree=205
num_leaves=15
num_cat=0
split_feature=20 31 7 5 0 10 0 1 0 13 13 7 10 23
split_gain=499697 189843 115165 137896 111448 151208 93569.7 108158 77231.6 76823.9 54660.3 49133.9 46940.7 45754.2
threshold=68.553231939163524 32.242063492063501 1003.9001350000001 19.500000000000004 36.742692288818368 1.0000000180025095e-35 34.083213737060554 -119.7866065258789 36.742692288818368 2.8800116280145009 3.1955686303837161 1006.7002200000001 -0.24999999999999994 125.67572371516049
decision_type=2 2 2 2 2 2 2 2 2 2 2 2 2 2
left_child=1 8 3 13 9 -6 10 -8 -1 -3 -4 -10 -5 -2
right_child=2 4 6 12 5 -7 7 -9 11 -11 -12 -13 -14 -15
leaf_value=-0.01616544930484794 0.037142032684078521 0.01884207440049529 0.028854046723392656 0.0030318523135477162 0.0048694231817922795 -0.037595146906688894 -0.01239626284066337 0.086900843253179261 -0.068211396524886531 -0.012102878910221292 -0.094284711913542305 -0.030203828249900408 -0.066425126203508864 0.15425761320057757
leaf_weight=16621 6722 29185 2744 1977 18594 15273 1248 9063 6484 11064 415 7154 1916 351
leaf_count=16621 6722 29185 2744 1977 18594 15273 1248 9063 6484 11064 415 7154 1916 351
internal_value=8.43211e-12 -0.00953002 0.0407062 0.0166457 -0.000912744 -0.0142808 0.0602939 0.0748823 -0.0306371 0.0103357 0.0126772 -0.048274 -0.0311525 0.0429539
internal_weight=128811 104375 24436 10966 74116 33867 13470 10311 30259 40249 3159 13638 3893 7073
internal_count=128811 104375 24436 10966 74116 33867 13470 10311 30259 40249 3159 13638 3893 7073
is_linear=0
shrinkage=0.01


Tree=206
num_leaves=15
num_cat=0
split_feature=20 20 31 5 0 0 14 31 0 9 0 7 0 25
split_gain=491228 178558 96874.3 95649.5 87316 83046.7 97249.6 76433.3 72683.8 54119.1 58456.9 46130.6 40301.4 33649
threshold=54.742675016774776 93.323827629911293 27.246092099704274 18.500000000000004 37.042691525878915 36.742692288818368 5.0324123434842152 28.908730158730162 34.083213737060554 -0.78656609248549325 35.400001525878913 1008.3002700000001 36.742692288818368 34.097231023799473
decision_type=2 2 2 2 2 2 2 2 2 2 2 2 2 2
left_child=3 2 12 9 -4 11 -7 -3 -9 13 -11 -5 -2 -1
right_child=1 7 4 5 -6 6 -8 8 -10 10 -12 -13 -14 -15
leaf_value=-0.065756890979287594 -0.016792027330202061 -0.024707544803337853 0.022877729513847828 -0.021592089958915196 -0.030332465667191066 -0.032295290997550692 -0.087727671939714383 0.0086013262353686233 0.10048618886404595 0.02399387564062817 -0.0089932371043914584 0.024753788706842195 -0.10702759052013723 -0.018291802666782576
leaf_weight=1942 4508 741 45340 12916 3309 12965 4187 1059 4602 7300 20342 2576 556 6468
leaf_count=1942 4508 741 45340 12916 3309 12965 4187 1059 4602 7300 20342 2576 556 6468
internal_value=-5.11699e-12 0.0208756 0.0149256 -0.018268 0.0192585 -0.0306685 -0.045827 0.0707963 0.0832973 -0.00703973 -0.000281642 -0.0138857 -0.0266994 -0.0292522
internal_weight=128811 60115 53713 68696 48649 32644 17152 6402 5661 36052 27642 15492 5064 8410
internal_count=128811 60115 53713 68696 48649 32644 17152 6402 5661 36052 27642 15492 5064 8410
is_linear=0
shrinkage=0.01


Tree=207
num_leaves=15
num_cat=0
split_feature=20 22 17 17 20 1 31 5 6 9 14 1 13 24
split_gain=482195 190812 113251 112781 90611 86864.8 114600 86127.4 81990.1 75845.6 70499.5 62803.6 54672.7 40355
threshold=68.553231939163524 52.509125475285181 0.0054836189580683746 0.0093056192636844226 146.34757118927976 -118.21337597412109 51.18610054921843 6.5000000000000009 12.600642500000001 -0.78656609248549325 7.5353316543005482 -118.99998249999999 10.080001084134688 12.871510204827556
decision_type=2 2 2 2 2 2 2 2 2 2 2 2 2 2
left_child=1 3 4 9 13 8 -7 12 -4 -1 -9 -5 -3 -2
right_child=2 7 5 11 -6 6 -8 10 -10 -11 -12 -13 -14 -15
leaf_value=-0.033397619312368398 0.041508595657992989 0.024576180402909792 0.019366085804665374 -0.048657829748705375 0.19603261870747635 0.017948101871878879 0.12453882288618777 -0.0012441156100644307 -0.053441868836478709 -0.001185496592302465 -0.052916004647553583 -0.006901975974578348 -0.027489334368063691 0.082526336543081003
leaf_weight=10383 5851 20492 7837 16965 502 2610 1644 22031 1927 24694 3000 4573 2237 4065
leaf_count=10383 5851 20492 7837 16965 502 2610 1644 22031 1927 24694 3000 4573 2237 4065
internal_value=5.01018e-12 -0.00936163 0.0399869 -0.0217802 0.0649592 0.0214279 0.0591411 0.00535939 0.00499688 -0.0107205 -0.00743706 -0.0397921 0.0194519 0.0583236
internal_weight=128811 104375 24436 56615 10418 14018 4254 47760 9764 35077 25031 21538 22729 9916
internal_count=128811 104375 24436 56615 10418 14018 4254 47760 9764 35077 25031 21538 22729 9916
is_linear=0
shrinkage=0.01


Tree=208
num_leaves=15
num_cat=0
split_feature=20 20 17 20 17 2 1 31 17 2 1 1 1 3
split_gain=474274 185257 104765 96153.6 84808.3 84775.2 69060.6 66675.3 65883.9 138246 48543.1 45087.9 36366.2 32200
threshold=53.433012748825774 72.487959442332084 0.0071642536833790632 155.57403433476398 0.015173961901385606 20.425000000000001 -118.99998249999999 22.268518518518523 0.014610550400238924 21.525000000000002 -120.84999847412108 -120.84999847412108 -120.84999847412108 81.754370000000009
decision_type=2 2 2 2 2 2 2 2 2 2 2 2 2 2
left_child=4 8 3 -3 7 -4 12 13 10 -10 -2 -9 -6 -1
right_child=1 2 5 -5 6 -7 -8 11 9 -11 -12 -13 -14 -15
leaf_value=-0.02373969406086348 -0.024980484971585573 0.059066410560104421 -0.01305309969457342 0.22233850376236056 -0.034112665210342841 0.052699031074990722 -0.0014243128416933436 -0.030168497242329301 -0.091022906873878248 0.012048355873917099 0.01566368753375285 -0.0050789937413336138 -0.08183679760857418 -0.063202490036280035
leaf_weight=4845 3188 10935 4291 373 2559 3611 2392 8908 1992 3753 37553 36558 4246 3607
leaf_count=4845 3188 10935 4291 373 2559 3611 2392 8908 1992 3753 37553 36558 4246 3607
internal_value=-1.85121e-11 0.0188077 0.0449302 0.064452 -0.0195768 0.0169938 -0.0476438 -0.0147893 0.00801275 -0.0236902 0.0124833 -0.0099947 -0.0638903 -0.040581
internal_weight=128811 65696 19210 11308 63115 7902 9197 53918 46486 5745 40741 45466 6805 8452
internal_count=128811 65696 19210 11308 63115 7902 9197 53918 46486 5745 40741 45466 6805 8452
is_linear=0
shrinkage=0.01


Tree=209
num_leaves=15
num_cat=0
split_feature=20 20 4 7 17 8 11 4 44 6 15 0 1 10
split_gain=464836 181570 103742 91540.2 83120.6 80555.1 153285 82041.6 69516.5 65134.6 101691 47716 36304.1 21563.5
threshold=53.433012748825774 72.487959442332084 1.0000000180025095e-35 1003.9001350000001 0.015173961901385606 -0.5 0.6830127018922193 1.0000000180025095e-35 1.0000000180025095e-35 14.773712250000001 0.29191899057896131 37.042691525878915 -118.21337597412109 0.68301270189221941
decision_type=2 2 2 2 2 2 2 2 2 2 2 2 2 2
left_child=4 9 3 -3 5 6 -1 -7 12 11 -11 -2 -6 -10
right_child=1 2 -4 -5 8 7 -8 -9 13 10 -12 -13 -14 -15
leaf_value=-0.010730039961737327 0.015466475642162341 0.022794534729095473 -0.081002144012315078 0.067748268804423625 -0.034454620600353855 -0.01845791173943467 0.068204940141727455 -0.074514285030323965 -0.067209136931399793 -0.10575006056163046 -0.0018629968663050557 -0.024836443758918102 0.057411853725514314 -0.12321205789437389
leaf_weight=13175 37676 7835 637 10738 5595 34896 3025 2822 2118 1197 4427 3186 466 1018
leaf_count=13175 37676 7835 637 10738 5595 34896 3025 2822 2118 1197 4427 3186 466 1018
internal_value=2.16223e-11 0.0186196 0.0444809 0.0487846 -0.019381 -0.0146414 0.00400936 -0.022652 -0.0471674 0.00793262 -0.0239741 0.0123241 -0.0273915 -0.0853887
internal_weight=128811 65696 19210 18573 63115 53918 16200 37718 9197 46486 5624 40862 6061 3136
internal_count=128811 65696 19210 18573 63115 53918 16200 37718 9197 46486 5624 40862 6061 3136
is_linear=0
shrinkage=0.01


Tree=210
num_leaves=15
num_cat=0
split_feature=20 6 0 20 20 15 14 7 0 9 11 9 26 0
split_gain=456272 139439 165536 127839 126225 100031 71670.3 71027.2 70567.2 66913.4 60975.5 57513 47685.8 33639.4
threshold=61.824714828897349 12.404780500000003 36.742692288818368 127.63400335008377 31.706349206349213 0.30533797559021464 10.800008285760763 1006.6000200000002 34.083213737060554 -0.78656609248549325 1.0000000180025095e-35 -0.60355339059327384 32.764317480487975 35.400001525878913
decision_type=2 2 2 2 2 2 2 2 2 2 2 2 2 2
left_child=4 3 5 7 11 -3 9 -2 -5 -6 -4 -1 -13 -8
right_child=1 2 10 8 6 -7 13 -9 -10 -11 -12 12 -14 -15
leaf_value=-0.053683324775850146 0.020872117628757566 -0.072696482328818007 -0.058623111980546698 -0.041814679388537945 -0.022613466588625598 0.035966422311758367 -0.024622016789165337 0.052569642140239722 0.14465837313490876 0.0018189880657687996 -0.19557524491299055 -0.02230466232398982 0.1925546138561689 -0.11309684235891836
leaf_weight=8176 19545 1079 846 234 14418 3943 856 11075 1529 50368 528 15247 104 863
leaf_count=8176 19545 1079 846 234 14418 3943 856 11075 1529 50368 528 15247 104 863
internal_value=-1.31135e-11 0.0286771 -0.0139904 0.0371044 -0.0123519 0.0126197 -0.00530939 0.0323368 0.119908 -0.00361841 -0.111251 -0.0322595 -0.020849 -0.0690396
internal_weight=128811 38779 6396 32383 90032 5022 66505 30620 1763 64786 1374 23527 15351 1719
internal_count=128811 38779 6396 32383 90032 5022 66505 30620 1763 64786 1374 23527 15351 1719
is_linear=0
shrinkage=0.01


Tree=211
num_leaves=15
num_cat=0
split_feature=20 20 31 1 17 9 31 0 44 31 0 34 1 10
split_gain=448157 176098 93934.4 89980.1 81355 94214.6 77050.2 85758.1 67943.7 57184.9 49629.6 46370.3 35534.3 29779.1
threshold=53.433012748825774 87.37737642585553 28.908730158730162 -118.21337597412109 0.015173961901385606 -0.60355339059327384 28.908730158730162 34.083213737060554 1.0000000180025095e-35 22.268518518518523 36.742692288818368 37.223225602027888 -118.21337597412109 -0.24999999999999994
decision_type=2 2 2 2 2 2 2 2 2 2 2 2 2 2
left_child=4 2 10 -4 5 9 13 -8 12 -1 -2 -7 -6 -3
right_child=1 6 3 -5 8 11 7 -9 -10 -11 -12 -13 -14 -15
leaf_value=-0.069704542086277133 -0.014215326868434798 0.042719488948656834 0.01059794024494687 0.04658385448319307 -0.03395673185563261 0.016102032191768326 0.0061404205913532448 0.088770156183248114 -0.084306218206492839 -0.024146413692979582 -0.10175264348777247 -0.010966089657398273 0.056930559023319394 -0.069064788816350961
leaf_weight=3321 5622 407 42483 8307 5595 8358 1590 5980 3136 16171 732 26068 466 575
leaf_count=3321 5622 407 42483 8307 5595 8358 1590 5980 3136 16171 732 26068 466 575
internal_value=-1.29769e-11 0.0182825 0.0119488 0.0164836 -0.0190301 -0.0143411 0.0606038 0.0714146 -0.0465198 -0.0319085 -0.0242999 -0.00439445 -0.0269689 -0.0227346
internal_weight=128811 65696 57144 50790 63115 53918 8552 7570 9197 19492 6354 34426 6061 982
internal_count=128811 65696 57144 50790 63115 53918 8552 7570 9197 19492 6354 34426 6061 982
is_linear=0
shrinkage=0.01


Tree=212
num_leaves=15
num_cat=0
split_feature=20 22 4 17 20 5 31 9 44 46 17 22 43 8
split_gain=440274 179750 108922 107148 97088.8 83492.3 71860.6 71592.1 62411.1 62216.4 60405.6 40744.3 16136.6 13139
threshold=68.553231939163524 52.509125475285181 1.0000000180025095e-35 0.0093056192636844226 119.59045226130655 6.5000000000000009 45.000105618926916 -0.78656609248549325 1.0000000180025095e-35 1.0000000180025095e-35 0.007197859426632665 143.47487437185933 1.0000000180025095e-35 -0.37940952255126059
decision_type=2 2 2 2 2 2 2 2 2 2 2 2 2 2
left_child=1 3 4 7 6 11 -2 -1 -5 -6 -7 -3 13 -4
right_child=2 5 12 8 9 10 -8 -9 -10 -11 -12 -13 -14 -15
leaf_value=-0.032250772395435376 0.0033005583382843457 0.018327704130930659 -0.062510983301517845 -0.024355897107117035 0.12196395797232905 0.0082822715870135705 0.045897491233484633 -0.00095493479535874214 -0.05896277170500288 -0.02590895350195898 -0.02278688343997641 0.22062534317150712 -0.030486076931031534 -0.17531841453924341
leaf_weight=10383 5274 22629 207 12701 2105 12512 15900 24694 8837 329 12519 100 415 206
leaf_count=10383 5274 22629 207 12701 2105 12512 15900 24694 8837 329 12519 100 415 206
internal_value=-5.21787e-12 -0.00894544 0.0382092 -0.0209987 0.0421631 0.00534252 0.0352875 -0.0102187 -0.038555 0.101976 -0.00725665 0.0192177 -0.0745255 -0.118778
internal_weight=128811 104375 24436 56615 23608 47760 21174 35077 21538 2434 25031 22729 828 413
internal_count=128811 104375 24436 56615 23608 47760 21174 35077 21538 2434 25031 22729 828 413
is_linear=0
shrinkage=0.01


Tree=213
num_leaves=15
num_cat=0
split_feature=20 22 7 5 1 4 3 4 20 6 0 0 44 1
split_gain=432604 170146 122989 114428 99798 97323.9 89369.1 80537.9 79306.8 64184.5 59486.5 56253.3 48180.8 20994.5
threshold=53.433012748825774 77.922053231939188 1003.8002 8.5000000000000018 -118.21337597412109 1.0000000180025095e-35 74.86619300000001 1.0000000180025095e-35 113.6316582914573 14.773712250000001 35.400001525878913 37.042691525878915 1.0000000180025095e-35 -118.21337597412109
decision_type=2 2 2 2 2 2 2 2 2 2 2 2 2 2
left_child=7 4 3 -3 5 -2 -6 9 -4 11 -11 -1 13 -9
right_child=1 2 8 -5 6 -7 -8 12 -10 10 -12 -13 -14 -15
leaf_value=-0.0053381375645556372 0.0066682110150479467 0.057259004975505352 0.059017769858990522 -0.037474938170160906 0.067186550341825232 -0.072462150867142083 0.0055323306243631612 -0.043157696499213027 0.1362184955874681 0.0078231964888527874 -0.056257908183458161 -0.032190340419723018 -0.096738660936212653 0.024957364659455056
leaf_weight=39187 42016 2753 5699 2375 5236 1614 4267 3837 1736 1895 6150 9741 1792 513
leaf_count=39187 42016 2753 5699 2375 5236 1614 4267 3837 1736 1895 6150 9741 1792 513
internal_value=1.26913e-11 0.0179625 0.0510586 0.0133836 0.0101371 0.00374095 0.0395028 -0.018697 0.0770434 -0.014988 -0.0411636 -0.0106841 -0.0531014 -0.0351248
internal_weight=128811 65696 12563 5128 53133 43630 9503 63115 7435 56973 8045 48928 6142 4350
internal_count=128811 65696 12563 5128 53133 43630 9503 63115 7435 56973 8045 48928 6142 4350
is_linear=0
shrinkage=0.01


Tree=214
num_leaves=15
num_cat=0
split_feature=20 31 17 20 2 17 17 0 0 0 1 25 2 13
split_gain=424596 142110 126116 110588 108066 131121 84998.3 75185.9 65095 62693.6 58867.9 46145.8 39763.3 39484.8
threshold=63.309885931558945 33.324989438107316 0.0071642536833790632 146.34757118927976 20.525000000000002 0.012610961430146448 0.019438067362094726 37.042691525878915 36.742692288818368 34.083213737060554 -118.21337597412109 83.593767625269024 26.675000000000001 -4.3315975928084693
decision_type=2 2 2 2 2 2 2 2 2 2 2 2 2 2
left_child=1 8 3 9 5 -4 7 -3 -1 -2 -6 -5 -8 -10
right_child=2 6 4 11 10 -7 12 -9 13 -11 -12 -13 -14 -15
leaf_value=-0.015234270212491281 0.018328086748834398 0.0042374971982608754 0.0035187661554332817 -0.17052804990797429 0.017998049390704648 -0.096938288172471451 -0.092699891073448198 -0.026140026777406216 -0.079486734982431279 0.056328647205602753 0.079433111034403509 0.19275424400028193 0.0020050514596610643 -0.036655896146906126
leaf_weight=15952 6882 52129 6127 37 5695 1649 1502 9657 2656 11761 2148 636 629 11351
leaf_count=15952 6882 52129 6127 37 5695 1649 1502 9657 2656 11761 2148 636 629 11351
internal_value=8.35379e-12 -0.0110755 0.0297617 0.046847 0.0086324 -0.0177844 -0.00265206 -0.000510435 -0.0290469 0.0423009 0.0348236 0.172782 -0.0647462 -0.0447775
internal_weight=128811 93876 34935 19316 15619 7776 63917 61786 29959 18643 7843 673 2131 14007
internal_count=128811 93876 34935 19316 15619 7776 63917 61786 29959 18643 7843 673 2131 14007
is_linear=0
shrinkage=0.01


Tree=215
num_leaves=15
num_cat=0
split_feature=20 22 7 5 1 31 4 5 8 11 20 22 0 11
split_gain=417274 164865 119918 115688 96805.3 98199.5 94867.1 79314.3 97838.9 80761.2 78229.5 55214.9 48868.7 39094.6
threshold=53.433012748825774 77.922053231939188 1003.4003000000001 8.5000000000000018 -118.21337597412109 59.211026615969594 1.0000000180025095e-35 18.500000000000004 -0.25881904510252113 0.6830127018922193 130.97864321608043 143.47487437185933 36.742692288818368 -0.24999999999999994
decision_type=2 2 2 2 2 2 2 2 2 2 2 2 2 2
left_child=7 4 3 -3 6 -6 -2 11 9 -9 -4 -1 -10 -13
right_child=1 2 10 -5 5 -7 -8 8 12 -11 -12 13 -14 -15
leaf_value=-0.0082069301015112207 0.0065289141472997369 0.055536697730992728 0.06164656198227092 -0.043378516195757506 0.028165829552321213 0.13548431889356116 -0.071596320573866015 -0.023946870321223186 -0.026777454766334842 0.033636968456974427 0.15313530320209034 0.55732291168180004 -0.060193643272503587 0.060827397823333747
leaf_weight=32883 42016 2611 6705 2161 8556 947 1614 9158 7938 3318 1086 29 9754 35
leaf_count=32883 42016 2611 6705 2161 8556 947 1614 9158 7938 3318 1086 29 9754 35
internal_value=-3.0652e-11 0.0176413 0.0502197 0.0107429 0.00993832 0.0388604 0.00363884 -0.0183627 -0.0300778 -0.00863241 0.0743993 -0.00763581 -0.0452006 0.285802
internal_weight=128811 65696 12563 4772 53133 9503 43630 63115 30168 12476 7791 32947 17692 64
internal_count=128811 65696 12563 4772 53133 9503 43630 63115 30168 12476 7791 32947 17692 64
is_linear=0
shrinkage=0.01


Tree=216
num_leaves=15
num_cat=0
split_feature=22 31 17 1 6 1 14 9 9 44 1 13 47 11
split_gain=400238 191579 130638 124793 114169 107832 99367 94465.6 79917 66396.7 55155.6 55042.5 54092.3 41052.4
threshold=52.509125475285181 59.385509083227724 0.015908400068827072 -118.21337597412109 10.197528500000002 -118.21337597412109 7.5353316543005482 -0.37940952255126015 -0.60355339059327384 1.0000000180025095e-35 -118.99998249999999 0.36288284339950139 1.0000000180025095e-35 0.25000000000000017
decision_type=2 2 2 2 2 2 2 2 2 2 2 2 2 2
left_child=4 5 3 -3 8 6 -2 -7 -1 13 -4 -11 -10 -6
right_child=1 2 10 -5 9 7 -8 -9 12 11 -12 -13 -14 -15
leaf_value=-0.027600767369692903 0.001767701715238578 0.040892389674350299 -0.13950487904408232 0.13823582986905747 -0.010021791384376776 -0.0064402407031749469 -0.059958893575258909 0.051050666046012896 -0.002000733978940154 -0.11985254385010141 0.0051197839412733771 -0.049690397145550388 0.063576691726152615 -0.050187087921006464
leaf_weight=15246 34530 17675 520 1423 7351 4393 2821 8180 23185 1356 535 6374 1330 3892
leaf_count=15246 34530 17675 520 1423 7351 4393 2821 8180 23185 1356 535 6374 1330 3892
internal_value=6.64788e-12 0.0161376 0.0421614 0.0481455 -0.0192542 0.0056325 -0.00289431 0.0309634 -0.00962328 -0.0394374 -0.0661644 -0.0619983 0.00155701 -0.0239259
internal_weight=128811 70077 20153 19098 58734 49924 37351 12573 39761 18973 1055 7730 24515 11243
internal_count=128811 70077 20153 19098 58734 49924 37351 12573 39761 18973 1055 7730 24515 11243
is_linear=0
shrinkage=0.01


Tree=217
num_leaves=15
num_cat=0
split_feature=20 31 17 6 1 5 20 7 9 14 2 44 13 31
split_gain=404066 166975 104146 96235.2 94832.8 84174.8 81783.3 72869.1 63755.9 66537.3 56337.2 54605.3 52940.9 36036.6
threshold=68.553231939163524 32.242063492063501 0.0054836189580683746 18.611846500000002 -120.84999847412108 8.5000000000000018 155.57403433476398 1003.5005000000001 -0.37940952255126015 6.5162392177022381 24.975000000000005 1.0000000180025095e-35 12.599997340591207 22.268518518518523
decision_type=2 2 2 2 2 2 2 2 2 2 2 2 2 2
left_child=1 8 6 4 -3 12 11 -7 13 -10 -5 -2 -4 -1
right_child=2 3 5 10 -6 7 -8 -9 9 -11 -12 -13 -14 -15
leaf_value=-0.06418228937183755 0.039833373533909117 -0.026424289851523532 0.046706531847317323 -0.088791932738899695 0.0066240428139278298 -0.044709695221756725 0.23007931912580123 0.021511420863523551 -0.0081752714083055227 -0.065806972567386574 -0.002070516050042894 0.089391421479462135 -0.13838394875862178 -0.030486838548979409
leaf_weight=5634 6849 10128 7044 1904 60849 2871 277 3945 15045 2311 1235 3292 158 7269
leaf_count=5634 6849 10128 7044 1904 60849 2871 277 3945 15045 2311 1235 3292 158 7269
internal_value=-2.85144e-12 -0.00856972 0.0366044 -0.000488096 0.00190824 0.018807 0.0605517 -0.00638189 -0.0283647 -0.0158491 -0.0546725 0.055921 0.042646 -0.0451997
internal_weight=128811 104375 24436 74116 70977 14018 10418 6816 30259 17356 3139 10141 7202 12903
internal_count=128811 104375 24436 74116 70977 14018 10418 6816 30259 17356 3139 10141 7202 12903
is_linear=0
shrinkage=0.01


Tree=218
num_leaves=15
num_cat=0
split_feature=20 22 20 1 4 3 17 20 17 9 1 28 9 11
split_gain=397097 157639 106264 93030.2 91811.1 86008 82317.9 77225.3 60618.2 67378.2 49468.8 45352.9 28947.1 28454.7
threshold=53.433012748825774 77.922053231939188 155.57403433476398 -118.21337597412109 1.0000000180025095e-35 74.86619300000001 0.0080816863338542596 13.928571428571431 0.015769624186723036 -0.60355339059327384 -118.99998249999999 117.00892177314715 -0.12940952255126037 0.25000000000000017
decision_type=2 2 2 2 2 2 2 2 2 2 2 2 2 2
left_child=7 3 6 4 -2 -5 -3 12 9 -9 -10 -4 -1 -14
right_child=1 2 11 5 -6 -7 -8 8 10 -11 -12 -13 13 -15
leaf_value=-0.077288290373507457 0.0063449478963063608 0.062192503035033417 0.11404000795350816 0.065187954853351174 -0.070511647350168669 0.0047042067955083379 0.0073546272507956194 -0.026191349653427131 -0.057939815958255619 -0.0021090878104780674 0.00047284224857295726 0.30607523165606515 -0.063468063025802976 0.0031218462058442494
leaf_weight=2714 42016 7843 312 5236 1614 4267 4205 18066 5209 32550 2009 203 1294 1273
leaf_count=2714 42016 7843 312 5236 1614 4267 4205 18066 5209 32550 2009 203 1294 1273
internal_value=1.29613e-11 0.0172095 0.049066 0.00967723 0.0035018 0.0380298 0.043053 -0.0179133 -0.0145707 -0.0107046 -0.0416817 0.189735 -0.0545188 -0.0304455
internal_weight=128811 65696 12563 53133 43630 9503 12048 63115 57834 50616 7218 515 5281 2567
internal_count=128811 65696 12563 53133 43630 9503 12048 63115 57834 50616 7218 515 5281 2567
is_linear=0
shrinkage=0.01


Tree=219
num_leaves=15
num_cat=0
split_feature=20 22 17 17 5 5 20 7 9 14 44 0 18 22
split_gain=389676 163966 101370 100232 82457.6 79353.1 78813.5 71209.4 67337.1 63007.3 59762.3 54211.7 39236.2 39034.1
threshold=68.553231939163524 52.509125475285181 0.0054836189580683746 0.0093056192636844226 8.5000000000000018 6.5000000000000009 155.57403433476398 1003.5005000000001 -0.78656609248549325 7.2000092342799205 1.0000000180025095e-35 34.083213737060554 17.890054557851212 143.47487437185933
decision_type=2 2 2 2 2 2 2 2 2 2 2 2 2 2
left_child=1 3 6 8 12 13 11 -6 -1 -7 -5 -2 -4 -3
right_child=2 5 4 10 7 9 -8 -9 -10 -11 -12 -13 -14 -15
leaf_value=-0.030868646816570863 0.021759747735449461 0.017886213679975112 0.043590068663580159 -0.023013311123157871 -0.044431415159567979 -0.0010688219356769872 0.22599392930523152 0.021031182972445325 -0.00051707293987751169 -0.049120127041303897 -0.056877828292930747 0.071096210987820596 -0.29692108476863188 0.21589287013709546
leaf_weight=10383 3303 22629 7168 12701 2871 21914 277 3945 24694 3117 8837 6838 34 100
leaf_count=10383 3303 22629 7168 12701 2871 21914 277 3945 24694 3117 8837 6838 34 100
internal_value=-5.10755e-12 -0.00841574 0.0359467 -0.0199276 0.0183881 0.00523046 0.0595727 -0.00654263 -0.00950132 -0.00705244 -0.0369079 0.055027 0.0419825 0.0187574
internal_weight=128811 104375 24436 56615 14018 47760 10418 6816 35077 25031 21538 10141 7202 22729
internal_count=128811 104375 24436 56615 14018 47760 10418 6816 35077 25031 21538 10141 7202 22729
is_linear=0
shrinkage=0.01


Tree=220
num_leaves=15
num_cat=0
split_feature=1 6 2 25 44 0 7 16 0 41 19 17 30 5
split_gain=312164 271567 252645 219851 127692 119469 115947 99135.8 93910.2 55034.9 52087.5 51766.2 35777.8 30577.2
threshold=-118.21337597412109 10.600839500000001 18.525000000000002 82.58358928673789 1.0000000180025095e-35 37.042691525878915 1005.00003 6.7650000000000006 35.400001525878913 85.922717198158111 0.30194130236327416 0.015769624186723036 104.94061084892144 6.5000000000000009
decision_type=2 2 2 2 2 2 2 2 2 2 2 2 2 2
left_child=1 3 11 5 -5 -1 7 13 -4 10 -8 -3 -9 -2
right_child=6 2 8 4 -6 -7 9 12 -10 -11 -12 -13 -14 -15
leaf_value=0.0050062035091492756 0.025133337930760745 -0.0488261605139194 0.024656685467279133 -0.012618638049718802 0.10090649427675244 -0.029655088879044739 0.036510959587593587 0.04893007013765921 -0.022895666018409134 -0.45218619048595432 0.094168750176879826 -0.089481541932159236 0.16500680743602286 -0.020781154084915196
leaf_weight=62547 2172 8756 6321 1382 3500 11824 2465 3888 12109 20 4300 4876 285 4366
leaf_count=62547 2172 8756 6321 1382 3500 11824 2465 3888 12109 20 4300 4876 285 4366
internal_value=2.06905e-11 -0.00617174 -0.0307287 0.00376282 0.0687697 -0.000504481 0.0392666 0.0187775 -0.00658647 0.0716111 0.0731597 -0.0633681 0.0568577 -0.00552782
internal_weight=128811 111315 32062 79253 4882 74371 17496 10711 18430 6785 6765 13632 4173 6538
internal_count=128811 111315 32062 79253 4882 74371 17496 10711 18430 6785 6765 13632 4173 6538
is_linear=0
shrinkage=0.01


Tree=221
num_leaves=15
num_cat=0
split_feature=31 22 0 14 11 23 9 0 13 0 6 5 6 31
split_gain=376302 203455 151422 112629 123064 87576.6 83954.2 72758.6 90179.5 65028.5 52756.8 51969.9 42897.3 41769.3
threshold=51.931347697507398 71.711660329531085 36.742692288818368 6.1200022147822333 0.6830127018922193 134.29704288063743 -0.5 35.400001525878913 -5.0732009093110486 34.083213737060554 8.0999995000000009 25.500000000000004 13.002460500000002 22.847222222222225
decision_type=2 2 2 2 2 2 2 2 2 2 2 2 2 2
left_child=2 7 6 4 -4 10 13 9 -9 -2 -3 -8 -7 -1
right_child=1 5 3 -5 -6 12 11 8 -10 -11 -12 -13 -14 -15
leaf_value=-0.051998198915876433 0.017057675845937977 0.066882090780054276 -0.033247126771662402 -0.078096255049552185 0.017766181897508657 0.18861657288826369 0.019703332603616466 -0.073873624046290221 0.0039841764850580908 0.069712561681044782 0.020953496325846383 -0.0074485366062216228 -0.22611089701835926 -0.011927811970487404
leaf_weight=3247 13722 7346 23149 4222 5943 612 17001 1606 20189 2829 3792 12043 26 13084
leaf_count=3247 13722 7346 23149 4222 5943 612 17001 1606 20189 2829 3792 12043 26 13084
internal_value=9.26015e-13 0.0214158 -0.0136411 -0.0298306 -0.022826 0.0577722 -0.00175489 0.0102508 -0.0017529 0.0260578 0.0512454 0.0084449 0.171715 -0.0198948
internal_weight=128811 50122 78689 33314 29092 11776 45375 38346 21795 16551 11138 29044 638 16331
internal_count=128811 50122 78689 33314 29092 11776 45375 38346 21795 16551 11138 29044 638 16331
is_linear=0
shrinkage=0.01


Tree=222
num_leaves=15
num_cat=0
split_feature=20 20 31 47 5 13 31 0 14 0 22 0 7 0
split_gain=371801 148587 94168.2 92981.8 75205 85026.7 70962.2 65688.5 78628.7 64730.1 63242.4 48199.2 37546.5 36876.9
threshold=53.433012748825774 93.323827629911293 28.908730158730162 1.0000000180025095e-35 18.500000000000004 1.0799866906365141 28.908730158730162 36.742692288818368 5.0324123434842152 34.083213737060554 143.47487437185933 36.742692288818368 1008.3002700000001 35.400001525878913
decision_type=2 2 2 2 2 2 2 2 2 2 2 2 2 2
left_child=4 2 11 -4 5 13 -3 12 -9 -8 -7 -2 -6 -1
right_child=1 6 3 -5 7 10 9 8 -10 -11 -12 -13 -14 -15
leaf_value=0.038637918672429557 -0.01424381387434573 -0.029601313799730279 0.01020013760827696 0.045729705458979288 -0.020038715714039458 -0.018183508929113922 0.0039756450077080866 -0.029798161038147936 -0.080730128857162547 0.090687476124044597 0.32764876889732647 -0.099496872175365375 0.024201153135393522 -0.00015729662094573626
leaf_weight=4537 5847 741 43846 8853 11463 23030 1059 12388 4013 4602 53 748 2304 5327
leaf_count=4537 5847 741 43846 8853 11463 23030 1059 12388 4013 4602 53 748 2304 5327
internal_value=1.02041e-12 0.0166523 0.0117107 0.0161688 -0.0173333 -0.00688799 0.062421 -0.0287409 -0.0422602 0.0744663 -0.0173895 -0.0239132 -0.0126349 0.0176868
internal_weight=128811 65696 59294 52699 63115 32947 6402 30168 16401 5661 23083 6595 13767 9864
internal_count=128811 65696 59294 52699 63115 32947 6402 30168 16401 5661 23083 6595 13767 9864
is_linear=0
shrinkage=0.01


Tree=223
num_leaves=15
num_cat=0
split_feature=20 22 31 1 31 10 5 3 14 1 13 10 13 13
split_gain=364896 159502 89930.3 98672.9 81449.1 80951.5 78182.9 68489.5 60680 52936.3 50047.4 36296.7 29724.3 27087
threshold=69.098859315589365 52.509125475285181 28.908730158730162 -118.21337597412109 43.863751584283911 0.68301270189221941 6.5000000000000009 72.962955000000008 7.5353316543005482 -118.21337597412109 10.080001084134688 0.68301270189221941 6.8400124819109536 6.8089227168905184
decision_type=2 2 2 2 2 2 2 2 2 2 2 2 2 2
left_child=1 4 11 5 9 -4 10 -5 -8 -1 -3 12 -2 -6
right_child=2 6 3 7 13 -7 8 -9 -10 -11 -12 -13 -14 -15
leaf_value=-0.03261399822926158 0.0067492733859655218 0.023547770806455703 0.036953642027165154 0.10641286456142895 0.00065532998217031672 -0.039916284907759322 -0.0010824343285913871 0.031704070062924597 -0.048875768902123008 0.021444492658764389 -0.026085060984256048 -0.098481594883438772 -0.16157328415662051 -0.024868224700155959
leaf_weight=31227 1913 20761 14401 3394 18213 1514 22287 1922 3016 1923 2252 489 111 5388
leaf_count=31227 1913 20761 14401 3394 18213 1514 22287 1922 3016 1923 2252 489 111 5388
internal_value=3.5548e-12 -0.00800114 0.035405 0.0421005 -0.0193698 0.029641 0.00535223 0.0794019 -0.00677918 -0.0294781 0.0186908 -0.0211623 -0.00248186 -0.00517158
internal_weight=128811 105067 23744 21231 56751 15915 48316 5316 25303 33150 23013 2513 2024 23601
internal_count=128811 105067 23744 21231 56751 15915 48316 5316 25303 33150 23013 2513 2024 23601
is_linear=0
shrinkage=0.01


Tree=224
num_leaves=15
num_cat=0
split_feature=20 22 7 4 2 1 9 14 20 11 20 0 43 16
split_gain=358201 144677 112574 86810.1 78745.9 77263.9 73579.1 77222.3 72122.7 64251.8 54457.8 52452.1 36004.6 33853.8
threshold=53.433012748825774 77.922053231939188 1003.4003000000001 1.0000000180025095e-35 17.325000000000006 -118.21337597412109 -0.60355339059327384 7.9199909917778486 130.97864321608043 0.6830127018922193 19.484126984126991 35.400001525878913 1.0000000180025095e-35 0.08684107250000038
decision_type=2 2 2 2 2 2 2 2 2 2 2 2 2 2
left_child=6 3 4 5 -3 -2 10 9 -4 -8 -1 -9 -5 -12
right_child=1 2 8 12 -6 -7 7 11 -10 -11 13 -13 -14 -15
leaf_value=-0.068685080495904882 0.0059955116078464436 -0.051498381624889768 0.058046270045164827 -0.094126279646242067 0.036065793962337833 0.038213725101459137 -0.012300893820316367 -6.4198255704662342e-06 0.14589150168502474 0.018814880462022076 0.048135366424608757 -0.085728316726326415 -0.010643728361498062 -0.027812795117633661
leaf_weight=3442 42016 1496 6705 1084 3276 9046 30471 1079 1086 8484 608 2109 987 16922
leaf_count=3442 42016 1496 6705 1084 3276 9046 30471 1079 1086 8484 608 2109 987 16922
internal_value=-3.42918e-12 0.016345 0.0468637 0.00912899 0.00861483 0.0117032 -0.0170134 -0.00939665 0.0702912 -0.0055242 -0.0323191 -0.0567152 -0.0543401 -0.0251787
internal_weight=128811 65696 12563 53133 4772 51062 63115 42143 7791 38955 20972 3188 2071 17530
internal_count=128811 65696 12563 53133 4772 51062 63115 42143 7791 38955 20972 3188 2071 17530
is_linear=0
shrinkage=0.01


Tree=225
num_leaves=15
num_cat=0
split_feature=20 22 4 7 5 17 22 5 9 7 0 13 42 20
split_gain=352005 142904 101220 95013.6 103537 92796.4 87103.7 68879.8 63415.3 52921.6 51939.1 44358 15261.6 9253.32
threshold=67.255703422053259 52.509125475285181 1.0000000180025095e-35 1004.0995000000001 8.5000000000000018 0.0093056192636844226 80.444428195378791 6.5000000000000009 -0.78656609248549325 1006.4001350000001 35.400001525878913 -0.7254199346149367 1.0000000180025095e-35 98.416349809885944
decision_type=2 2 2 2 2 2 2 2 2 2 2 2 2 2
left_child=1 5 3 4 -2 8 -5 11 -1 -9 -7 -3 -4 -14
right_child=2 7 12 6 -6 10 -8 9 -10 -11 -12 -13 13 -15
leaf_value=-0.029836763043813837 0.039213401209283169 0.035258099155305908 -0.030433946513743235 0.033922956228734244 -0.020508045733415945 -0.0053831652918897663 0.085715445258252962 -0.017418032827403857 -0.00029270144371308713 0.014118658598538907 -0.043536592787309383 0.0060393611803323246 -0.096705957929002231 -0.23848891166540293
leaf_weight=10328 7338 8571 443 8366 4803 4521 5307 16116 24500 7944 16927 13194 401 52
leaf_count=10328 7338 8571 443 8366 4803 4521 5307 16116 24500 7944 16927 13194 401 52
internal_value=-7.60472e-12 -0.00845512 0.0323203 0.0359471 0.0155875 -0.0191308 0.0540255 0.00465532 -0.00905379 -0.00700542 -0.0354943 0.0175456 -0.0721682 -0.112981
internal_weight=128811 102101 26710 25814 12141 56276 13673 45825 34828 24060 21448 21765 896 453
internal_count=128811 102101 26710 25814 12141 56276 13673 45825 34828 24060 21448 21765 896 453
is_linear=0
shrinkage=0.01


Tree=226
num_leaves=15
num_cat=0
split_feature=31 1 1 7 23 5 13 17 13 17 9 31 7 23
split_gain=352274 210407 161138 136003 129351 128941 109423 105602 81403.6 74771 68224.8 66913.6 35567.8 33110.4
threshold=51.931347697507398 -118.21337597412109 -118.21337597412109 1004.6003850000001 125.67572371516049 23.500000000000004 1.4527695991665499 0.015769624186723036 -3.2400028328696551 0.013033790585510205 -0.12940952255126037 62.939480354879606 1009.2000650000001 36.298545099281796
decision_type=2 2 2 2 2 2 2 2 2 2 2 2 2 2
left_child=2 4 5 -3 7 6 -1 -2 -7 -6 12 -5 -4 -12
right_child=1 3 10 11 9 8 -8 -9 -10 -11 13 -13 -14 -15
leaf_value=0.016120219968996589 0.015583233277924362 0.030944010995844748 -0.012485208600967001 0.10609446625738184 0.15592922273265011 -0.058078134815528183 -0.019989105600004529 -0.046312624447102844 -0.023150747302727415 -0.22138797606740679 0.15802139468280654 0.22888159722851395 0.067760444734896702 0.038061876560302459
leaf_weight=13335 41218 2569 5422 1901 845 9932 22640 2954 20335 56 239 579 615 6171
leaf_count=13335 41218 2569 5422 1901 845 9932 22640 2954 20335 56 239 579 615 6171
internal_value=-1.90208e-12 0.0207208 -0.0131984 0.0819376 0.0138634 -0.0194015 -0.00660431 0.011444 -0.034612 0.132478 0.019814 0.134761 -0.00431044 0.0425346
internal_weight=128811 50122 78689 5049 45073 66242 35975 44172 30267 901 12447 2480 6037 6410
internal_count=128811 50122 78689 5049 45073 66242 35975 44172 30267 901 12447 2480 6037 6410
is_linear=0
shrinkage=0.01


Tree=227
num_leaves=15
num_cat=0
split_feature=22 20 20 14 1 17 11 4 9 10 9 17 20 13
split_gain=340349 154459 115286 87182.5 75312.4 73061.7 64529.9 54967.5 53197.6 52881.1 46397.8 47363.2 38839.5 25875
threshold=67.221276244007285 36.166666666666671 108.2638190954774 10.800008285760763 -118.21337597412109 0.010893478454328096 -0.24999999999999994 1.0000000180025095e-35 -0.78656609248549325 -0.93301270189221908 -0.37940952255126015 0.0088530813612274026 12.29166666666667 -1.0799992260827447
decision_type=2 2 2 2 2 2 2 2 2 2 2 2 2 2
left_child=1 10 5 4 -3 8 -7 9 -2 -4 12 -12 -1 -5
right_child=2 3 7 13 -6 6 -8 -9 -10 -11 11 -13 -14 -15
leaf_value=-0.084366566194876286 -0.0041482983942785403 -0.0027838523769673695 -0.20531587113413896 -0.099954102854966559 0.028495599459935305 0.026057307343744757 -0.040001050825169637 -0.12173757763206959 0.04223483342014183 0.10214073924395685 0.0020302748663189067 -0.032074224116114811 -0.034959870334314851 -0.0095467073914685761
leaf_weight=1870 2977 62788 57 1122 8773 3024 2894 120 14597 3012 7376 9091 10669 441
leaf_count=1870 2977 62788 57 1122 8773 3024 2894 120 14597 3012 7376 9091 10669 441
internal_value=-1.30966e-11 -0.00830826 0.0318025 -0.000562869 0.00105084 0.0241438 -0.00624632 0.0882209 0.0343776 0.0964304 -0.0278344 -0.0167979 -0.0423281 -0.0744457
internal_weight=128811 102130 26681 73124 71561 23492 5918 3189 17574 3069 29006 16467 12539 1563
internal_count=128811 102130 26681 73124 71561 23492 5918 3189 17574 3069 29006 16467 12539 1563
is_linear=0
shrinkage=0.01


Tree=228
num_leaves=15
num_cat=0
split_feature=31 1 1 7 5 23 13 6 14 6 9 31 7 28
split_gain=342116 204679 155162 133017 125988 125339 106640 102731 84617.6 69126 66688.4 65431.3 34813.2 33988.7
threshold=51.931347697507398 -118.21337597412109 -118.21337597412109 1004.6003850000001 23.500000000000004 125.67572371516049 1.4527695991665499 15.629971500000002 6.1529304970907202 13.002460500000002 -0.12940952255126037 62.939480354879606 1009.2000650000001 88.461332327034427
decision_type=2 2 2 2 2 2 2 2 2 2 2 2 2 2
left_child=2 5 4 13 6 7 -1 -2 -6 -7 12 -5 -4 -3
right_child=1 3 10 11 8 9 -8 -9 -10 -11 -12 -13 -14 -15
leaf_value=0.015989834519070587 0.015431748934972312 0.033669298658333589 -0.012551200322768874 0.10469075262277577 -0.025192492636705963 0.15275048326730925 -0.019657414131910203 -0.044672950097608174 -0.065412974399477797 -0.21311091043732383 0.041850986912412048 0.22611016361103983 0.066838692449426987 -0.37029217674618681
leaf_weight=13335 41117 2548 5422 1901 23542 846 22640 3055 6725 55 6410 579 615 21
leaf_count=13335 41117 2548 5422 1901 23542 846 22640 3055 6725 55 6410 579 615 21
internal_value=-2.63327e-11 0.0204199 -0.0130067 0.0807978 -0.0190937 0.0136564 -0.0064439 0.0112748 -0.034129 0.130417 0.0193876 0.133038 -0.00446361 0.0303672
internal_weight=128811 50122 78689 5049 66242 45073 35975 44172 30267 901 12447 2480 6037 2569
internal_count=128811 50122 78689 5049 66242 45073 35975 44172 30267 901 12447 2480 6037 2569
is_linear=0
shrinkage=0.01


Tree=229
num_leaves=15
num_cat=0
split_feature=31 1 1 23 14 17 9 17 9 3 6 28 23 14
split_gain=335308 200606 152074 122845 104457 100915 81780.9 71699.2 65361.3 59895.1 47472.4 39988.4 32611.9 28729.4
threshold=51.931347697507398 -118.21337597412109 -118.21337597412109 125.67572371516049 7.2000092342799205 0.015769624186723036 -0.60355339059327384 0.013033790585510205 -0.12940952255126037 73.471570000000014 12.905510000000001 48.768905787917198 36.298545099281796 -2.8800826500913463
decision_type=2 2 2 2 2 2 2 2 2 2 2 2 2 2
left_child=2 3 4 5 6 -2 -1 -5 13 11 -6 -3 -10 -4
right_child=1 9 8 7 10 -7 -8 -9 12 -11 -12 -13 -14 -15
leaf_value=-0.031937779667953678 0.015208437606923225 0.04891446494992658 -0.086421832196171722 0.15207761412817081 -0.034186921516165904 -0.045298014464928434 -0.0067532744103364819 -0.21740772777370043 0.15604658124274789 0.032009842721419927 -0.088606894696269339 0.12622205915252083 0.036993525342675582 0.0013843503638156455
leaf_weight=18859 41218 927 399 845 3893 2954 40765 56 239 1717 2725 2405 6171 5638
leaf_count=18859 41218 927 399 845 3893 2954 40765 56 239 1717 2725 2405 6171 5638
internal_value=1.13758e-11 0.0202157 -0.0128766 0.0135199 -0.0189027 0.0111621 -0.0147191 0.129113 0.0191938 0.0799898 -0.0565947 0.104714 0.0414325 -0.00441897
internal_weight=128811 50122 78689 45073 66242 44172 59624 901 12447 5049 6618 3332 6410 6037
internal_count=128811 50122 78689 45073 66242 44172 59624 901 12447 5049 6618 3332 6410 6037
is_linear=0
shrinkage=0.01


Tree=230
num_leaves=15
num_cat=0
split_feature=22 22 7 6 6 2 9 9 23 44 47 14 25 19
split_gain=327344 139940 109499 97623 85658.7 97853.4 70033.2 63823.2 63198.2 61337.7 47066.5 37719.1 37355 33538.4
threshold=52.509125475285181 77.922053231939188 1007.5001000000001 10.197528500000002 16.487450500000005 21.625000000000004 -0.60355339059327384 -0.78656609248549325 134.29704288063743 1.0000000180025095e-35 1.0000000180025095e-35 2.1727182418122903 14.427083333333337 0.53666540074747504
decision_type=2 2 2 2 2 2 2 2 2 2 2 2 2 2
left_child=3 4 8 6 7 -6 12 -2 -3 13 -8 -11 -1 -5
right_child=1 2 -4 9 5 -7 10 -9 -10 11 -12 -13 -14 -15
leaf_value=-0.1304098323941951 -0.010865492767080872 0.016866868462134445 0.083182721967557161 -0.04568943738792796 -0.08432357054493643 0.0056784099163764814 -0.0013595871775402685 0.016988426645003839 0.12305297034599486 -0.04766326952212941 0.05981100647724269 -0.10608584032926574 -0.023004313495139702 -0.0090026210383612765
leaf_weight=331 10308 8936 4543 3728 2085 2872 23185 40735 598 6394 1330 1336 14915 7515
leaf_count=331 10308 8936 4543 3728 2085 2872 23185 40735 598 6394 1330 1336 14915 7515
internal_value=-5.51931e-12 0.0145943 0.0427795 -0.0174128 0.00750921 -0.032178 -0.00850704 0.0113634 0.0235272 -0.0360762 0.00195907 -0.0577606 -0.0253362 -0.0211674
internal_weight=128811 70077 14077 58734 56000 4957 39761 51043 9534 18973 24515 7730 15246 11243
internal_count=128811 70077 14077 58734 56000 4957 39761 51043 9534 18973 24515 7730 15246 11243
is_linear=0
shrinkage=0.01


Tree=231
num_leaves=15
num_cat=0
split_feature=31 0 13 6 11 22 0 31 9 0 0 7 19 13
split_gain=327659 169592 162454 140768 139713 99949.7 101278 97644.7 73640.1 62809.2 45857.7 36526.1 28115.7 25676.9
threshold=59.385509083227724 36.742692288818368 -5.0732009093110486 15.629971500000002 0.25000000000000017 82.306590621039291 34.083213737060554 20.069444444444446 -0.5 37.042691525878915 35.400001525878913 1005.6998250000001 0.39802956225397068 -2.8744460080035044
decision_type=2 2 2 2 2 2 2 2 2 2 2 2 2 2
left_child=1 7 11 5 -4 9 -7 12 -9 -2 13 -3 -1 -5
right_child=3 2 4 10 -6 6 -8 8 -10 -11 -12 -13 -14 -15
leaf_value=-0.05259659419266785 0.032701131542059898 -0.10547126553373851 -0.030536613678375173 0.017341054931319166 0.0086606532696705749 0.0066595742398469181 0.1063394459603928 -0.008627697267511553 0.016149165135906762 -0.034657593995212427 -0.11590411655684152 -0.051077604941145473 -0.010314680623166213 -0.17744143253094272
leaf_weight=3554 17668 2341 24493 618 14463 1430 3549 18382 34527 1502 775 2612 2821 76
leaf_count=3554 17668 2341 24493 618 14463 1430 3549 18382 34527 1502 775 2612 2821 76
internal_value=-8.09075e-13 -0.00794662 -0.0228426 0.0320101 -0.015984 0.0377916 0.0777108 0.00308619 0.00754102 0.0274235 -0.0630323 -0.0767864 -0.0338864 -0.00398959
internal_weight=128811 103193 43909 25618 38956 24149 4979 59284 52909 19170 1469 4953 6375 694
internal_count=128811 103193 43909 25618 38956 24149 4979 59284 52909 19170 1469 4953 6375 694
is_linear=0
shrinkage=0.01


Tree=232
num_leaves=15
num_cat=0
split_feature=31 1 1 5 6 13 17 23 19 10 13 0 20 31
split_gain=321139 225888 147721 143049 126673 121504 121476 105849 59377.6 53789.5 49615.9 38477.6 38024.1 30019.5
threshold=59.385509083227724 -118.21337597412109 -118.21337597412109 6.5000000000000009 15.629971500000002 1.0799866906365141 0.0088530813612274026 125.67572371516049 0.48603409266257996 0.25000000000000011 -11.89144151380169 35.400001525878913 103.9958123953099 20.069444444444446
decision_type=2 2 2 2 2 2 2 2 2 2 2 2 2 2
left_child=1 3 4 5 7 -1 -5 -2 13 -4 -11 -6 -10 -3
right_child=2 8 9 6 11 -7 -8 -9 12 10 -12 -13 -14 -15
leaf_value=0.021996794561226097 0.026629136937549893 -0.037155781820113719 0.074048078394369457 -0.013245608697877749 -0.0069402237949009894 -0.013602214326409519 -0.046560753118745753 0.14006404673077211 0.040421541809615075 -0.23232525595912226 0.2047289213065156 -0.11474507561102509 0.12500409503561488 0.016183462510471258
leaf_weight=15037 21712 1249 987 27885 578 26457 18016 855 7177 27 684 775 574 6798
leaf_count=15037 21712 1249 987 27885 578 26457 18016 855 7177 27 684 775 574 6798
internal_value=2.52735e-11 -0.00786715 0.03169 -0.0141576 0.0252921 -0.000701499 -0.0263217 0.0309269 0.0269316 0.121818 0.188132 -0.068691 0.0466853 0.00790451
internal_weight=128811 103193 25618 87395 23920 41494 45901 22567 15798 1698 711 1353 7751 8047
internal_count=128811 103193 25618 87395 23920 41494 45901 22567 15798 1698 711 1353 7751 8047
is_linear=0
shrinkage=0.01


Tree=233
num_leaves=15
num_cat=0
split_feature=31 1 1 7 22 14 17 0 9 9 31 6 7 28
split_gain=316286 191942 143164 128432 115044 99186.2 88165.7 88107 78434.1 62625.8 62534.7 44955.1 33982.7 33281
threshold=51.931347697507398 -118.21337597412109 -118.21337597412109 1004.6003850000001 92.640684410646415 7.2000092342799205 0.015603124909794023 35.400001525878913 -0.60355339059327384 -0.12940952255126037 62.939480354879606 12.905510000000001 1009.2000650000001 88.461332327034427
decision_type=2 2 2 2 2 2 2 2 2 2 2 2 2 2
left_child=2 4 5 13 6 8 -2 -6 -1 12 -5 -7 -4 -3
right_child=1 3 9 10 7 11 -8 -9 -10 -11 -12 -13 -14 -15
leaf_value=-0.031138914131685826 0.012587898275770219 0.031816646393523385 -0.012493163169525496 0.10172227026228409 -0.019220025404433481 -0.033276148014961468 -0.043616825222310814 0.098619079319046482 -0.006475115611493905 0.040379078902786497 0.22042375601474226 -0.086233666037981521 0.065944027330847532 -0.36791708560216996
leaf_weight=18859 38681 2548 5422 1901 846 3893 3008 2538 40765 6410 579 2725 615 21
leaf_count=18859 38681 2548 5422 1901 846 3893 3008 2538 40765 6410 579 2725 615 21
internal_value=-2.6974e-12 0.0196339 -0.0125061 0.078103 0.0130843 -0.018353 0.00853254 0.0691593 -0.0142762 0.0186107 0.129435 -0.0550817 -0.00450263 0.0285491
internal_weight=128811 50122 78689 5049 45073 66242 41689 3384 59624 12447 2480 6618 6037 2569
internal_count=128811 50122 78689 5049 45073 66242 41689 3384 59624 12447 2480 6618 6037 2569
is_linear=0
shrinkage=0.01


Tree=234
num_leaves=15
num_cat=0
split_feature=31 47 47 5 17 13 17 9 4 11 0 13 3 3
split_gain=310276 217088 142043 139489 121139 118912 118077 87498.5 78063.1 43226.8 36308.6 34400.5 33975.7 21033.1
threshold=59.385509083227724 1.0000000180025095e-35 1.0000000180025095e-35 6.5000000000000009 0.015603124909794023 1.0799866906365141 0.0088530813612274026 -0.37940952255126015 1.0000000180025095e-35 -0.68301270189221952 35.400001525878913 -14.040014290887735 73.471570000000014 78.401620000000023
decision_type=2 2 2 2 2 2 2 2 2 2 2 2 2 2
left_child=1 3 4 5 8 -1 -5 13 -2 -9 -6 -4 -13 -3
right_child=2 7 11 6 10 -7 -8 9 -10 -11 -12 12 -14 -15
leaf_value=0.021842794016968887 0.033114171035210645 0.023563099008720983 -0.22193369446129635 -0.013019555288178646 -0.0067526105645890925 -0.013374421716680103 -0.04586531571150259 0.010996697660343313 -0.098086817114901595 0.058217550728245186 -0.11088009723132643 0.15091771717273042 0.045492936481280298 -0.016015420690235323
leaf_weight=15037 22088 1987 29 27885 584 26457 18016 2683 463 6987 785 1266 403 4141
leaf_count=15037 22088 1987 29 27885 584 26457 18016 2683 463 6987 785 1266 403 4141
internal_value=-1.99738e-11 -0.00773295 0.0311495 -0.0138996 0.0248757 -0.000612064 -0.0259114 0.0263812 0.0304205 0.0451158 -0.0664605 0.119529 0.125462 -0.00318211
internal_weight=128811 103193 25618 87395 23920 41494 45901 15798 22551 9670 1369 1698 1669 6128
internal_count=128811 103193 25618 87395 23920 41494 45901 15798 22551 9670 1369 1698 1669 6128
is_linear=0
shrinkage=0.01


Tree=235
num_leaves=15
num_cat=0
split_feature=22 31 17 1 6 14 13 9 9 1 13 1 1 13
split_gain=306220 150999 111265 101874 91084.1 89812.7 74592.6 68487.8 66927 49348.3 62764.7 49323.7 47950.6 30049.6
threshold=52.509125475285181 59.385509083227724 0.015908400068827072 -118.21337597412109 10.197528500000002 6.1529304970907202 -2.5883773669708261 -0.5 -0.78656609248549325 -118.99998249999999 -1.0799992260827447 -118.99998249999999 -120.84999847412108 7.9256696996001041
decision_type=2 2 2 2 2 2 2 2 2 2 2 2 2 2
left_child=4 5 3 -3 8 7 -7 -2 -1 10 -6 -4 -10 -11
right_child=1 2 11 -5 9 6 -8 -9 12 13 -12 -13 -14 -15
leaf_value=-0.028647563790049971 -0.0092743293164404793 0.036188599408693518 -0.13210721402149647 0.12414013167326186 -0.082212432290633339 -0.069627927306196366 0.0037210752608077607 0.017737443898602025 -0.025269985356214188 0.0066112696023479488 -0.032466149809134592 0.0046579698059603433 0.0067073035188699925 -0.075244611505172601
leaf_weight=11444 13483 17675 520 1423 3238 2788 2758 30895 5932 3518 11703 535 22385 514
leaf_count=11444 13483 17675 520 1423 3238 2788 2758 30895 5932 3518 11703 535 22385 514
internal_value=8.42812e-12 0.0141155 0.0372193 0.0427419 -0.0168416 0.00478913 -0.0331518 0.00953068 -0.00823926 -0.0348692 -0.0432471 -0.0627524 8.52619e-06 -0.00382373
internal_weight=128811 70077 20153 19098 58734 49924 5546 44378 39761 18973 14941 1055 28317 4032
internal_count=128811 70077 20153 19098 58734 49924 5546 44378 39761 18973 14941 1055 28317 4032
is_linear=0
shrinkage=0.01


Tree=236
num_leaves=15
num_cat=0
split_feature=31 22 5 13 7 11 7 48 44 48 7 46 14 9
split_gain=301476 175239 131430 154189 95910.8 90200.6 88843.1 129162 119853 66007.6 85074.8 62174.3 56129.1 41548.5
threshold=51.376531474440227 71.711660329531085 13.500000000000002 1.4527695991665499 1002.1995000000001 0.6830127018922193 1007.4002250000001 1.0000000180025095e-35 1.0000000180025095e-35 1.0000000180025095e-35 1009.6006500000002 1.0000000180025095e-35 -11.551222531495652 -0.70710678118654757
decision_type=2 2 2 2 2 2 2 2 2 2 2 2 2 2
left_child=2 9 3 13 5 -3 8 -8 -4 10 -2 -6 -5 -1
right_child=1 4 6 12 11 -7 7 -9 -10 -11 -12 -13 -14 -15
leaf_value=-0.0084210610387968118 0.0080010330276236302 0.025577368597663894 -0.023043826224977412 -0.061662503543966372 0.087319966713419142 -0.1395492859029186 0.024028583994295513 -0.038969527784678139 -0.071404608093243296 -0.025130235684637313 0.058135124536993661 0.027198469422504687 -0.010792055956061759 0.032362527536884803
leaf_weight=3102 30913 3123 18966 2440 6091 370 7258 5900 7022 5072 3801 2397 19528 12828
leaf_count=3102 30913 3123 18966 2440 6091 370 7258 5900 7022 5072 3801 2397 19528 12828
internal_value=-9.39326e-12 0.0186635 -0.0125403 0.000734091 0.0521914 0.00808614 -0.0253914 -0.00421954 -0.036111 0.00856701 0.0134905 0.0703417 -0.0164423 0.0244209
internal_weight=128811 51767 77044 37898 11981 3493 39146 13158 25988 39786 34714 8488 21968 15930
internal_count=128811 51767 77044 37898 11981 3493 39146 13158 25988 39786 34714 8488 21968 15930
is_linear=0
shrinkage=0.01


Tree=237
num_leaves=15
num_cat=0
split_feature=22 20 1 4 6 6 6 7 20 9 4 2 8 34
split_gain=296379 129399 87482.2 87154.7 79693.7 68163.2 67488.6 66430.3 62887.5 60136.6 58777.4 41865.7 36659.7 19899.6
threshold=52.870570342205333 75.453422053231961 -118.21337597412109 1.0000000180025095e-35 5.4975805000000006 18.435725000000001 8.9029540000000029 1007.3001 155.57403433476398 -0.60355339059327384 1.0000000180025095e-35 22.525000000000002 1.0000000180025095e-35 27.870370370370377
decision_type=2 2 2 2 2 2 2 2 2 2 2 2 2 2
left_child=2 5 3 6 8 9 -1 -4 -3 -2 -6 -7 -5 -9
right_child=1 4 7 12 10 11 -8 13 -10 -11 -12 -13 -14 -15
leaf_value=-0.0061877286708140232 -0.0077742812327190429 0.059755767613094028 0.010481386652949809 -0.033700912113237544 0.025424864808066331 -0.076557516506949808 -0.029354771685132192 0.20722844862168835 0.21581928327735028 0.0166141505699045 -0.10224643202321161 0.0016542860905488777 -0.089256250281948418 0.087006292166926388
leaf_weight=32215 14076 6433 2847 2521 7833 1517 20625 186 269 35888 378 1247 2246 530
leaf_count=32215 14076 6433 2847 2521 7833 1517 20625 186 269 35888 378 1247 2246 530
internal_value=1.25339e-11 0.0144248 -0.0159508 -0.0189249 0.0404324 0.00706917 -0.0152305 0.0321354 0.0660197 0.00974337 0.0195474 -0.0412717 -0.0598761 0.118237
internal_weight=128811 67641 61170 57607 14913 52728 52840 3563 6702 49964 8211 2764 4767 716
internal_count=128811 67641 61170 57607 14913 52728 52840 3563 6702 49964 8211 2764 4767 716
is_linear=0
shrinkage=0.01


Tree=238
num_leaves=15
num_cat=0
split_feature=31 1 5 13 7 23 15 7 0 44 17 31 14 9
split_gain=292683 188823 128339 149921 122897 111766 98787.1 86816.6 125794 116830 68516.5 60707.4 54633.4 40511.6
threshold=51.376531474440227 -118.21337597412109 13.500000000000002 1.4527695991665499 1004.6003850000001 125.67572371516049 0.090274921138307179 1007.4002250000001 37.042691525878915 1.0000000180025095e-35 0.013033790585510205 62.939480354879606 -11.551222531495652 -0.60355339059327384
decision_type=2 2 2 2 2 2 2 2 2 2 2 2 2 2
left_child=2 5 3 13 -3 6 -2 9 -9 -4 -7 -6 -5 -1
right_child=1 4 7 12 11 10 -8 8 -10 -11 -12 -13 -14 -15
leaf_value=-0.0042855886655975275 0.061753443552309419 0.028207570244954319 -0.022750491127691244 -0.060789338920998283 0.098373782282058703 0.144594482926621 0.0055905348795465904 0.02375125643798438 -0.038420090437083804 -0.070497354628703643 -0.21658372991851399 0.21471589820169953 -0.010601236737866601 0.033071387421930096
leaf_weight=3818 3383 2727 18966 2440 1990 846 42186 7258 5900 7022 56 579 19528 12112
leaf_count=3818 3383 2727 18966 2440 1990 846 42186 7258 5900 7022 56 579 19528 12112
internal_value=-6.46692e-12 0.0183893 -0.012356 0.000761289 0.0749634 0.0119419 0.00976002 -0.0250552 -0.00412615 -0.0356518 0.122171 0.124595 -0.0161757 0.0241179
internal_weight=128811 51767 77044 37898 5296 46471 45569 39146 13158 25988 902 2569 21968 15930
internal_count=128811 51767 77044 37898 5296 46471 45569 39146 13158 25988 902 2569 21968 15930
is_linear=0
shrinkage=0.01


Tree=239
num_leaves=15
num_cat=0
split_feature=22 31 17 1 6 31 1 9 0 0 13 1 20 35
split_gain=287467 142397 107813 96914.5 85901.9 85251.5 82652.9 65047.1 48077.1 46892.6 60721.5 42531.5 38904.7 33777
threshold=52.509125475285181 59.385509083227724 0.015908400068827072 -118.21337597412109 10.197528500000002 18.392857142857149 -118.21337597412109 -0.60355339059327384 35.400001525878913 35.400001525878913 -1.0799992260827447 -118.21337597412109 16.759259259259263 70.470788431608199
decision_type=2 2 2 2 2 2 2 2 2 2 2 2 2 2
left_child=4 5 3 -3 7 13 -7 12 -4 -6 -11 -9 -1 -2
right_child=1 2 8 -5 9 6 -8 11 -10 10 -12 -13 -14 -15
leaf_value=-0.071279444294963593 -0.014162577249924891 0.035157034028530293 0.0042570876572455207 0.12094099806343189 -0.0035618762856110056 0.00064678757866780791 0.03169019593503012 -0.0010318151327848111 -0.13076868935999048 -0.080317660183089237 -0.031387803434862263 0.057117141018040427 -0.018764500886404547 -0.075645568111897266
leaf_weight=1573 1956 17675 535 1423 4032 34958 11365 23185 520 3238 11703 1330 13673 1645
leaf_count=1573 1956 17675 535 1423 4032 34958 11365 23185 520 3238 11703 1330 13673 1645
internal_value=9.39129e-12 0.0136765 0.0361126 0.0415488 -0.0163178 0.00461963 0.00826305 -0.00796374 -0.0622959 -0.033825 -0.0419918 0.00212291 -0.0241827 -0.0422491
internal_weight=128811 70077 20153 19098 58734 49924 46323 39761 1055 18973 14941 24515 15246 3601
internal_count=128811 70077 20153 19098 58734 49924 46323 39761 1055 18973 14941 24515 15246 3601
is_linear=0
shrinkage=0.01


Tree=240
num_leaves=15
num_cat=0
split_feature=31 1 1 11 5 25 6 13 14 4 10 16 13 31
split_gain=282984 175894 130357 112447 110879 105288 102111 94556.3 75961.2 67709.3 49728.1 43538.6 23622.5 21193.4
threshold=51.93810730882975 -118.21337597412109 -118.21337597412109 -0.5 23.500000000000004 77.667444806109273 11.001790500000002 1.0549740469210389 6.1529304970907202 1.0000000180025095e-35 -0.93301270189221908 4.1413405900000004 2.520005360064979 18.392857142857149
decision_type=2 2 2 2 2 2 2 2 2 2 2 2 2 2
left_child=2 5 4 -3 7 9 -7 -1 -6 -2 -5 13 -13 -4
right_child=1 3 11 10 8 6 -8 -9 -10 -11 -12 12 -14 -15
leaf_value=0.016741244439836909 0.0086550622661534307 -0.0067540144157231764 -0.04071962806675937 0.0025943179451271719 -0.022932710242279431 0.06596613621812647 -0.061462026732411953 -0.017226612593589558 -0.060964203154597253 -0.07011569968013763 0.11641969786136931 0.045976446886072511 -0.012075811432046026 0.0081479234558267579
leaf_weight=12535 37434 1248 1052 435 23710 5384 712 23670 6746 1124 3262 5009 815 5675
leaf_count=12535 37434 1248 1052 435 23710 5384 712 23670 6746 1124 3262 5009 815 5675
internal_value=-6.26297e-12 0.0187311 -0.0117286 0.0753206 -0.017295 0.0124644 0.0510828 -0.00546616 -0.0313567 0.00635882 0.103027 0.0178358 0.0378527 0.000505785
internal_weight=128811 49599 79212 4945 66661 44654 6096 36205 30456 38558 3697 12551 5824 6727
internal_count=128811 49599 79212 4945 66661 44654 6096 36205 30456 38558 3697 12551 5824 6727
is_linear=0
shrinkage=0.01


Tree=241
num_leaves=15
num_cat=0
split_feature=22 31 7 5 1 10 7 23 7 1 0 8 7 5
split_gain=279023 137631 111407 107514 82973.7 91488.5 77381.6 73347.8 61583.2 60184.4 52333.9 47101 38965.8 30614.4
threshold=67.221276244007285 33.324989438107316 1007.5001000000001 1.5000000000000002 -118.21337597412109 0.25000000000000011 1006.4001350000001 134.29704288063743 1001.3998 -119.7866065258789 36.742692288818368 -0.37940952255126059 1006.8000250000001 3.5000000000000004
decision_type=2 2 2 2 2 2 2 2 2 2 2 2 2 2
left_child=1 10 3 7 5 -3 -6 -2 -5 -4 13 -11 -12 -1
right_child=2 4 9 8 6 -7 -8 -9 -10 11 12 -13 -14 -15
leaf_value=0.0042736550666327778 0.039126157779636052 0.0053500117664959067 -0.0083233308858150935 -0.037008653838152841 0.015565041808184351 -0.019280427604732635 0.098971716956390149 0.20716308348905643 0.012603651667151104 0.099710702765749865 -0.057561688535674942 0.044624905978573076 -0.023797547756948902 -0.024101478375989589
leaf_weight=6105 7565 42547 1038 3658 4900 23361 1439 269 7917 3315 6556 2919 7141 10081
leaf_count=6105 7565 42547 1038 3658 4900 23361 1439 269 7917 3315 6556 2919 7141 10081
internal_value=-5.06719e-12 -0.0075226 0.0287951 0.0162874 -5.66683e-05 -0.00338021 0.034499 0.0448961 -0.00307512 0.0621784 -0.0255727 0.0739174 -0.0399586 -0.013399
internal_weight=128811 102130 26681 19409 72247 65908 6339 7834 11575 7272 29883 6234 13697 16186
internal_count=128811 102130 26681 19409 72247 65908 6339 7834 11575 7272 29883 6234 13697 16186
is_linear=0
shrinkage=0.01


Tree=242
num_leaves=15
num_cat=0
split_feature=31 1 5 1 17 17 7 20 9 22 7 18 11 2
split_gain=275128 194165 128166 127498 112837 108624 100422 84562.9 82538.6 62740.7 45130.3 39841.8 37761.3 34651.9
threshold=59.385509083227724 -118.21337597412109 6.5000000000000009 -118.21337597412109 0.015603124909794023 0.00813740289210289 1004.2005000000001 155.57403433476398 -0.12940952255126037 53.623891001267431 1009.2000650000001 2.0053573631198942 -0.68301270189221952 22.825000000000006
decision_type=2 2 2 2 2 2 2 2 2 2 2 2 2 2
left_child=1 2 9 4 7 -4 -5 -2 10 -1 -3 -8 -10 -6
right_child=3 8 5 6 13 -7 11 -9 12 -11 -12 -13 -14 -15
leaf_value=-0.010067947173990075 0.026001643060720753 -0.0076983384474470567 -0.010803013917231638 0.017687648262756199 -0.12806263787707067 -0.041745552415828946 0.10800393215102289 0.16569540698300389 0.012317365796064201 0.015225621249716593 0.072516713128543978 0.23280286921397067 0.059745859225842281 -0.024775450697548339
leaf_weight=25596 22109 6656 25393 669 530 20508 476 442 2326 15898 784 553 6032 839
leaf_count=25596 22109 6656 25393 669 530 20508 476 442 2326 15898 784 553 6032 839
internal_value=-1.80899e-11 -0.0072818 -0.0131138 0.0293321 0.0233883 -0.0246278 0.113064 0.0287396 0.024981 -0.000376976 0.00075443 0.175073 0.0465467 -0.0647625
internal_weight=128811 103193 87395 25618 23920 45901 1698 22551 15798 41494 7440 1029 8358 1369
internal_count=128811 103193 87395 25618 23920 45901 1698 22551 15798 41494 7440 1029 8358 1369
is_linear=0
shrinkage=0.01


Tree=243
num_leaves=15
num_cat=0
split_feature=31 47 5 7 22 46 7 4 9 20 22 31 42 28
split_gain=270456 174460 120588 115880 104740 85620.4 84545 82541.7 73014.6 58543.4 58283.1 57404.2 56612.8 34887.7
threshold=51.376531474440227 1.0000000180025095e-35 13.500000000000002 1004.6003850000001 92.640684410646415 1.0000000180025095e-35 1007.4002250000001 1.0000000180025095e-35 -0.70710678118654757 51.403675538656536 53.080481622306728 62.939480354879606 1.0000000180025095e-35 89.41067982498042
decision_type=2 2 2 2 2 2 2 2 2 2 2 2 2 2
left_child=2 4 8 13 7 -6 12 -2 -1 -8 -10 -5 -4 -3
right_child=1 3 6 11 5 -7 9 -9 10 -11 -12 -13 -14 -15
leaf_value=-0.023546143898804679 0.009670084146622333 0.029730154311146034 -0.01621487655857709 0.094753183412005254 0.093842948920857608 -0.021669462169083491 -0.016674860649080827 -0.072101876643060198 -0.0043544004266045794 0.03032404136999917 0.024290652559721487 0.20788589888569192 -0.046464649431053724 -0.38946840572357178
leaf_weight=9275 41788 2707 10155 1990 2554 857 9479 1272 15540 3679 13083 579 15833 20
leaf_count=9275 41788 2707 10155 1990 2554 857 9479 1272 15540 3679 13083 579 15833 20
internal_value=8.22194e-13 0.0176773 -0.0118776 0.0720572 0.0114799 0.0648209 -0.0241873 0.00725453 0.000837425 -0.00353388 0.00873868 0.120251 -0.0346443 0.0266557
internal_weight=128811 51767 77044 5296 46471 3411 39146 43060 37898 13158 28623 2569 25988 2727
internal_count=128811 51767 77044 5296 46471 3411 39146 43060 37898 13158 28623 2569 25988 2727
is_linear=0
shrinkage=0.01


Tree=244
num_leaves=15
num_cat=0
split_feature=22 31 6 1 14 6 13 9 9 44 10 0 0 11
split_gain=266691 131891 101895 86321.7 83666.8 81797.8 71070.8 63674.5 63118.7 56607.9 49994.3 49994.2 45243.5 37897.7
threshold=52.509125475285181 59.385509083227724 15.629971500000002 -118.21337597412109 6.1529304970907202 10.197528500000002 -2.5883773669708261 -0.5 -0.78656609248549325 1.0000000180025095e-35 0.68301270189221941 35.400001525878913 37.042691525878915 0.25000000000000017
decision_type=2 2 2 2 2 2 2 2 2 2 2 2 2 2
left_child=5 4 3 -3 7 8 -6 -2 -1 13 -11 -4 -10 -7
right_child=1 2 11 -5 6 9 -8 -9 12 10 -12 -13 -14 -15
leaf_value=-0.02738416714417248 -0.0090990710491096315 0.03425187014416075 0.0071903630158695921 0.11546473743456588 -0.067767732422681123 -0.0051192825253733977 0.0038287805609183525 0.01694622914347237 0.006951609987119637 -0.038749576476151376 -0.097088781529503856 -0.12480393525668614 -0.024109918397178701 -0.043710459199478476
leaf_weight=11444 13483 17590 593 1414 2788 7351 2758 30895 22385 5758 1972 556 5932 3892
leaf_count=11444 13483 17590 593 1414 2788 7351 2758 30895 22385 5758 1972 556 5932 3892
internal_value=-1.30702e-11 0.013173 0.0347656 0.0402945 0.00445666 -0.015717 -0.0321631 0.0090331 -0.00756502 -0.0328009 -0.0536325 -0.0566816 0.000444671 -0.0184784
internal_weight=128811 70077 20153 19004 49924 58734 5546 44378 39761 18973 7730 1149 28317 11243
internal_count=128811 70077 20153 19004 49924 58734 5546 44378 39761 18973 7730 1149 28317 11243
is_linear=0
shrinkage=0.01


Tree=245
num_leaves=15
num_cat=0
split_feature=22 0 10 7 7 0 20 13 0 4 14 0 8 14
split_gain=262578 125080 148104 114893 107231 92664.4 83347.8 61541.8 71251.9 66364.3 59838.6 40863.2 44273.7 31395
threshold=67.221276244007285 36.742692288818368 1.0000000180025095e-35 1006.2002000000001 1007.5001000000001 37.042691525878915 155.57403433476398 2.8800116280145009 34.083213737060554 0.15000000000000005 6.4799995543904521 37.042691525878915 -0.37940952255126059 -8.3232220453468155
decision_type=2 2 2 2 2 2 2 2 2 2 2 2 2 2
left_child=1 7 5 -4 6 -3 10 9 -9 -1 -2 12 -6 -8
right_child=4 2 3 -5 11 -7 13 8 -10 -11 -12 -13 -14 -15
leaf_value=0.013202015111282217 0.018677607483537501 0.011949460961264525 -0.060921009436403599 -0.015739621248115194 0.090595769547943295 -0.028922961683899906 -0.096259719899722512 -0.041448202590041047 0.0018751011942566226 -0.042857909325964505 -0.040090057186210427 -0.031831304667451023 0.039540777347414249 0.19349317788028997
leaf_weight=36070 17098 15966 10992 11534 3638 8500 42 5786 11039 2243 1928 448 3186 341
leaf_count=36070 17098 15966 10992 11534 3638 8500 42 5786 11039 2243 1928 448 3186 341
internal_value=-1.38957e-11 -0.00729755 -0.0192851 -0.0377868 0.0279337 -0.00225047 0.0156625 0.00291897 -0.0130235 0.00992004 0.0127224 0.0606854 0.0667591 0.161719
internal_weight=128811 102130 46992 22526 26681 24466 19409 55138 16825 38313 19026 7272 6824 383
internal_count=128811 102130 46992 22526 26681 24466 19409 55138 16825 38313 19026 7272 6824 383
is_linear=0
shrinkage=0.01


Tree=246
num_leaves=15
num_cat=0
split_feature=31 1 7 25 5 13 6 10 7 0 0 31 9 34
split_gain=260350 176504 121598 116350 97125.6 113084 95315.6 79912.4 75421.6 87549.4 77553.4 67341.1 44927.6 39690.4
threshold=45.442332065906221 -118.21337597412109 1004.6003850000001 77.667444806109273 6.5000000000000009 1.4527695991665499 11.001790500000002 0.25000000000000011 1007.4002250000001 37.042691525878915 36.742692288818368 62.939480354879606 0.1294095225512602 56.417247570764687
decision_type=2 2 2 2 2 2 2 2 2 2 2 2 2 2
left_child=4 3 12 7 5 -1 -5 -2 10 -10 -6 -4 -3 -7
right_child=1 2 11 6 8 13 -8 -9 9 -11 -12 -13 -14 -15
leaf_value=0.024156788208316016 0.011610107921814617 -0.010693349694528502 0.085183580024143016 0.061766919049874559 -0.023516462561547755 -0.0042150906499274412 -0.055562035206766947 -0.015108028214589243 0.019289034566016064 -0.034643279480018795 -0.062617607179407078 0.20435090965621933 0.057355195714314668 -0.035902213789751766
leaf_weight=11161 35653 1932 2620 5814 16066 9706 786 16318 6638 5507 7413 579 1949 6669
leaf_count=11161 35653 1932 2620 5814 16066 9706 786 16318 6638 5507 7413 579 1949 6669
internal_value=2.79849e-11 0.0139445 0.0611054 0.00824373 -0.0144944 -0.000389658 0.0477941 0.00322107 -0.0253969 -0.00516591 -0.0358618 0.106752 0.02348 -0.0171202
internal_weight=128811 65651 7080 58571 63160 27536 6600 51971 35624 12145 23479 3199 3881 16375
internal_count=128811 65651 7080 58571 63160 27536 6600 51971 35624 12145 23479 3199 3881 16375
is_linear=0
shrinkage=0.01


Tree=247
num_leaves=15
num_cat=0
split_feature=22 6 20 0 6 9 9 44 10 19 22 47 20 23
split_gain=253922 116932 112457 80063.1 78975.5 76542.6 61756.2 54667.7 48338.4 44937.3 42626.7 38620.7 37094.4 37077.9
threshold=52.509125475285181 16.487450500000005 93.711977186311785 35.400001525878913 10.197528500000002 -0.78656609248549325 -0.60355339059327384 1.0000000180025095e-35 0.68301270189221941 1.6967551419703264 107.03266331658294 1.0000000180025095e-35 16.759259259259263 84.319077962690528
decision_type=2 2 2 2 2 2 2 2 2 2 2 2 2 2
left_child=4 2 5 9 6 -2 12 -6 -9 -3 -4 -8 -1 -5
right_child=1 3 10 13 7 -7 11 8 -10 -11 -12 -13 -14 -15
leaf_value=-0.069117268081674524 -0.010700725259592625 -0.035480016732401011 0.038952283233663336 -0.068182831503189295 -0.018047808526462986 0.018244905102514756 -0.00050399625073782876 -0.037959817204766023 -0.095324750619769971 0.035221060744235214 0.096131093474627283 0.054907080242550352 -0.017838716800022535 -0.28863454727432397
leaf_weight=1573 11332 1804 3694 2227 11243 47134 23185 5758 1972 1792 2015 1330 13673 79
leaf_count=1573 11332 1804 3694 2227 11243 47134 23185 5758 1972 1792 2015 1330 13673 79
internal_value=7.39609e-12 0.0128538 0.0167712 -0.0297416 -0.0153362 0.0126346 -0.007326 -0.0321227 -0.0525942 -0.000247444 0.0591336 0.00250219 -0.0231294 -0.0757352
internal_weight=128811 70077 64175 5902 58734 58466 39761 18973 7730 3596 5709 24515 15246 2306
internal_count=128811 70077 64175 5902 58734 58466 39761 18973 7730 3596 5709 24515 15246 2306
is_linear=0
shrinkage=0.01


Tree=248
num_leaves=15
num_cat=0
split_feature=31 47 10 17 47 7 23 31 3 7 7 11 7 29
split_gain=253014 180480 121396 117504 118188 112750 92811.3 83568.8 78414.4 72184.3 38351 36756.2 27517.4 23170.3
threshold=59.385509083227724 1.0000000180025095e-35 0.25000000000000011 0.015908400068827072 1.0000000180025095e-35 1008.3002700000001 134.29704288063743 25.574355724545843 72.962955000000008 1004.2005000000001 1008.4000500000001 1.0000000180025095e-35 1005.00003 89.950604793014108
decision_type=2 2 2 2 2 2 2 2 2 2 2 2 2 2
left_child=1 2 7 4 6 -4 -2 -1 10 -6 -3 -5 -10 -13
right_child=3 8 5 11 9 -7 -8 -9 12 -11 -12 13 -14 -15
leaf_value=-0.031567857903955193 0.023917533308669303 0.037112114558202174 -0.040724750810501108 -0.026941407111101458 0.02671489948351554 -0.0023378851020690147 0.14710978800614494 0.0022630666720723663 -0.011791493884629774 0.16703029835486899 0.098459737125787261 -0.11170986554297892 0.027207709805469361 -0.33681401344446038
leaf_weight=8721 22048 6663 22113 919 573 11700 629 44861 5140 1018 1203 379 2792 52
leaf_count=8721 22048 6663 22113 919 573 11700 629 44861 5140 1018 1203 379 2792 52
internal_value=-2.79337e-11 -0.00698302 -0.0126058 0.0281286 0.0331799 -0.0274421 0.0273346 -0.00324325 0.0241221 0.116496 0.0464944 -0.0626752 0.00193591 -0.138869
internal_weight=128811 103193 87395 25618 24268 33813 22677 53582 15798 1591 7866 1350 7932 431
internal_count=128811 103193 87395 25618 24268 33813 22677 53582 15798 1591 7866 1350 7932 431
is_linear=0
shrinkage=0.01


Tree=249
num_leaves=15
num_cat=0
split_feature=31 1 11 25 5 13 6 4 7 44 0 7 14 20
split_gain=249557 169241 126510 111250 94637.3 109288 92507.6 78882.1 73125.7 90069.8 85204.7 52642.1 47405.7 34652
threshold=45.442332065906221 -118.21337597412109 -0.5 77.667444806109273 6.5000000000000009 1.4527695991665499 11.001790500000002 1.0000000180025095e-35 1007.4002250000001 1.0000000180025095e-35 37.042691525878915 1003.4003000000001 -11.964631690186049 109.92114418245073
decision_type=2 2 2 2 2 2 2 2 2 2 2 2 2 2
left_child=4 3 -3 7 5 13 -5 -2 9 -6 -10 -4 -7 -1
right_child=1 2 11 6 8 12 -8 -9 10 -11 -12 -13 -14 -15
leaf_value=0.02133572147519136 0.0054755400677191845 -0.0025681216272418436 0.036873050353236271 0.060509519080782337 -0.023447602536907974 -0.066706001575597945 -0.055078258374421533 -0.062356696923255503 0.019093208645845607 -0.067740935816631889 -0.034112020851959746 0.10949198666736085 -0.010924234540405123 0.14670620480020363
leaf_weight=10936 50196 2227 1405 5814 17219 1700 786 1775 6638 6260 5507 3448 14675 225
leaf_count=10936 50196 2227 1405 5814 17219 1700 786 1775 6638 6260 5507 3448 14675 225
internal_value=-4.63206e-12 0.0136524 0.0598327 0.00807017 -0.0141908 -0.000267904 0.0467441 0.00315882 -0.0249527 -0.0352571 -0.00503204 0.088468 -0.0167153 0.0238631
internal_weight=128811 65651 7080 58571 63160 27536 6600 51971 35624 23479 12145 4853 16375 11161
internal_count=128811 65651 7080 58571 63160 27536 6600 51971 35624 23479 12145 4853 16375 11161
is_linear=0
shrinkage=0.01


Tree=250
num_leaves=15
num_cat=0
split_feature=31 0 10 17 7 31 0 7 0 9 11 25 38 11
split_gain=244862 132986 119360 114679 110934 86412.5 81199.8 91031.9 65758.9 60735.5 35926.3 33718.9 29674.3 27272.7
threshold=59.385509083227724 36.742692288818368 1.0000000180025095e-35 0.015908400068827072 1006.2002000000001 20.069444444444446 37.042691525878915 1003.9999500000001 37.042691525878915 -0.5 1.0000000180025095e-35 72.567530101394183 32.789061399802854 -0.9330127018922193
decision_type=2 2 2 2 2 2 2 2 2 2 2 2 2 2
left_child=1 5 8 6 -4 13 7 -2 -3 -7 -5 -8 -12 -1
right_child=3 2 4 10 -6 9 11 -9 -10 -11 12 -13 -14 -15
leaf_value=0.070925838117329998 0.015746462744158748 0.0080917286058860456 -0.061016483147416083 -0.026705635761694175 -0.015131946396514386 -0.007592835770065455 -0.028664893945488813 0.055906879079849599 -0.027664408631433855 0.014908603432622606 0.097023050189018245 -0.28533419402140492 -0.16673677176927698 -0.036042213194928306
leaf_weight=248 10452 14965 10150 919 10957 18382 1493 12270 7837 34527 48 53 383 6127
leaf_count=248 10452 14965 10150 919 10957 18382 1493 12270 7837 34527 48 53 383 6127
internal_value=-1.35498e-11 -0.0068696 -0.0200604 0.0276717 -0.037197 0.00290022 0.0326619 0.0374333 -0.00419758 0.007091 -0.0620337 -0.037464 -0.137362 -0.0318809
internal_weight=128811 103193 43909 25618 21107 59284 24268 22722 22802 52909 1350 1546 431 6375
internal_count=128811 103193 43909 25618 21107 59284 24268 22722 22802 52909 1350 1546 431 6375
is_linear=0
shrinkage=0.01


Tree=251
num_leaves=15
num_cat=0
split_feature=20 5 13 0 13 6 14 5 44 1 23 14 9 27
split_gain=235511 109261 128031 103127 118554 84129.7 74333.5 71059.9 64856.7 55416.1 54324.6 41011.7 39168.5 38750.9
threshold=69.098859315589365 18.500000000000004 1.7999977181282774 36.742692288818368 -4.3315975928084693 5.4975805000000006 -11.192007229493061 2.5000000000000004 1.0000000180025095e-35 -119.7866065258789 118.64924896394045 10.06482468696843 -0.5 62.76869455006338
decision_type=2 2 2 2 2 2 2 2 2 2 2 2 2 2
left_child=1 2 9 13 -5 8 -4 -7 12 -1 -10 -9 -2 -3
right_child=5 3 6 4 -6 7 -8 11 10 -11 -12 -13 -14 -15
leaf_value=-0.0083256697463168598 -0.0011337083821748928 -0.010176640298913542 -0.054103016459717351 -0.076416507758433283 -0.02085227777179988 0.03773568781512885 -0.004883883551553894 -0.0022663364019842379 0.071050741224361433 0.028085195282448114 0.19272627713180954 -0.10079474992087663 0.049883671513925337 0.020512553411887052
leaf_weight=5340 2292 21905 3438 5002 16529 6102 28545 7147 2953 19242 419 449 4382 5066
leaf_count=5340 2292 21905 3438 5002 16529 6102 28545 7147 2953 19242 419 449 4382 5066
internal_value=-5.15965e-12 -0.00642795 0.00301493 -0.0174406 -0.0337607 0.0284436 -0.0101747 0.0123236 0.0504237 0.0201756 0.08617 -0.00809036 0.0323632 -0.00441225
internal_weight=128811 105067 56565 48502 21531 23744 31983 13698 10046 24582 3372 7596 6674 26971
internal_count=128811 105067 56565 48502 21531 23744 31983 13698 10046 24582 3372 7596 6674 26971
is_linear=0
shrinkage=0.01


Tree=252
num_leaves=15
num_cat=0
split_feature=31 47 6 2 23 5 10 8 0 9 3 22 2 27
split_gain=238936 164808 104927 135767 121872 90890.2 82023.7 65023.3 57760.2 56389.8 53538.7 45911.8 41588.5 31854
threshold=45.442332065906221 1.0000000180025095e-35 10.600839500000001 18.525000000000002 125.67572371516049 6.5000000000000009 0.68301270189221941 -0.25881904510252113 36.742692288818368 -0.5 36.708457000000003 52.870570342205333 10.625000000000002 63.495027595377266
decision_type=2 2 2 2 2 2 2 2 2 2 2 2 2 2
left_child=5 2 4 -4 -2 9 13 12 -9 -1 -8 -11 -7 -3
right_child=1 6 3 -5 -6 7 10 8 -10 11 -12 -13 -14 -15
leaf_value=-0.020936706347440586 0.013037176864535661 0.021103212037708197 -0.065437377849277112 0.0039075627016815894 0.13993548794439087 0.030895727756520452 0.29350370763647782 -0.021248018471714373 -0.054179120679056017 -0.0047769401357383003 0.10062982275719889 0.026732096357735373 -0.015303357837411968 0.072320705578701572
leaf_weight=8907 44203 3426 4000 9598 770 2348 158 12593 9230 10097 1615 8532 11453 1881
leaf_count=8907 44203 3426 4000 9598 770 2348 158 12593 9230 10097 1615 8532 11453 1881
internal_value=2.97714e-12 0.0133587 0.0078501 -0.016491 0.0152099 -0.0138856 0.0589302 -0.0244323 -0.0351762 -0.000241058 0.117818 0.00965406 -0.00744339 0.0392566
internal_weight=128811 65651 58571 13598 44973 63160 7080 35624 21823 27536 1773 18629 13801 5307
internal_count=128811 65651 58571 13598 44973 63160 7080 35624 21823 27536 1773 18629 13801 5307
is_linear=0
shrinkage=0.01


Tree=253
num_leaves=15
num_cat=0
split_feature=31 1 10 6 7 1 31 9 4 7 7 0 11 39
split_gain=234258 169694 115054 111586 109290 109109 79467.3 75834.6 73092.9 67779 42193.9 38248.8 36005.5 24636.2
threshold=59.385509083227724 -118.21337597412109 0.25000000000000011 15.629971500000002 1008.8001 -118.21337597412109 26.178179129700048 -0.12940952255126037 1.0000000180025095e-35 1004.2005000000001 1009.2000650000001 35.400001525878913 -0.68301270189221952 28.950617283950621
decision_type=2 2 2 2 2 2 2 2 2 2 2 2 2 2
left_child=1 2 6 5 -4 8 -1 10 -2 -7 -3 -5 -9 -13
right_child=3 7 4 11 -6 9 -8 12 -10 -11 -12 13 -14 -15
leaf_value=-0.029785576771351924 0.02919015689738548 -0.0079528879088980806 -0.038856551044246353 -0.0036311764094001621 -0.00021161678990838008 0.024918580262460199 0.0024919828870174844 0.010689381642273253 -0.097764442902114695 0.16141659582633838 0.069608716333608087 0.21654955283455227 0.057002110294655697 -0.11570049448201354
leaf_weight=9211 22104 6656 23102 694 10711 567 44371 2326 463 1015 784 23 6032 752
leaf_count=9211 22104 6656 23102 694 10711 567 44371 2326 463 1015 784 23 6032 752
internal_value=2.05364e-12 -0.0067192 -0.0121713 0.0270659 -0.0266149 0.0322134 -0.00305668 0.0234421 0.0265855 0.112495 0.00022027 -0.0575536 0.0441135 -0.10584
internal_weight=128811 103193 87395 25618 33813 24149 53582 15798 22567 1582 7440 1469 8358 775
internal_count=128811 103193 87395 25618 33813 24149 53582 15798 22567 1582 7440 1469 8358 775
is_linear=0
shrinkage=0.01


Tree=254
num_leaves=15
num_cat=0
split_feature=22 31 7 5 4 23 1 1 1 8 1 8 5 39
split_gain=232200 118156 99614 100051 75050.7 67264.3 65874.8 58284.3 54496.8 43633.9 40157.8 32198.7 20754.2 20712.1
threshold=67.221276244007285 33.324989438107316 1007.5001000000001 1.5000000000000002 0.25000000000000006 134.29704288063743 -120.84999847412108 -118.99998249999999 -119.7866065258789 -0.37940952255126059 -118.21337597412109 -0.5 3.5000000000000004 92.754091585386035
decision_type=2 2 2 2 2 2 2 2 2 2 2 2 2 2
left_child=1 10 3 5 6 -2 -3 -5 13 -10 11 -1 -12 -4
right_child=2 4 8 7 -6 -7 -8 -9 9 -11 12 -13 -14 -15
leaf_value=-0.009077793570824378 0.036513473018461647 -0.021357502773505864 -0.023756851213751113 -0.040610346690950365 -0.063400317159218414 0.19743102150487968 0.0057500328297346581 0.0096062447083207231 0.093831638552578589 0.040811991994087631 0.041346254058792942 -0.034373654959341179 -0.0094863235755213108 0.12831899686895237
leaf_weight=6778 7565 10543 939 3191 1817 269 59887 8384 3315 2919 1220 19534 2351 99
leaf_count=6778 7565 10543 939 3191 1817 269 59887 8384 3315 2919 1220 19534 2351 99
internal_value=1.41903e-11 -0.00686245 0.0262682 0.014441 5.51122e-05 0.042039 0.00169218 -0.00423748 0.0578353 0.0690058 -0.0235868 -0.0278574 0.00788017 -0.00925251
internal_weight=128811 102130 26681 19409 72247 7834 70430 11575 7272 6234 29883 26312 3571 1038
internal_count=128811 102130 26681 19409 72247 7834 70430 11575 7272 6234 29883 26312 3571 1038
is_linear=0
shrinkage=0.01


Tree=255
num_leaves=15
num_cat=0
split_feature=22 31 17 47 14 17 13 9 9 44 13 11 11 11
split_gain=228194 113043 91761.7 78197.7 77424.6 73243.2 67251.9 58552.3 58299.3 47523 43588.2 39260 38968.6 37369.9
threshold=52.509125475285181 59.385509083227724 0.015908400068827072 1.0000000180025095e-35 6.1529304970907202 0.0093056192636844226 -2.5883773669708261 -0.5 -0.78656609248549325 1.0000000180025095e-35 -5.4078997865555696 1.0000000180025095e-35 0.6830127018922193 0.25000000000000017
decision_type=2 2 2 2 2 2 2 2 2 2 2 2 2 2
left_child=5 4 3 -3 7 8 -6 -2 -1 13 -11 -4 -10 -7
right_child=1 2 11 -5 6 9 -8 -9 12 10 -12 -13 -14 -15
leaf_value=-0.025514485744215692 -0.0088695194583924154 0.031449255536279565 -0.019261937355785162 0.10850564518751013 -0.06574646232191371 -0.0039093418226395643 0.003899962768444943 0.016106224820982815 -0.0057371158549880796 -0.10338637667857492 -0.038040295062595375 -0.15318092620889506 0.021079515453305425 -0.039179809566815195
leaf_weight=10694 13483 17675 745 1423 2788 8306 2758 30895 18235 1172 7911 310 7710 4706
leaf_count=10694 13483 17675 745 1423 2788 8306 2758 30895 18235 1172 7911 310 7710 4706
internal_value=6.77164e-12 0.0121852 0.0321755 0.0371908 0.00411564 -0.0145385 -0.0311116 0.00851805 -0.00586657 -0.0289186 -0.046472 -0.0586125 0.0022319 -0.0166655
internal_weight=128811 70077 20153 19098 49924 58734 5546 44378 36639 22095 9083 1055 25945 13012
internal_count=128811 70077 20153 19098 49924 58734 5546 44378 36639 22095 9083 1055 25945 13012
is_linear=0
shrinkage=0.01


Tree=256
num_leaves=15
num_cat=0
split_feature=22 0 13 11 7 36 13 0 9 39 14 44 8 1
split_gain=224770 114044 131952 123118 97125.6 69573.4 60773.5 72286.1 64202.6 56923.2 52185 47040.3 40864.8 37558.5
threshold=68.159315589353625 36.742692288818368 -4.3315975928084693 0.25000000000000017 1007.5001000000001 109.35082436475639 2.8800116280145009 34.083213737060554 -0.5 91.82140791389476 5.3623091179429743 1.0000000180025095e-35 -0.37940952255126059 -118.21337597412109
decision_type=2 2 2 2 2 2 2 2 2 2 2 2 2 2
left_child=1 6 -3 -4 5 10 8 -8 -1 -7 -2 13 -13 -6
right_child=4 2 3 -5 11 9 7 -9 -10 -11 -12 12 -14 -15
leaf_value=-0.0082495048829713744 0.018413028065043049 -0.061696924233251654 -0.024298333497242953 0.011775668044488019 0.0057670260161599698 0.19594035708084093 -0.041010707825313339 0.0022984903357689828 0.018872073390618242 -0.037509610843780926 -0.031057917261881739 0.12008230504274277 0.048567736822296474 0.069626683168739475
leaf_weight=13015 14914 6007 26757 14636 2040 367 5885 11166 26499 146 2488 1719 1493 1679
leaf_count=13015 14914 6007 26757 14636 2040 367 5885 11166 26499 146 2488 1719 1493 1679
internal_value=-2.83748e-11 -0.0064577 -0.0178991 -0.0115431 0.0270214 0.0147236 0.00312986 -0.0126493 0.00993885 0.1295 0.0113401 0.0588084 0.0868409 0.0345975
internal_weight=128811 103965 47400 41393 24846 17915 56565 17051 39514 513 17402 6931 3212 3719
internal_count=128811 103965 47400 41393 24846 17915 56565 17051 39514 513 17402 6931 3212 3719
is_linear=0
shrinkage=0.01


Tree=257
num_leaves=15
num_cat=0
split_feature=31 1 11 25 6 5 4 7 44 0 9 7 0 14
split_gain=224057 156173 119791 100311 87669.3 87574.6 73001.3 71145.3 83139.9 79532.3 53869.6 49806.6 42325.6 29879.3
threshold=45.442332065906221 -118.21337597412109 -0.5 77.667444806109273 11.001790500000002 6.5000000000000009 1.0000000180025095e-35 1007.4002250000001 1.0000000180025095e-35 37.042691525878915 -0.5 1003.4003000000001 35.400001525878913 0.70599328289321617
decision_type=2 2 2 2 2 2 2 2 2 2 2 2 2 2
left_child=5 3 -3 6 -5 10 -2 8 -7 -9 13 -4 -12 -1
right_child=1 2 11 4 -6 7 -8 9 -10 -11 12 -13 -14 -15
leaf_value=-0.035274604289032951 0.0051387564850738426 -0.0034235093516239508 0.034975956840533437 0.057697700873605456 -0.054826753981904376 -0.022616593248803208 -0.060115976237390241 0.019158648141508111 -0.065171865566783393 -0.032245052228053898 0.02772616720720263 0.1056120578926046 -0.002928804858046738 0.0020923881475862155
leaf_weight=5333 50196 2227 1405 5814 786 17219 1775 6638 6260 5507 7625 3448 11004 3574
leaf_count=5333 50196 2227 1405 5814 786 17219 1775 6638 6260 5507 7625 3448 11004 3574
internal_value=-3.03846e-12 0.0129361 0.0572977 0.00757371 0.0442971 -0.0134463 0.00291007 -0.0237988 -0.0339627 -0.00414972 -5.29421e-05 0.0851621 0.00961852 -0.0202808
internal_weight=128811 65651 7080 58571 6600 63160 51971 35624 23479 12145 27536 4853 18629 8907
internal_count=128811 65651 7080 58571 6600 63160 51971 35624 23479 12145 27536 4853 18629 8907
is_linear=0
shrinkage=0.01


Tree=258
num_leaves=15
num_cat=0
split_feature=22 6 2 20 6 5 28 4 0 7 2 0 35 0
split_gain=217537 107466 98198.4 96187.2 71035.1 69173.9 41243.6 40995.4 40866.6 114118 39250.1 36079.9 33900.6 27321.4
threshold=52.509125475285181 16.487450500000005 22.525000000000002 93.711977186311785 9.3981377500000018 1.5000000000000002 90.499058983128592 1.0000000180025095e-35 37.042691525878915 1012.1392000000002 18.525000000000002 35.400001525878913 54.169623996620203 35.400001525878913
decision_type=2 2 2 2 2 2 2 2 2 2 2 2 2 2
left_child=4 3 6 5 8 -2 -3 -5 9 -1 12 -12 -6 -4
right_child=1 2 13 7 10 -7 -8 -9 -10 -11 11 -13 -14 -15
leaf_value=-0.0053234243867785235 0.024988632026909374 -0.066865111250520332 0.029794675555215769 0.059776100244600942 -0.023076299775667369 0.0028376591988182325 -0.38259157805215743 -0.090385763057448137 -0.025521460722653422 0.075763543755014762 0.024974253871210578 -0.023147010131290932 -0.057592497019269183 -0.034917325374942375
leaf_weight=26757 23727 2779 2143 5521 5401 34739 42 188 8088 1856 1897 8721 6014 938
leaf_count=26757 23727 2779 2143 5521 5401 34739 42 188 8088 1856 1897 8721 6014 938
internal_value=-1.77042e-11 0.0118973 -0.0289376 0.0156527 -0.0141949 0.0118271 -0.0715658 0.0548312 -0.00567394 -6.36679e-05 -0.0283886 -0.0145497 -0.0412612 0.0100933
internal_weight=128811 70077 5902 64175 58734 58466 2821 5709 36701 28613 22033 10618 11415 3081
internal_count=128811 70077 5902 64175 58734 58466 2821 5709 36701 28613 22033 10618 11415 3081
is_linear=0
shrinkage=0.01


Tree=259
num_leaves=15
num_cat=0
split_feature=31 47 7 6 2 25 5 13 7 44 48 31 14 20
split_gain=217522 152475 108530 98128.6 129186 125505 85119.6 99329.8 69722.2 81210.8 77074.6 61293.4 45057.4 32841.1
threshold=45.442332065906221 1.0000000180025095e-35 1004.6003850000001 10.600839500000001 18.525000000000002 82.58358928673789 6.5000000000000009 1.4527695991665499 1007.4002250000001 1.0000000180025095e-35 1.0000000180025095e-35 62.939480354879606 -11.964631690186049 109.92114418245073
decision_type=2 2 2 2 2 2 2 2 2 2 2 2 2 2
left_child=6 3 -3 5 -5 -2 7 13 9 -8 -10 -4 -9 -1
right_child=1 2 11 4 -6 -7 8 12 10 -11 -12 -13 -14 -15
leaf_value=0.020500396742767081 0.0090739935780822043 0.021033081696914088 0.079126416697104657 -0.063837168197317523 0.003806169022073196 0.065388833746738831 -0.022303144209889693 -0.064461395551855954 0.018941856155054629 -0.064361806893243653 -0.031661358687452984 0.19281685302939608 -0.010078767825240866 0.14255101659695307
leaf_weight=10936 40588 3881 2620 4000 9598 4385 17219 1700 6638 6260 5507 579 14675 225
leaf_count=10936 40588 3881 2620 4000 9598 4385 17219 1700 6638 6260 5507 579 14675 225
internal_value=-5.19598e-12 0.012746 0.0565793 0.00744751 -0.0160919 0.0145649 -0.0132487 -4.44499e-05 -0.0234551 -0.0335169 -0.00400355 0.0997037 -0.0157246 0.0229609
internal_weight=128811 65651 7080 58571 13598 44973 63160 27536 35624 23479 12145 3199 16375 11161
internal_count=128811 65651 7080 58571 13598 44973 63160 27536 35624 23479 12145 3199 16375 11161
is_linear=0
shrinkage=0.01


Tree=260
num_leaves=15
num_cat=0
split_feature=22 0 10 7 7 0 20 13 0 9 2 1 8 26
split_gain=211499 107352 133235 106076 92736.6 86170 79337.9 58520.2 70908.5 62133.6 53143.2 44677.6 36867.9 33328.4
threshold=68.159315589353625 36.742692288818368 1.0000000180025095e-35 1006.2002000000001 1007.5001000000001 37.042691525878915 155.57403433476398 2.8800116280145009 34.083213737060554 -0.5 16.225000000000005 -119.7866065258789 -0.37940952255126059 17.019877565495399
decision_type=2 2 2 2 2 2 2 2 2 2 2 2 2 2
left_child=1 7 5 -4 6 -3 10 9 -9 -1 -2 -6 -13 -8
right_child=4 2 3 -5 11 -7 13 8 -10 -11 -12 12 -14 -15
leaf_value=-0.0081734479121847899 -0.01147653515938139 0.012210038936136319 -0.057051415955454522 -0.013751293276985268 -0.0077066687946887548 -0.027035353598454184 0.29661248786108835 -0.040535877939694251 0.0023586616727446605 0.018507539459376412 0.024529383302514605 0.090447139112373551 0.040826338241167631 0.093810911031337235
leaf_weight=13015 6530 16215 11057 11586 918 8542 119 5885 11166 26499 11012 3195 2818 254
leaf_count=13015 6530 16215 11057 11586 918 8542 119 5885 11166 26499 11012 3195 2818 254
internal_value=-4.87056e-12 -0.00626416 -0.0173648 -0.0348956 0.0262116 -0.00133095 0.0141948 0.00303787 -0.012446 0.00971944 0.0111262 0.057272 0.0671923 0.158512
internal_weight=128811 103965 47400 22643 24846 24757 17915 56565 17051 39514 17542 6931 6013 373
internal_count=128811 103965 47400 22643 24846 24757 17915 56565 17051 39514 17542 6931 6013 373
is_linear=0
shrinkage=0.01


Tree=261
num_leaves=15
num_cat=0
split_feature=22 4 7 9 0 20 8 2 44 23 8 43 1 28
split_gain=207318 103883 91169.1 82497.5 89874.3 74208.3 55634 51350.3 51327.9 46327.8 43116.6 39768.1 38623 28606.1
threshold=67.221276244007285 1.0000000180025095e-35 1007.5001000000001 -0.78656609248549325 35.400001525878913 155.57403433476398 0.25881904510252091 16.225000000000005 1.0000000180025095e-35 34.121637797493321 -0.37940952255126059 1.0000000180025095e-35 -118.21337597412109 117.00892177314715
decision_type=2 2 2 2 2 2 2 2 2 2 2 2 2 2
left_child=1 3 5 9 -5 7 11 -2 12 -1 -10 -3 -4 -7
right_child=2 6 8 4 -6 13 -8 -9 10 -11 -12 -13 -14 -15
leaf_value=-0.050084541947557286 -0.010833089683494126 -0.048143432764098638 0.003830872978492808 0.015670850438603081 -0.0072011837399223819 0.088286372197866447 -0.078598468906090041 0.02324731389593539 0.11816623794589631 -0.013511216150940709 0.045493299804173208 0.010459147418404906 0.066641086459984095 0.26980985559915238
leaf_weight=4342 6987 2565 2269 27501 45778 250 2715 12039 1753 17118 1528 2111 1722 133
leaf_count=4342 6987 2565 2269 27501 45778 250 2715 12039 1753 17118 1528 2111 1722 133
internal_value=-1.04879e-11 -0.00648436 0.0248209 -0.00366738 0.0013825 0.0135061 -0.0425928 0.0107318 0.0550203 -0.0209111 0.0843216 -0.021687 0.0309316 0.151322
internal_weight=128811 102130 26681 94739 73279 19409 7391 19026 7272 21460 3281 4676 3991 383
internal_count=128811 102130 26681 94739 73279 19409 7391 19026 7272 21460 3281 4676 3991 383
is_linear=0
shrinkage=0.01


Tree=262
num_leaves=15
num_cat=0
split_feature=22 17 22 2 0 17 9 9 44 13 29 11 11 44
split_gain=204193 103598 93796.4 84622.1 84112.2 68003.2 64549.2 55170.7 44305.8 40893 39543.7 37272.9 36113 27695.9
threshold=52.509125475285181 0.0169767051949417 92.640684410646415 22.525000000000002 34.083213737060554 0.0093056192636844226 -0.78656609248549325 -0.78656609248549325 1.0000000180025095e-35 -5.4078997865555696 40.029784537389112 0.6830127018922193 0.25000000000000017 1.0000000180025095e-35
decision_type=2 2 2 2 2 2 2 2 2 2 2 2 2 2
left_child=5 2 6 10 -4 7 -2 -1 12 -10 -3 -9 -7 -5
right_child=1 3 4 13 -6 8 -8 11 9 -11 -12 -13 -14 -15
leaf_value=-0.024510208011759928 -0.010484881778608656 -0.012059113695545971 -0.026045315591716453 0.021237766264597727 0.068903759371252912 -0.0032379991154567324 0.016112713550695285 -0.0053122751027719003 -0.099684395946279397 -0.036390838961307334 -0.099442608249542416 0.020914413139071549 -0.03791024742949211 -0.073303529481571691
leaf_weight=10694 11298 735 1140 2225 5138 8306 47428 18235 1172 7911 1753 7710 4706 360
leaf_count=10694 11298 735 1140 2225 5138 8306 47428 18235 1172 7911 1753 7710 4706 360
internal_value=-1.15083e-11 0.0115266 0.0149233 -0.0319972 0.0516623 -0.0137527 0.0109957 -0.00539675 -0.0276089 -0.0445577 -0.073628 0.00248143 -0.0157778 0.00807147
internal_weight=128811 70077 65004 5073 6278 58734 58726 36639 22095 9083 2488 25945 13012 2585
internal_count=128811 70077 65004 5073 6278 58734 58726 36639 22095 9083 2488 25945 13012 2585
is_linear=0
shrinkage=0.01


Tree=263
num_leaves=15
num_cat=0
split_feature=31 47 11 15 4 5 13 7 44 1 8 9 17 20
split_gain=208259 146998 115335 97745.3 94204 82591.2 94996.1 67686.8 77219.7 73807.5 60871.7 47904.5 32730.1 31659.9
threshold=45.442332065906221 1.0000000180025095e-35 -0.5 0.090274921138307179 1.0000000180025095e-35 6.5000000000000009 1.4527695991665499 1007.4002250000001 1.0000000180025095e-35 -120.84999847412108 -0.25881904510252113 -0.12940952255126037 0.01626241243492792 109.92114418245073
decision_type=2 2 2 2 2 2 2 2 2 2 2 2 2 2
left_child=5 3 -3 10 -5 6 13 8 -7 -9 -2 -4 -8 -1
right_child=1 2 11 4 -6 7 12 9 -10 -11 -12 -13 -14 -15
leaf_value=0.020125141192103763 0.097949295194385722 -0.0040705238313627021 0.042541535327281103 0.0061073231663841734 -0.067327008182363299 -0.021996342354977577 -0.0093852109537357915 -0.03091698972313003 -0.063008505455711072 0.018602119672345631 0.021138148749307396 0.10733962936299792 -0.049134624552129448 0.13996065321630902
leaf_weight=10936 1786 2227 1834 52535 1807 17219 13942 5507 6260 6638 2443 3019 2433 225
leaf_count=10936 1786 2227 1834 52535 1807 17219 13942 5507 6260 6638 2443 3019 2433 225
internal_value=6.61214e-12 0.0124717 0.0555105 0.00726923 0.00366546 -0.0129636 4.30904e-05 -0.0230173 -0.0329311 -0.00385171 0.0535772 0.0828517 -0.0152912 0.022541
internal_weight=128811 65651 7080 58571 54342 63160 27536 35624 23479 12145 4229 4853 16375 11161
internal_count=128811 65651 7080 58571 54342 63160 27536 35624 23479 12145 4229 4853 16375 11161
is_linear=0
shrinkage=0.01


Tree=264
num_leaves=15
num_cat=0
split_feature=22 4 7 5 26 1 6 7 7 44 8 42 1 8
split_gain=198104 102219 87818.2 95723.8 90470.3 82019.9 86103.9 61090.1 59935.7 44486.9 38366.4 36769.5 33828.8 25635.3
threshold=68.159315589353625 0.15000000000000005 1007.5001000000001 1.0000000180025095e-35 32.764317480487975 -118.21337597412109 16.304814000000004 1001.3998 1006.4001350000001 1.0000000180025095e-35 -0.37940952255126059 1.0000000180025095e-35 -118.21337597412109 -0.60355339059327362
decision_type=2 2 2 2 2 2 2 2 2 2 2 2 2 2
left_child=1 5 3 4 -2 6 -1 -5 -7 12 -11 -3 -4 -13
right_child=2 11 9 7 -6 8 -8 -9 -10 10 -12 13 -14 -15
leaf_value=-0.0037437180977723896 0.036407957301689088 -0.018735863912782324 0.0046873200571903991 -0.036725299161302356 0.21347591678891639 0.010054241918979457 -0.038421986535064477 0.012423842688631941 0.068609814061464644 0.11506381404761133 0.045769876625753152 -0.027709329888731277 0.065293324821389553 -0.091725808472044132
leaf_weight=81126 6052 2250 2040 3737 303 7492 7853 7823 2280 1719 1493 897 1679 2067
leaf_count=81126 6052 2250 2040 3737 303 7492 7853 7823 2280 1719 1493 897 1679 2067
internal_value=-5.91687e-12 -0.00606254 0.025368 0.0136742 0.0448504 -0.0037841 -0.00680431 -0.0034646 0.0237164 0.0555935 0.0828546 -0.0492152 0.0320488 -0.0723524
internal_weight=128811 103965 24846 17915 6355 98751 88979 11560 9772 6931 3212 5214 3719 2964
internal_count=128811 103965 24846 17915 6355 98751 88979 11560 9772 6931 3212 5214 3719 2964
is_linear=0
shrinkage=0.01


Tree=265
num_leaves=15
num_cat=0
split_feature=31 1 10 1 23 31 3 15 18 10 25 13 20 9
split_gain=203614 146560 104869 99159.6 78338.8 73213.1 70364.1 67926.5 53212.2 49766 48545 44143.2 37305.3 23822.5
threshold=59.385509083227724 -118.21337597412109 0.25000000000000011 -118.21337597412109 134.29704288063743 25.574355724545843 72.962955000000008 0.090274921138307179 9.7150069974886009 0.25000000000000011 15.841787248274892 -11.89144151380169 103.9958123953099 -0.70710678118654757
decision_type=2 2 2 2 2 2 2 2 2 2 2 2 2 2
left_child=1 2 5 4 7 -1 12 -2 -6 -5 -4 -11 -3 -8
right_child=3 6 10 9 8 -7 13 -9 -10 11 -12 -13 -14 -15
leaf_value=-0.029140973574401187 0.073488248617852484 0.036621881624672441 -0.079511381331934056 0.05312739935421442 0.15052085219107864 0.0025245236487117339 -0.02035801049581255 0.011829114695276113 -0.26182587999286072 -0.233729984053859 -0.02248108690273137 0.17851650433941629 0.11780187817646118 0.014978216734175041
leaf_weight=8721 1950 7252 1565 987 606 44861 3194 21331 33 27 32248 684 614 4738
leaf_count=8721 1950 7252 1565 987 606 44861 3194 21331 33 27 32248 684 614 4738
internal_value=1.60173e-11 -0.00626434 -0.0113312 0.0252336 0.0199918 -0.00262935 0.0217658 0.0169936 0.129226 0.0990762 -0.0251207 0.162862 0.0429586 0.000749282
internal_weight=128811 103193 87395 25618 23920 53582 15798 23281 639 1698 33813 711 7866 7932
internal_count=128811 103193 87395 25618 23920 53582 15798 23281 639 1698 33813 711 7866 7932
is_linear=0
shrinkage=0.01


Tree=266
num_leaves=15
num_cat=0
split_feature=22 6 9 22 19 6 9 28 13 5 0 11 15 20
split_gain=193155 99922 88267.4 83535.3 69716.9 65079.6 54298 40332.2 37810.2 36613.7 39025.2 36437 35518.5 26512.9
threshold=52.509125475285181 16.487450500000005 -0.78656609248549325 82.306590621039291 1.3539226757569203 9.3981377500000018 -0.78656609248549325 91.594249765939978 -4.6800000030581783 94.500000000000014 35.400001525878913 0.6830127018922193 0.074486179992132501 13.121693121693125
decision_type=2 2 2 2 2 2 2 2 2 2 2 2 2 2
left_child=5 2 12 -4 7 6 13 -3 -6 10 -7 -8 -2 -1
right_child=1 4 3 -5 8 9 11 -9 -10 -11 -12 -13 -14 -15
leaf_value=-0.085517434633693434 0.038986355820335973 -0.061848468730031997 0.014630836823732674 0.047946350082239395 0.027957898724187205 0.0097264507338856651 -0.005088037673858915 -0.38184708797931671 -0.042589696681850885 -0.050834536782956581 -0.027696146892482783 0.020851291644585025 -0.015730902375371197 -0.020134553859242184
leaf_weight=661 1335 2571 43067 9120 2101 3508 18302 40 1190 4974 13551 7691 10653 10047
leaf_count=661 1335 2571 43067 9120 2101 3508 18302 40 1190 4974 13551 7691 10653 10047
internal_value=1.62093e-11 0.0112107 0.014832 0.0204529 -0.0281648 -0.0133758 -0.00521983 -0.0667508 0.00244844 -0.0269614 -0.0200006 0.00258708 -0.00963751 -0.0241706
internal_weight=128811 70077 64175 52187 5902 58734 36701 2611 3291 22033 17059 25993 11988 10708
internal_count=128811 70077 64175 52187 5902 58734 36701 2611 3291 22033 17059 25993 11988 10708
is_linear=0
shrinkage=0.01


Tree=267
num_leaves=15
num_cat=0
split_feature=31 47 11 17 25 5 13 11 7 44 0 7 14 20
split_gain=198222 139872 111405 90845.9 104688 79935.8 91299.8 78064.2 65696.4 74341.1 71140.4 46455 42457.9 30417.5
threshold=45.442332065906221 1.0000000180025095e-35 -0.5 0.01328939506196017 82.58358928673789 6.5000000000000009 1.4527695991665499 1.0000000180025095e-35 1007.4002250000001 1.0000000180025095e-35 37.042691525878915 1003.4003000000001 -11.964631690186049 109.92114418245073
decision_type=2 2 2 2 2 2 2 2 2 2 2 2 2 2
left_child=5 3 -3 4 -2 6 13 -5 9 -7 -10 -4 -8 -1
right_child=1 2 11 7 -6 8 12 -9 10 -11 -12 -13 -14 -15
leaf_value=0.019836435730314551 0.0073387481912872881 -0.0044070268700883751 0.032553292584930324 -0.0055132617302829602 0.056644242905814837 -0.021576046389997501 -0.062194481234887945 -0.077116844890121591 0.018387995131927484 -0.061816528856746128 -0.030228175698013723 0.10077140834787722 -0.0094038880828739464 0.13729713325322501
leaf_weight=10936 46104 2227 1405 5630 4750 17219 1700 2087 6638 6260 5507 3448 14675 225
leaf_count=10936 46104 2227 1405 5630 4750 17219 1700 2087 6638 6260 5507 3448 14675 225
internal_value=-7.02114e-13 0.0121675 0.0541501 0.00709264 0.0119441 -0.0126473 0.000148549 -0.0248779 -0.0225381 -0.032305 -0.00365641 0.0810215 -0.0148844 0.0222044
internal_weight=128811 65651 7080 58571 50854 63160 27536 7717 35624 23479 12145 4853 16375 11161
internal_count=128811 65651 7080 58571 50854 63160 27536 7717 35624 23479 12145 4853 16375 11161
is_linear=0
shrinkage=0.01


Tree=268
num_leaves=15
num_cat=0
split_feature=31 1 10 7 6 1 23 31 9 7 7 0 23 28
split_gain=195112 140451 101449 102416 100550 93901.9 78816.1 70874 67931.1 62242.1 38173.9 35165.1 34503.2 32616.2
threshold=59.385509083227724 -118.21337597412109 0.25000000000000011 1009.00003 15.629971500000002 -118.21337597412109 134.29704288063743 25.574355724545843 -0.12940952255126037 1004.2005000000001 1009.2000650000001 35.400001525878913 36.298545099281796 92.774614517454211
decision_type=2 2 2 2 2 2 2 2 2 2 2 2 2 2
left_child=1 2 7 -4 5 6 -2 -1 10 -7 -3 -6 -10 -13
right_child=4 8 3 -5 11 9 -8 -9 12 -11 -12 13 -14 -15
leaf_value=-0.028618168118170102 0.021204636882848297 -0.0084450096966261646 -0.036194748832867045 0.0015925261892682549 -0.00392197372279095 0.020141501135835047 0.13482499980276516 0.0025373652728984319 0.15359416456560218 0.15094538733964497 0.065329302509638421 -0.084347710518445057 0.037209790278297759 -0.34136408335757706
leaf_weight=8721 21939 6656 23487 10326 694 567 628 44861 263 1015 784 722 8095 53
leaf_count=8721 21939 6656 23487 10326 694 567 628 44861 263 1015 784 722 8095 53
internal_value=-2.18169e-12 -0.00613215 -0.0110923 -0.0246551 0.0247012 0.0295875 0.0243665 -0.00253351 0.0213076 0.104064 -0.000670942 -0.055625 0.040872 -0.101924
internal_weight=128811 103193 87395 33813 25618 24149 22567 53582 15798 1582 7440 1469 8358 775
internal_count=128811 103193 87395 33813 25618 24149 22567 53582 15798 1582 7440 1469 8358 775
is_linear=0
shrinkage=0.01


Tree=269
num_leaves=15
num_cat=0
split_feature=31 1 7 5 13 23 7 1 10 17 2 10 17 28
split_gain=191786 126090 96411.2 95458 113633 81151.7 70308.4 101018 69674.7 60411.7 58636.9 47931 35920.3 31565
threshold=51.93810730882975 -118.21337597412109 1004.6003850000001 8.5000000000000018 1.4527695991665499 125.67572371516049 1007.4002250000001 -120.84999847412108 0.68301270189221941 0.013033790585510205 14.325000000000001 0.25000000000000011 0.01626241243492792 88.461332327034427
decision_type=2 2 2 2 2 2 2 2 2 2 2 2 2 2
left_child=3 5 13 4 -1 8 10 -8 -2 -7 -5 -4 -6 -3
right_child=1 2 11 6 12 9 7 -9 -10 -11 -12 -13 -14 -15
leaf_value=0.022822911511195546 0.013843672843950284 0.023181204489214197 0.060735325306121322 -0.045386820858928659 -0.0075917111620142832 0.12513610445439111 -0.031351332853286271 0.02223691338986267 -0.019936341974580728 -0.2140208345970937 -0.016274573709889197 0.1497633094216195 -0.045099546381561099 -0.36614531426202684
leaf_weight=15409 36417 2494 1133 12356 18542 845 6378 7844 7336 56 15722 1297 2961 21
leaf_count=15409 36417 2494 1133 12356 18542 845 6378 7844 7336 56 15722 1297 2961 21
internal_value=-1.07633e-11 0.0154202 0.0633329 -0.00965545 0.00209615 0.0101144 -0.0199102 -0.00179528 0.00817983 0.104056 -0.0290857 0.108254 -0.0127566 0.0199304
internal_weight=128811 49599 4945 79212 36912 44654 42300 14222 43753 901 28078 2430 21503 2515
internal_count=128811 49599 4945 79212 36912 44654 42300 14222 43753 901 28078 2430 21503 2515
is_linear=0
shrinkage=0.01


Tree=270
num_leaves=15
num_cat=0
split_feature=31 1 5 1 13 14 7 15 3 0 10 8 20 7
split_gain=188752 136221 100136 92328.5 87025.9 85271.3 81307.4 72348.3 67054.3 58900.4 53347.6 36713.1 35766.3 23194.1
threshold=59.385509083227724 -118.21337597412109 6.5000000000000009 -118.21337597412109 1.0549740469210389 6.1529304970907202 1004.2005000000001 0.090274921138307179 72.962955000000008 37.042691525878915 0.25000000000000011 -0.25881904510252113 103.9958123953099 1005.00003
decision_type=2 2 2 2 2 2 2 2 2 2 2 2 2 2
left_child=1 2 4 7 -1 -4 -5 11 12 -9 -8 -2 -3 -10
right_child=3 8 5 6 -6 -7 10 9 13 -11 -12 -13 -14 -15
leaf_value=0.019692757881617104 0.11933567065074818 0.035475700882133802 -0.014587947026721754 0.0097284345831360076 -0.010496414766981056 -0.049649111223976201 0.080107551332025864 0.018549756358782313 -0.012127317444796532 -0.044925879471270101 0.2241214357391878 0.033556479534857978 0.11496352542085946 0.02367746896997433
leaf_weight=14897 1008 7252 37384 669 26597 8517 520 20349 5140 1575 509 988 614 2792
leaf_count=14897 1008 7252 37384 669 26597 8517 520 20349 5140 1575 509 988 614 2792
internal_value=-1.73816e-11 -0.00603139 -0.0109163 0.0242953 0.000341974 -0.0210936 0.0955489 0.0192372 0.0209919 0.0139897 0.151345 0.0768758 0.0416803 0.000475678
internal_weight=128811 103193 87395 25618 41494 45901 1698 23920 15798 21924 1029 1996 7866 7932
internal_count=128811 103193 87395 25618 41494 45901 1698 23920 15798 21924 1029 1996 7866 7932
is_linear=0
shrinkage=0.01


Tree=271
num_leaves=15
num_cat=0
split_feature=31 1 11 15 10 5 13 7 44 1 8 7 14 1
split_gain=186157 130582 106342 91977.8 85726.2 75274.9 85908.9 62616.1 71943.5 67851.3 57927.6 43378 41113.9 22468.4
threshold=45.442332065906221 -118.21337597412109 -0.5 0.090274921138307179 0.25000000000000011 6.5000000000000009 1.4527695991665499 1007.4002250000001 1.0000000180025095e-35 -120.84999847412108 -0.25881904510252113 1003.4003000000001 -11.551222531495652 -118.99998249999999
decision_type=2 2 2 2 2 2 2 2 2 2 2 2 2 2
left_child=5 3 -3 10 -5 6 13 8 -7 -9 -2 -4 -8 -1
right_child=1 2 11 4 -6 7 12 9 -10 -11 -12 -13 -14 -15
leaf_value=0.00082344707874993251 0.095094683007644815 -0.004855453188236377 0.031773942328154295 0.011354636531620292 -0.016419850809323861 -0.020835128269867605 -0.057581125162096555 -0.029370966849682302 -0.060421372894501203 0.018108037150053588 0.020164094801749723 0.097694093682896069 -0.0086041489057334837 0.031265738545517785
leaf_weight=3560 1786 2227 1405 38763 15579 17219 1945 5507 6260 6638 2443 3448 14430 7601
leaf_count=3560 1786 2227 1405 38763 15579 17219 1945 5507 6260 6638 2443 3448 14430 7601
internal_value=-1.08236e-11 0.0117913 0.0523557 0.00688796 0.00339213 -0.0122564 0.000160851 -0.0218544 -0.0313897 -0.00342073 0.0518089 0.0786094 -0.0144216 0.0215556
internal_weight=128811 65651 7080 58571 54342 63160 27536 35624 23479 12145 4229 4853 16375 11161
internal_count=128811 65651 7080 58571 54342 63160 27536 35624 23479 12145 4229 4853 16375 11161
is_linear=0
shrinkage=0.01


Tree=272
num_leaves=15
num_cat=0
split_feature=22 14 13 22 13 6 9 0 0 2 35 0 20 11
split_gain=178576 94946.2 91463.3 88797.6 85026.2 60855.3 52651.6 36467.8 35430.2 34696.7 33381.5 32071.2 25533.4 23806.1
threshold=52.509125475285181 7.5353316543005482 11.577727342662625 92.640684410646415 -3.2685106821575101 9.3981377500000018 -0.78656609248549325 36.742692288818368 37.042691525878915 18.525000000000002 54.169623996620203 35.400001525878913 13.121693121693125 -0.5
decision_type=2 2 2 2 2 2 2 2 2 2 2 2 2 2
left_child=5 2 3 -2 7 6 12 -3 -8 10 -7 -11 -1 -4
right_child=1 4 13 -5 -6 9 8 -9 -10 11 -12 -13 -14 -15
leaf_value=-0.083838518215357441 0.012447446997293337 -0.042871749949827793 -0.0095647906031959724 0.052873995131146545 0.0065679451040475028 -0.020056259546426029 0.0088160656353319863 -0.12506878356791587 -0.019622054533487511 0.024276627762876226 -0.054307146232459344 -0.021092649580453312 -0.019674739623444376 -0.071636506997108024
leaf_weight=661 56717 1275 1080 6009 2616 5401 20415 936 5578 1897 6014 8721 10047 1444
leaf_count=661 56717 1275 1080 6009 2616 5401 20415 936 5578 1897 6014 8721 10047 1444
internal_value=5.92384e-12 0.0107793 0.0139453 0.0163202 -0.0320166 -0.0128611 -0.00497428 -0.0776689 0.00271335 -0.0259984 -0.0381014 -0.012987 -0.0236355 -0.0450765
internal_weight=128811 70077 65250 62726 4827 58734 36701 2211 25993 22033 11415 10618 10708 2524
internal_count=128811 70077 65250 62726 4827 58734 36701 2211 25993 22033 11415 10618 10708 2524
is_linear=0
shrinkage=0.01


Tree=273
num_leaves=15
num_cat=0
split_feature=22 6 9 22 19 1 7 17 8 28 16 44 15 8
split_gain=175023 93605.8 84701.5 76078.2 65735.3 59778.1 56569.8 56455.5 48225.8 38850.6 37373.3 34865.9 34035.8 19372.3
threshold=52.509125475285181 16.487450500000005 -0.78656609248549325 82.306590621039291 1.3539226757569203 -118.21337597412109 1007.3001 0.0086457188006643423 -0.5 91.594249765939978 4.7381622500000011 1.0000000180025095e-35 0.074486179992132501 -0.70710678118654735
decision_type=2 2 2 2 2 2 2 2 2 2 2 2 2 2
left_child=5 2 12 -4 9 7 -7 8 -1 -3 -9 -6 -2 -8
right_child=1 4 3 -5 11 6 13 10 -10 -11 -12 -13 -14 -15
leaf_value=0.011956658683841572 0.037804473984044761 -0.060095688267377323 0.014126575472949678 0.0459203148441307 0.016819479535211627 0.0075522845735534298 0.21527261153511379 -0.044345520163258885 -0.014766600573320939 -0.37416179704666136 -0.017886940948890859 -0.070614170253385788 -0.015758476670514738 0.08258685889055277
leaf_weight=9808 1335 2571 43067 9120 2744 2718 138 8069 21681 40 15777 547 10653 543
leaf_count=9808 1335 2571 43067 9120 2744 2718 138 8069 21681 40 15777 547 10653 543
internal_value=-1.24079e-11 0.0106716 0.0141765 0.0196827 -0.0274391 -0.0127325 0.0279728 -0.0152329 -0.006443 -0.0649071 -0.02684 0.00228706 -0.00979363 0.109475
internal_weight=128811 70077 64175 52187 5902 58734 3399 55335 31489 2611 23846 3291 11988 681
internal_count=128811 70077 64175 52187 5902 58734 3399 55335 31489 2611 23846 3291 11988 681
is_linear=0
shrinkage=0.01


Tree=274
num_leaves=15
num_cat=0
split_feature=31 1 6 5 1 17 13 3 0 7 30 0 13 7
split_gain=179687 128555 96375.1 96129.1 86942.1 82970.2 82900.5 64941.1 60525.7 58186.3 34525.7 33640.4 22405.3 22251.9
threshold=59.385509083227724 -118.21337597412109 15.629971500000002 6.5000000000000009 -118.21337597412109 0.00813740289210289 1.0549740469210389 72.962955000000008 37.042691525878915 1004.2005000000001 103.974254988504 35.400001525878913 -2.8744460080035044 1005.00003
decision_type=2 2 2 2 2 2 2 2 2 2 2 2 2 2
left_child=1 3 4 6 8 -5 -1 10 -2 -6 -3 12 -4 -9
right_child=2 7 11 5 9 -7 -8 13 -10 -11 -12 -13 -14 -15
leaf_value=0.019287028115301856 0.027887450774855129 0.034630946201940495 0.015558932325215016 -0.0085194008509061701 0.019009607694451772 -0.035562315889958465 -0.01017791184173316 -0.012167497148773323 -0.037176944369382216 0.14548005455799787 0.1127281197611279 -0.10022059707127272 -0.16639191102824716 0.022902484479327596
leaf_weight=14897 21033 7252 618 25393 567 20508 26597 5140 1534 1015 614 775 76 2792
leaf_count=14897 21033 7252 618 25393 567 20508 26597 5140 1534 1015 614 775 76 2792
internal_value=-1.2052e-12 -0.00588477 0.0237047 -0.0106302 0.0284885 -0.0206018 0.000400466 0.0203672 0.0234647 0.100152 0.040727 -0.0549362 -0.00436652 0.000176853
internal_weight=128811 103193 25618 87395 24149 45901 41494 15798 22567 1582 7866 1469 694 7932
internal_count=128811 103193 25618 87395 24149 45901 41494 15798 22567 1582 7866 1469 694 7932
is_linear=0
shrinkage=0.01


Tree=275
num_leaves=15
num_cat=0
split_feature=31 22 20 6 7 47 9 44 6 35 29 31 8 20
split_gain=176950 156334 83822.6 74378.3 69619.6 61085.1 49628.2 45218.6 38237.8 42669.4 30872.4 24614.9 16232.6 14336.5
threshold=30.567632850241548 73.194391634981017 155.57403433476398 18.611846500000002 995.70043500000008 1.0000000180025095e-35 -0.60355339059327384 1.0000000180025095e-35 7.697960000000001 64.229908030288271 51.750105618926916 20.069444444444446 -1.0000000180025095e-35 10.092592592592597
decision_type=2 2 2 2 2 2 2 2 2 2 2 2 2 2
left_child=6 3 4 5 -3 -2 11 -5 12 -10 -4 -1 -8 -13
right_child=1 2 10 7 -6 -7 8 -9 9 -11 -12 13 -14 -15
leaf_value=-0.059664580462896799 0.00012178544113482398 -0.1259096736566587 -0.11981116948808943 -0.022861952610594375 0.034708958553615228 0.029263615625289868 0.026679861476408131 -0.10559301194267656 -0.0092170309852675075 -0.047480211093313386 0.18866909331356824 -0.091983338826488778 -0.0048280195940603914 -0.023497985567778774
leaf_weight=3806 72424 275 35 2492 14440 7986 2499 899 8258 4504 444 323 4730 5696
leaf_count=3806 72424 275 35 2492 14440 7986 2499 899 8258 4504 444 323 4730 5696
internal_value=-1.30407e-11 0.00643232 0.035945 0.00108136 0.0317073 0.00301604 -0.0213566 -0.0447951 -0.012312 -0.022721 0.166129 -0.0397596 0.00606397 -0.0271731
internal_weight=128811 98995 15194 83801 14715 80410 29816 3391 19991 12762 479 9825 7229 6019
internal_count=128811 98995 15194 83801 14715 80410 29816 3391 19991 12762 479 9825 7229 6019
is_linear=0
shrinkage=0.01


Tree=276
num_leaves=15
num_cat=0
split_feature=22 14 22 46 13 13 47 4 44 17 11 1 37 10
split_gain=167654 91697.8 83725.5 86203.6 80905.2 69649.4 59785.6 60382.3 49788.4 44973.3 44632.9 17433.9 15476.3 14233.7
threshold=52.870570342205333 7.5353316543005482 92.640684410646415 1.0000000180025095e-35 -3.6000027346582866 10.543555078550009 1.0000000180025095e-35 0.15000000000000005 1.0000000180025095e-35 0.0086457188006643423 -0.5 -119.7866065258789 117.35385259631492 -0.24999999999999994
decision_type=2 2 2 2 2 2 2 2 2 2 2 2 2 2
left_child=6 2 5 -4 8 -2 7 9 -3 -1 -8 -9 -6 -12
right_child=1 4 3 -5 12 -7 10 11 -10 -11 13 -13 -14 -15
leaf_value=-0.0042750554335145062 0.012909554213964978 -0.044657436658870946 0.066776827481361392 -0.030065202292650937 -0.00086216077062190066 -0.03524235450148426 -0.02209881093154285 -0.026656218950137662 -0.14979880722728905 -0.022768529837112968 0.021509897507362083 -0.073547398689031346 0.10616955706680363 0.072033812300068514
leaf_weight=31857 53679 1374 5024 1125 2444 3182 1194 1284 670 22393 898 2073 143 1471
leaf_count=31857 53679 1374 5024 1125 2444 3182 1194 1284 670 22393 898 2073 143 1471
internal_value=-1.83146e-11 0.0108491 0.0140056 0.0490589 -0.0320988 0.0102149 -0.0119968 -0.0144555 -0.0791216 -0.0119087 0.0277552 -0.0556123 0.00505417 0.0528821
internal_weight=128811 67641 63010 6149 4631 56861 61170 57607 2044 54250 3563 3357 2587 2369
internal_count=128811 67641 63010 6149 4631 56861 61170 57607 2044 54250 3563 3357 2587 2369
is_linear=0
shrinkage=0.01


Tree=277
num_leaves=15
num_cat=0
split_feature=22 14 13 22 13 6 9 44 44 10 25 48 25 16
split_gain=164429 89639.3 85490.1 82032.5 80967.6 56374.5 52004.1 47241.5 45845.9 41544.5 32261.4 30940.3 29324.4 24801.8
threshold=52.509125475285181 7.5353316543005482 11.577727342662625 92.640684410646415 -3.2685106821575101 10.197528500000002 -0.60355339059327384 1.0000000180025095e-35 1.0000000180025095e-35 0.68301270189221941 14.427083333333337 1.0000000180025095e-35 57.22290874524716 4.7381622500000011
decision_type=2 2 2 2 2 2 2 2 2 2 2 2 2 2
left_child=5 2 3 -2 7 6 10 -3 13 -10 -1 -8 -4 -7
right_child=1 4 12 -5 -6 8 11 -9 9 -11 -12 -13 -14 -15
leaf_value=-0.11772298435565208 0.011993474930960025 -0.043667118165974329 -0.019396799431673665 0.050849559342140006 0.0064131926755999023 -0.034314030386513809 0.0091011545655741606 -0.1423067082790658 -0.031703834109305197 -0.084884942475709643 -0.017908489533669764 -0.018869763580801908 -0.091561366518748549 -0.0029670386412347332
leaf_weight=331 56717 1491 1676 6009 2616 3826 19558 720 5758 1972 14915 4957 848 7417
leaf_count=331 56717 1491 1676 6009 2616 3826 19558 720 5758 1972 14915 4957 848 7417
internal_value=-1.1905e-11 0.0103435 0.0134197 0.0157158 -0.0312392 -0.0123411 -0.00557351 -0.0757886 -0.0265238 -0.0452709 -0.0200755 0.00344536 -0.0436423 -0.0136344
internal_weight=128811 70077 65250 62726 4827 58734 39761 2211 18973 7730 15246 24515 2524 11243
internal_count=128811 70077 65250 62726 4827 58734 39761 2211 18973 7730 15246 24515 2524 11243
is_linear=0
shrinkage=0.01


Tree=278
num_leaves=15
num_cat=0
split_feature=31 1 11 15 10 31 1 8 6 9 25 34 8 25
split_gain=171856 121368 101958 88761.4 81933.2 71596.5 63537.4 55964.2 49128.8 44991.5 35167.7 30185.5 27855.1 14658
threshold=45.442332065906221 -118.21337597412109 -0.5 0.090274921138307179 0.25000000000000011 17.361111111111118 -118.21337597412109 -0.25881904510252113 18.435725000000001 -0.12940952255126037 45.271013765666815 56.60209829601466 -0.25881904510252113 113.90453654521023
decision_type=2 2 2 2 2 2 2 2 2 2 2 2 2 2
left_child=5 3 -3 7 -5 11 8 -2 -7 -4 -8 12 -1 -13
right_child=1 2 9 4 -6 6 10 -9 -10 -11 -12 13 -14 -15
leaf_value=0.010016579795111384 0.093276556231235833 -0.0055828820052608967 0.037078048409119699 0.010952329086850175 -0.016200765872617141 -0.0097878720470062318 0.077090545518767789 0.019626743225506553 -0.049718122793954538 0.099875077775646554 0.0098966292381682947 -0.065550390733240149 -0.042159709812566143 -0.19927082768696194
leaf_weight=1440 1786 2227 1834 38763 15579 43360 860 2443 3317 3019 8260 2303 3535 85
leaf_count=1440 1786 2227 1834 38763 15579 43360 860 2443 3317 3019 8260 2303 3535 85
internal_value=-1.36058e-11 0.0113294 0.0504366 0.00660213 0.00316796 -0.0117762 -0.00790855 0.0507307 -0.0126254 0.0761434 0.0162329 -0.0410853 -0.0270574 -0.0703101
internal_weight=128811 65651 7080 58571 54342 63160 55797 4229 46677 4853 9120 7363 4975 2388
internal_count=128811 65651 7080 58571 54342 63160 55797 4229 46677 4853 9120 7363 4975 2388
is_linear=0
shrinkage=0.01


Tree=279
num_leaves=15
num_cat=0
split_feature=31 1 5 6 1 13 17 4 3 7 0 7 28 13
split_gain=169677 118944 92923.7 92601.7 82767.2 79661 77866.5 66548.2 62743 56650.2 32109 31685 31407.3 21764.5
threshold=59.385509083227724 -118.21337597412109 6.5000000000000009 15.629971500000002 -118.21337597412109 1.0549740469210389 0.00813740289210289 1.0000000180025095e-35 72.962955000000008 1004.2005000000001 35.400001525878913 1009.00003 92.774614517454211 -2.8744460080035044
decision_type=2 2 2 2 2 2 2 2 2 2 2 2 2 2
left_child=1 2 5 4 7 -1 -4 -2 11 -6 13 -3 -12 -5
right_child=3 8 6 10 9 -7 -8 -9 -10 -11 12 -13 -14 -15
leaf_value=0.019075966744635766 0.025307824440582067 0.03192538533933461 -0.0083821466679706077 0.014992781197154912 0.01758176470671434 -0.009807528439077666 -0.034580121762476351 -0.095829847416082165 -0.00031269521946429742 0.14237163533189615 -0.081044900065231185 0.09240803251614349 -0.33325337522153581 -0.16433734020316287
leaf_weight=14897 22104 6875 25393 618 567 26597 20508 463 7932 1015 722 991 53 76
leaf_count=14897 22104 6875 25393 618 567 26597 20508 463 7932 1015 722 991 53 76
internal_value=-1.60793e-11 -0.00571851 -0.0102831 0.023035 0.0277242 0.000562102 -0.0200871 0.0228225 0.019533 0.0976461 -0.054051 0.0395453 -0.0982927 -0.00464568
internal_weight=128811 103193 87395 25618 24149 41494 45901 22567 15798 1582 1469 7866 775 694
internal_count=128811 103193 87395 25618 24149 41494 45901 22567 15798 1582 1469 7866 775 694
is_linear=0
shrinkage=0.01


Tree=280
num_leaves=15
num_cat=0
split_feature=31 20 6 0 1 6 9 14 3 2 5 42 39 11
split_gain=167395 144107 68855.3 76160.8 55078 89059.5 47144.7 53700.8 44575.1 37040.3 31032.6 29432.3 22059.5 21291.1
threshold=28.908730158730162 72.487959442332084 19.506597500000002 37.042691525878915 -118.21337597412109 11.001790500000002 -0.37940952255126015 5.4000022881053669 72.962955000000008 24.975000000000005 33.500000000000007 1.0000000180025095e-35 59.380122517955222 0.6830127018922193
decision_type=2 2 2 2 2 2 2 2 2 2 2 2 2 2
left_child=6 2 3 -2 5 -3 11 13 -6 -4 -9 12 -1 -8
right_child=1 4 9 -5 8 -7 7 10 -10 -11 -12 -13 -14 -15
leaf_value=-0.010483150191916955 0.0060043749045529662 0.032616284195542335 -0.076863629985697443 -0.021597672594106516 0.085979593634738963 -0.042230752061318419 -0.010820269560042837 0.014594743207365543 0.020316936422744913 -0.0010744378828020094 -0.069368070636913567 -0.05558469431775083 -0.055026524948897287 0.017864842036119839
leaf_weight=4089 70912 10772 1733 11637 2873 1865 9273 555 1615 1027 2128 5216 1527 3589
leaf_count=4089 70912 10772 1733 11637 2873 1865 9273 555 1615 1027 2128 5216 1527 3589
internal_value=5.3376e-12 0.00578475 0.000470548 0.00211329 0.0322577 0.0215702 -0.0224649 -0.0113049 0.062351 -0.0486624 -0.0519997 -0.0384805 -0.0225946 -0.002816
internal_weight=128811 102434 85309 82549 17125 12637 26377 15545 4488 2760 2683 10832 5616 12862
internal_count=128811 102434 85309 82549 17125 12637 26377 15545 4488 2760 2683 10832 5616 12862
is_linear=0
shrinkage=0.01


Tree=281
num_leaves=15
num_cat=0
split_feature=22 6 5 17 20 2 20 17 20 0 5 44 26 11
split_gain=156098 85878.6 74039.2 83874.4 59899.8 58675.8 55497.6 48040.1 42000.7 40825.4 31152.2 17921.9 13938.9 12542.9
threshold=52.509125475285181 17.940951000000002 1.5000000000000002 0.0063587518740384659 115.32244556113905 22.525000000000002 13.121693121693125 0.0096248946512900117 59.969581749049432 37.042691525878915 94.500000000000014 1.0000000180025095e-35 2.6933358539801158 0.25000000000000017
decision_type=2 2 2 2 2 2 2 2 2 2 2 2 2 2
left_child=6 2 4 -4 -2 8 12 9 -3 -8 -9 -7 -1 -14
right_child=1 5 3 -5 -6 11 7 10 -10 -11 -12 -13 13 -15
leaf_value=-0.28903281927108765 0.022685167746338483 -0.046264496651531969 0.019227724370173369 -0.0099156734923991473 0.1030534080232005 0.01733019666468719 0.0031029208164388604 -0.015482988595375726 -0.15078265538481811 -0.022589207562436146 -0.046325608150477038 -0.074503581445149292 -0.064786257650335188 -0.028489466585767623
leaf_weight=24 25767 1444 18943 20630 962 1561 27807 14942 524 7954 4194 246 1974 1839
leaf_count=24 25767 1444 18943 20630 962 1561 27807 14942 524 7954 4194 246 1974 1839
internal_value=1.94567e-11 0.0100781 0.0127196 0.00403483 0.0255777 -0.0363156 -0.0120245 -0.00945458 -0.0740935 -0.00261155 -0.0222427 0.0048282 -0.0487925 -0.0472804
internal_weight=128811 70077 66302 39573 26729 3775 58734 54897 1968 35761 19136 1807 3837 3813
internal_count=128811 70077 66302 39573 26729 3775 58734 54897 1968 35761 19136 1807 3837 3813
is_linear=0
shrinkage=0.01


Tree=282
num_leaves=15
num_cat=0
split_feature=31 1 5 1 14 7 4 23 3 10 8 28 10 7
split_gain=163020 114547 89591.7 81475.8 75331.3 75304.1 69807.6 72295.1 60816.2 52196.1 40796.8 35004.3 33368.1 21609.6
threshold=59.385509083227724 -118.21337597412109 6.5000000000000009 -118.21337597412109 6.1529304970907202 1004.2005000000001 1.0000000180025095e-35 134.29704288063743 72.962955000000008 0.25000000000000011 0.60355339059327384 83.260752431358341 0.68301270189221941 1005.10008
decision_type=2 2 2 2 2 2 2 2 2 2 2 2 2 2
left_child=1 2 10 6 -4 11 7 -2 12 -7 -1 -5 -3 -10
right_child=3 8 4 5 -6 9 -8 -9 13 -11 -12 -13 -14 -15
leaf_value=-0.0061542135379946562 0.017527156461566568 0.028625529609550462 -0.013596518921497686 0.019620292771533016 -0.046550857409933491 0.072745922305477925 -0.09311794798511891 0.12604081418867064 -0.012333902610481919 0.21519708085036701 0.015198405445528574 -0.40513255548477178 0.080254572847321348 0.022395492968270071
leaf_weight=28438 22735 6304 37384 649 8517 520 554 631 5198 509 13056 20 1562 2734
leaf_count=28438 22735 6304 37384 649 8517 520 554 631 5198 509 13056 20 1562 2734
internal_value=-1.49467e-12 -0.00560521 -0.0100847 0.0225786 -0.0197112 0.0895136 0.0178271 0.0204576 0.0191753 0.14321 0.000564343 0.00692215 0.0388778 -0.000363382
internal_weight=128811 103193 87395 25618 45901 1698 23920 23366 15798 1029 41494 669 7866 7932
internal_count=128811 103193 87395 25618 45901 1698 23920 23366 15798 1029 41494 669 7866 7932
is_linear=0
shrinkage=0.01


Tree=283
num_leaves=15
num_cat=0
split_feature=31 22 6 1 23 9 14 44 10 10 42 39 17 10
split_gain=161532 147051 69997.8 75347.4 52999.6 46063.5 51748.4 44757.4 41130.7 40601.7 28685.3 21649.7 21545.5 20352.2
threshold=28.908730158730162 73.194391634981017 18.611846500000002 -120.84999847412108 134.29704288063743 -0.37940952255126015 5.4000022881053669 1.0000000180025095e-35 0.25000000000000011 -0.93301270189221908 1.0000000180025095e-35 59.380122517955222 0.0054439708635232653 0.68301270189221941
decision_type=2 2 2 2 2 2 2 2 2 2 2 2 2 2
left_child=5 2 3 -2 9 10 12 -4 -6 -3 11 -1 -7 -12
right_child=1 4 7 -5 8 6 -8 -9 -10 -11 13 -13 -14 -15
leaf_value=-0.010217476883274748 -0.021312826621848517 -0.03147633512921312 -0.021667890039315244 0.006279731065224968 0.1624095956052993 0.021120317868702259 -0.050984913861150616 -0.1022001812435543 -0.0088671573129923721 0.034421953888292382 -0.041704252740364142 -0.054345143623666846 -0.0097348782773492258 -0.084614561900309054
leaf_weight=4089 11477 1003 2643 71868 535 2931 2683 934 190 13784 3626 1527 9931 1590
leaf_count=4089 11477 1003 2643 71868 535 2931 2683 934 190 13784 3626 1527 9931 1590
internal_value=6.88197e-12 0.00568256 0.00062103 0.00248011 0.034045 -0.022068 -0.0110367 -0.0426959 0.117523 0.0299521 -0.0378989 -0.0222159 -0.00270358 -0.0547847
internal_weight=128811 102434 86922 83345 15512 26377 15545 3577 725 14787 10832 5616 12862 5216
internal_count=128811 102434 86922 83345 15512 26377 15545 3577 725 14787 10832 5616 12862 5216
is_linear=0
shrinkage=0.01


Tree=284
num_leaves=15
num_cat=0
split_feature=31 47 10 0 11 41 6 9 14 9 5 29 31 25
split_gain=158486 130011 115229 95397.5 92275 69574.4 63887.9 46518.7 51043.3 40136.8 31989 25911.2 23286.3 15868.1
threshold=30.567632850241548 1.0000000180025095e-35 0.25000000000000011 37.042691525878915 1.0000000180025095e-35 87.006017094343733 15.105712000000002 -0.60355339059327384 6.1529304970907202 1.0000000180025095e-35 33.500000000000007 32.800925925925931 20.069444444444446 14.427083333333337
decision_type=2 2 2 2 2 2 2 2 2 2 2 2 2 2
left_child=7 2 3 -2 9 -6 -4 12 11 -3 -10 -9 -1 -14
right_child=1 4 6 -5 5 -7 -8 8 10 -11 -12 -13 13 -15
leaf_value=-0.057389125109109901 0.014870752153172434 -0.013071931588832481 -0.0089017553853926838 -0.023612744091936168 0.068409149228501526 -0.52244579368829724 -0.054017156305858717 0.019895351362555224 0.015688722335645496 0.036460865865041284 -0.064978123691366546 -0.010881605525258898 -0.1216078261942381 -0.023035382869674208
leaf_weight=3806 50420 3348 25421 7385 5621 20 3581 3432 614 3199 2466 13479 168 5851
leaf_count=3806 50420 3348 25421 7385 5621 20 3581 3432 614 3199 2466 13479 168 5851
internal_value=2.32347e-12 0.00608747 0.00179336 0.00995421 0.0366715 0.0663143 -0.0144723 -0.0202116 -0.0114549 0.0111308 -0.0488971 -0.00463558 -0.0380288 -0.0257867
internal_weight=128811 98995 86807 57805 12188 5641 29002 29816 19991 6547 3080 16911 9825 6019
internal_count=128811 98995 86807 57805 12188 5641 29002 29816 19991 6547 3080 16911 9825 6019
is_linear=0
shrinkage=0.01


Tree=285
num_leaves=15
num_cat=0
split_feature=22 17 5 44 7 0 13 47 7 17 8 15 8 34
split_gain=147961 83547.3 105638 89751.1 116521 64085.6 54514.7 54378.8 53650.9 48246.3 43628.7 36359.4 30518.7 18976.9
threshold=52.870570342205333 0.0073845288485904518 70.500000000000014 1.0000000180025095e-35 1002.4999000000001 36.742692288818368 11.577727342662625 1.0000000180025095e-35 1007.3001 0.0086457188006643423 -0.5 0.24214280594461801 0.60355339059327384 27.870370370370377
decision_type=2 2 2 2 2 2 2 2 2 2 2 2 2 2
left_child=7 3 6 12 -5 -4 -3 9 -9 10 -1 -11 -2 -10
right_child=1 2 5 4 -6 -7 -8 8 13 11 -12 -13 -14 -15
leaf_value=0.011373195521094275 0.0042759895379422506 0.014311194506105795 -0.011266374907832532 -0.013915933688960472 0.072368582671869436 -0.067639988667591397 -0.039740087168870404 0.0071816364814673564 0.19092337340436957 -0.039862707611329706 -0.013458608258523845 -0.014794250581628039 0.026902629883208649 0.073521505484744065
leaf_weight=10300 17228 22104 5940 2111 6052 3053 2038 2847 186 9246 22601 15460 9115 530
leaf_count=10300 17228 22104 5940 2111 6052 3053 2038 2847 186 9246 22601 15460 9115 530
internal_value=2.55328e-11 0.010192 -0.00114932 0.0210828 0.0500549 -0.0304044 0.00974834 -0.0112702 0.0266417 -0.0136151 -0.00568475 -0.0241759 0.0121051 0.10402
internal_weight=128811 67641 33135 34506 8163 8993 24142 61170 3563 57607 32901 24706 26343 716
internal_count=128811 67641 33135 34506 8163 8993 24142 61170 3563 57607 32901 24706 26343 716
is_linear=0
shrinkage=0.01


Tree=286
num_leaves=15
num_cat=0
split_feature=22 4 7 5 26 13 1 14 1 44 8 42 1 8
split_gain=145747 80099.9 77656.1 86457.2 77694.1 61178.7 80960.2 69921.3 55821.6 48111.7 39503.7 34485.4 29578.3 24234
threshold=67.221276244007285 0.15000000000000005 1007.5001000000001 1.0000000180025095e-35 32.764317480487975 7.5294902245566968 -120.84999847412108 -12.24304971220702 -118.99998249999999 1.0000000180025095e-35 -0.37940952255126059 1.0000000180025095e-35 -118.21337597412109 -0.60355339059327362
decision_type=2 2 2 2 2 2 2 2 2 2 2 2 2 2
left_child=1 5 3 4 -2 6 -1 -7 -5 12 -11 -3 -4 -13
right_child=2 11 9 8 -6 7 -8 -9 -10 10 -12 13 -14 -15
leaf_value=-0.023652316241032756 0.03135660965792017 -0.014250843836301281 0.0016449390475073015 -0.040346866831031093 0.19209551773598743 -0.064308120781659081 0.0048308467276420965 -0.011276454414629232 0.0074246139667990818 0.10944701073944665 0.039885407154041035 -0.022655393172533303 0.056610905784057863 -0.085418900973679684
leaf_weight=11752 6628 2229 2269 3342 315 2939 66152 16138 9124 1753 1528 881 1722 2039
leaf_count=11752 6628 2229 2269 3342 315 2939 66152 16138 9124 1753 1528 881 1722 2039
internal_value=-2.51516e-11 -0.00543686 0.0208113 0.0103686 0.0386492 -0.00339626 0.000534095 -0.0194465 -0.0053824 0.0486829 0.0770514 -0.0438714 0.0253611 -0.0664824
internal_weight=128811 102130 26681 19409 6943 96981 77904 19077 12466 7272 3281 5149 3991 2920
internal_count=128811 102130 26681 19409 6943 96981 77904 19077 12466 7272 3281 5149 3991 2920
is_linear=0
shrinkage=0.01


Tree=287
num_leaves=15
num_cat=0
split_feature=31 1 10 7 1 7 4 20 31 3 10 28 10 7
split_gain=153838 107239 85666.4 97340.3 78451.3 73301.8 67365 67009.9 59819.3 58765.6 51123.4 34285.8 32522.8 20725.6
threshold=59.385509083227724 -118.21337597412109 0.25000000000000011 1009.00003 -118.21337597412109 1004.2005000000001 1.0000000180025095e-35 158.46566523605151 25.574355724545843 72.962955000000008 0.25000000000000011 83.260752431358341 0.68301270189221941 1005.10008
decision_type=2 2 2 2 2 2 2 2 2 2 2 2 2 2
left_child=1 2 8 -4 6 11 7 -2 -1 12 -7 -6 -3 -11
right_child=4 9 3 -5 5 10 -8 -9 -10 13 -12 -13 -14 -15
leaf_value=-0.025878512501947174 0.017775839066246798 0.027777805938518332 -0.033492562019185851 0.0033464748972440164 0.018695532288918924 0.070855793612364396 -0.091715750609665761 0.15778406620554369 0.0027443176557715621 -0.012397701761446972 0.21183565225400955 -0.4016756982803345 0.078748669164653548 0.021613931825230186
leaf_weight=8721 23019 6304 23487 10326 649 520 554 347 44861 5198 509 20 1562 2734
leaf_count=8721 23019 6304 23487 10326 649 520 554 347 44861 5198 509 20 1562 2734
internal_value=-8.04805e-12 -0.00544506 -0.00977925 -0.0222425 0.0219335 0.0876144 0.017271 0.0198551 -0.00191433 0.0185318 0.140592 0.00612838 0.0378994 -0.000674579
internal_weight=128811 103193 87395 33813 25618 1698 23920 23366 53582 15798 1029 669 7866 7932
internal_count=128811 103193 87395 33813 25618 1698 23920 23366 53582 15798 1029 669 7866 7932
is_linear=0
shrinkage=0.01


Tree=288
num_leaves=15
num_cat=0
split_feature=31 47 15 10 9 14 10 31 8 15 47 10 26 33
split_gain=151576 108233 85260.9 75341.2 68132.3 75334.8 68054.6 58093.4 53884.9 46567.4 41731.3 40280.2 29369.4 23488.4
threshold=45.442332065906221 1.0000000180025095e-35 0.090274921138307179 0.25000000000000011 -0.37940952255126015 6.5162392177022381 0.68301270189221941 22.268518518518523 -0.25881904510252113 0.44886303888891593 1.0000000180025095e-35 0.68301270189221941 8.0770436295750994 52.121039290240823
decision_type=2 2 2 2 2 2 2 2 2 2 2 2 2 2
left_child=4 2 8 -4 7 10 12 -1 -2 -8 -6 -9 -3 -7
right_child=1 6 3 -5 5 13 9 11 -10 -11 -12 -13 -14 -15
leaf_value=-0.050384794231048677 0.091173505089772414 -0.0072436687284916637 0.010274730104565373 -0.015763148027381352 -0.002524051728001085 -0.022030286001649541 0.081870415395809235 -0.0068099411049593259 0.018904844505081089 0.23702101302328962 0.027513053841575281 -0.039121593250821068 0.044650219874755204 -0.072147640803980867
leaf_weight=6113 1786 1534 38763 15579 27614 2074 1552 14893 2443 221 5556 5207 3773 1703
leaf_count=6113 1786 1534 38763 15579 27614 2074 1552 14893 2443 221 5556 5207 3773 1703
internal_value=-2.58215e-11 0.01064 0.00617585 0.00281008 -0.0110596 -0.00231128 0.0475703 -0.0233903 0.0494255 0.10121 0.00250719 -0.0151804 0.0296502 -0.0446275
internal_weight=128811 65651 58571 54342 63160 36947 7080 26213 4229 1773 33170 20100 5307 3777
internal_count=128811 65651 58571 54342 63160 36947 7080 26213 4229 1773 33170 20100 5307 3777
is_linear=0
shrinkage=0.01


Tree=289
num_leaves=15
num_cat=0
split_feature=22 6 2 9 25 20 17 29 0 15 34 44 9 2
split_gain=139949 81002.4 78655 78529.9 68854.5 52082.9 44459.5 39033.9 37747 32081.7 30617.9 24130.3 18058.8 11778.3
threshold=52.509125475285181 16.487450500000005 22.525000000000002 -0.78656609248549325 82.58358928673789 13.121693121693125 0.0096248946512900117 40.029784537389112 37.042691525878915 0.074486179992132501 57.030291508238285 1.0000000180025095e-35 -0.12940952255126037 11.625000000000002
decision_type=2 2 2 2 2 2 2 2 2 2 2 2 2 2
left_child=5 3 7 9 -5 12 8 -3 -7 -2 -8 -4 13 -1
right_child=1 2 11 4 -6 6 10 -9 -10 -11 -12 -13 -14 -15
leaf_value=-0.085272104070699614 0.035934198415725691 -0.0053477151140496875 0.020565735702602738 0.013677257562874863 0.047903819801994596 0.0031819708735915022 -0.011752161283617992 -0.0876278269829118 -0.021522539896649144 -0.016068408781242667 -0.038136648976529609 -0.058823738778010011 -0.023756164023324155 -0.035386054532981999
leaf_weight=1310 1335 808 2633 45436 6751 27807 12285 2013 7954 10653 6851 448 1786 741
leaf_count=1310 1335 808 2633 45436 6751 27807 12285 2013 7954 10653 6851 448 1786 741
internal_value=1.86433e-11 0.00954257 -0.0259097 0.012803 0.0181049 -0.0113855 -0.00889591 -0.0640609 -0.00231283 -0.0102773 -0.0211982 0.00902192 -0.0470044 -0.0672489
internal_weight=128811 70077 5902 64175 52187 58734 54897 2821 35761 11988 19136 3081 3837 2051
internal_count=128811 70077 5902 64175 52187 58734 54897 2821 35761 11988 19136 3081 3837 2051
is_linear=0
shrinkage=0.01


Tree=290
num_leaves=15
num_cat=0
split_feature=31 22 17 1 23 8 44 10 10 30 44 31 28 6
split_gain=147964 134251 65753.2 70548 51150.3 42694.2 40457.9 40263.2 39418 38985.6 35780.8 31939.9 30646.8 26298.7
threshold=28.908730158730162 73.194391634981017 0.019438067362094726 -120.84999847412108 134.29704288063743 -0.5 1.0000000180025095e-35 0.25000000000000011 -0.93301270189221908 53.051277989015638 1.0000000180025095e-35 15.138888888888891 53.051277989015638 5.0987642500000012
decision_type=2 2 2 2 2 2 2 2 2 2 2 2 2 2
left_child=5 2 3 -2 8 9 -4 -6 -3 -1 11 -7 -12 -11
right_child=1 4 6 -5 7 10 -8 -9 -10 13 12 -13 -14 -15
leaf_value=0.031030111757620743 -0.020621719864897217 -0.03200858558417629 -0.024517812539266801 0.0058295340155720748 0.15895794355813589 -0.050147105149440707 -0.11204347413614359 -0.010502843174495196 0.032921947363298912 0.034226446705773322 -0.039178833787582905 -0.013735652627245866 -0.101228615785364 -0.030698470389839923
leaf_weight=2595 11711 1003 1952 72535 535 3013 724 190 13784 768 3637 12020 1019 3325
leaf_count=2595 11711 1003 1952 72535 535 3013 724 190 13784 768 3637 12020 1019 3325
internal_value=3.99874e-12 0.00543867 0.000602449 0.00215256 0.0325386 -0.0211208 -0.0481981 0.114548 0.0285177 0.000708229 -0.0285358 -0.0210334 -0.0527589 -0.0185161
internal_weight=128811 102434 86922 84246 15512 26377 2676 725 14787 6688 19689 15033 4656 4093
internal_count=128811 102434 86922 84246 15512 26377 2676 725 14787 6688 19689 15033 4656 4093
is_linear=0
shrinkage=0.01


Tree=291
num_leaves=15
num_cat=0
split_feature=22 14 13 13 9 1 4 44 9 25 34 8 8 27
split_gain=135579 79351.9 75792.3 75193.6 75619.4 49118.1 49620.4 45547.1 42504.8 29028.7 23284.2 20531.4 18745.2 12143.1
threshold=52.509125475285181 7.5353316543005482 -3.2685106821575101 11.577727342662625 -0.78656609248549325 -118.21337597412109 0.15000000000000005 1.0000000180025095e-35 -0.60355339059327384 57.22290874524716 28.880555555555556 -0.25881904510252113 -0.25881904510252113 152.99785407725327
decision_type=2 2 2 2 2 2 2 2 2 2 2 2 2 2
left_child=5 3 7 4 -2 6 8 -3 -1 -5 12 -8 -7 -4
right_child=1 2 13 9 -6 10 11 -9 -10 -11 -12 -13 -14 -15
leaf_value=-0.02406977699878949 -0.0094935755289200213 -0.041293505923541439 0.0041526496848235872 -0.017105882626955136 0.01947711496937999 0.13823762703896739 -0.021507303395336904 -0.13814799258713092 -0.0048117197715772707 -0.088905699956977641 0.012494330038249964 -0.072528209434679441 0.032732511059877303 0.18908940907981658
leaf_weight=17027 10906 1491 2580 1676 51820 293 1347 720 35058 848 2710 1903 396 36
leaf_count=17027 10906 1491 2580 1676 51820 293 1347 720 35058 848 2710 1903 396 36
internal_value=1.26952e-11 0.0093924 -0.0297315 0.0122867 0.0144401 -0.0112063 -0.0134728 -0.0728336 -0.0111073 -0.0412288 0.0256915 -0.051382 0.077599 0.00669765
internal_weight=128811 70077 4827 65250 62726 58734 55335 2211 52085 2524 3399 3250 689 2616
internal_count=128811 70077 4827 65250 62726 58734 55335 2211 52085 2524 3399 3250 689 2616
is_linear=0
shrinkage=0.01


Tree=292
num_leaves=15
num_cat=0
split_feature=31 1 6 10 7 1 23 9 31 7 23 7 2 39
split_gain=144840 100518 85495.4 81550.1 95338 74114.4 66848.3 58176.3 55998.5 52344.8 34594.7 33916.5 29705.3 23421.5
threshold=59.385509083227724 -118.21337597412109 15.629971500000002 0.25000000000000011 1009.00003 -118.21337597412109 134.29704288063743 -0.12940952255126037 25.574355724545843 1004.2005000000001 36.298545099281796 1009.2000650000001 20.525000000000002 22.291666666666671
decision_type=2 2 2 2 2 2 2 2 2 2 2 2 2 2
left_child=1 3 5 8 -5 6 -2 11 -1 -7 -9 -3 13 -4
right_child=2 7 12 4 -6 9 -8 10 -10 -11 -12 -13 -14 -15
leaf_value=-0.02499218340455435 0.018237716494987344 -0.0097371207270435453 0.188444605599279 -0.032773479912845953 0.0036847048158263679 0.014992330682741535 0.12287678776344485 0.1489067415881746 0.0027014603539492542 0.1349465858419357 0.03236823569751069 0.059801671729061985 -0.023619909654272363 -0.13945402592185485
leaf_weight=8721 21939 6656 23 23487 10326 567 628 263 44861 1015 8095 784 1034 412
leaf_count=8721 21939 6656 23 23487 10326 567 628 263 44861 1015 8095 784 1034 412
internal_value=-1.19544e-11 -0.00528342 0.0212824 -0.00947959 -0.0216397 0.025788 0.0211496 0.01793 -0.00180595 0.0919541 0.0360353 -0.00240938 -0.0527868 -0.122117
internal_weight=128811 103193 25618 87395 33813 24149 22567 15798 53582 1582 8358 7440 1469 435
internal_count=128811 103193 25618 87395 33813 24149 22567 15798 53582 1582 8358 7440 1469 435
is_linear=0
shrinkage=0.01


Tree=293
num_leaves=15
num_cat=0
split_feature=31 20 17 0 7 15 20 9 17 35 19 31 7 20
split_gain=142473 117306 57878.8 61215.2 54389.4 68067.4 48210.5 43213.3 34569.5 40628.4 26431.9 21814.6 17115.2 13016
threshold=30.567632850241548 70.586026615969601 0.019438067362094726 37.042691525878915 1001.3002500000001 0.15151514960208148 153.20815450643781 -0.60355339059327384 0.007836063025620588 64.229908030288271 2.1285628064970039 20.069444444444446 1009.3002 8.9259259259259291
decision_type=2 2 2 2 2 2 2 2 2 2 2 2 2 2
left_child=7 2 3 -2 5 -3 -6 11 12 -10 -4 -1 -9 -13
right_child=1 4 10 -5 6 -7 -8 8 9 -11 -12 13 -14 -15
leaf_value=-0.055074444301469232 0.0056515870693125249 -0.1684656185319281 -0.068576351783312145 -0.019766222124814541 0.033889255167543493 0.0067695465797545139 0.12868309562307312 -0.0031703157997837574 -0.0076322372093052043 -0.045403964728520312 -0.00022686870352837938 -0.090569073254583576 0.030479126537831882 -0.021214605934173104
leaf_weight=3806 66443 234 1729 11051 13934 4205 558 5401 8099 4392 841 284 2099 5735
leaf_count=3806 66443 234 1729 11051 13934 4205 558 5401 8099 4392 841 284 2099 5735
internal_value=-3.8825e-12 0.00577176 0.000478524 0.00202689 0.0281582 -0.0024679 0.0375392 -0.0191634 -0.0107236 -0.0209133 -0.0462098 -0.036336 0.00624704 -0.024487
internal_weight=128811 98995 80064 77494 18931 4439 14492 29816 19991 12491 2570 9825 7500 6019
internal_count=128811 98995 80064 77494 18931 4439 14492 29816 19991 12491 2570 9825 7500 6019
is_linear=0
shrinkage=0.01


Tree=294
num_leaves=15
num_cat=0
split_feature=22 4 9 17 44 0 28 11 7 42 24 9 25 15
split_gain=130231 75723.8 74122 73999 71651.5 67470.4 51182.5 38442.2 90288 33432.3 32601 30964.6 30913.4 13600.1
threshold=68.159315589353625 0.15000000000000005 -0.78656609248549325 0.0053984326323069124 1.0000000180025095e-35 35.400001525878913 117.00892177314715 -0.24999999999999994 1001.8003300000001 1.0000000180025095e-35 22.776188026719986 -0.5 33.472446662441918 0.072000484647824492
decision_type=2 2 2 2 2 2 2 2 2 2 2 2 2 2
left_child=1 2 12 4 11 -4 -6 10 -9 13 -5 -2 -1 -3
right_child=3 9 5 7 6 -7 -8 8 -10 -11 -12 -13 -14 -15
leaf_value=-0.045549087902401829 -0.0062509813875371665 0.11940370099544526 0.013662312490457748 0.022143229586894689 0.072755027368957809 -0.0056653838521608657 0.2548900086912641 -0.054752781743715416 0.013622028633749388 -0.064119074558294048 0.12944315300612746 0.039815584448531886 -0.013783779707695403 -0.017558939032397372
leaf_weight=3669 2253 75 29222 5345 2887 47291 163 2652 7106 2964 299 4141 18569 2175
leaf_count=3669 2253 75 29222 5345 2887 47291 163 2652 7106 2964 299 4141 18569 2175
internal_value=-1.01001e-12 -0.00491547 -0.00295442 0.0205682 0.0426073 0.00171629 0.0824888 0.00705446 -0.00496067 -0.0420568 0.0278276 0.0235835 -0.0190247 -0.0129935
internal_weight=128811 103965 98751 24846 9444 76513 3050 15402 9758 5214 5644 6394 22238 2250
internal_count=128811 103965 98751 24846 9444 76513 3050 15402 9758 5214 5644 6394 22238 2250
is_linear=0
shrinkage=0.01


Tree=295
num_leaves=15
num_cat=0
split_feature=31 47 10 15 11 7 41 8 5 30 11 10 31 6
split_gain=138744 118047 108449 105290 84560 79403.6 65573.7 41213 39669.7 38274.1 37431.7 30198.9 25548.7 25368.5
threshold=28.908730158730162 1.0000000180025095e-35 0.25000000000000011 0.090274921138307179 1.0000000180025095e-35 1002.7999000000001 87.006017094343733 -0.5 1.0000000180025095e-35 53.051277989015638 0.25000000000000017 0.68301270189221941 15.138888888888891 5.0987642500000012
decision_type=2 2 2 2 2 2 2 2 2 2 2 2 2 2
left_child=7 2 3 -2 11 -4 -6 9 -9 10 -1 -3 -10 -11
right_child=1 4 5 -5 6 -7 -8 8 12 13 -12 -13 -14 -15
leaf_value=-0.0026845187627226449 0.066274552776796281 0.00039502356498379422 -0.041918140192009699 0.0059607921020223146 0.063379766076406843 -0.0047279989492721624 -0.48358693567189309 -0.0056533002285539067 -0.06153049561767264 0.033748193723634662 0.073811973545413759 0.056786894940585551 -0.029427837128783382 -0.030018247973427347
leaf_weight=1451 3051 5712 7705 56376 5907 22522 22 5756 3226 768 1144 1139 10707 3325
leaf_count=1451 3051 5712 7705 56376 5907 22522 22 5756 3226 768 1144 1139 10707 3325
internal_value=-5.566e-12 0.00526649 0.0012134 0.00905732 0.0336997 -0.0142079 0.0613502 -0.0204522 -0.0277374 0.000994856 0.0310388 0.00977035 -0.0368608 -0.0180533
internal_weight=128811 102434 89654 59427 12780 30227 5929 26377 19689 6688 2595 6851 13933 4093
internal_count=128811 102434 89654 59427 12780 30227 5929 26377 19689 6688 2595 6851 13933 4093
is_linear=0
shrinkage=0.01


Tree=296
num_leaves=15
num_cat=0
split_feature=31 1 17 5 1 17 23 9 10 9 23 11 38 0
split_gain=137674 95648.5 83025.1 81910.5 73662.2 67014.4 63970.7 56360.1 43981.1 42959 33957.3 29293.9 27484.5 15707.6
threshold=59.385509083227724 -118.21337597412109 0.015908400068827072 6.5000000000000009 -118.21337597412109 0.00813740289210289 134.29704288063743 -0.12940952255126037 0.25000000000000011 -0.70710678118654757 36.298545099281796 1.0000000180025095e-35 32.789061399802854 36.742692288818368
decision_type=2 2 2 2 2 2 2 2 2 2 2 2 2 2
left_child=1 3 4 9 6 -5 -2 -3 -6 -1 -9 13 -13 -4
right_child=2 7 11 5 8 -7 -8 10 -10 -11 -12 12 -14 -15
leaf_value=-0.017082382805986018 0.017543663387903943 -0.0025262286748033913 0.018805300765556244 -0.0075903255982205887 0.046157290081810708 -0.031894257258690509 0.11981959015095461 0.14714045084757951 0.15273350783355266 0.0066831429731246898 0.031680434418793015 0.10197240638236205 -0.15186921802264283 -0.063910279326571034
leaf_weight=10031 22048 7440 447 25393 925 20508 629 263 666 31463 8095 48 383 472
leaf_count=10031 22048 7440 447 25393 925 20508 629 263 666 31463 8095 48 383 472
internal_value=-1.36614e-11 -0.00515107 0.0207493 -0.00924435 0.0249953 -0.018449 0.0203805 0.0174931 0.0907706 0.000937927 0.0353136 -0.0555785 -0.123599 -0.0236776
internal_weight=128811 103193 25618 87395 24268 45901 22677 15798 1591 41494 8358 1350 431 919
internal_count=128811 103193 25618 87395 24268 45901 22677 15798 1591 41494 8358 1350 431 919
is_linear=0
shrinkage=0.01


Tree=297
num_leaves=15
num_cat=0
split_feature=31 47 11 4 16 9 14 31 9 34 10 33 8 42
split_gain=135518 97133.7 91757.4 77693.3 70608.3 63601.9 67888.7 51400.3 43690.3 41847.7 37014.9 21882.9 19371 17253.9
threshold=44.444550063371366 1.0000000180025095e-35 -0.5 1.0000000180025095e-35 0.54522871250000027 -0.37940952255126015 6.5162392177022381 22.268518518518523 -0.12940952255126037 37.959090268976205 0.68301270189221941 53.235530207013106 -0.37940952255126059 1.0000000180025095e-35
decision_type=2 2 2 2 2 2 2 2 2 2 2 2 2 2
left_child=5 3 -3 4 -2 7 9 13 -4 -7 -9 -8 -5 -1
right_child=1 2 8 12 -6 6 11 10 -10 -11 -12 -13 -14 -15
leaf_value=-0.031661987137362117 0.04798061772051998 -0.0078511089581742351 0.030666693280397318 -0.021227700318876514 0.0047192121611775006 0.02374455939679887 -0.022290369428244673 -0.0066076360018793344 0.091739392684039772 -0.0036244151610759479 -0.038079458858886611 -0.071621518147903032 -0.083386763870398339 -0.065269756241648033
leaf_weight=3120 4056 2304 1891 915 54018 7186 2171 14270 3078 25102 5063 1535 1109 2993
leaf_count=3120 4056 2304 1891 915 54018 7186 2171 14270 3078 25102 5063 1535 1109 2993
internal_value=-3.68697e-12 0.00979514 0.0443112 0.00561803 0.00774067 -0.0107407 -0.00218601 -0.0228415 0.0684976 0.00246681 -0.0148496 -0.042723 -0.0552862 -0.0481168
internal_weight=128811 67371 7273 60098 58074 61440 35994 25446 4969 32288 19333 3706 2024 6113
internal_count=128811 67371 7273 60098 58074 61440 35994 25446 4969 32288 19333 3706 2024 6113
is_linear=0
shrinkage=0.01


Tree=298
num_leaves=15
num_cat=0
split_feature=31 1 6 5 13 1 14 23 10 16 0 28 20 13
split_gain=133538 92894.3 81374.9 79788.4 73079.3 68868.3 65903.9 63016.6 42431.1 35283.1 28753.1 30680.5 26955.4 20276.3
threshold=59.385509083227724 -118.21337597412109 15.629971500000002 6.5000000000000009 1.0549740469210389 -118.21337597412109 4.4884231864543453 134.29704288063743 0.25000000000000011 4.1413405900000004 35.400001525878913 92.774614517454211 102.60050251256284 3.9600098128821375
decision_type=2 2 2 2 2 2 2 2 2 2 2 2 2 2
left_child=1 3 5 4 -1 7 -5 -2 -7 -3 13 -12 -11 -4
right_child=2 9 10 6 -6 8 -8 -9 -10 12 11 -13 -14 -15
leaf_value=0.01867504648011865 0.017532485113604373 0.0025736964990394368 0.011855019789750548 -0.011018013453401386 -0.0089895269128211358 0.044623909119528772 -0.038206350000058675 0.11912839025733578 0.14958566772368026 0.02699406128608085 -0.076645819471926183 -0.3259188814433116 0.095991665697194709 -0.17764958690731755
leaf_weight=14897 21939 8046 632 33790 26597 919 12111 628 663 7137 722 53 615 62
leaf_count=14897 21939 8046 632 33790 26597 919 12111 628 663 7137 722 53 615 62
internal_value=-1.22587e-11 -0.0050731 0.0204352 -0.00910702 0.000942491 0.0248309 -0.0181917 0.0203597 0.0886123 0.0172427 -0.051827 -0.0936929 0.0324679 -0.00507479
internal_weight=128811 103193 25618 87395 41494 24149 45901 22567 1582 15798 1469 775 7752 694
internal_count=128811 103193 25618 87395 41494 24149 45901 22567 1582 15798 1469 775 7752 694
is_linear=0
shrinkage=0.01


Tree=299
num_leaves=15
num_cat=0
split_feature=9 17 5 11 44 14 13 0 20 15 7 11 27 34
split_gain=120518 134819 133347 96886.4 155360 90269 74683.7 44788.1 36481.2 40276.6 36947.3 19411.1 7493.27 12461.5
threshold=-0.78656609248549325 0.0076717221954019652 72.500000000000014 0.6830127018922193 1.0000000180025095e-35 8.1439012143298998e-16 10.543555078550009 35.400001525878913 18.958333333333332 0.072000484647824492 1004.6003850000001 -0.5 12.235883424408017 78.598732732101595
decision_type=2 2 2 2 2 2 2 2 2 2 2 2 2 2
left_child=8 3 6 7 -5 -4 -3 -2 12 10 -10 -11 13 -1
right_child=1 2 5 4 -6 -7 -8 -9 9 11 -12 -13 -14 -15
leaf_value=-0.08066216793679655 0.01868903838685336 0.010022770226226212 -0.0061379523427079908 0.015386477153428392 0.078153428437273173 -0.056704777219776244 -0.026023102090864988 -0.0054084431159336687 -0.075146591475249727 -0.0075889739708379636 0.036101480452614763 -0.027076468317475257 -0.040601621130754134 0.17138075757026675
leaf_weight=1023 14724 31620 6793 12561 5748 7350 7025 16198 343 8260 2303 13409 1434 20
leaf_count=1023 14724 31620 6793 12561 5748 7350 7025 16198 343 8260 2303 13409 1434 20
internal_value=-1.6131e-11 0.00495691 -0.00614472 0.0168607 0.0350918 -0.0324171 0.00347025 0.00606595 -0.018875 -0.0151506 0.0216804 -0.019648 -0.055435 -0.0758291
internal_weight=128811 102019 52788 49231 18309 14143 38645 30922 26792 24315 2646 21669 2477 1043
internal_count=128811 102019 52788 49231 18309 14143 38645 30922 26792 24315 2646 21669 2477 1043
is_linear=0
shrinkage=0.01


Tree=300
num_leaves=15
num_cat=0
split_feature=6 2 20 32 0 20 35 8 11 5 7 1 23 20
split_gain=116313 147377 116623 73889.8 64907 62060.2 62993.6 47468.8 121669 53545.7 44151.9 31723.7 30230.4 27340.5
threshold=12.404780500000003 22.025000000000002 62.023447401774412 49.469933812139146 35.400001525878913 155.57403433476398 65.87230671736377 -0.70710678118654735 0.6830127018922193 2.5000000000000004 1007.5001000000001 -118.21337597412109 84.319077962690528 93.323827629911293
decision_type=2 2 2 2 2 2 2 2 2 2 2 2 2 2
left_child=2 3 7 11 -3 10 -7 8 -1 -9 -4 -2 -5 -6
right_child=1 4 5 12 13 6 -8 9 -10 -11 -12 -13 -14 -15
leaf_value=-0.00098221203212865661 -0.032034559292144826 0.031541639726465565 0.010883972588860284 -0.066685322594077376 -0.011969064173549386 -0.11676372930731463 0.16846153309694462 0.0048129849244951152 0.066320486161349099 -0.015398946767430517 0.036683495962191087 0.019827739691574444 -0.16743373411257878 -0.17098916434970768
leaf_weight=13553 8800 5753 21151 4126 6323 92 489 22699 3350 31018 9664 1362 321 110
leaf_count=13553 8800 5753 21151 4126 6323 92 489 22699 3350 31018 9664 1362 321 110
internal_value=9.67348e-12 -0.0185415 0.00487001 -0.0399609 0.00713687 0.0209056 0.123297 -0.00225903 0.0123565 -0.00685806 0.0189751 -0.0250835 -0.0739577 -0.0146882
internal_weight=128811 26795 102016 14609 12186 31396 581 70620 16903 53717 30815 10162 4447 6433
internal_count=128811 26795 102016 14609 12186 31396 581 70620 16903 53717 30815 10162 4447 6433
is_linear=0
shrinkage=0.01


Tree=301
num_leaves=15
num_cat=0
split_feature=31 22 20 7 17 1 8 5 33 29 11 31 29 13
split_gain=129798 117933 71121.1 65498.9 60329.7 65417 39682.2 37434.7 35096 29682.2 27887.6 24654.6 21611.8 18150.7
threshold=28.908730158730162 73.194391634981017 155.57403433476398 995.70043500000008 0.019438067362094726 -120.84999847412108 -0.5 1.0000000180025095e-35 24.459876543209884 51.750105618926916 -0.5 15.138888888888891 30.705956907477827 7.2000107139387302
decision_type=2 2 2 2 2 2 2 2 2 2 2 2 2 2
left_child=6 4 3 -3 5 -2 8 13 -1 -4 -6 -9 -10 -8
right_child=1 2 9 -5 10 -7 7 11 12 -11 -12 -13 -14 -15
leaf_value=0.060698699910990417 -0.01988454773874225 -0.1240270932697997 -0.13007678570066181 0.029558652682278756 -0.01094356484206227 0.0055866375048199022 0.0079506186233296305 -0.060027286892902203 0.032175471662498116 0.17237369784126791 -0.075756189813882213 -0.02849139883518402 -0.016904957505867731 -0.028960663093825039
leaf_weight=865 11711 283 35 14749 1221 72535 3662 3226 1108 445 1455 10707 4715 2094
leaf_count=865 11711 283 35 14749 1221 72535 3662 3226 1108 445 1455 10707 4715 2094
internal_value=-1.18934e-11 0.00509387 0.0304935 0.0266672 0.000561095 0.0020459 -0.0197819 -0.0269305 0.00126315 0.15032 -0.0461836 -0.0357931 -0.00756594 -0.0054775
internal_weight=128811 102434 15512 15032 86922 84246 26377 19689 6688 480 2676 13933 5823 5756
internal_count=128811 102434 15512 15032 86922 84246 26377 19689 6688 480 2676 13933 5823 5756
is_linear=0
shrinkage=0.01


Tree=302
num_leaves=15
num_cat=0
split_feature=31 1 10 15 11 44 41 9 14 9 5 29 31 14
split_gain=127377 103684 97086.9 100036 84776.2 80735.1 67597.9 42018 45916 35220.3 29105.3 25158.8 20346.1 13683.3
threshold=31.1299112801014 -118.21337597412109 0.68301270189221941 0.090274921138307179 1.0000000180025095e-35 1.0000000180025095e-35 87.006017094343733 -0.60355339059327384 6.1529304970907202 1.0000000180025095e-35 27.500000000000004 32.800925925925931 20.069444444444446 -3.9600000010906533
decision_type=2 2 2 2 2 2 2 2 2 2 2 2 2 2
left_child=7 2 3 -2 9 -4 -6 12 11 -3 -10 -9 -1 -14
right_child=1 4 5 -5 6 -7 -8 8 10 -11 -12 -13 13 -15
leaf_value=-0.052519508802452625 0.051502852262429386 -0.014448585464877824 -0.0046097054385778784 0.0036775881832106063 0.063940532961444627 -0.052048098832323801 -0.51847968381643295 0.020773712382681865 0.019011065766609467 0.032423047362690069 -0.059084047742850157 -0.0091282738232197139 -0.048016262431915868 -0.014796237180135364
leaf_weight=3806 4690 3282 10874 64836 5523 5354 20 3512 586 3134 2571 14153 1672 4798
leaf_count=3806 4690 3282 10874 64836 5523 5354 20 3512 586 3134 2571 14153 1672 4798
internal_value=-1.35044e-11 0.00560995 0.00176315 0.00690373 0.033194 -0.0202608 0.0618391 -0.017627 -0.00946114 0.00844663 -0.0445881 -0.00318342 -0.0341733 -0.0233811
internal_weight=128811 97713 85754 69526 11959 16228 5543 31098 20822 6416 3157 17665 10276 6470
internal_count=128811 97713 85754 69526 11959 16228 5543 31098 20822 6416 3157 17665 10276 6470
is_linear=0
shrinkage=0.01


Tree=303
num_leaves=15
num_cat=0
split_feature=9 14 25 5 11 44 16 24 23 35 9 2 42 27
split_gain=116352 112251 96409.8 89136.3 57857.4 54819.6 47185.4 40967.4 32184.5 20131 15688.2 15382.4 14665.2 9424.42
threshold=-0.78656609248549325 6.5162392177022381 79.162626344651031 48.500000000000007 0.6830127018922193 1.0000000180025095e-35 0.11918019250000005 12.791613674906516 33.151281509646537 126.41440893140999 0.60355339059327384 9.3750000000000018 1.0000000180025095e-35 16.759259259259263
decision_type=2 2 2 2 2 2 2 2 2 2 2 2 2 2
left_child=6 2 4 10 -2 -5 11 -4 12 -10 -3 13 -8 -1
right_child=1 3 7 5 -6 -7 8 -9 9 -11 -12 -13 -14 -15
leaf_value=-0.013191926517721378 0.00057246343924467638 0.025630544241096065 0.01193090087076314 -0.029754658680609308 0.020249947195821304 -0.093380338534849783 -0.023589566514171541 0.058870143788433027 -0.014942292276402522 -0.069624936563277506 -0.042678065190834856 -0.0022970105030270011 -0.060604877167238967 0.069293362571192021
leaf_weight=165 65336 2607 2956 4391 19373 1958 1744 5012 19746 697 386 806 2771 863
leaf_count=165 65336 2607 2956 4391 19373 1958 1744 5012 19746 697 386 806 2771 863
internal_value=-5.12135e-12 0.0048705 0.00820084 -0.0281681 0.00507272 -0.0493765 -0.018546 0.0414564 -0.0221434 -0.0168067 0.0168209 0.0304101 -0.046307 0.056054
internal_weight=128811 102019 92677 9342 84709 6349 26792 7968 24958 20443 2993 1834 4515 1028
internal_count=128811 102019 92677 9342 84709 6349 26792 7968 24958 20443 2993 1834 4515 1028
is_linear=0
shrinkage=0.01


Tree=304
num_leaves=15
num_cat=0
split_feature=31 1 7 5 13 7 0 4 23 0 10 14 9 9
split_gain=124634 88325 78736 72372.5 89814.9 68410.1 83588.6 63683.3 63175.6 59067 43570.3 40723.3 22227.7 21419.5
threshold=51.93810730882975 -118.21337597412109 1004.6003850000001 13.500000000000002 0.359994230408134 1007.4002250000001 37.042691525878915 1.0000000180025095e-35 134.29704288063743 36.742692288818368 0.25000000000000011 -11.192007229493061 0.1294095225512602 -0.60355339059327384
decision_type=2 2 2 2 2 2 2 2 2 2 2 2 2 2
left_child=3 7 12 4 13 9 -7 8 -2 -5 -4 -6 -3 -1
right_child=1 2 10 5 11 6 -8 -9 -10 -11 -12 -13 -14 -15
leaf_value=-0.0017501177076679432 0.0085426420769672655 -0.018362833896058126 0.04782118551256357 -0.01639479230952336 -0.045871609399551927 0.023522842747577499 -0.02647475787318293 -0.061978583134197969 0.10802693092735645 -0.048439957961376311 0.1327027939220625 -0.0051700234677277638 0.041214120227107937 0.027909049546109316
leaf_weight=3093 42742 1178 1133 18195 2771 7456 6063 1264 648 8411 1297 21778 1337 11445
leaf_count=3093 42742 1178 1133 18195 2771 7456 6063 1264 648 8411 1297 21778 1337 11445
internal_value=3.4528e-12 0.0124309 0.0525316 -0.00778366 0.00190096 -0.0172177 0.00109992 0.0079901 0.0100284 -0.0265253 0.0931263 -0.00976427 0.0133089 0.021599
internal_weight=128811 49599 4945 79212 39087 40125 13519 44654 43390 26606 2430 24549 2515 14538
internal_count=128811 49599 4945 79212 39087 40125 13519 44654 43390 26606 2430 24549 2515 14538
is_linear=0
shrinkage=0.01


Tree=305
num_leaves=15
num_cat=0
split_feature=22 6 22 0 2 23 20 4 6 8 44 44 26 11
split_gain=115333 72240.1 55574.9 78645.4 50452.5 46252.4 46001 45664.9 38976.1 34072.4 27513.7 15692.9 13793.2 12599.3
threshold=52.509125475285181 17.940951000000002 107.03266331658294 34.083213737060554 22.525000000000002 53.412582734826081 13.121693121693125 1.0000000180025095e-35 9.3981377500000018 -0.5 1.0000000180025095e-35 1.0000000180025095e-35 2.6933358539801158 0.25000000000000017
decision_type=2 2 2 2 2 2 2 2 2 2 2 2 2 2
left_child=6 2 7 -4 5 -3 12 -2 9 -8 -10 -6 -1 -14
right_child=1 4 3 -5 11 -7 8 -9 10 -11 -12 -13 13 -15
leaf_value=-0.28279194871584579 0.010819947883093777 -0.027473350837056772 -0.05369940365815646 0.069512769255611465 0.015962763539776121 -0.1256252546954528 0.013206513609243417 -0.028362434662596529 -0.0098618950302107686 -0.0082126530607686456 -0.033892529512090784 -0.069970502109395538 -0.059851499863557249 -0.02347318985032008
leaf_weight=24 59473 1137 623 3075 1561 831 10763 3131 12461 23959 7714 246 1974 1839
leaf_count=24 59473 1137 623 3075 1561 831 10763 3131 12461 23959 7714 246 1974 1839
internal_value=-5.05648e-12 0.00866279 0.0110855 0.0487553 -0.0338879 -0.0689186 -0.0103358 0.00886033 -0.00799609 -0.00157322 -0.0190501 0.00426405 -0.0438105 -0.0423063
internal_weight=128811 70077 66302 3698 3775 1968 58734 62604 54897 34722 20175 1807 3837 3813
internal_count=128811 70077 66302 3698 3775 1968 58734 62604 54897 34722 20175 1807 3837 3813
is_linear=0
shrinkage=0.01


Tree=306
num_leaves=15
num_cat=0
split_feature=31 1 6 5 13 1 16 23 3 10 10 6 1 9
split_gain=121972 85594.6 77304.6 74212.3 68229.1 65212 62390.2 58324.1 51608.8 41015.1 30725.9 27539.3 22967.9 17881
threshold=59.385509083227724 -118.21337597412109 15.629971500000002 6.5000000000000009 1.0549740469210389 -118.21337597412109 0.11918019250000005 134.29704288063743 72.962955000000008 0.25000000000000011 0.68301270189221941 30.306384500000004 -118.99998249999999 -0.70710678118654757
decision_type=2 2 2 2 2 2 2 2 2 2 2 2 2 2
left_child=1 3 5 4 -1 7 -5 -2 10 -7 -3 12 -4 -10
right_child=2 8 11 6 -6 9 -8 -9 13 -11 -12 -13 -14 -15
leaf_value=0.018105403758525599 0.01674371645447869 0.024884523910280554 -0.083409406218138499 0.048200223364770284 -0.0086253917065887437 0.042631584181403691 -0.019551469518544102 0.11448379663477658 -0.019712973980699756 0.14582699263105969 0.07442730460058368 -0.37996480255126958 -0.003571749392441338 0.010901174501810017
leaf_weight=14897 21939 6304 753 1402 26597 919 44499 628 3194 663 1562 25 691 4738
leaf_count=14897 21939 6304 753 1402 26597 919 44499 628 3194 663 1562 25 691 4738
internal_value=1.41013e-11 -0.00484842 0.0195302 -0.00872061 0.000971385 0.0238146 -0.0174821 0.0194637 0.0165726 0.0858797 0.0347225 -0.0509016 -0.0452045 -0.00142631
internal_weight=128811 103193 25618 87395 41494 24149 45901 22567 15798 1582 7866 1469 1444 7932
internal_count=128811 103193 25618 87395 41494 24149 45901 22567 15798 1582 7866 1469 1444 7932
is_linear=0
shrinkage=0.01


Tree=307
num_leaves=15
num_cat=0
split_feature=31 47 6 48 3 44 20 28 8 44 18 31 23 23
split_gain=121104 102346 94771.9 77513.4 60715.3 55494.3 45350.8 38479.8 46988.7 42167.7 27258.1 23218.8 19453.8 15905.3
threshold=28.908730158730162 1.0000000180025095e-35 15.800543500000002 1.0000000180025095e-35 73.000625000000014 1.0000000180025095e-35 92.60963244613437 54.358470637938332 -0.25881904510252113 1.0000000180025095e-35 4.2840510487887213 16.157407407407408 72.195788741623929 134.29704288063743
decision_type=2 2 2 2 2 2 2 2 2 2 2 2 2 2
left_child=7 2 3 -2 6 -4 -3 8 10 13 -1 -10 -11 -9
right_child=1 4 5 -5 -6 -7 -8 9 11 12 -12 -13 -14 -15
leaf_value=0.02727086247086373 0.008170993905696344 0.040083463654408118 -0.013853981636562675 -0.02050432735396376 0.0071761329904810791 -0.070671376599240915 0.10978581812212541 -0.030469457653673284 -0.045525815442077767 -0.081806099221655521 -0.012711110595797433 -0.015633984776852659 -0.21587856726397661 0.13757080608292632
leaf_weight=3682 70826 5954 5441 10874 5719 2513 1107 4770 3506 1025 3176 10040 121 57
leaf_count=3682 70826 5954 5441 10874 5719 2513 1107 4770 3506 1025 3176 10040 121 57
internal_value=-5.04406e-13 0.00492032 0.00114639 0.0043544 0.0313952 -0.031805 0.0510112 -0.0191079 -0.0125729 -0.0414315 0.00875486 -0.0233706 -0.0959621 -0.0284851
internal_weight=128811 102434 89654 81700 12780 7954 7061 26377 20404 5973 6858 13546 1146 4827
internal_count=128811 102434 89654 81700 12780 7954 7061 26377 20404 5973 6858 13546 1146 4827
is_linear=0
shrinkage=0.01


Tree=308
num_leaves=15
num_cat=0
split_feature=9 17 5 11 44 14 0 25 16 10 42 14 2 20
split_gain=112121 124195 124820 90841.2 150453 85647.2 61589.1 59442.5 45335.8 31438.4 48740.7 15046.1 15029.3 11792.9
threshold=-0.78656609248549325 0.0076717221954019652 72.500000000000014 0.6830127018922193 1.0000000180025095e-35 8.1439012143298998e-16 35.400001525878913 96.754625870161973 0.11918019250000005 0.68301270189221941 1.0000000180025095e-35 1.0000000180025095e-35 9.3750000000000018 16.759259259259263
decision_type=2 2 2 2 2 2 2 2 2 2 2 2 2 2
left_child=8 3 6 7 -5 -4 -3 -2 12 11 -11 -10 13 -1
right_child=1 2 5 4 -6 -7 -8 -9 9 10 -12 -13 -14 -15
leaf_value=-0.040304358448023381 0.0036129810823015522 0.018943283908449016 -0.0056950709152736138 0.014467805427306414 0.07623558165865954 -0.054950360595728873 -0.0068437887013407493 0.095551624593758294 -0.025779125836655793 -0.01182735986947446 -0.07289155973063767 -0.0081880237509615195 -0.0025481243234499831 0.067149829929378319
leaf_weight=115 30202 15394 6793 12561 5748 7350 23251 720 8701 2519 2717 11021 806 913
leaf_count=115 30202 15394 6793 12561 5748 7350 23251 720 8701 2519 2717 11021 806 913
internal_value=2.50863e-12 0.00478112 -0.00587413 0.0162062 0.0338594 -0.0312926 0.00342833 0.00575372 -0.0182056 -0.0217319 -0.043514 -0.0159489 0.0297814 0.0551292
internal_weight=128811 102019 52788 49231 18309 14143 38645 30922 26792 24958 5236 19722 1834 1028
internal_count=128811 102019 52788 49231 18309 14143 38645 30922 26792 24958 5236 19722 1834 1028
is_linear=0
shrinkage=0.01


Tree=309
num_leaves=15
num_cat=0
split_feature=9 17 5 11 44 13 25 44 19 23 35 2 42 20
split_gain=109890 121724 122336 89033.4 147459 67771.9 58259.6 49822.1 33137.2 31555.5 19644.3 18639.2 14983.5 7119.38
threshold=-0.78656609248549325 0.0076717221954019652 72.500000000000014 0.6830127018922193 1.0000000180025095e-35 10.543555078550009 96.754625870161973 1.0000000180025095e-35 0.014409302391373282 33.151281509646537 126.41440893140999 9.1250000000000018 1.0000000180025095e-35 18.333333333333336
decision_type=2 2 2 2 2 2 2 2 2 2 2 2 2 2
left_child=8 3 5 6 -5 -3 -2 -4 11 12 -11 13 -10 -1
right_child=1 2 7 4 -6 -7 -8 -9 9 10 -12 -13 -14 -15
leaf_value=-0.025030761608775234 0.0035768512210429455 0.0096360028923581972 -0.018845224952339371 0.014323127497578213 0.075473225756936241 -0.024701396428416001 0.094596108162908213 -0.060010500090898401 -0.021497799525291118 -0.013593112335605506 -0.067265179588251012 -0.0027902226504620438 -0.058525021559156398 0.081274889417376692
leaf_weight=71 30202 31620 9974 12561 5748 7025 720 4169 1773 20001 706 833 2849 559
leaf_count=71 30202 31620 9974 12561 5748 7025 720 4169 1773 20001 706 833 2849 559
internal_value=-2.76013e-12 0.00473331 -0.00581539 0.0160442 0.0335208 0.00339405 0.00569618 -0.0309797 -0.0180236 -0.0206964 -0.015423 0.028251 -0.0443214 0.0692944
internal_weight=128811 102019 52788 49231 18309 38645 30922 14143 26792 25329 20707 1463 4622 630
internal_count=128811 102019 52788 49231 18309 38645 30922 14143 26792 25329 20707 1463 4622 630
is_linear=0
shrinkage=0.01


Tree=310
num_leaves=15
num_cat=0
split_feature=31 22 20 6 48 44 28 8 44 11 17 5 28 23
split_gain=117190 105909 67321.7 56289.9 60592.5 38021.4 37713.7 45882.2 41241.6 35232.9 33974.3 30961.6 29320.9 19166.2
threshold=28.908730158730162 73.194391634981017 155.57403433476398 18.611846500000002 1.0000000180025095e-35 1.0000000180025095e-35 54.358470637938332 -0.25881904510252113 1.0000000180025095e-35 0.6830127018922193 0.018023400574403204 19.500000000000004 117.00892177314715 72.195788741623929
decision_type=2 2 2 2 2 2 2 2 2 2 2 2 2 2
left_child=6 3 10 4 -2 -5 7 9 -8 -1 -3 -9 -4 -10
right_child=1 2 12 5 -6 -7 8 11 13 -11 -12 -13 -14 -15
leaf_value=-0.0050738690006984256 0.0056191331593939539 0.028155687591738098 0.078298388233651289 -0.018918798223119006 -0.019124707957103283 -0.09314397410537481 -0.028093449873282775 -0.0069907596383918334 -0.080774268980805836 0.045916881373048439 -0.050955866202497396 -0.03727681254758991 0.23640112912245825 -0.21385222322684672
leaf_weight=4999 71868 14468 276 2643 11477 934 4827 6387 1025 1859 564 7159 204 121
leaf_count=4999 71868 14468 276 2643 11477 934 4827 6387 1025 1859 564 7159 204 121
internal_value=-4.3836e-12 0.00484015 0.0289101 0.000544658 0.00221179 -0.0382999 -0.0187965 -0.012327 -0.0408968 0.00874821 0.0251874 -0.0229968 0.145492 -0.0948253
internal_weight=128811 102434 15512 86922 83345 3577 26377 20404 5973 6858 15032 13546 480 1146
internal_count=128811 102434 15512 86922 83345 3577 26377 20404 5973 6858 15032 13546 480 1146
is_linear=0
shrinkage=0.01


Tree=311
num_leaves=15
num_cat=0
split_feature=9 17 5 11 44 13 0 23 16 23 11 2 1 27
split_gain=107364 118599 119536 86878.1 143893 65814.5 54847.1 52178.6 43683.8 29520.4 19827.4 14553.1 12092.4 8862.27
threshold=-0.78656609248549325 0.0076717221954019652 72.500000000000014 0.6830127018922193 1.0000000180025095e-35 10.543555078550009 36.742692288818368 113.5849381529851 0.11918019250000005 33.151281509646537 -0.5 9.3750000000000018 -119.7866065258789 16.759259259259263
decision_type=2 2 2 2 2 2 2 2 2 2 2 2 2 2
left_child=8 3 5 7 -5 -3 -4 -2 11 12 -11 13 -10 -1
right_child=1 2 6 4 -6 -7 -8 -9 9 10 -12 -13 -14 -15
leaf_value=-0.01291663460862456 0.0041044052194345107 0.0095207929368106778 -0.012260937748227519 0.014142969446016715 0.074549209907780703 -0.024317111389258184 -0.051745041076011578 0.1168606946649603 -0.022874288277804276 -0.0031198327482163828 -0.023600056713489956 -0.002523897076158486 -0.056850004502753633 0.067070775936473148
leaf_weight=165 30506 31620 7571 12561 5748 7025 6572 416 1652 7421 13022 806 2863 863
leaf_count=165 30506 31620 7571 12561 5748 7025 6572 416 1652 7421 13022 806 2863 863
internal_value=-2.1112e-11 0.00467859 -0.00573381 0.0158433 0.0331071 0.00336964 -0.0306085 0.00562134 -0.0178152 -0.0212766 -0.0161655 0.0292893 -0.0444186 0.0542323
internal_weight=128811 102019 52788 49231 18309 38645 14143 30922 26792 24958 20443 1834 4515 1028
internal_count=128811 102019 52788 49231 18309 38645 14143 30922 26792 24958 20443 1834 4515 1028
is_linear=0
shrinkage=0.01


Tree=312
num_leaves=15
num_cat=0
split_feature=31 22 7 17 0 0 8 30 11 2 11 31 0 17
split_gain=114068 102650 60113.4 54807.1 59689.6 43813 36800.2 36636.2 35521.9 35177.7 32195 31318.6 25167.4 22799.8
threshold=28.908730158730162 73.194391634981017 996.00080000000014 0.019438067362094726 37.042691525878915 34.083213737060554 -0.5 53.051277989015638 0.25000000000000017 21.225000000000005 0.25000000000000017 12.30769230769231 36.742692288818368 0.0050654659959208275
decision_type=2 2 2 2 2 2 2 2 2 2 2 2 2 2
left_child=6 3 10 4 -2 -4 7 8 -1 -5 -3 -8 -13 -9
right_child=1 2 5 9 -6 -7 11 13 -10 -11 -12 12 -14 -15
leaf_value=-0.0017358416079278748 0.0053437793760148277 -0.037612086581224106 0.0053700638157345385 -0.0824433673380741 -0.018986835225853333 0.042511342321921122 -0.06107070155174394 0.032155295326453191 0.07278364295472059 -0.0098060256739588986 -0.24740854659170475 -0.010880848543314128 -0.035227664443838361 -0.028266383939605337
leaf_weight=1451 72535 236 4527 1260 11711 10643 2191 769 1144 1416 106 10250 7248 3324
leaf_count=1451 72535 236 4527 1260 11711 10643 2191 769 1144 1416 106 10250 7248 3324
internal_value=-1.50358e-11 0.00477526 0.0284719 0.000546378 0.00196159 0.0314277 -0.0185445 0.00172185 0.0311159 -0.0440075 -0.102637 -0.0254287 -0.0209658 -0.0169143
internal_weight=128811 102434 15512 86922 84246 15170 26377 6688 2595 2676 342 19689 17498 4093
internal_count=128811 102434 15512 86922 84246 15170 26377 6688 2595 2676 342 19689 17498 4093
is_linear=0
shrinkage=0.01


Tree=313
num_leaves=15
num_cat=0
split_feature=31 47 6 10 44 47 4 9 31 10 23 6 25 25
split_gain=112391 80261.7 73003.1 69531.4 81469.1 62842.6 57591.3 49370.5 45524.8 40103.8 34002.9 26691.4 20080.2 15845.8
threshold=59.385509083227724 1.0000000180025095e-35 15.629971500000002 0.25000000000000011 1.0000000180025095e-35 1.0000000180025095e-35 1.0000000180025095e-35 -0.12940952255126037 25.574355724545843 0.25000000000000011 36.298545099281796 30.306384500000004 102.4881722060875 33.144117025771024
decision_type=2 2 2 2 2 2 2 2 2 2 2 2 2 2
left_child=1 3 5 8 -5 6 -2 13 -1 -7 -9 12 -4 -3
right_child=2 7 11 4 -6 9 -8 10 -10 -11 -12 -13 -14 -15
leaf_value=-0.022223843483263388 0.020951869899791822 0.12302169647585187 -0.037793778738476592 -0.0091839227605103844 -0.042692663528067422 0.041073175132177342 -0.091739161698787319 0.14466968136425254 0.0027460019832541323 0.14311572426632624 0.029132194750211369 -0.37365454711914065 -0.26501783967018128 -0.004342779119080307
leaf_weight=8721 22104 99 1404 23270 10543 919 463 263 44861 663 8095 25 40 7341
leaf_count=8721 22104 99 1404 23270 10543 919 463 263 44861 663 8095 25 40 7341
internal_value=1.39688e-11 -0.00465412 0.0187475 -0.00840373 -0.0196321 0.022911 0.0186398 0.0160889 -0.00131809 0.0838382 0.0327678 -0.0496968 -0.0440881 -0.00264801
internal_weight=128811 103193 25618 87395 33813 24149 22567 15798 53582 1582 8358 1469 1444 7440
internal_count=128811 103193 25618 87395 33813 24149 22567 15798 53582 1582 8358 1469 1444 7440
is_linear=0
shrinkage=0.01


Tree=314
num_leaves=15
num_cat=0
split_feature=9 6 5 11 8 13 25 0 16 10 42 2 6 27
split_gain=104364 113390 114945 82280.4 126457 63065.8 62448 51942.9 42676.3 29883.3 47169.2 14331.6 14239.9 8582.8
threshold=-0.78656609248549325 7.9018096500000015 72.500000000000014 0.6830127018922193 -0.37940952255126059 10.543555078550009 96.754625870161973 36.742692288818368 0.11918019250000005 0.68301270189221941 1.0000000180025095e-35 9.3750000000000018 10.507109000000002 16.127450980392162
decision_type=2 2 2 2 2 2 2 2 2 2 2 2 2 2
left_child=8 3 5 6 -5 -3 -2 -4 11 12 -11 13 -10 -1
right_child=1 2 7 4 -6 -7 -8 -9 9 10 -12 -13 -14 -15
leaf_value=-0.014311564182921959 0.0033090266524354634 0.0094060438742771309 -0.012575437338419721 0.060746026605618529 0.0085595833090217656 -0.023848802245759613 0.09581926511722795 -0.051676975229095139 -0.011542036585389541 -0.01105069303983078 -0.071122424837744558 -0.002576466613771537 -0.034320398670339987 0.066013698348375602
leaf_weight=157 31491 30298 7305 8364 10438 7025 747 6351 16427 2519 2717 806 3295 871
leaf_count=157 31491 30298 7305 8364 10438 7025 747 6351 16427 2519 2717 806 3295 871
internal_value=-3.97333e-12 0.00461276 -0.00593612 0.015149 0.0317745 0.00314676 0.00545262 -0.0307604 -0.0175645 -0.0209858 -0.0422224 0.0289937 -0.0153477 0.0537461
internal_weight=128811 102019 50979 51040 18802 37323 32238 13656 26792 24958 5236 1834 19722 1028
internal_count=128811 102019 50979 51040 18802 37323 32238 13656 26792 24958 5236 1834 19722 1028
is_linear=0
shrinkage=0.01


Tree=315
num_leaves=15
num_cat=0
split_feature=31 1 10 15 3 10 6 31 28 25 39 29 0 34
split_gain=109840 91737.9 88625 90353.9 53505 68315.6 50008.5 35432.2 26245.9 27632.8 18613.8 18573.1 16886.9 13444.9
threshold=31.1299112801014 -118.21337597412109 0.25000000000000011 0.090274921138307179 73.000625000000014 0.68301270189221941 15.105712000000002 13.472222222222223 56.030207013096756 102.4881722060875 63.677670238506749 23.333333333333336 36.742692288818368 27.708333333333339
decision_type=2 2 2 2 2 2 2 2 2 2 2 2 2 2
left_child=7 2 3 -2 5 -3 -4 10 9 -9 -1 -12 -10 -6
right_child=1 4 6 -5 13 -7 -8 8 12 -11 11 -13 -14 -15
leaf_value=-0.032164799261525448 0.062890134567569478 0.032704268432454171 -0.0078403851528725272 0.0058597837329319429 0.065626078363629561 0.10921929865919677 -0.048170357269230503 -0.0065539017446441319 -0.017752481235233489 -0.11291730452509907 0.049157041882213801 -0.098153229051191976 -0.054200138720230932 0.0029544338084981077
leaf_weight=2657 2928 5182 25089 54233 368 1506 3504 21965 3129 247 95 864 2141 4903
leaf_count=2657 2928 5182 25089 54233 368 1506 3504 21965 3129 247 95 864 2141 4903
internal_value=-4.30407e-12 0.00520947 0.00159106 0.00878109 0.0311559 0.0499339 -0.0127827 -0.0163687 -0.0124968 -0.00773668 -0.0457954 -0.0835604 -0.0325598 0.00732992
internal_weight=128811 97713 85754 57161 11959 6688 28593 31098 27482 22212 3616 959 5270 5271
internal_count=128811 97713 85754 57161 11959 6688 28593 31098 27482 22212 3616 959 5270 5271
is_linear=0
shrinkage=0.01


Tree=316
num_leaves=15
num_cat=0
split_feature=9 17 5 14 20 1 16 20 1 10 42 14 2 20
split_gain=102298 112149 113670 83372.7 68606.6 57329.6 41683.9 38605.8 38067.6 29095.2 46080.8 14609.7 13965.5 10889.4
threshold=-0.78656609248549325 0.0076717221954019652 72.500000000000014 8.1439012143298998e-16 72.085633989089118 -118.99998249999999 0.11918019250000005 155.57403433476398 -120.84999847412108 0.68301270189221941 1.0000000180025095e-35 1.0000000180025095e-35 9.3750000000000018 16.759259259259263
decision_type=2 2 2 2 2 2 2 2 2 2 2 2 2 2
left_child=6 4 5 -4 8 -3 12 -6 -2 11 -11 -8 13 -1
right_child=1 2 3 -5 7 -7 9 -9 -10 10 -12 -13 -14 -15
leaf_value=-0.038646471733632295 -0.012889849750091349 -0.0065917304463776064 -0.0045596981586042149 -0.053156556682659908 0.03456572603068047 0.018287658596990049 -0.024894408279825551 0.1384513232179207 0.013736207596813021 -0.010915813091158891 -0.070290448683923132 -0.0075603117043488441 -0.0025404648678264614 0.064609055762431145
leaf_weight=115 6435 23251 6793 7350 9993 15394 8701 371 32432 2519 2717 11021 806 913
leaf_count=115 6435 23251 6793 7350 9993 15394 8701 371 32432 2519 2717 11021 806 913
internal_value=-1.24845e-11 0.00456688 -0.00555844 -0.0298151 0.0154238 0.00331882 -0.0173898 0.0382845 0.00932787 -0.0207711 -0.0417258 -0.0152078 0.0286238 0.0530581
internal_weight=128811 102019 52788 14143 49231 38645 26792 10364 38867 24958 5236 19722 1834 1028
internal_count=128811 102019 52788 14143 49231 38645 26792 10364 38867 24958 5236 19722 1834 1028
is_linear=0
shrinkage=0.01


Tree=317
num_leaves=15
num_cat=0
split_feature=31 1 17 5 13 1 4 14 3 10 10 6 0 31
split_gain=106935 76219.3 70706.2 68961.1 63207.2 62520.3 56381 55878.4 47187 39625.8 29471.8 25640.1 19158 15904.3
threshold=59.385509083227724 -118.21337597412109 0.015908400068827072 6.5000000000000009 1.0549740469210389 -118.21337597412109 1.0000000180025095e-35 4.4884231864543453 72.962955000000008 0.25000000000000011 0.68301270189221941 30.306384500000004 35.400001525878913 18.392857142857149
decision_type=2 2 2 2 2 2 2 2 2 2 2 2 2 2
left_child=1 3 5 4 -1 6 -2 -5 10 -7 -3 12 -4 -10
right_child=2 8 11 7 -6 9 -8 -9 13 -11 -12 -13 -14 -15
leaf_value=0.01764048533794486 0.020242624170254207 0.023393971524476861 -0.0059840374157136191 -0.010033993738808389 -0.0080877618959899478 0.040455413846309123 -0.090667640384063761 -0.035069072163446874 -0.038775573526183792 0.14161707984552055 0.071915154323398012 -0.36942239379882813 -0.082149427829334279 0.0038478980452100468
leaf_weight=14897 22209 6304 626 33790 26597 925 468 12111 1002 666 1562 25 699 6930
leaf_count=14897 22209 6304 626 33790 26597 925 468 12111 1002 666 1562 25 699 6930
internal_value=1.56188e-11 -0.00453975 0.0182868 -0.00819372 0.00114908 0.0222051 0.0179537 -0.0166395 0.0156741 0.0828022 0.0330291 -0.0521511 -0.0461649 -0.00153646
internal_weight=128811 103193 25618 87395 41494 24268 22677 45901 15798 1591 7866 1350 1325 7932
internal_count=128811 103193 25618 87395 41494 24268 22677 45901 15798 1591 7866 1350 1325 7932
is_linear=0
shrinkage=0.01


Tree=318
num_leaves=15
num_cat=0
split_feature=31 22 20 7 17 48 9 14 44 31 42 5 7 39
split_gain=105917 95598 64444.7 61261 51999.4 56940.1 34620.2 39574.5 34400.3 27247.9 24644.5 24537.5 22812.8 21052.9
threshold=28.908730158730162 73.194391634981017 155.57403433476398 995.70043500000008 0.019438067362094726 1.0000000180025095e-35 -0.37940952255126015 5.4000022881053669 1.0000000180025095e-35 116.87453180134477 1.0000000180025095e-35 33.500000000000007 1002.0002750000001 59.380122517955222
decision_type=2 2 2 2 2 2 2 2 2 2 2 2 2 2
left_child=6 4 3 -3 5 -2 10 12 -6 -4 13 -9 -8 -1
right_child=1 2 9 -5 8 -7 7 11 -10 -11 -12 -13 -14 -15
leaf_value=-0.0052256707039761464 0.0052022992984115555 -0.12191012037095249 0.075086710022279513 0.026623854977255897 -0.021041483795847631 -0.018561335644016141 -0.020720438165250789 0.01597575232525868 -0.10174915997110802 0.22696495369280734 -0.047245355760906299 -0.058685150185315012 0.0079837229192043242 -0.048740927216809754
leaf_weight=4089 72535 283 270 14749 1952 11711 4034 555 724 210 5216 2128 8828 1527
leaf_count=4089 72535 283 270 14749 1952 11711 4034 555 724 210 5216 2128 8828 1527
internal_value=-2.35114e-11 0.00460148 0.0274697 0.0238275 0.000520439 0.00189893 -0.0178697 -0.0083063 -0.0428772 0.141533 -0.0315941 -0.0432409 -0.00101897 -0.0170575
internal_weight=128811 102434 15512 15032 86922 84246 26377 15545 2676 480 10832 2683 12862 5616
internal_count=128811 102434 15512 15032 86922 84246 26377 15545 2676 480 10832 2683 12862 5616
is_linear=0
shrinkage=0.01


Tree=319
num_leaves=15
num_cat=0
split_feature=31 47 11 15 4 9 14 7 31 41 33 13 16 42
split_gain=104080 79413.2 82923.1 73154.7 66861.2 53900.9 55229.9 43508.6 43248.2 39839.5 35230.5 31338.2 28646.1 15553.5
threshold=44.444550063371366 1.0000000180025095e-35 -0.5 0.090274921138307179 1.0000000180025095e-35 -0.37940952255126015 6.5162392177022381 1001.7998700000002 22.268518518518523 85.922717198158111 35.004224757076479 -2.1728162955607968 0.11918019250000005 1.0000000180025095e-35
decision_type=2 2 2 2 2 2 2 2 2 2 2 2 2 2
left_child=5 3 -3 7 -5 8 10 -2 13 -4 -7 -8 -10 -1
right_child=1 2 9 4 -6 6 11 -9 12 -11 -12 -13 -14 -15
leaf_value=-0.028114084395355385 -0.10324538982507427 -0.0097943738097759098 0.064674221190118647 0.0037808150255137559 -0.056669989014806577 0.021888223499343176 -0.058409182748321554 0.051113852312889028 0.043751108171605421 -0.36181627663699062 -0.0030152256648265179 0.0035369970727864744 -0.015822538153541576 -0.060022899015789347
leaf_weight=3120 191 2304 4947 53859 1894 7357 2491 4154 844 22 24931 1215 18489 2993
leaf_count=3120 191 2304 4947 53859 1894 7357 2491 4154 844 22 24931 1215 18489 2993
internal_value=7.45679e-12 0.00858414 0.0397934 0.00480723 0.00172722 -0.0094128 -0.0015375 0.0443284 -0.0205526 0.062786 0.00265916 -0.0381003 -0.0132218 -0.043737
internal_weight=128811 67371 7273 60098 55753 61440 35994 4345 25446 4969 32288 3706 19333 6113
internal_count=128811 67371 7273 60098 55753 61440 35994 4345 25446 4969 32288 3706 19333 6113
is_linear=0
shrinkage=0.01


Tree=320
num_leaves=15
num_cat=0
split_feature=22 5 17 11 2 20 25 22 1 11 13 17 24 11
split_gain=97011.8 64813.2 83973.7 78506 58800.1 43883 42244.7 39996.6 37140.7 37129.6 35889.1 34818.7 12790.7 14409
threshold=52.509125475285181 1.5000000000000002 0.0065327904653954732 0.6830127018922193 24.025000000000002 115.32244556113905 12.326388888888891 71.711660329531085 -118.21337597412109 -0.5 0.34380600738314443 0.0086457188006643423 2.0459108311090786 0.6830127018922193
decision_type=2 2 2 2 2 2 2 2 2 2 2 2 2 2
left_child=6 5 3 -3 -4 10 12 -7 11 -10 -2 -8 -1 -14
right_child=1 2 4 -5 -6 7 8 -9 9 -11 -12 -13 13 -15
leaf_value=-0.2847271023477827 0.029154482499868843 -0.0029265207573744207 -0.021626731302192538 0.037286055220505071 0.018714629263414266 -0.067593233969704861 -0.003419846210118406 0.1124466197549001 -0.023443068593216598 0.046873007956007004 0.0062273088410817381 -0.019589373099783987 -0.091035803389849165 -0.0035748853388940915
leaf_weight=28 13177 10843 17576 8791 4548 145 30979 828 1120 2279 14169 23359 713 256
leaf_count=28 13177 10843 17576 8791 4548 145 30979 828 1120 2279 14169 23359 713 256
internal_value=-1.94688e-11 0.00794498 2.51964e-05 0.0150784 -0.0133338 0.0196232 -0.00947935 0.0856164 -0.0083649 0.0237033 0.017275 -0.0103709 -0.0740181 -0.0679295
internal_weight=128811 70077 41758 19634 22124 28319 58734 973 57737 3399 27346 54338 997 969
internal_count=128811 70077 41758 19634 22124 28319 58734 973 57737 3399 27346 54338 997 969
is_linear=0
shrinkage=0.01


Tree=321
num_leaves=15
num_cat=0
split_feature=9 17 5 14 20 13 16 20 0 10 43 14 2 20
split_gain=98150.3 106363 108181 79658.6 64403 60012.7 40036.4 36894.5 36407.1 28109.8 44477.4 14236 13600.2 10454
threshold=-0.78656609248549325 0.0076717221954019652 72.500000000000014 8.1439012143298998e-16 72.085633989089118 10.543555078550009 0.11918019250000005 155.57403433476398 37.042691525878915 0.68301270189221941 1.0000000180025095e-35 1.0000000180025095e-35 9.3750000000000018 16.759259259259263
decision_type=2 2 2 2 2 2 2 2 2 2 2 2 2 2
left_child=6 4 5 -4 8 -3 12 -6 -2 11 -11 -8 13 -1
right_child=1 2 3 -5 7 -7 9 -9 -10 10 -12 -13 -14 -15
leaf_value=-0.037678336117578592 0.013451374280842887 0.0091467178507516379 -0.0043646022261395745 -0.051866695507180538 0.033560328867903437 -0.023165314867979851 -0.02444105457737953 0.13511721495589157 -0.012587498065803516 -0.06900751581168392 -0.010675003105255437 -0.0073300745988238662 -0.0026925012267601423 0.063491878195870821
leaf_weight=115 32432 31620 6793 7350 9993 7025 8701 371 6435 2717 2519 11021 806 913
leaf_count=115 32432 31620 6793 7350 9993 7025 8701 371 6435 2717 2519 11021 806 913
internal_value=-6.37873e-12 0.00447334 -0.00538732 -0.029051 0.0150464 0.00327294 -0.0170336 0.0371958 0.00914026 -0.0203474 -0.0409442 -0.0148791 0.0280616 0.0521742
internal_weight=128811 102019 52788 14143 49231 38645 26792 10364 38867 24958 5236 19722 1834 1028
internal_count=128811 102019 52788 14143 49231 38645 26792 10364 38867 24958 5236 19722 1834 1028
is_linear=0
shrinkage=0.01


Tree=322
num_leaves=15
num_cat=0
split_feature=31 22 20 6 0 28 44 44 17 29 25 31 23 17
split_gain=100694 90837.9 62062.9 50210.1 54200.5 36320.3 39089 35039 31812.1 28520.3 26257.3 23307.6 18927.4 15389.8
threshold=28.908730158730162 73.194391634981017 155.57403433476398 18.611846500000002 37.042691525878915 54.358470637938332 1.0000000180025095e-35 1.0000000180025095e-35 0.018023400574403204 51.750105618926916 102.4881722060875 16.157407407407408 72.195788741623929 0.0026961799838403559
decision_type=2 2 2 2 2 2 2 2 2 2 2 2 2 2
left_child=5 3 8 4 -2 10 -7 -5 -3 -4 11 -1 -8 -12
right_child=1 2 9 7 -6 6 12 -9 -10 -11 13 -13 -14 -15
leaf_value=-0.029403682485315771 0.0053055748228470565 0.026076163996506311 -0.13613991805485318 -0.017572984330368805 -0.018096770967573148 -0.026646860155762241 -0.077650663787721688 -0.088827612222644972 -0.050476521810133623 0.1603319806724452 0.082623636371949138 -0.0039252090370075713 -0.20989683022614844 -0.14686036698950025
leaf_weight=4674 71868 14468 35 2643 11477 4827 1025 934 564 445 34 15488 121 208
leaf_count=4674 71868 14468 35 2643 11477 4827 1025 934 564 445 34 15488 121 208
internal_value=-2.1505e-11 0.00448658 0.0267782 0.000508433 0.00208296 -0.0174234 -0.0391116 -0.0361785 0.0232039 0.138714 -0.0110745 -0.00983169 -0.0916138 -0.114619
internal_weight=128811 102434 15512 86922 83345 26377 5973 3577 15032 480 20404 20162 1146 242
internal_count=128811 102434 15512 86922 83345 26377 5973 3577 15032 480 20404 20162 1146 242
is_linear=0
shrinkage=0.01


Tree=323
num_leaves=15
num_cat=0
split_feature=9 1 14 11 5 41 11 10 44 2 8 22 25 0
split_gain=96162.1 106511 101803 77752.4 60524.4 57442.3 54170.6 48057.1 52462.4 46652.6 42594.5 17905.8 15175.8 13636.2
threshold=-0.60355339059327384 -118.21337597412109 6.5162392177022381 0.6830127018922193 45.500000000000007 87.006017094343733 -0.68301270189221952 0.68301270189221941 1.0000000180025095e-35 5.9750000000000005 -0.25881904510252113 27.839506172839513 16.966276756794823 34.083213737060554
decision_type=2 2 2 2 2 2 2 2 2 2 2 2 2 2
left_child=7 2 3 -2 -4 6 -3 9 13 10 -1 -11 -10 -9
right_child=1 5 4 -5 -6 -7 -8 8 12 11 -12 -13 -14 -15
leaf_value=0.089933774142265485 -0.0014804380384170752 -0.0022897489381658717 0.010754887474495441 0.022100084610489023 -0.055468734091050943 -0.48976732038316273 0.045853846688479659 -0.040536858075767457 -0.1410747000196734 -0.031226361197413535 0.0038810039911220768 -0.0081255732331744612 -0.066483820091786772 -0.0084245236992194807
leaf_weight=872 53240 3128 1950 18964 4722 21 9244 2040 321 3925 1690 23120 1815 3759
leaf_count=872 53240 3128 1950 18964 4722 21 9244 2040 321 3925 1690 23120 1815 3759
internal_value=1.30452e-11 0.00554144 0.0012594 0.00471286 -0.0361138 0.0327948 0.0336818 -0.0134719 -0.0353265 -0.0076146 0.0331698 -0.0114782 -0.0776934 -0.0197212
internal_weight=128811 91269 78876 72204 6672 12393 12372 37542 7935 29607 2562 27045 2136 5799
internal_count=128811 91269 78876 72204 6672 12393 12372 37542 7935 29607 2562 27045 2136 5799
is_linear=0
shrinkage=0.01


Tree=324
num_leaves=15
num_cat=0
split_feature=31 1 17 5 13 1 7 4 7 3 11 11 34 31
split_gain=98444.6 70169.1 67592.8 65223.9 60074.6 59432.4 58726.1 53986.9 48879.9 45093.7 32897.4 26386.1 25173.8 15217.7
threshold=59.385509083227724 -118.21337597412109 0.015908400068827072 6.5000000000000009 1.0549740469210389 -118.21337597412109 1008.0000500000001 1.0000000180025095e-35 1004.2005000000001 76.801427500000003 -0.68301270189221952 1.0000000180025095e-35 19.598765432098769 18.392857142857149
decision_type=2 2 2 2 2 2 2 2 2 2 2 2 2 2
left_child=1 3 5 4 -1 7 -5 -2 -7 10 -3 -4 -13 -11
right_child=2 9 11 6 -6 8 -8 -9 -10 13 -12 12 -14 -15
leaf_value=0.017301928370278344 0.019471568882519975 -0.0016072374605230594 -0.021047655314719353 -0.023977639863143937 -0.0077806672346811215 0.0065784995068664332 0.00011512740157973466 -0.089058323050570543 0.1220431724929549 -0.042004066260881948 0.041980570667069055 0.22180958696774075 -0.13317663214601033 0.0018439781617055108
leaf_weight=14897 22209 2375 919 30846 26597 573 15055 468 1018 909 6391 21 410 6123
leaf_count=14897 22209 2375 919 30846 26597 573 15055 468 1018 909 6391 21 410 6123
internal_value=-4.87025e-12 -0.00435579 0.0175457 -0.00786174 0.00122438 0.0213769 -0.0160755 0.0172318 0.0804585 0.0150392 0.0301712 -0.0513239 -0.11588 -0.00382409
internal_weight=128811 103193 25618 87395 41494 24268 45901 22677 1591 15798 8766 1350 431 7032
internal_count=128811 103193 25618 87395 41494 24268 45901 22677 1591 15798 8766 1350 431 7032
is_linear=0
shrinkage=0.01


Tree=325
num_leaves=15
num_cat=0
split_feature=31 22 23 4 6 6 9 14 3 23 33 31 2 14
split_gain=97603.3 82317.1 45215.5 44977.4 43630.4 35911.8 34502.6 36817.4 28826.6 27298.6 25249.5 17994.5 13241.6 12551.7
threshold=31.1299112801014 68.159315589353625 134.29704288063743 0.25000000000000006 25.978678500000004 18.101154000000005 -0.60355339059327384 6.1529304970907202 13.997478500000001 108.64166102866106 37.769433882551759 20.069444444444446 7.4250000000000016 -3.9600000010906533
decision_type=2 2 2 2 2 2 2 2 2 2 2 2 2 2
left_child=6 3 5 4 -2 -3 11 10 -4 -9 -8 -1 -5 -13
right_child=1 2 8 12 -6 -7 7 9 -10 -11 -12 13 -14 -15
leaf_value=-0.04767712822400158 0.0017658047252683503 0.022413083781971727 0.37520305905077195 0.040269859709121565 -0.16053529998444649 -0.048167783809435351 0.015609058569315217 -0.035255089759422577 0.085124909184599501 -0.24390957911033184 -0.010341844549228802 -0.043868786967103265 -0.054002555767917237 -0.012052111680458378
leaf_weight=3806 74835 19201 36 162 166 749 5400 3093 708 64 12265 1672 1856 4798
leaf_count=3806 74835 19201 36 162 166 749 5400 3093 708 64 12265 1672 1856 4798
internal_value=1.20737e-11 0.00491073 0.0226177 0.000153081 0.00140658 0.0197632 -0.01543 -0.00803035 0.0991609 -0.039485 -0.00240893 -0.0304237 -0.0464346 -0.0202743
internal_weight=128811 97713 20694 77019 75001 19950 31098 20822 744 3157 17665 10276 2018 6470
internal_count=128811 97713 20694 77019 75001 19950 31098 20822 744 3157 17665 10276 2018 6470
is_linear=0
shrinkage=0.01


Tree=326
num_leaves=15
num_cat=0
split_feature=31 47 10 0 3 10 17 28 8 44 5 18 23 23
split_gain=95758.5 85495 88307 77127.9 54158.8 63911.1 45522.7 35474.2 42946.1 38029.3 27935.9 26653.8 18543.3 14953.1
threshold=28.908730158730162 1.0000000180025095e-35 0.25000000000000011 37.042691525878915 73.000625000000014 0.68301270189221941 0.013675796177970627 54.358470637938332 -0.25881904510252113 1.0000000180025095e-35 19.500000000000004 4.2840510487887213 72.195788741623929 134.29704288063743
decision_type=2 2 2 2 2 2 2 2 2 2 2 2 2 2
left_child=7 2 3 -2 5 -3 -4 8 11 13 -10 -1 -11 -9
right_child=1 4 6 -5 -6 -7 -8 9 10 12 -12 -13 -14 -15
leaf_value=0.027982762775308548 0.012410006227235069 0.031012044489710448 -0.0074857951304063211 -0.021453157268334841 0.0056985928959989648 0.10336323554805557 -0.040352167720775441 -0.028054525382913437 -0.005835507030281707 -0.076390068288476817 -0.034603685752714643 -0.011553577061779785 -0.20728739418027814 0.13487819714504376
leaf_weight=3682 51695 5491 25165 7732 5719 1570 5062 4770 6387 1025 7159 3176 121 57
leaf_count=3682 51695 5491 25165 7732 5719 1570 5062 4770 6387 1025 7159 3176 121 57
internal_value=-8.67744e-13 0.00437525 0.000925968 0.0080041 0.0285726 0.0470992 -0.0129898 -0.0169911 -0.0107166 -0.0384252 -0.0210394 0.00967314 -0.0902108 -0.0261305
internal_weight=128811 102434 89654 59427 12780 7061 30227 26377 20404 5973 13546 6858 1146 4827
internal_count=128811 102434 89654 59427 12780 7061 30227 26377 20404 5973 13546 6858 1146 4827
is_linear=0
shrinkage=0.01


Tree=327
num_leaves=15
num_cat=0
split_feature=31 1 5 0 7 1 5 16 13 3 25 7 31 39
split_gain=94490.6 67460.6 63061.8 59583.9 81494.5 75487.9 63444.4 53987.2 48959.5 43279.4 39988.7 31821.5 14519.5 12637
threshold=59.385509083227724 -118.21337597412109 2.5000000000000004 37.042691525878915 1003.9999500000001 -118.21337597412109 98.500000000000014 0.11918019250000005 1.0549740469210389 76.801427500000003 72.567530101394183 1009.00003 18.392857142857149 86.796919483348333
decision_type=2 2 2 2 2 2 2 2 2 2 2 2 2 2
left_child=1 2 8 4 6 -6 -2 -4 -1 11 13 -3 -11 -5
right_child=3 9 7 10 5 -7 -8 -9 -10 12 -12 -13 -14 -15
leaf_value=0.017544750048634556 0.010220365693677931 0.022375557298451355 0.044846622499273993 -0.036797664095344788 0.031455070340844417 0.11946602099269321 -0.065591532591305832 -0.016962413438966397 -0.0063059896930309179 -0.041024112780347906 -0.2852592910826206 0.080002852790183113 0.0018061406121746538 0.091323201170674079
leaf_weight=13202 10257 7671 1456 1553 11360 1066 1237 48011 24726 909 64 1095 6123 81
leaf_count=13202 10257 7671 1456 1553 11360 1066 1237 48011 24726 909 64 1095 6123 81
internal_value=-8.49402e-12 -0.00426742 -0.00770504 0.0171898 0.0212531 0.0390053 0.00206139 -0.0151431 0.00199599 0.0147496 -0.0400508 0.029574 -0.00373036 -0.0304465
internal_weight=128811 103193 87395 25618 23920 12426 11494 49467 37928 15798 1698 8766 7032 1634
internal_count=128811 103193 87395 25618 23920 12426 11494 49467 37928 15798 1698 8766 7032 1634
is_linear=0
shrinkage=0.01


Tree=328
num_leaves=15
num_cat=0
split_feature=31 22 20 7 17 4 28 8 11 2 28 5 43 25
split_gain=93101.5 83849.1 60070 59257.9 47878.7 41511.2 34758.4 42039 33815 32078.4 27887.7 27138.3 18688.9 18919.1
threshold=28.908730158730162 73.194391634981017 155.57403433476398 995.70043500000008 0.019438067362094726 0.15000000000000005 54.358470637938332 -0.25881904510252113 0.6830127018922193 21.875000000000004 117.00892177314715 19.500000000000004 1.0000000180025095e-35 76.96030851341628
decision_type=2 2 2 2 2 2 2 2 2 2 2 2 2 2
left_child=6 4 3 -3 5 -2 7 8 -1 -6 -4 -9 13 -8
right_child=1 2 10 -5 9 -7 12 11 -10 -11 -12 -13 -14 -15
leaf_value=-0.0039106743659260137 0.0030464213286548309 -0.12112058528215221 0.070324413942432953 0.024964900368267224 -0.076373780855588519 -0.038192854338201188 -0.052046933784778988 -0.0057707645448240577 0.04604354377446164 -0.0071177567933767508 0.22451475905144919 -0.034125267716098244 -0.024628078059237311 -0.15459648979489099
leaf_weight=4999 81730 283 276 14749 1315 2516 1968 6387 1859 1361 204 7159 3807 198
leaf_count=4999 81730 283 276 14749 1315 2516 1968 6387 1859 1361 204 7159 3807 198
internal_value=1.55364e-11 0.00431412 0.0257311 0.0222146 0.000492073 0.00181481 -0.0167537 -0.0105428 0.00963043 -0.0411505 0.135855 -0.020756 -0.0379705 -0.0614213
internal_weight=128811 102434 15512 15032 86922 84246 26377 20404 6858 2676 480 13546 5973 2166
internal_count=128811 102434 15512 15032 86922 84246 26377 20404 6858 2676 480 13546 5973 2166
is_linear=0
shrinkage=0.01


Tree=329
num_leaves=15
num_cat=0
split_feature=9 17 5 14 22 13 20 31 0 18 15 20 34 30
split_gain=92451 99533.8 101629 75849 70680.7 56618.9 48030.6 33404.9 31287.6 25590.2 26035 18873.5 10666.8 6745.39
threshold=-0.78656609248549325 0.0076717221954019652 72.500000000000014 8.1439012143298998e-16 67.221276244007285 8.3204717290182373 158.46566523605151 20.069444444444446 37.042691525878915 0.21938838768364508 0.074486179992132501 13.121693121693125 70.960898174862493 88.461332327034427
decision_type=2 2 2 2 2 2 2 2 2 2 2 2 2 2
left_child=7 4 5 -4 8 -3 -6 12 -2 10 -9 -11 -1 -14
right_child=1 2 3 -5 6 -7 -8 9 -10 11 -12 -13 13 -15
leaf_value=-0.042620292008562058 0.011779010159864258 0.011521991772275482 -0.0040444081950801536 -0.050396712671585235 0.032223978910240814 -0.014401400298450693 0.16983128620419494 0.059417393001356338 -0.012670368032910426 -0.069898678701797334 -0.0027078635759012655 -0.01566154537032843 -0.078277793479424831 -0.19073677648420206
leaf_weight=2580 30368 26234 6793 7350 12280 12411 259 840 6324 664 3425 19012 198 73
leaf_count=2580 30368 26234 6793 7350 12280 12411 259 840 6324 664 3425 19012 198 73
internal_value=1.89724e-12 0.00434151 -0.00519734 -0.0281333 0.0145696 0.00319659 0.0350663 -0.0165317 0.00756507 -0.0126784 0.00952783 -0.0174919 -0.0488892 -0.108571
internal_weight=128811 102019 52788 14143 49231 38645 12539 26792 36692 23941 4265 19676 2851 271
internal_count=128811 102019 52788 14143 49231 38645 12539 26792 36692 23941 4265 19676 2851 271
is_linear=0
shrinkage=0.01


Tree=330
num_leaves=15
num_cat=0
split_feature=9 47 6 5 11 22 19 19 3 0 13 38 20 35
split_gain=90638.4 98389.7 96479.4 64099.8 49123.2 42854.2 42827.4 37020.9 33770.3 32582 21564 14522.5 12314.4 8846.82
threshold=-0.60355339059327384 1.0000000180025095e-35 15.800543500000002 19.500000000000004 -0.68301270189221952 22.844444444444441 1.6711554861256037 0.034310194543789703 72.962955000000008 35.400001525878913 12.959994513297501 20.43981481481482 12.29166666666667 94.137756271853576
decision_type=2 2 2 2 2 2 2 2 2 2 2 2 2 2
left_child=5 2 3 -2 11 12 -4 9 -6 -7 -9 -3 -1 -14
right_child=1 4 6 -5 8 7 -8 10 -10 -11 -12 -13 13 -15
leaf_value=-0.079020043366341719 0.014029767735133532 0.14759978890419007 -0.045727544679487135 -0.0054207055265363758 0.05795960543701191 -0.00741449245639819 -0.0041279957746711308 -0.011427637513967239 0.018543456444316101 0.058699845692605272 -0.085900336065522262 -0.0057799965013650388 -0.029898172947799 -0.084223074770962608
leaf_weight=735 38616 63 5693 30189 5782 1543 4378 29501 3483 1442 394 3065 3600 327
leaf_count=735 38616 63 5693 30189 5782 1543 4378 29501 3483 1442 394 3065 3600 327
internal_value=-1.39986e-11 0.00537993 0.00126437 0.00549564 0.0315737 -0.0130792 -0.0276437 -0.00905617 0.0431419 0.0245242 -0.0124091 -0.00269083 -0.041453 -0.0344218
internal_weight=128811 91269 78876 68805 12393 37542 10071 32880 9265 2985 29895 3128 4662 3927
internal_count=128811 91269 78876 68805 12393 37542 10071 32880 9265 2985 29895 3128 4662 3927
is_linear=0
shrinkage=0.01


Tree=331
num_leaves=15
num_cat=0
split_feature=31 6 1 5 0 7 16 13 9 25 7 11 6 20
split_gain=90073.8 64503.9 64149.4 60154.2 54518.6 57689.3 52166.8 47272.6 43107.4 34030.6 30418.2 25909.4 24807.8 25527.5
threshold=59.385509083227724 15.629971500000002 -118.21337597412109 2.5000000000000004 37.042691525878915 1003.9999500000001 0.11918019250000005 1.0549740469210389 -0.12940952255126037 72.567530101394183 1009.2000650000001 -0.68301270189221952 30.306384500000004 141.99748743718598
decision_type=2 2 2 2 2 2 2 2 2 2 2 2 2 2
left_child=2 4 3 7 5 -2 -5 -1 10 -6 -4 -10 13 -3
right_child=1 12 8 6 9 -7 -8 -9 11 -11 -12 -13 -14 -15
leaf_value=0.017234593502443562 0.0072514348882979883 -0.037163497747747451 -0.010069727650662406 0.044186428248937308 -0.028084051223788702 0.039305522648428043 -0.016571619742758663 -0.0062016373717139629 0.0016098014629029155 -0.28597266269180011 0.055785205697151355 0.040896362252461058 -0.35987148513793948 -0.39692718687653539
leaf_weight=13202 10368 1424 6656 1456 1481 12247 48011 24726 2326 53 784 6032 25 20
leaf_count=13202 10368 1424 6656 1456 1481 12247 48011 24726 2326 53 784 6032 25 20
internal_value=1.0199e-11 0.0167832 -0.00416649 -0.00751868 0.0206969 0.0246101 -0.0147833 0.00195606 0.0143779 -0.0369942 -0.00313018 0.0299631 -0.0475535 -0.0421464
internal_weight=128811 25618 103193 87395 24149 22615 49467 37928 15798 1534 7440 8358 1469 1444
internal_count=128811 25618 103193 87395 24149 22615 49467 37928 15798 1534 7440 8358 1469 1444
is_linear=0
shrinkage=0.01


Tree=332
num_leaves=15
num_cat=0
split_feature=31 47 17 2 11 0 41 8 9 29 5 7 39 12
split_gain=89522.3 78666.2 82133.4 86010.1 70061.3 67248.8 64755.8 37777.2 31124.1 28729.7 25754.4 24444.1 21622.4 15618.5
threshold=25.574355724545843 1.0000000180025095e-35 0.014332720038542286 21.525000000000002 1.0000000180025095e-35 37.042691525878915 90.880084834820508 -0.25881904510252113 0.25881904510252057 31.700623151668783 1.0000000180025095e-35 1008.5001850000001 60.130029818081603 1.0000000180025095e-35
decision_type=2 2 2 2 2 2 2 2 2 2 2 2 2 2
left_child=7 2 5 -4 8 -2 -6 9 -3 13 -9 -11 -12 -1
right_child=1 4 3 -5 6 -7 -8 10 -10 11 12 -13 -14 -15
leaf_value=0.055213793238565352 0.0074979127875380858 -0.012241190778519496 -0.052311937752601526 0.00049158258044761571 0.051586686163206497 -0.018760624860393635 -0.51831063890457152 -0.0067508358370340499 0.029233471960244724 -0.024944360252567452 -0.028888205626466549 0.024815006183111197 -0.062963831039792875 -0.020877548294798348
leaf_weight=1188 71326 4386 5686 6743 6451 11298 20 3681 3080 3652 7070 1353 2528 349
leaf_count=1188 71326 4386 5686 6743 6451 11298 20 3681 3080 3652 7070 1353 2528 349
internal_value=-1.54826e-11 0.00355516 0.000302017 -0.0236649 0.0257422 0.00390732 0.0498253 -0.0195488 0.00486864 0.000120089 -0.0292388 -0.0114929 -0.0378633 0.0379361
internal_weight=128811 108990 95053 12429 13937 82624 6471 19821 7466 6542 13279 5005 9598 1537
internal_count=128811 108990 95053 12429 13937 82624 6471 19821 7466 6542 13279 5005 9598 1537
is_linear=0
shrinkage=0.01


Tree=333
num_leaves=15
num_cat=0
split_feature=6 2 22 32 44 1 7 7 11 44 7 44 11 11
split_gain=86124.3 118472 83501.9 71302.9 60556.6 48588 121037 46229.2 102890 54271.3 37249.4 36514 32621.7 25165.3
threshold=12.404780500000003 22.025000000000002 68.159315589353625 49.469933812139146 1.0000000180025095e-35 -120.84999847412108 1012.1392000000002 1001.3998 0.6830127018922193 1.0000000180025095e-35 1017.1628400000001 1.0000000180025095e-35 -0.5 0.25000000000000017
decision_type=2 2 2 2 2 2 2 2 2 2 2 2 2 2
left_child=2 3 5 11 -3 10 -7 8 -4 -9 -1 -2 -6 -5
right_child=1 4 7 13 12 6 -8 9 -10 -11 -12 -13 -14 -15
leaf_value=-0.026137155222475825 -0.0076288369296843954 0.020390547339230482 0.01001389648432496 -0.040370719028395168 -0.015230627664771308 4.7736328965237597e-05 0.063177172078694874 0.01666866745876483 -0.14862601567944209 0.055229809500382039 0.01982716392166034 -0.048364690803883115 -0.098037624866693651 -0.088633552226146953
leaf_weight=10473 6940 8979 3879 1850 2626 65815 3184 10491 457 5597 2120 3222 581 2597
leaf_count=10473 6940 8979 3879 1850 2626 65815 3184 10491 457 5597 2120 3222 581 2597
internal_value=1.1698e-11 -0.0159549 0.00419063 -0.0351593 0.00706805 -0.000335853 0.00296088 0.0222735 -0.00670622 0.0300841 -0.0183992 -0.0205447 -0.0302325 -0.0685557
internal_weight=128811 26795 102016 14609 12186 81592 68999 20424 4336 16088 12593 10162 3207 4447
internal_count=128811 26795 102016 14609 12186 81592 68999 20424 4336 16088 12593 10162 3207 4447
is_linear=0
shrinkage=0.01


Tree=334
num_leaves=15
num_cat=0
split_feature=9 17 5 22 13 0 20 16 31 0 10 2 29 20
split_gain=88374 94695.7 97149.1 66654.4 54061.6 48310.9 46824.3 36388.7 29772.7 29040.4 23688.8 12715.1 12505.9 9835.87
threshold=-0.78656609248549325 0.0076717221954019652 72.500000000000014 67.221276244007285 3.6038599958286786 36.742692288818368 158.46566523605151 0.11918019250000005 22.847222222222225 37.042691525878915 0.68301270189221941 9.3750000000000018 91.28992395437264 16.759259259259263
decision_type=2 2 2 2 2 2 2 2 2 2 2 2 2 2
left_child=7 3 4 9 -3 -4 -5 11 12 -2 -10 13 -9 -1
right_child=1 2 5 6 -6 -7 -8 8 10 -11 -12 -13 -14 -15
leaf_value=-0.037012232057426292 0.011478804302766215 0.0167731791095133 -0.010264552240296541 0.031319060305926752 -0.0071193736426861378 -0.047321356104070629 0.16718737154943747 -0.044137307665628109 -0.0095652770243214707 -0.012076169449186857 -0.035987188750244141 -0.0029076845573334175 -0.25629432355718956 0.061121548481391667
leaf_weight=115 30368 16606 7571 12280 22039 6572 259 3608 17088 6324 4234 806 28 913
leaf_count=115 30368 16606 7571 12280 22039 6572 259 3608 17088 6324 4234 806 28 913
internal_value=-1.74024e-11 0.00424471 -0.00505943 0.0142211 0.00314741 -0.0274842 0.0341255 -0.0161631 -0.0193223 0.00741902 -0.014812 0.0268288 -0.0457711 0.0501435
internal_weight=128811 102019 52788 49231 38645 14143 12539 26792 24958 36692 21322 1834 3636 1028
internal_count=128811 102019 52788 49231 38645 14143 12539 26792 24958 36692 21322 1834 3636 1028
is_linear=0
shrinkage=0.01


Tree=335
num_leaves=15
num_cat=0
split_feature=9 17 5 11 44 14 13 25 16 10 42 14 11 15
split_gain=86615.4 92811.2 95215.9 75447.8 134685 73829.4 53214.1 48936.7 35664.6 25560.4 42147 13548 12521 4871.47
threshold=-0.78656609248549325 0.0076717221954019652 72.500000000000014 0.6830127018922193 1.0000000180025095e-35 -1.7937000757254833 11.577727342662625 96.754625870161973 0.11918019250000005 0.68301270189221941 1.0000000180025095e-35 1.0000000180025095e-35 0.25000000000000017 0.094384745903363265
decision_type=2 2 2 2 2 2 2 2 2 2 2 2 2 2
left_child=8 3 6 7 -5 -4 -3 -2 12 11 -11 -10 -1 -14
right_child=1 2 5 4 -6 -7 -8 -9 9 10 -12 -13 13 -15
leaf_value=-0.010361005448678424 0.002610683553230686 0.0078014051377333464 -0.0022035693233277689 0.011819666761821692 0.070261078899863258 -0.048085342307218795 -0.026272753675165596 0.086030087086268595 -0.023242631024966647 -0.0093040915836297994 -0.06608788015573866 -0.0065502677379652968 0.055202748811430662 0.0057808757031640682
leaf_weight=612 30202 33331 6435 12561 5748 7708 5314 720 8701 2519 2717 11021 971 251
leaf_count=612 30202 33331 6435 12561 5748 7708 5314 720 8701 2519 2717 11021 971 251
internal_value=6.18653e-12 0.00420226 -0.00500884 0.0140789 0.030167 -0.0272093 0.00311593 0.00455305 -0.0160014 -0.019129 -0.0387696 -0.0139146 0.0265605 0.0450514
internal_weight=128811 102019 52788 49231 18309 14143 38645 30922 26792 24958 5236 19722 1834 1222
internal_count=128811 102019 52788 49231 18309 14143 38645 30922 26792 24958 5236 19722 1834 1222
is_linear=0
shrinkage=0.01


Tree=336
num_leaves=15
num_cat=0
split_feature=31 22 20 0 10 10 13 28 28 23 25 43 25 17
split_gain=85691.9 76581.2 54157.1 43421.3 92360.2 41230.3 40384.7 28736.2 27841.5 19138.7 20953.7 16425.7 18778.4 14347.4
threshold=25.574355724545843 68.159315589353625 155.57403433476398 36.742692288818368 1.0000000180025095e-35 -0.93301270189221908 2.8800116280145009 54.358470637938332 117.00892177314715 96.299679920460463 81.688816897294544 1.0000000180025095e-35 76.96030851341628 0.0061441047885758505
decision_type=2 2 2 2 2 2 2 2 2 2 2 2 2 2
left_child=7 3 5 6 -5 -3 -2 9 -4 10 -1 12 -9 -11
right_child=1 2 8 4 -6 -7 -8 11 -10 13 -12 -13 -14 -15
leaf_value=-0.01272948207901404 0.011549901920102168 -0.0314604820704543 0.059739417743682861 0.0057639252406774958 -0.024845987838655003 0.02155078274137355 -0.0089529126661623114 -0.055625014420881511 0.2094501633014319 -0.024621656907486245 0.079045741362681263 -0.027042890159619734 -0.16826846864864681 -0.16833458186510733
leaf_weight=14902 33800 1583 300 21192 18430 20051 13422 1436 212 142 253 2787 165 136
leaf_count=14902 33800 1583 300 21192 18430 20051 13422 1436 212 142 253 2787 165 136
internal_value=-1.55647e-12 0.00347827 0.0200776 -0.000754707 -0.00847414 0.0176718 0.00572235 -0.019126 0.121729 -0.0127056 -0.0111974 -0.041707 -0.0672341 -0.0949273
internal_weight=128811 108990 22146 86844 39622 21634 47222 19821 512 15433 15155 4388 1601 278
internal_count=128811 108990 22146 86844 39622 21634 47222 19821 512 15433 15155 4388 1601 278
is_linear=0
shrinkage=0.01


Tree=337
num_leaves=15
num_cat=0
split_feature=9 1 14 13 6 41 31 16 31 10 2 28 8 29
split_gain=84849.1 91876.8 91036.8 81120 62274 55842.9 54084.7 51355.1 44440.2 36518.3 20005.5 13686.5 13634.7 4331.81
threshold=-0.60355339059327384 -118.21337597412109 6.5162392177022381 -2.5883773669708261 18.611846500000002 87.006017094343733 64.940008449514167 0.11918019250000005 22.847222222222225 0.68301270189221941 9.1250000000000018 54.914026193493889 -0.25881904510252113 80.716730038022831
decision_type=2 2 2 2 2 2 2 2 2 2 2 2 2 2
left_child=7 2 4 -4 -2 6 -3 10 11 -10 12 -9 -1 -12
right_child=1 5 3 -5 -6 -7 -8 8 9 -11 13 -13 -14 -15
leaf_value=0.1004187228974151 0.0067493083291938708 0.026396742864737574 -0.062835089707622929 0.0082180041947992905 -0.033748265622871469 -0.48471855572291783 0.11890952755083627 -0.034022112279295379 -0.0057226610954351897 -0.033192433355706298 0.0043940900397725037 -0.072676441281450996 0.034271855922436409 -0.070317852365619993
leaf_weight=475 68183 11704 3975 2697 4021 21 668 3614 24300 6043 892 1227 906 85
leaf_count=475 68183 11704 3975 2697 4021 21 668 3614 24300 6043 892 1227 906 85
internal_value=1.37968e-11 0.00520528 0.00122827 -0.0341135 0.00449402 0.0305172 0.0313918 -0.0126546 -0.0156825 -0.0111934 0.032524 -0.0438194 0.0570233 -0.00210593
internal_weight=128811 91269 78876 6672 72204 12393 12372 37542 35184 30343 2358 4841 1381 977
internal_count=128811 91269 78876 6672 72204 12393 12372 37542 35184 30343 2358 4841 1381 977
is_linear=0
shrinkage=0.01


Tree=338
num_leaves=15
num_cat=0
split_feature=31 1 11 15 4 9 41 31 35 17 23 16 23 39
split_gain=83544.5 66568.2 75318.2 67419.7 58314.9 46131.4 37642.9 36481.1 33116.3 36818 30020.8 25130.5 15125.2 14612
threshold=44.444550063371366 -118.21337597412109 -0.5 0.090274921138307179 1.0000000180025095e-35 -0.37940952255126015 85.922717198158111 22.268518518518523 47.777777777777786 0.0088530813612274026 147.34561606032381 0.11918019250000005 13.22916666666667 64.402738944688252
decision_type=2 2 2 2 2 2 2 2 2 2 2 2 2 2
left_child=5 3 -3 10 -5 7 -4 13 12 -10 -2 -9 -7 -1
right_child=1 2 6 4 -6 8 -8 11 9 -11 -12 -13 -14 -15
leaf_value=-0.033646110846809595 0.039909137756227515 -0.010994477881359772 0.060013116872657167 0.0031938559753063494 -0.053261439166943425 -0.032882178722631349 -0.3545530287785964 0.041356482266673822 0.005702496592675378 -0.018089734156897453 0.34733568698167799 -0.014441975217382913 0.01772560537535911 -0.077461362269578463
leaf_weight=5222 4313 2304 4947 53859 1894 631 22 844 12150 13997 32 18489 9216 891
leaf_count=5222 4313 2304 4947 53859 1894 631 22 844 12150 13997 32 18489 9216 891
internal_value=-2.01691e-11 0.0076908 0.0362647 0.00423281 0.001276 -0.00843322 0.0581776 -0.0187389 -0.00114758 -0.00703395 0.0421733 -0.012006 0.0144826 -0.0400324
internal_weight=128811 67371 7273 60098 55753 61440 4969 25446 35994 26147 4345 19333 9847 6113
internal_count=128811 67371 7273 60098 55753 61440 4969 25446 35994 26147 4345 19333 9847 6113
is_linear=0
shrinkage=0.01


Tree=339
num_leaves=15
num_cat=0
split_feature=31 17 5 7 0 0 47 4 7 8 0 11 38 37
split_gain=82339.1 61331 59564.6 64256.1 124159 83500.8 53027.7 50385.5 45882.5 39269.1 37244.8 24577.3 25822.4 24455.7
threshold=59.385509083227724 0.015908400068827072 3.5000000000000004 1007.90025 37.042691525878915 36.742692288818368 1.0000000180025095e-35 1.0000000180025095e-35 1004.2005000000001 0.60355339059327384 37.042691525878915 1.0000000180025095e-35 32.789061399802854 141.75125628140708
decision_type=2 2 2 2 2 2 2 2 2 2 2 2 2 2
left_child=2 6 9 5 -5 -4 7 -2 -8 13 -11 -3 -13 -1
right_child=1 11 3 4 -6 -7 8 -9 -10 10 -12 12 -14 -15
leaf_value=-0.0022042755252957027 0.017944214958270109 -0.020335573261108159 -0.0080210027938167321 0.029926208644321297 -0.023254815647975637 -0.039109117994788237 0.003924349081323825 -0.086903264808066039 0.11579279955869912 0.024621716413328932 -0.022271438858424294 0.10678427808607617 -0.1392619444062452 0.17859308490753176
leaf_weight=30525 22209 919 28022 9463 8189 12491 573 468 1018 12468 1960 48 383 75
leaf_count=30525 22209 919 28022 9463 8189 12491 573 468 1018 12468 1960 48 383 75
internal_value=-1.70639e-11 0.0160465 -0.00398358 -0.0106682 0.00525482 -0.0176061 0.0196958 0.0157804 0.0755033 0.00465134 0.0182514 -0.0495556 -0.11186 -0.00176114
internal_weight=128811 25618 103193 58165 17652 40513 24268 22677 1591 45028 14428 1350 431 30600
internal_count=128811 25618 103193 58165 17652 40513 24268 22677 1591 45028 14428 1350 431 30600
is_linear=0
shrinkage=0.01


Tree=340
num_leaves=15
num_cat=0
split_feature=9 17 44 2 31 23 13 1 16 31 23 34 2 29
split_gain=82206.6 88410.6 105880 74641.9 71045.3 48621.4 37047.3 36419.3 33618.6 27448 22739.7 15065.8 11886.4 7688.73
threshold=-0.78656609248549325 0.012405292241965805 1.0000000180025095e-35 21.775000000000002 62.939480354879606 125.67572371516049 7.2000107139387302 -118.21337597412109 0.11918019250000005 22.847222222222225 33.151281509646537 67.599862695395032 9.3750000000000018 32.800925925925931
decision_type=2 2 2 2 2 2 2 2 2 2 2 2 2 2
left_child=8 4 3 -3 7 -6 -4 -2 12 11 -11 -10 13 -1
right_child=1 2 6 -5 5 -7 -8 -9 9 10 -12 -13 -14 -15
leaf_value=0.011882645358755745 0.0015143875939614534 -0.02149976487159537 -0.091190645734170239 0.019931735259107512 0.025166205200619251 0.11055708457565683 -0.03421042376715646 0.022564867676348212 -0.036110860551951778 -0.039581246125440631 -0.010077199413334268 -0.096404757879955588 -0.003016948149026494 0.06882745291635145
leaf_weight=371 54008 8325 1475 9103 13673 701 5040 9694 3159 3048 18274 477 806 657
leaf_count=371 54008 8325 1475 9103 13673 701 5040 9694 3159 3048 18274 477 806 657
internal_value=-2.16433e-11 0.00409392 -0.0127166 0.000140753 0.00924908 0.0293306 -0.0471108 0.00471779 -0.0155889 -0.0186254 -0.0142948 -0.0440207 0.0257342 0.0482764
internal_weight=128811 102019 23943 17428 78076 14374 6515 63702 26792 24958 21322 3636 1834 1028
internal_count=128811 102019 23943 17428 78076 14374 6515 63702 26792 24958 21322 3636 1834 1028
is_linear=0
shrinkage=0.01


Tree=341
num_leaves=15
num_cat=0
split_feature=6 44 2 22 20 26 32 20 1 4 35 39 13 26
split_gain=78605.7 111924 83010.9 75045.1 56960.3 54096.2 52477.3 45089.8 45042.9 48249 38263.1 33402.8 30839.9 22893.5
threshold=12.404780500000003 1.0000000180025095e-35 22.125000000000004 68.159315589353625 155.57403433476398 41.784708920842498 49.469933812139146 61.265779467680623 -120.84999847412108 1.0000000180025095e-35 152.01645207439199 69.10329531051967 8.1000060512146437 22.737270830062535
decision_type=2 2 2 2 2 2 2 2 2 2 2 2 2 2
left_child=3 2 6 8 10 7 -2 -3 13 -10 -5 -7 -6 -1
right_child=1 5 -4 4 12 11 -8 -9 9 -11 -12 -13 -14 -15
leaf_value=-0.017078133201550365 -0.0069215458220501236 -0.038776790349988537 0.020224572132443726 0.020554745012923641 0.10891776940772017 0.066179558384803036 -0.057242447560383089 -0.10565968398376985 0.0047785277192962175 -0.034073595535298366 -0.073746100880332635 0.58271832307179772 0.4916554277593439 -0.31999081306457522
leaf_weight=12568 7000 6715 8898 19473 489 31 2944 1186 65639 3360 440 21 22 25
leaf_count=12568 7000 6715 8898 19473 489 31 2944 1186 65639 3360 440 21 22 25
internal_value=4.78885e-12 -0.0152426 -0.00196446 0.00400353 0.0211463 -0.0467006 -0.0218194 -0.0488164 -0.000287617 0.00288657 0.0184711 0.274782 0.125396 -0.0176795
internal_weight=128811 26795 18842 102016 20424 7953 9944 7901 81592 68999 19913 52 511 12593
internal_count=128811 26795 18842 102016 20424 7953 9944 7901 81592 68999 19913 52 511 12593
is_linear=0
shrinkage=0.01


Tree=342
num_leaves=15
num_cat=0
split_feature=9 17 14 5 13 11 44 31 1 10 44 2 28 8
split_gain=80589.6 87224.2 93760.3 79063 74083.6 61710.2 115744 44186.7 41070.5 37404.2 40860.7 40515.1 12053.3 13337.2
threshold=-0.60355339059327384 0.0076717221954019652 1.0797650608505527 48.500000000000007 -3.7800021091456184 0.6830127018922193 1.0000000180025095e-35 22.847222222222225 -118.99998249999999 0.68301270189221941 1.0000000180025095e-35 5.9750000000000005 54.914026193493889 1.0000000180025095e-35
decision_type=2 2 2 2 2 2 2 2 2 2 2 2 2 2
left_child=7 5 4 -4 -3 8 -7 12 -2 11 -11 -9 13 -1
right_child=1 2 3 -5 -6 6 -8 9 -10 10 -12 -13 -14 -15
leaf_value=-0.002629872650237417 -0.0055149365966637954 0.02227841911998342 0.0051344510142819089 -0.050296067944153998 -0.0069851894742944875 0.012790695210731737 0.070201355737422408 0.038738710218285156 0.01959585040321454 -0.014206981001890218 -0.070676726174490404 -0.0064041869477771546 -0.065622680097400063 -0.043018822930949892
leaf_weight=1182 14154 13438 4093 6930 24285 11184 5119 2170 12066 4748 1755 23717 1318 2652
leaf_count=1182 14154 13438 4093 6930 24285 11184 5119 2170 12066 4748 1755 23717 1318 2652
internal_value=-4.82513e-12 0.00507295 -0.00405765 -0.0297139 0.00343934 0.0155398 0.0308171 -0.0123329 0.00604062 -0.0080061 -0.0294468 -0.00262004 -0.0395352 -0.0305671
internal_weight=128811 91269 48746 11023 37723 42523 16303 37542 26220 32390 6503 25887 5152 3834
internal_count=128811 91269 48746 11023 37723 42523 16303 37542 26220 32390 6503 25887 5152 3834
is_linear=0
shrinkage=0.01


Tree=343
num_leaves=15
num_cat=0
split_feature=9 6 31 2 47 34 5 16 0 31 23 34 2 20
split_gain=79117.1 84407.5 72808.2 66727 55272.4 50717.2 49976.6 32679.2 29168 26244.6 22015.2 14687.8 11562.7 9366.9
threshold=-0.78656609248549325 15.800543500000002 62.939480354879606 22.525000000000002 1.0000000180025095e-35 54.916666666666679 18.500000000000004 0.11918019250000005 35.400001525878913 22.847222222222225 33.151281509646537 67.599862695395032 9.3750000000000018 16.759259259259263
decision_type=2 2 2 2 2 2 2 2 2 2 2 2 2 2
left_child=7 2 6 5 -4 -3 -2 12 -5 11 -11 -9 13 -1
right_child=1 3 4 8 -6 -7 -8 9 -10 10 -12 -13 -14 -15
leaf_value=-0.037370986681107596 0.010838744970605199 -0.021205537092585106 0.022504440979404308 0.025601862815160234 0.10551863754897395 -0.078998487269137524 -0.0056621546878709754 -0.035309260163274007 -0.018809762208481226 -0.038932715960617273 -0.0099024715613941459 -0.094842102755938879 -0.002908460567064038 0.058394767409700572
leaf_weight=115 39962 4143 14803 3034 848 2397 33947 3159 2885 3048 18274 477 806 913
leaf_count=115 39962 4143 14803 3034 848 2397 33947 3159 2885 3048 18274 477 806 913
internal_value=-2.69557e-13 0.00401625 0.00740886 -0.0203711 0.0270023 -0.0423874 0.00325975 -0.0152931 0.00395504 -0.018287 -0.0140524 -0.0431193 0.0254485 0.0476817
internal_weight=128811 102019 89560 12459 15651 6540 73909 26792 5919 24958 21322 3636 1834 1028
internal_count=128811 102019 89560 12459 15651 6540 73909 26792 5919 24958 21322 3636 1834 1028
is_linear=0
shrinkage=0.01


Tree=344
num_leaves=15
num_cat=0
split_feature=31 17 0 7 2 25 44 33 8 33 5 44 25 13
split_gain=77785.4 61185.8 67443.7 125269 67285.6 50890.2 32837 32318.8 30759.6 34791.6 32698.8 26993.6 22065.6 19188.4
threshold=31.1299112801014 0.015769624186723036 37.042691525878915 1008.0000500000001 22.525000000000002 65.340638642444745 1.0000000180025095e-35 56.595057034220538 -0.5 24.459876543209884 1.0000000180025095e-35 1.0000000180025095e-35 113.90453654521023 7.5964049405506477
decision_type=2 2 2 2 2 2 2 2 2 2 2 2 2 2
left_child=8 2 3 -2 7 -4 -6 -3 9 -1 13 -12 -11 -10
right_child=1 4 5 -5 6 -7 -8 -9 10 12 11 -13 -14 -15
leaf_value=0.056715503795525708 0.0038262622174167226 -0.033162738774614085 -0.013287561499981938 0.035756162546096405 0.017812665068871473 -0.14219299861618989 -0.0473689301530845 -0.096207609079578676 0.0098009591683590955 -0.003233445030859634 -0.02059003423162848 -0.05183053749694181 -0.18559080085981247 -0.025653153889698237
leaf_weight=1052 63484 2842 9937 15236 3788 316 971 1139 4752 6884 12546 3548 67 2249
leaf_count=1052 63484 2842 9937 15236 3788 316 971 1139 4752 6884 12546 3548 67 2249
internal_value=-1.2288e-12 0.00438392 0.00686406 0.0100062 -0.0208638 -0.0172605 0.00451337 -0.0512004 -0.0137747 0.00312022 -0.0196292 -0.0274772 -0.00499117 -0.00158831
internal_weight=128811 97713 88973 78720 8740 10253 4759 3981 31098 8003 23095 16094 6951 7001
internal_count=128811 97713 88973 78720 8740 10253 4759 3981 31098 8003 23095 16094 6951 7001
is_linear=0
shrinkage=0.01


Tree=345
num_leaves=15
num_cat=0
split_feature=9 14 13 13 14 23 16 44 31 23 15 37 43 8
split_gain=77452 83165.9 105787 88837.6 74437.4 49270.6 47532.3 45785.3 39688.3 25253.9 17683.1 15290.8 13046.6 12988.9
threshold=-0.60355339059327384 6.1529304970907202 -2.9000000000000008 2.4968518747471427 -14.400502499874063 69.836897972116617 0.11918019250000005 1.0000000180025095e-35 22.847222222222225 33.151281509646537 0.092310555194925009 119.34422110552765 1.0000000180025095e-35 -0.25881904510252113
decision_type=2 2 2 2 2 2 2 2 2 2 2 2 2 2
left_child=6 3 7 5 -5 -2 10 -3 12 -10 13 -4 -8 -1
right_child=1 2 11 4 -6 -7 8 -9 9 -11 -12 -13 -14 -15
leaf_value=0.09656695660492659 0.011710283039197734 -0.034684836373798655 0.0099586002897313081 -0.072507844675885835 -0.00097423774517590143 0.036770959657336288 -0.058453496845742664 -0.10122928222728325 -0.033088848884840684 -0.0070335869538089317 -0.0013263263814716597 0.12236934092402459 -0.02560879244356673 0.032131122435751495
leaf_weight=477 37944 3074 3789 1521 33368 9890 2356 1558 4341 26002 972 125 2485 909
leaf_count=477 37944 3074 3789 1521 33368 9890 2356 1558 4341 26002 972 125 2485 909
internal_value=-1.65789e-12 0.00497321 -0.0247258 0.00804138 -0.00409277 0.0168917 -0.0120905 -0.0570674 -0.0150034 -0.0107612 0.0313742 0.0135486 -0.0415935 0.0543071
internal_weight=128811 91269 8546 82723 34889 47834 37542 4632 35184 30343 2358 3914 4841 1386
internal_count=128811 91269 8546 82723 34889 47834 37542 4632 35184 30343 2358 3914 4841 1386
is_linear=0
shrinkage=0.01


Tree=346
num_leaves=15
num_cat=0
split_feature=9 1 16 41 4 31 8 16 31 23 34 2 20 39
split_gain=75993.9 78246.3 61598.4 55157.9 55042.7 48911.9 32181.4 31307.3 24791.9 21059.7 14415.4 11078.5 9089.16 3677.28
threshold=-0.78656609248549325 -118.21337597412109 0.34902569499999997 89.545522288247341 1.0000000180025095e-35 64.301436417406009 -0.70710678118654735 0.11918019250000005 22.847222222222225 33.151281509646537 67.599862695395032 9.3750000000000018 16.759259259259263 84.939797211660348
decision_type=2 2 2 2 2 2 2 2 2 2 2 2 2 2
left_child=7 2 6 5 -4 -3 -2 11 10 -10 -9 12 -1 -13
right_child=1 3 4 -5 -6 -7 -8 8 9 -11 -12 13 -14 -15
leaf_value=-0.03713050472671571 0.13017696787712113 0.022193323228582699 0.0012317055978893344 -0.49874555420875555 -0.03063608354413724 0.10371343068525386 0.033641503232949975 -0.034316617688453038 -0.038137265661863665 -0.0097439783511617563 -0.093294818916121805 0.0012586753464518463 0.057204751708470329 -0.11343018154645788
leaf_weight=115 419 13051 79971 20 5814 780 1964 3159 3048 18274 477 777 913 29
leaf_count=115 419 13051 79971 20 5814 780 1964 3159 3048 18274 477 777 913 29
internal_value=1.98592e-11 0.00393618 0.000465005 0.0260318 -0.000928105 0.0267907 0.0506152 -0.0149883 -0.0179186 -0.0138028 -0.0420539 0.024889 0.0466517 -0.00286785
internal_weight=128811 102019 88168 13851 85785 13831 2383 26792 24958 21322 3636 1834 1028 806
internal_count=128811 102019 88168 13851 85785 13831 2383 26792 24958 21322 3636 1834 1028 806
is_linear=0
shrinkage=0.01


Tree=347
num_leaves=15
num_cat=0
split_feature=9 47 14 13 17 41 16 7 22 14 2 8 44 17
split_gain=74756.2 83818.9 82450.9 74860.3 56849.5 53447.1 45816.1 44170.2 36445.4 22371.8 18090.6 13003.8 10838.9 3772.99
threshold=-0.60355339059327384 1.0000000180025095e-35 6.5162392177022381 -2.5883773669708261 0.01852595645739517 87.006017094343733 0.11918019250000005 1005.8002 22.844444444444441 -11.551222531495652 9.1250000000000018 -0.25881904510252113 1.0000000180025095e-35 0.0067160146023610605
decision_type=2 2 2 2 2 2 2 2 2 2 2 2 2 2
left_child=6 2 4 -4 -2 7 10 -3 12 -10 11 -1 -8 -12
right_child=1 5 3 -5 -6 -7 8 -9 9 -11 13 -13 -14 -15
leaf_value=0.096471384156220849 0.0063636326829166314 0.017114894009391715 -0.060137801510514982 0.0081187979476426246 -0.032114573310697947 -0.47499995532489964 -0.026356781141957369 0.057803267565874769 -0.062384212340174945 -0.0094725950205242181 0.0052868880207149306 0.031873068337598058 -0.0577155711697818 -0.054159696227489194
leaf_weight=475 68135 8479 3975 2697 4069 21 2265 3893 821 29951 855 906 2147 122
leaf_count=475 68135 8479 3975 2697 4069 21 2265 3893 821 29951 855 906 2147 122
internal_value=2.44169e-12 0.0048859 0.00108728 -0.0325467 0.00419522 0.0290624 -0.0118782 0.029918 -0.0147381 -0.0108843 0.0307946 0.0540919 -0.0416168 -0.00213633
internal_weight=128811 91269 78876 6672 72204 12393 37542 12372 35184 30772 2358 1381 4412 977
internal_count=128811 91269 78876 6672 72204 12393 37542 12372 35184 30772 2358 1381 4412 977
is_linear=0
shrinkage=0.01


Tree=348
num_leaves=15
num_cat=0
split_feature=31 1 16 5 11 41 11 8 30 11 9 5 39 22
split_gain=74484.7 67908.3 73824.5 82102.6 66414.8 60212.3 47763.2 35649.6 34704.9 29221.6 28845.1 23362.5 21196.8 20660.7
threshold=25.574355724545843 -118.21337597412109 0.45391424999999969 98.500000000000014 1.0000000180025095e-35 90.880084834820508 0.6830127018922193 -0.25881904510252113 52.678284748626965 0.25000000000000017 0.37940952255126048 1.0000000180025095e-35 60.130029818081603 128.70100502512568
decision_type=2 2 2 2 2 2 2 2 2 2 2 2 2 2
left_child=7 2 6 -4 10 -6 -2 8 9 -1 -3 -9 -13 -10
right_child=1 4 3 -5 5 -7 -8 11 13 -11 -12 12 -14 -15
leaf_value=-0.0029417387348871283 0.0011775418649843934 -0.011653361177037564 0.0023293905476989012 -0.023266867388793976 0.049003523348413708 -0.50053710746765134 0.060398755596595619 -0.0058264118104113518 -0.014272614333517387 0.064058936787275936 0.028973122313710423 -0.026572625860374927 -0.060311216380789026 -0.18185169629653294
leaf_weight=1341 2351 4675 74395 15070 6451 20 3237 3681 3861 1265 2791 7070 2528 75
leaf_count=1341 2351 4675 74395 15070 6451 20 3237 3681 3861 1265 2791 7070 2528 75
internal_value=-4.69888e-12 0.00324285 0.000220324 -0.00198219 0.023857 0.0473051 0.035483 -0.0178315 0.00127549 0.0295816 0.00353396 -0.0272447 -0.035459 -0.0174658
internal_weight=128811 108990 95053 89465 13937 6471 5588 19821 6542 2606 7466 13279 9598 3936
internal_count=128811 108990 95053 89465 13937 6471 5588 19821 6542 2606 7466 13279 9598 3936
is_linear=0
shrinkage=0.01


Tree=349
num_leaves=15
num_cat=0
split_feature=9 17 14 5 13 11 44 16 23 22 14 11 44 44
split_gain=73216.2 81624.8 88696.6 74760.1 69814.7 59491.5 113211 44417 41425.6 35616.9 21924.1 16497.3 11709.3 10650.6
threshold=-0.60355339059327384 0.0076717221954019652 1.0797650608505527 48.500000000000007 -3.7800021091456184 0.6830127018922193 1.0000000180025095e-35 0.11918019250000005 113.5849381529851 22.844444444444441 -11.551222531495652 0.6830127018922193 1.0000000180025095e-35 1.0000000180025095e-35
decision_type=2 2 2 2 2 2 2 2 2 2 2 2 2 2
left_child=7 5 4 -4 -3 8 -7 11 -2 13 -11 -1 -13 -9
right_child=1 2 3 -5 -6 6 -8 9 -10 10 -12 12 -14 -15
leaf_value=0.0025228315075894259 0.0041444756002233683 0.021582615960012427 0.0049356320870219674 -0.048965439263385861 -0.0068253441541634256 0.012132745160205025 0.068911647980103588 -0.026015590502362813 0.11171879453025245 -0.061743359756967944 -0.0093638564492279433 0.013577722309643348 0.078108664423330657 -0.057100932441385484
leaf_weight=1123 25857 13438 4093 6930 24285 11184 5119 2265 363 821 29951 433 802 2147
leaf_count=1123 25857 13438 4093 6930 24285 11184 5119 2265 363 821 29951 433 802 2147
internal_value=-3.76635e-12 0.00483531 -0.00399736 -0.0289512 0.00329438 0.0149606 0.0299608 -0.0117552 0.00563378 -0.0145711 -0.0107613 0.030261 0.0554836 -0.0411426
internal_weight=128811 91269 48746 11023 37723 42523 16303 37542 26220 35184 30772 2358 1235 4412
internal_count=128811 91269 48746 11023 37723 42523 16303 37542 26220 35184 30772 2358 1235 4412
is_linear=0
shrinkage=0.01


Tree=350
num_leaves=15
num_cat=0
split_feature=6 44 9 2 1 7 26 23 32 15 39 7 2 4
split_gain=72129.5 104946 79390.3 76032.4 67241.1 89267 52899.4 58842.2 51052.4 40645.7 32607.4 27767 27443.4 27137.5
threshold=12.404780500000003 1.0000000180025095e-35 -0.60355339059327384 21.775000000000002 -119.7866065258789 1008.0000500000001 41.784708920842498 84.319077962690528 49.469933812139146 0.059757691166234125 69.10329531051967 1004.3998300000002 9.0750000000000011 1.0000000180025095e-35
decision_type=2 2 2 2 2 2 2 2 2 2 2 2 2 2
left_child=2 3 9 8 12 -6 7 -3 -2 11 -8 -1 -4 -11
right_child=1 6 4 -5 5 -7 10 -9 -10 13 -12 -13 -14 -15
leaf_value=-0.060157755574010888 -0.0064257680806131022 -0.042569014051347824 0.027079329513601934 0.01883213480214169 0.0090881889633854761 0.041804244907311432 0.066740066082246849 -0.20954799579173192 -0.05680204668181163 -0.0099664898079198615 0.57709135850270588 0.037925633490799714 -0.011123587059470677 -0.051965340734857784
leaf_weight=325 6788 7684 2133 9195 40044 10534 31 217 2859 28899 21 2579 15877 1625
leaf_count=325 6788 7684 2133 9195 40044 10534 31 217 2859 28899 21 2579 15877 1625
internal_value=-6.19778e-12 -0.0146012 0.00383507 -0.00174364 0.00999365 0.015902 -0.0450628 -0.0471551 -0.0213554 -0.00880119 0.272843 0.0269487 -0.00659906 -0.0122024
internal_weight=128811 26795 102016 18842 68588 50578 7953 7901 9647 33428 52 2904 18010 30524
internal_count=128811 26795 102016 18842 68588 50578 7953 7901 9647 33428 52 2904 18010 30524
is_linear=0
shrinkage=0.01


Tree=351
num_leaves=15
num_cat=0
split_feature=31 1 7 15 31 10 10 7 1 10 25 28 7 34
split_gain=72188.8 60343.5 62871.7 57978.5 45712.5 43903.8 41558.7 39869.8 34427.7 36705 36127.7 29050.8 23775.6 25910.4
threshold=52.678284748626965 -118.21337597412109 1004.6003850000001 0.090274921138307179 16.805555555555561 0.25000000000000011 0.25000000000000011 1003.0992000000001 -118.21337597412109 0.25000000000000011 45.271013765666815 88.461332327034427 1001.8999500000001 68.713923175234029
decision_type=2 2 2 2 2 2 2 2 2 2 2 2 2 2
left_child=4 3 11 7 12 -4 -5 -2 9 -6 -10 -3 -1 -14
right_child=1 2 5 6 8 -7 -8 -9 10 -11 -12 -13 13 -15
leaf_value=-0.059918932170605725 -0.089940573805241134 0.010700975396197732 0.035175536966498951 0.0092548523997889407 -0.00015694307330355774 0.12385271421482742 -0.013914584850785351 0.056216453715747447 0.068116571522264857 -0.015680421613970895 0.0068043221260652344 -0.36301276820046563 -0.008964153958993611 -0.074166584392006588
leaf_weight=1953 199 2193 1051 28131 38487 1191 10681 3005 1055 25208 10792 21 4129 715
leaf_count=1953 199 2193 1051 28131 38487 1191 10681 3005 1055 25208 10792 21 4129 715
internal_value=1.05287e-11 0.00996473 0.0449556 0.00625378 -0.00562408 0.0822828 0.00287866 0.0471387 -0.00338907 -0.00630053 0.0122643 0.00715627 -0.030464 -0.0185884
internal_weight=128811 46472 4456 42016 82339 2242 38812 3204 75542 63695 11847 2214 6797 4844
internal_count=128811 46472 4456 42016 82339 2242 38812 3204 75542 63695 11847 2214 6797 4844
is_linear=0
shrinkage=0.01


Tree=352
num_leaves=15
num_cat=0
split_feature=17 9 2 1 5 41 34 44 28 19 20 32 2 23
split_gain=70900.9 82952.7 75090.7 58730 54055.2 51710 50851.7 39445.1 34070.9 30480.1 27722.5 23985.7 23074.9 18197.8
threshold=0.015173961901385606 -0.60355339059327384 22.525000000000002 -118.21337597412109 19.500000000000004 85.922717198158111 54.916666666666679 1.0000000180025095e-35 92.774614517454211 0.014409302391373282 19.484126984126991 57.533164343050281 9.1250000000000018 89.219651807835149
decision_type=2 2 2 2 2 2 2 2 2 2 2 2 2 2
left_child=1 9 6 4 -3 -5 11 -4 -8 12 -11 -2 -1 -9
right_child=2 3 7 5 -6 -7 8 13 -10 10 -12 -13 -14 -15
leaf_value=0.068334537326112707 -0.013808285372539182 0.013104546492028864 0.016326356489975418 0.031856372905055712 -0.0049495534396896794 -0.44283249191615898 -0.066757792927031864 -0.036643507185789764 -0.3500861831044042 -0.041308229958827762 -0.0092298458751235123 -0.08793137642803292 -0.0029114848852670383 -0.25044971790255571
leaf_weight=842 4824 37647 5579 10274 29641 23 3275 1370 43 2952 30832 480 988 41
leaf_count=842 4824 37647 5579 10274 29641 23 3275 1370 43 2952 30832 480 988 41
internal_value=-5.89509e-12 0.00275523 -0.0199775 0.00855506 0.00515154 0.0307961 -0.0397244 0.00437979 -0.0704296 -0.00987969 -0.0120328 -0.0205163 0.0298695 -0.0428562
internal_weight=128811 113199 15612 77585 67288 10297 8622 6990 3318 35614 33784 5304 1830 1411
internal_count=128811 113199 15612 77585 67288 10297 8622 6990 3318 35614 33784 5304 1830 1411
is_linear=0
shrinkage=0.01


Tree=353
num_leaves=15
num_cat=0
split_feature=31 5 13 7 1 44 1 7 1 5 25 34 1 39
split_gain=70875.9 53281.5 62419.2 61056.1 113892 95168.5 52058.6 68915.2 65945.2 58795.1 37712.7 35230.6 24240.6 12175
threshold=59.385509083227724 3.5000000000000004 1.0549740469210389 1007.90025 -120.84999847412108 1.0000000180025095e-35 -120.84999847412108 1003.9999500000001 -118.21337597412109 98.500000000000014 72.567530101394183 56.417247570764687 -119.7866065258789 88.084249670405285
decision_type=2 2 2 2 2 2 2 2 2 2 2 2 2 2
left_child=1 2 12 5 -5 -3 10 9 -9 -8 13 -4 -1 -2
right_child=6 3 11 4 -6 -7 7 8 -10 -11 -12 -13 -14 -15
leaf_value=-0.0066670219400550438 -0.035234480310795617 -0.0076083957928741513 0.0054151483736591555 -0.021802061149565427 0.029132612822272388 -0.042390625175813768 0.0088915460980248402 0.027953523237862512 0.11021369252595037 -0.064089683688598825 -0.27674453735351562 -0.017588916381364946 0.023956474771750065 0.096040692119985019
leaf_weight=3117 1560 29829 14357 8189 9463 10684 10257 11360 1066 1237 64 12414 15140 74
leaf_count=3117 1560 29829 14357 8189 9463 10684 10257 11360 1066 1237 64 12414 15140 74
internal_value=-1.4287e-11 -0.0036959 0.00447092 -0.0100182 0.00550333 -0.0167811 0.0148876 0.0186857 0.0350104 0.00103721 -0.0386163 -0.00525208 0.0187282 -0.0292893
internal_weight=128811 103193 45028 58165 17652 40513 25618 23920 12426 11494 1698 26771 18257 1634
internal_count=128811 103193 45028 58165 17652 40513 25618 23920 12426 11494 1698 26771 18257 1634
is_linear=0
shrinkage=0.01


Tree=354
num_leaves=15
num_cat=0
split_feature=9 17 5 11 44 14 13 5 16 11 14 26 11 24
split_gain=69382.9 76888.9 81594.3 66702.2 125205 65839.3 45455.2 33959.3 28193.2 21491.6 35993.7 12992.8 10528.6 4696.49
threshold=-0.78656609248549325 0.0076717221954019652 72.500000000000014 0.6830127018922193 1.0000000180025095e-35 -1.7937000757254833 11.577727342662625 5.5000000000000009 0.11918019250000005 -0.5 -3.9483545036504077 21.643968220792612 0.25000000000000017 11.854482676432243
decision_type=2 2 2 2 2 2 2 2 2 2 2 2 2 2
left_child=8 3 6 7 -5 -4 -3 -2 12 11 -11 -10 -1 -14
right_child=1 2 5 4 -6 -7 -8 -9 9 10 -12 -13 13 -15
leaf_value=-0.010336244027221613 0.01421272365256296 0.0072288582392461709 -0.0015600853522532319 0.010187792783094278 0.06653493060002498 -0.044888031710449486 -0.02426337638309729 -0.0067468706137730275 -0.0059293315414951408 -0.054239102351873493 -0.016592735381078059 0.082896658167730841 0.057863287312953537 0.018371845889130267
leaf_weight=612 15551 33331 6435 12561 5748 7708 5314 15371 8315 3137 13338 168 684 538
leaf_count=612 15551 33331 6435 12561 5748 7708 5314 15371 8315 3137 13338 168 684 538
internal_value=-2.91863e-11 0.00376107 -0.00462277 0.0127507 0.0278776 -0.025174 0.00289842 0.00379393 -0.0143215 -0.0171022 -0.023761 -0.00417019 0.0235206 0.0404767
internal_weight=128811 102019 52788 49231 18309 14143 38645 30922 26792 24958 16475 8483 1834 1222
internal_count=128811 102019 52788 49231 18309 14143 38645 30922 26792 24958 16475 8483 1834 1222
is_linear=0
shrinkage=0.01


Tree=355
num_leaves=15
num_cat=0
split_feature=31 47 10 15 7 11 2 8 30 11 9 5 44 25
split_gain=69651.1 63123.8 83254.8 76374.9 71332.4 64182.2 43872 34851.3 34039.8 28494.9 27487.3 22235 18051.6 15924.4
threshold=25.574355724545843 1.0000000180025095e-35 0.25000000000000011 0.090274921138307179 1002.7002500000002 1.0000000180025095e-35 25.275000000000002 -0.25881904510252113 52.678284748626965 0.25000000000000017 0.37940952255126048 1.0000000180025095e-35 1.0000000180025095e-35 113.90453654521023
decision_type=2 2 2 2 2 2 2 2 2 2 2 2 2 2
left_child=7 2 3 -2 -4 10 -7 8 9 -1 -3 -9 -13 -10
right_child=1 5 4 -5 -6 6 -8 11 13 -11 -12 12 -14 -15
leaf_value=-0.0024341879401524051 0.054426690354275158 -0.011793525681198192 -0.037991036195767082 0.004416255119402873 -0.0040756079502242294 0.039986721124882635 0.15767362979737048 -0.0056553693316327607 -0.014409643042793208 0.063728138292996075 0.027865246483688724 -0.027255382427393792 -0.060297441505258911 -0.17857855097452799
leaf_weight=1341 3220 4675 8317 59136 24380 6137 334 3681 3876 1265 2791 7475 2123 60
leaf_count=1341 3220 4675 8317 59136 24380 6137 334 3681 3876 1265 2791 7475 2123 60
internal_value=-7.47144e-12 0.00313586 0.000221759 0.00699874 -0.0127025 0.0230106 0.0460611 -0.0172432 0.00164863 0.0296822 0.00303203 -0.0265504 -0.034564 -0.0169122
internal_weight=128811 108990 95053 62356 32697 13937 6471 19821 6542 2606 7466 13279 9598 3936
internal_count=128811 108990 95053 62356 32697 13937 6471 19821 6542 2606 7466 13279 9598 3936
is_linear=0
shrinkage=0.01


Tree=356
num_leaves=15
num_cat=0
split_feature=6 44 9 2 0 7 8 20 37 11 16 10 10 23
split_gain=68017.8 91740.3 75748.4 69268.2 58047.2 123626 42518.3 39620 38581.3 26649.9 24788.7 23585.7 20099.7 12146
threshold=13.60318975 1.0000000180025095e-35 -0.78656609248549325 21.975000000000005 37.042691525878915 1009.4003500000001 0.12940952255126045 61.265779467680623 56.78547128276967 -0.5 0.11918019250000005 0.68301270189221941 0.68301270189221941 75.100515692814184
decision_type=2 2 2 2 2 2 2 2 2 2 2 2 2 2
left_child=2 3 10 8 5 -4 -6 11 -2 -9 -1 -3 -12 -5
right_child=1 7 4 13 6 -7 -8 9 -10 -11 12 -13 -14 -15
leaf_value=0.023359411419373585 -0.012010736348068395 -0.025591781143890536 0.0057245607393408542 0.015122725377757698 0.0071374186402273368 0.043420969854839439 -0.033897593389216593 -0.052160657912032955 -0.064433342871565269 -0.16382421852365039 -0.010233731009931081 -0.073352206919455862 -0.033637347860946638 0.072273178833859919
leaf_weight=1827 6008 3700 62333 7243 4774 10111 5360 397 1832 463 18349 1435 4587 392
leaf_count=1827 6008 3700 62333 7243 4774 10111 5360 397 1832 463 18349 1435 4587 392
internal_value=2.23459e-11 -0.0162481 0.00324988 -0.00338206 0.00785005 0.0109858 -0.0145665 -0.0494593 -0.0242605 -0.112277 -0.0120904 -0.0389387 -0.0149143 0.018057
internal_weight=128811 21470 107341 15475 82578 72444 10134 5995 7840 860 24763 5135 22936 7635
internal_count=128811 21470 107341 15475 82578 72444 10134 5995 7840 860 24763 5135 22936 7635
is_linear=0
shrinkage=0.01


Tree=357
num_leaves=15
num_cat=0
split_feature=31 1 10 15 7 9 10 7 8 29 7 5 30 31
split_gain=68094.4 59556.9 68932.8 72449.7 60848.8 53084.7 49877.9 42221.6 28504.8 35378.7 33219.5 29629.9 23613.9 22191.6
threshold=31.1299112801014 -118.21337597412109 0.25000000000000011 0.090274921138307179 1002.7999000000001 -0.12940952255126037 0.68301270189221941 1009.1001500000001 -0.5 32.274820447824261 1006.4001350000001 1.0000000180025095e-35 53.797000422475719 20.069444444444446
decision_type=2 2 2 2 2 2 2 2 2 2 2 2 2 2
left_child=8 2 3 -2 -4 7 -7 -3 9 12 -11 -10 -1 -13
right_child=1 5 4 -5 -6 6 -8 -9 11 10 -12 13 -14 -15
leaf_value=0.064158351149185694 0.055979721470821212 -0.0081340710849144172 -0.036414142210554647 0.0049114803328140152 -0.0029519591004718826 0.028125285972447206 0.09161663817382984 0.082565244915692698 -0.0013504958361851528 -0.025635234467436232 0.021630926889974967 -0.040240434380167375 -0.024120872582162396 -0.016315449246328911
leaf_weight=1312 2928 4779 7296 54233 21297 4956 1649 575 7001 3890 2407 6511 394 9583
leaf_count=1312 2928 4779 7296 54233 21297 4956 1649 575 7001 3890 2407 6511 394 9583
internal_value=-1.01299e-11 0.00410175 0.00118627 0.00752739 -0.0114904 0.0250077 0.0439765 0.0016067 -0.0128881 0.00337582 -0.00756796 -0.018524 0.0437703 -0.0259946
internal_weight=128811 97713 85754 57161 28593 11959 6605 5354 31098 8003 6297 23095 1706 16094
internal_count=128811 97713 85754 57161 28593 11959 6605 5354 31098 8003 6297 23095 1706 16094
is_linear=0
shrinkage=0.01


Tree=358
num_leaves=15
num_cat=0
split_feature=31 5 13 7 0 44 0 7 47 5 25 34 8 39
split_gain=67205.2 50573.9 59896.1 58509.9 109054 92348 50520 65751.1 63773.4 57195.4 36920.5 34544.8 22899.8 11912.3
threshold=59.385509083227724 3.5000000000000004 1.0549740469210389 1007.90025 37.042691525878915 1.0000000180025095e-35 37.042691525878915 1003.9999500000001 1.0000000180025095e-35 98.500000000000014 72.567530101394183 56.417247570764687 0.60355339059327384 86.796919483348333
decision_type=2 2 2 2 2 2 2 2 2 2 2 2 2 2
left_child=1 2 12 5 -5 -3 7 9 -9 -2 13 -4 -1 -8
right_child=6 3 11 4 -6 -7 10 8 -10 -11 -12 -13 -14 -15
leaf_value=0.011281700240473227 0.0087466826768848698 -0.0073431107226632278 0.0053961234387378335 0.028557878335022383 -0.021283156141157406 -0.041606058336464261 -0.0351482174066612 0.027244340423325641 0.10813862328079601 -0.063234825155569024 -0.2738244091719389 -0.017382949216543701 0.036135273988030632 0.089244534262904407
leaf_weight=13084 10257 29829 14357 9463 8189 10684 1553 11360 1066 1237 64 12414 5173 81
leaf_count=13084 10257 29829 14357 9463 8189 10684 1553 11360 1066 1237 64 12414 5173 81
internal_value=-3.61059e-12 -0.00359892 0.00435768 -0.00975847 0.00543595 -0.0163789 0.014497 0.0182385 0.0341841 0.000999934 -0.0382103 -0.00516678 0.0183238 -0.0289819
internal_weight=128811 103193 45028 58165 17652 40513 25618 23920 12426 11494 1698 26771 18257 1634
internal_count=128811 103193 45028 58165 17652 40513 25618 23920 12426 11494 1698 26771 18257 1634
is_linear=0
shrinkage=0.01


Tree=359
num_leaves=15
num_cat=0
split_feature=17 9 44 1 31 38 19 31 37 15 20 39 22 39
split_gain=66383.6 77478.6 69565.1 54381.1 52885.9 49793.6 48364 38438.4 34173.1 33300.7 28448.3 20693 15142.1 13460.3
threshold=0.015173961901385606 -0.60355339059327384 1.0000000180025095e-35 -118.21337597412109 67.224651457541214 68.903398288973406 1.6711554861256037 22.268518518518523 56.78547128276967 0.059757691166234125 61.265779467680623 28.950617283950621 89.962452471482905 64.045064075482358
decision_type=2 2 2 2 2 2 2 2 2 2 2 2 2 2
left_child=1 7 6 5 -5 -3 8 13 -2 -9 12 -12 -4 -1
right_child=2 3 10 4 -6 -7 -8 9 -10 -11 11 -13 -14 -15
leaf_value=-0.030201592686789999 -0.011711009252223585 0.0014412021983066343 -0.046919497795822246 0.024947622200119705 0.1383656510316478 0.025812486705075383 0.017854322906483869 0.029236568561220665 -0.065566435656746039 -0.0086931203427755861 0.18757863510222664 -0.13233027404389919 0.10484547015446335 -0.081072261979605431
leaf_weight=3825 5228 57473 3501 9868 429 9815 4730 2518 1521 28669 21 544 67 602
leaf_count=3825 5228 57473 3501 9868 429 9815 4730 2518 1521 28669 21 544 67 602
internal_value=-6.00919e-12 0.00266601 -0.0193306 0.00827121 0.0296729 0.00499613 -0.00666441 -0.0095449 -0.0238482 -0.00563072 -0.0545098 -0.12044 -0.0440697 -0.0371192
internal_weight=128811 113199 15612 77585 10297 67288 11479 35614 6749 31187 4133 565 3568 4427
internal_count=128811 113199 15612 77585 10297 67288 11479 35614 6749 31187 4133 565 3568 4427
is_linear=0
shrinkage=0.01


Tree=360
num_leaves=15
num_cat=0
split_feature=6 15 7 20 0 13 14 0 7 25 21 25 1 28
split_gain=65464.8 70895.1 63843 55133 53445.3 83878.2 60280.4 49962.8 93760.8 44419.3 41138.1 34159.9 33671.8 22624.7
threshold=6.7102676500000014 0.23780293589495352 1004.7003700000001 146.34757118927976 35.400001525878913 5.4440319613890855 -14.400502499874063 37.042691525878915 1009.1001500000001 66.574575763976924 83.076679340937915 83.593767625269024 -118.21337597412109 122.9262263082467
decision_type=2 2 2 2 2 2 2 2 2 2 2 2 2 2
left_child=3 2 10 7 5 -3 -6 8 -1 -9 -2 -5 -4 -13
right_child=1 4 12 11 6 -7 -8 9 -10 -11 -12 13 -14 -15
leaf_value=0.0042608912592965748 -0.030539844029289394 0.021977782647953102 -0.010800944240333812 -0.21196324272589251 -0.080223418477436803 -0.057210798479693195 -0.0040465847994828911 -0.012218254434579062 0.040378403652693802 -0.17845312183768286 -0.097367171607670888 0.086226248880131889 0.03506848329299115 0.23580183927864989
leaf_weight=37517 10923 15954 14692 33 1081 1460 26607 8090 8891 164 1006 468 1796 129
leaf_count=37517 10923 15954 14692 33 1081 1460 26607 8090 8891 164 1006 468 1796 129
internal_value=1.80421e-11 -0.00618243 -0.0185538 0.00822046 0.00161227 0.0153386 -0.00702069 0.00714844 0.0111804 -0.0155212 -0.0361755 0.101234 -0.00580449 0.118547
internal_weight=128811 73519 28417 55292 45102 17414 27688 54662 46408 8254 11929 630 16488 597
internal_count=128811 73519 28417 55292 45102 17414 27688 54662 46408 8254 11929 630 16488 597
is_linear=0
shrinkage=0.01


Tree=361
num_leaves=15
num_cat=0
split_feature=31 1 16 11 17 11 13 28 8 11 9 3 0 25
split_gain=65132.6 56442.3 65130.8 64458.9 48959.4 38060.7 34635.5 27853.7 39028.6 39861.1 24132.9 19242.9 15964.5 33256.3
threshold=31.1299112801014 -118.21337597412109 0.45391424999999969 1.0000000180025095e-35 0.015769624186723036 0.6830127018922193 -0.71999956305434742 54.358470637938332 -0.25881904510252113 0.6830127018922193 1.0000000180025095e-35 85.998550000000009 36.742692288818368 60.24046789184623
decision_type=2 2 2 2 2 2 2 2 2 2 2 2 2 2
left_child=7 2 5 10 -4 -2 -5 8 9 -1 -3 -10 -9 -14
right_child=1 3 4 6 -6 -7 -8 12 11 -11 -12 -13 13 -15
leaf_value=-0.0026790957796061421 0.0033327612906891425 -0.016167554787783939 0.0014992795800565523 0.076759498448243257 -0.025250414835015139 0.05919396460136718 0.026551638324309648 -0.017605827236684225 -0.0092081108291384925 0.047783193641127 0.022631259956343252 -0.033099035080734134 -0.036115466196266863 -0.14449890205613192
leaf_weight=6123 2080 3282 73177 2516 7548 2949 3027 4275 10797 2103 3134 4902 2580 318
leaf_count=6123 2080 3282 73177 2516 7548 2949 3027 4275 10797 2103 3134 4902 2580 318
internal_value=1.58842e-11 0.00401155 0.00117333 0.0243635 -0.00100189 0.0360897 0.0493413 -0.0126047 -0.00742267 0.0102217 0.00278436 -0.016668 -0.029889 -0.0480085
internal_weight=128811 97713 85754 11959 80725 5029 5543 31098 23925 8226 6416 15699 7173 2898
internal_count=128811 97713 85754 11959 80725 5029 5543 31098 23925 8226 6416 15699 7173 2898
is_linear=0
shrinkage=0.01


Tree=362
num_leaves=15
num_cat=0
split_feature=31 17 1 10 7 0 7 0 25 29 25 11 40 33
split_gain=64298.8 51961.1 48066.6 47459.9 76188.9 47025.5 38016.4 33886.1 33704.8 31907.7 28562.7 23962.5 28939.4 20167.2
threshold=60.502561258977615 0.015908400068827072 -118.21337597412109 0.25000000000000011 1009.00003 37.042691525878915 1003.9999500000001 37.042691525878915 47.398834671173084 62.368253038180633 72.567530101394183 0.25000000000000017 32.738381918039728 25.013247226361983
decision_type=2 2 2 2 2 2 2 2 2 2 2 2 2 2
left_child=2 5 3 7 -5 6 -2 -1 13 -10 -7 -3 -13 -4
right_child=1 11 8 4 -6 10 -8 -9 9 -11 -12 12 -14 -15
leaf_value=0.0031425770232904478 0.0073338688351237205 -0.019794421459104275 0.11799525308739586 -0.025288775322109124 0.0070154754838433267 -0.029871033346787791 0.034399564410780258 -0.017710355886412298 -0.0020141137674221611 0.030771276868285499 -0.27117588220858108 0.24344958873022174 -0.13903332309682698 0.035971614606816277
leaf_weight=45503 9506 856 388 23874 10517 1285 11429 9403 10118 4201 51 21 341 1318
leaf_count=45503 9506 856 388 23874 10517 1285 11429 9403 10118 4201 51 21 341 1318
internal_value=9.01738e-12 0.0149607 -0.00333655 -0.00619837 -0.0154099 0.018439 0.0221098 -0.00042862 0.0126106 0.00760467 -0.0390825 -0.0486387 -0.116845 0.0546265
internal_weight=128811 23489 105322 89297 34391 22271 20935 54906 16025 14319 1336 1218 362 1706
internal_count=128811 23489 105322 89297 34391 22271 20935 54906 16025 14319 1336 1218 362 1706
is_linear=0
shrinkage=0.01


Tree=363
num_leaves=15
num_cat=0
split_feature=9 14 13 13 14 25 26 31 25 19 37 34 7 30
split_gain=64150.5 65409.6 105707 79492.5 72917.4 53839.1 30058.9 23842.8 21391.5 20379.7 19959.3 9697.03 6967.54 6339.43
threshold=-0.78656609248549325 6.1529304970907202 -2.9000000000000008 1.4225159029954288 -11.192007229493061 82.58358928673789 22.010973075703848 20.069444444444446 14.427083333333337 0.071536284794156149 119.34422110552765 70.960898174862493 1001.8999500000001 88.461332327034427
decision_type=2 2 2 2 2 2 2 2 2 2 2 2 2 2
left_child=7 3 6 5 -5 -2 -3 11 -9 -10 -4 12 -1 -13
right_child=1 2 10 4 -6 -7 -8 8 9 -11 -12 13 -14 -15
leaf_value=-0.06504845417281864 0.011926061631814949 -0.043763242621029604 0.0091605006135369767 -0.04062286772127665 0.0010272515468001881 0.049666997881625249 -0.12612366687256432 -0.10504913206294746 0.010321897306964657 -0.013892381503648946 0.12134942026962187 -0.068644465603536431 -0.026103847887021407 -0.17766687168650433
leaf_weight=598 43893 4820 4797 4711 39010 4136 488 237 4231 19473 164 198 1982 73
leaf_count=598 43893 4820 4797 4711 39010 4136 488 237 4231 19473 164 198 1982 73
internal_value=-2.1692e-11 0.00361647 -0.0203177 0.00629528 -0.00346061 0.0151761 -0.0513352 -0.0137709 -0.0105155 -0.0095703 0.0128692 -0.0411077 -0.0351305 -0.0980121
internal_weight=128811 102019 10269 91750 43721 48029 5308 26792 23941 23704 4961 2851 2580 271
internal_count=128811 102019 10269 91750 43721 48029 5308 26792 23941 23704 4961 2851 2580 271
is_linear=0
shrinkage=0.01


Tree=364
num_leaves=15
num_cat=0
split_feature=31 22 10 5 6 0 2 28 44 23 25 23 23 6
split_gain=62977.1 57636.4 40132.3 38477.6 37800.8 38424.3 30403 26380.4 24201.3 19505.5 19699.5 18277.7 15241.9 13218.7
threshold=25.574355724545843 74.692648922686956 -0.93301270189221908 1.0000000180025095e-35 18.611846500000002 37.042691525878915 21.525000000000002 54.358470637938332 1.0000000180025095e-35 96.299679920460463 81.688816897294544 94.227253186082507 72.629803803555191 7.8043822500000006
decision_type=2 2 2 2 2 2 2 2 2 2 2 2 2 2
left_child=7 4 11 -4 5 -2 -6 9 -9 10 -1 -3 -10 -11
right_child=1 2 3 -5 6 -7 -8 8 12 13 -12 -13 -14 -15
leaf_value=-0.010207619980677096 0.0040559405181845292 -0.030983937032794381 0.049538224768057346 0.014080876705926521 -0.058035678052994831 -0.014838990375751836 -0.0035059294069749707 -0.026596490285792689 -0.071524601077410419 -0.042370309205518826 0.078778558701217888 -0.21727428512913841 -0.20923798415727085 -0.18670407741045467
leaf_weight=14902 77354 885 4492 9604 1963 12502 2134 3547 751 180 253 56 90 98
leaf_count=14902 77354 885 4492 9604 1963 12502 2134 3547 751 180 253 56 90 98
internal_value=-6.03051e-12 0.00298184 0.0211592 0.0253801 7.25946e-05 0.00142702 -0.0296328 -0.0163963 -0.0380319 -0.0102447 -0.00872207 -0.0420703 -0.0862621 -0.0932506
internal_weight=128811 108990 15037 14096 93953 89856 4097 19821 4388 15433 15155 941 841 278
internal_count=128811 108990 15037 14096 93953 89856 4097 19821 4388 15433 15155 941 841 278
is_linear=0
shrinkage=0.01


Tree=365
num_leaves=15
num_cat=0
split_feature=9 17 5 14 11 44 13 23 16 10 42 31 11 20
split_gain=62751.1 69048.5 76468.9 62958.9 61430.1 120807 41067.5 40578.2 25809.1 21261.4 38983.3 18175.3 9840.38 6325.64
threshold=-0.78656609248549325 0.0076717221954019652 72.500000000000014 -1.7937000757254833 0.6830127018922193 1.0000000180025095e-35 3.6038599958286786 113.5849381529851 0.11918019250000005 0.68301270189221941 1.0000000180025095e-35 22.847222222222225 0.25000000000000017 88.10709759188849
decision_type=2 2 2 2 2 2 2 2 2 2 2 2 2 2
left_child=8 4 6 -4 7 -6 -3 -2 12 11 -11 -10 -1 -14
right_child=1 2 3 -5 5 -7 -8 -9 9 10 -12 -13 13 -15
leaf_value=-0.010144659375978842 0.0021625380766055937 0.014788933410723033 -0.001171783192576761 -0.043541356170223519 0.0092362279288281529 0.064584886243315889 -0.0060352228600168579 0.1015978442825592 -0.035976074959444299 -0.0058553245606243988 -0.060466334180123857 -0.0077557097034787826 0.048343068629540013 -0.01630315850262588
leaf_weight=612 30506 16606 6435 7708 12561 5748 22039 416 2634 2519 2717 17088 1045 177
leaf_count=612 30506 16606 6435 7708 12561 5748 22039 416 2634 2519 2717 17088 1045 177
internal_value=2.37734e-11 0.00357681 -0.00436808 -0.0242634 0.0120957 0.0266126 0.00291305 0.00350026 -0.0136198 -0.0162804 -0.0341934 -0.0115247 0.0225869 0.0389794
internal_weight=128811 102019 52788 14143 49231 18309 38645 30922 26792 24958 5236 19722 1834 1222
internal_count=128811 102019 52788 14143 49231 18309 38645 30922 26792 24958 5236 19722 1834 1222
is_linear=0
shrinkage=0.01


Tree=366
num_leaves=15
num_cat=0
split_feature=9 17 44 15 5 2 16 22 28 14 5 11 15 28
split_gain=61502.3 68113.1 56994 53461 59627.4 44726.2 25295.5 22037.8 20875 15934.7 14661.5 9644.56 8426.39 4886.85
threshold=-0.78656609248549325 0.015769624186723036 1.0000000180025095e-35 0.059757691166234125 8.5000000000000018 22.825000000000006 0.11918019250000005 20.601851851851858 94.436674818961748 -11.551222531495652 83.500000000000014 0.25000000000000017 0.14898221512100243 96.186951869614248
decision_type=2 2 2 2 2 2 2 2 2 2 2 2 2 2
left_child=6 3 5 10 -5 -3 11 12 -4 -9 -2 -1 -8 -13
right_child=1 2 8 4 -6 -7 7 9 -10 -11 -12 13 -14 -15
leaf_value=-0.010043212786694272 0.038356111906536053 -0.028006106592081262 -0.053532606714216745 0.01376188224118414 -0.002749245642114314 0.015389977870821459 -0.057150734283599861 -0.066404283218415683 -0.32784851653235303 -0.011510350239316408 0.09561794188484396 0.042676840694994375 -0.020855355495604848 -0.059253363294564945
leaf_weight=612 1317 4738 3001 43352 44144 4762 1654 542 28 21719 677 1173 1043 49
leaf_count=612 1317 4738 3001 43352 44144 4762 1654 542 28 21719 677 1173 1043 49
internal_value=1.36496e-12 0.00354104 -0.0182965 0.0065984 0.00543159 -0.00625325 -0.0134836 -0.0161176 -0.0560684 -0.0128469 0.0577976 0.022361 -0.0431144 0.0385896
internal_weight=128811 102019 12529 89490 87496 9500 26792 24958 3029 22261 1994 1834 2697 1222
internal_count=128811 102019 12529 89490 87496 9500 26792 24958 3029 22261 1994 1834 2697 1222
is_linear=0
shrinkage=0.01


Tree=367
num_leaves=15
num_cat=0
split_feature=6 5 0 44 7 10 10 19 14 9 1 37 26 6
split_gain=60904.1 78371.6 69155 60517 146326 73649.4 66309.4 43492.2 41168 40829.9 45515.5 39473.5 56087 32232.3
threshold=6.7102676500000014 12.500000000000002 36.742692288818368 1.0000000180025095e-35 1004.4999700000002 0.25000000000000011 0.68301270189221941 1.3159952924916964 1.0500536277229096 -0.37940952255126015 -118.21337597412109 130.27072864321613 41.784708920842498 21.817158000000003
decision_type=2 2 2 2 2 2 2 2 2 2 2 2 2 2
left_child=3 11 7 9 5 -5 -6 -3 -4 -1 -11 13 -13 -2
right_child=1 2 8 4 6 -7 -8 -9 -10 10 -12 12 -14 -15
leaf_value=-0.0079106300497845724 0.0040280617161172275 -0.011470779402044017 -0.018829992110933925 0.0076221018045228572 0.069369978993076092 -0.077051526862667516 -0.0020892300589630246 0.028020069904439233 -0.052039886150119889 0.0046192302862002998 0.042077284866979821 0.064264470857602576 0.48609956474865185 -0.04988755700662862
leaf_weight=20923 38168 15033 8808 4456 6194 1335 1643 3424 6478 16716 4025 432 34 1142
leaf_count=20923 38168 15033 8808 4456 6194 1335 1643 3424 6478 16716 4025 432 34 1142
internal_value=3.08223e-12 -0.00596318 -0.017173 0.00792895 0.0262214 -0.0118977 0.0543888 -0.00414474 -0.0329039 0.00194561 0.0118883 0.00354639 0.0950421 0.00246175
internal_weight=128811 73519 33743 55292 13628 5791 7837 18457 15286 41664 20741 39776 466 39310
internal_count=128811 73519 33743 55292 13628 5791 7837 18457 15286 41664 20741 39776 466 39310
is_linear=0
shrinkage=0.01


Tree=368
num_leaves=15
num_cat=0
split_feature=31 6 0 31 25 2 8 30 23 11 10 5 11 25
split_gain=60285.9 57087.2 53279 49248.5 47569.8 33598.6 31079.5 33705.7 24447.3 23114.8 18489.9 17336.7 19114.6 12579.2
threshold=23.923611111111118 18.611846500000002 37.042691525878915 62.939480354879606 65.340638642444745 24.975000000000005 -0.25881904510252113 52.678284748626965 55.218173496690618 0.25000000000000017 0.25000000000000011 1.0000000180025095e-35 -0.9330127018922193 86.139686670042252
decision_type=2 2 2 2 2 2 2 2 2 2 2 2 2 2
left_child=6 2 3 -2 -4 8 7 9 -3 -1 -9 -8 -13 -7
right_child=1 5 4 -5 -6 13 11 10 -10 -11 -12 12 -14 -15
leaf_value=-0.00093672664829017049 0.0033086626193215328 -0.035767988332521157 -0.011670550040429729 0.021796929141815035 -0.13417914786063709 0.0061238824148350905 -0.0064732931718453068 0.0016124683042348738 -0.1031937172302045 0.062776064535444473 -0.046596700608834911 0.049497710300310881 -0.037294265245173132 -0.24006763072240922
leaf_weight=1126 76262 2320 12805 17764 325 1773 2986 1873 700 1152 1383 262 8059 21
leaf_count=1126 76262 2320 12805 17764 325 1773 2986 1873 700 1152 1383 262 8059 21
internal_value=1.02367e-11 0.00265317 0.0041666 0.00680159 -0.0147029 -0.0310347 -0.01764 0.00177813 -0.0513965 0.0312833 -0.0188646 -0.0271438 -0.0345615 0.00324204
internal_weight=128811 111970 107156 94026 13130 4814 16841 5534 3020 2278 3256 11307 8321 1794
internal_count=128811 111970 107156 94026 13130 4814 16841 5534 3020 2278 3256 11307 8321 1794
is_linear=0
shrinkage=0.01


Tree=369
num_leaves=15
num_cat=0
split_feature=6 5 11 44 8 0 13 13 37 25 15 25 3 5
split_gain=59411.8 76384.3 76169.2 148254 90070.1 67589.9 75937.6 55947 48175.9 47476.1 40684.9 37905.3 47715.3 28449.9
threshold=6.7102676500000014 12.500000000000002 0.6830127018922193 1.0000000180025095e-35 -0.37940952255126059 36.742692288818368 -2.4842660224793458 -4.5000007322669093 130.27072864321613 96.754625870161973 0.43674430297614508 96.754625870161973 16.999175000000005 2.5000000000000004
decision_type=2 2 2 2 2 2 2 2 2 2 2 2 2 2
left_child=2 7 11 9 -5 10 -7 -2 -9 -4 -3 13 -13 -1
right_child=1 5 3 4 -6 6 -8 8 -10 -11 -12 12 -14 -15
leaf_value=0.0076603983838987814 0.02312535951055247 -0.011431479345584231 0.0098468076759340925 0.10749451771196787 0.030213907626145838 -0.061279669248772255 -0.015241886105019409 -0.0050314739738010076 0.1175911522463516 -0.070442724392848349 0.025893652443545502 0.37904489123302959 0.047590434215124933 -0.010585568158510805
leaf_weight=15298 10639 14820 12918 2711 3399 5733 9553 28813 324 781 3637 46 778 19361
leaf_count=15298 10639 14820 12918 2711 3399 5733 9553 28813 324 781 3637 46 778 19361
internal_value=-2.06041e-11 -0.00588968 0.00783121 0.0235398 0.0645032 -0.0169564 -0.0325083 0.00349855 -0.00366792 0.00526938 -0.00407646 -0.000938393 0.066094 -0.00253205
internal_weight=128811 73519 55292 19809 6110 33743 15286 39776 29137 13699 18457 35483 824 34659
internal_count=128811 73519 55292 19809 6110 33743 15286 39776 29137 13699 18457 35483 824 34659
is_linear=0
shrinkage=0.01


Tree=370
num_leaves=15
num_cat=0
split_feature=9 1 17 38 2 31 13 16 10 43 31 26 2 8
split_gain=59378.5 67676.4 65194 46493.7 39990.5 39764.3 37878.9 37132.7 33731.6 48768.7 27521 21742.4 15059.6 12019.6
threshold=-0.60355339059327384 -118.21337597412109 0.015769624186723036 68.903398288973406 22.525000000000002 64.940008449514167 -14.040014290887735 0.11918019250000005 0.68301270189221941 1.0000000180025095e-35 22.847222222222225 6.8162987696323931 9.1250000000000018 -0.25881904510252113
decision_type=2 2 2 2 2 2 2 2 2 2 2 2 2 2
left_child=7 2 3 -2 -4 11 -7 12 10 -10 -9 -3 13 -1
right_child=1 5 4 -5 -6 6 -8 8 9 -11 -12 -13 -14 -15
leaf_value=0.0898309495509063 0.0010468491165008258 -0.0062401628101984644 -0.0420343191918085 0.024413255454957795 -0.0022855791670175029 -0.31733595995675951 0.11413555600814271 -0.034335131575541092 -0.056801992954325815 -0.0053614248476770892 -0.0043385852745843143 0.028401426985164315 -0.0022153439411384456 0.027725219719202381
leaf_weight=475 58785 2240 5214 9958 4919 21 654 3499 3847 3538 24300 9478 977 906
leaf_count=475 58785 2240 5214 9958 4919 21 654 3499 3847 3538 24300 9478 977 906
internal_value=9.2872e-12 0.00435447 0.00094118 0.00443167 -0.0227385 0.0260785 0.100712 -0.0105862 -0.0131609 -0.0321579 -0.00811419 0.0217794 0.0278305 0.0490867
internal_weight=128811 91269 78876 68743 10133 12393 675 37542 35184 7385 27799 11718 2358 1381
internal_count=128811 91269 78876 68743 10133 12393 675 37542 35184 7385 27799 11718 2358 1381
is_linear=0
shrinkage=0.01


Tree=371
num_leaves=15
num_cat=0
split_feature=9 17 14 5 22 20 6 16 15 22 14 2 15 20
split_gain=58284.8 64324.1 71702.5 59373.4 47928.7 41000.4 37760.3 23976.6 23119.1 21219.9 15493.9 8725.72 8115.52 8082.18
threshold=-0.78656609248549325 0.0076717221954019652 1.0797650608505527 48.500000000000007 67.221276244007285 158.46566523605151 18.611846500000002 0.11918019250000005 0.090274921138307179 20.601851851851858 -11.551222531495652 9.3750000000000018 0.14898221512100243 16.759259259259263
decision_type=2 2 2 2 2 2 2 2 2 2 2 2 2 2
left_child=7 4 6 -4 8 -6 -3 11 -2 12 -11 13 -9 -1
right_child=1 2 3 -5 5 -7 -8 9 -10 10 -12 -13 -14 -15
leaf_value=-0.037919475042301677 0.035075998318515288 0.005919474099671908 0.0033899471752881706 -0.04137076234080192 0.025921854595172503 0.15306010992543118 -0.024074350664299062 -0.055956660845770785 0.0037417992908259086 -0.06529256871705566 -0.01116320811974412 -0.0028622448850866805 -0.020337078180717713 0.051036783188238725
leaf_weight=115 2529 35286 4691 8047 12280 259 4764 1654 34163 542 21719 806 1043 913
leaf_count=115 2529 35286 4691 8047 12280 259 4764 1654 34163 542 21719 806 1043 913
internal_value=8.10039e-12 0.00344717 -0.00422111 -0.0248868 0.0116695 0.028548 0.00235167 -0.0131262 0.00590151 -0.0156906 -0.0124811 0.0217715 -0.0421816 0.0410855
internal_weight=128811 102019 52788 12738 49231 12539 40050 26792 36692 24958 22261 1834 2697 1028
internal_count=128811 102019 52788 12738 49231 12539 40050 26792 36692 24958 22261 1834 2697 1028
is_linear=0
shrinkage=0.01


Tree=372
num_leaves=15
num_cat=0
split_feature=5 7 44 0 7 13 11 14 0 2 20 7 41 1
split_gain=57850.3 84903.9 103108 80137.4 125070 71242.3 61179.5 50098.3 52440.5 47552.7 38156.9 31449.8 30714.1 27028.8
threshold=1.5000000000000002 1003.2004000000001 1.0000000180025095e-35 37.042691525878915 1009.4003500000001 0.34380600738314443 -0.5 -11.964631690186049 34.083213737060554 12.925000000000002 98.416349809885944 1017.5164800000001 101.54308854156716 -119.7866065258789
decision_type=2 2 2 2 2 2 2 2 2 2 2 2 2 2
left_child=5 2 9 4 -3 10 -4 -7 -9 -2 13 -5 -12 -1
right_child=1 3 6 11 -6 7 -8 8 -10 -11 12 -13 -14 -15
leaf_value=-0.0080255562203445634 -0.040100871157061846 -0.00047987408585392784 -0.016331000953867202 -0.027787919917634102 0.043283306430484871 -0.047416675680017097 -0.070642421434321062 -0.030019696027666316 0.0075619232518648596 0.00056381397161827567 0.10373515949831892 0.019942842448385453 -0.075110003371481535 0.024827188701638692
leaf_weight=2963 3502 28159 3523 9575 8502 2177 5043 4326 26199 16079 866 1613 108 16176
leaf_count=2963 3502 28159 3523 9575 8502 2177 5043 4326 26199 16079 866 1613 108 16176
internal_value=2.61854e-11 -0.00558676 -0.019368 0.00252002 0.00966918 0.00803884 -0.0483054 -0.00106955 0.00223586 -0.00670894 0.0228483 -0.0209065 0.0839043 0.0197411
internal_weight=128811 75996 28147 47849 36661 52815 8566 32702 30525 19581 20113 11188 974 19139
internal_count=128811 75996 28147 47849 36661 52815 8566 32702 30525 19581 20113 11188 974 19139
is_linear=0
shrinkage=0.01


Tree=373
num_leaves=15
num_cat=0
split_feature=6 44 2 0 7 0 8 26 23 25 8 23 39 20
split_gain=56753.4 91027.4 62367 56788.3 130820 142239 72143 50774.2 57419.2 46543.8 43062.8 35498.2 31333.1 19718.5
threshold=12.404780500000003 1.0000000180025095e-35 22.125000000000004 37.042691525878915 1009.4003500000001 34.083213737060554 0.60355339059327384 41.784708920842498 84.319077962690528 65.340638642444745 1.0000000180025095e-35 55.859878890297161 69.10329531051967 105.06281407035178
decision_type=2 2 2 2 2 2 2 2 2 2 2 2 2 2
left_child=3 2 11 4 6 -6 -1 8 -3 10 -5 -2 -9 -4
right_child=1 7 13 9 5 -7 -8 12 -10 -11 -12 -13 -14 -15
leaf_value=-0.005210278689978102 -0.0061907674193501065 -0.038841115392357663 0.016408266587849038 0.0072110623959915935 -0.026813867659778178 0.054110450186711845 0.015746613692335151 0.068097549907622804 -0.2037886878587134 -0.14011825895213798 -0.029882054680400744 -0.047944680248391401 0.56837726184300019 0.13819216111523133
leaf_weight=52607 7087 7684 8763 5670 2792 9781 23884 31 217 296 6986 2857 21 135
leaf_count=52607 7087 7684 8763 5670 2792 9781 23884 31 217 296 6986 2857 21 135
internal_value=2.00857e-11 -0.0129517 -0.00097709 0.00340183 0.00624702 0.0361401 0.00133342 -0.0413216 -0.0433714 -0.0161631 -0.013264 -0.018187 0.270134 0.018256
internal_weight=128811 26795 18842 102016 89064 12573 76491 7953 7901 12952 12656 9944 52 8898
internal_count=128811 26795 18842 102016 89064 12573 76491 7953 7901 12952 12656 9944 52 8898
is_linear=0
shrinkage=0.01


Tree=374
num_leaves=15
num_cat=0
split_feature=31 47 10 15 7 41 7 8 29 7 7 25 34 12
split_gain=56936.7 53419.3 73167 67287.8 63765.8 50742.2 51421.2 32112.3 27059.6 22601.5 18004.1 20772.4 16436.6 15380.4
threshold=25.574355724545843 1.0000000180025095e-35 0.25000000000000011 0.090274921138307179 1002.7002500000002 92.397075682595499 1004.5003 -0.25881904510252113 32.800925925925931 1008.5001850000001 1001.6004750000001 102.4881722060875 68.530629488804422 1.0000000180025095e-35
decision_type=2 2 2 2 2 2 2 2 2 2 2 2 2 2
left_child=7 2 3 -2 -4 6 -3 8 13 -10 11 -9 -12 -1
right_child=1 5 4 -5 -6 -7 -8 10 9 -11 12 -13 -14 -15
leaf_value=0.054846855778680988 0.051024749548728314 0.005460847339389732 -0.035871191658469942 0.0040836428519939036 -0.0038049864017142732 -0.48221711087226865 0.044397541273663847 -0.041906805163082053 -0.022079571442206833 0.026027896451311178 -0.012942114189947947 -0.28016430236197809 -0.052233765633850064 -0.019689681321340666
leaf_weight=1245 3220 8062 8317 59136 24380 20 5855 3323 3601 1340 8706 37 1213 356
leaf_count=1245 3220 8062 8317 59136 24380 20 5855 3323 3601 1340 8706 37 1213 356
internal_value=-1.77414e-11 0.00283524 0.000154479 0.00650763 -0.0119615 0.0211185 0.0218418 -0.0155901 0.00254412 -0.00903282 -0.0245241 -0.0445305 -0.0177471 0.0382728
internal_weight=128811 108990 95053 62356 32697 13937 13917 19821 6542 4941 13279 3360 9919 1601
internal_count=128811 108990 95053 62356 32697 13937 13917 19821 6542 4941 13279 3360 9919 1601
is_linear=0
shrinkage=0.01


Tree=375
num_leaves=15
num_cat=0
split_feature=9 17 44 31 2 20 20 35 20 14 0 15 40 44
split_gain=56751.2 63021.3 78819.3 59120.2 58373.7 40726.1 35708.7 32864.9 17315.5 14285.5 26135.8 10575.2 4556.08 4474.21
threshold=-0.9159756150367534 0.013172074133884068 1.0000000180025095e-35 62.939480354879606 22.125000000000004 158.46566523605151 61.446768060836511 70.94660299809145 10.092592592592597 -2.8800826500913463 35.400001525878913 0.072000484647824492 84.728050900892313 1.0000000180025095e-35
decision_type=2 2 2 2 2 2 2 2 2 2 2 2 2 2
left_child=8 3 4 7 -3 -5 -4 -2 12 10 -10 -11 13 -1
right_child=1 2 6 5 -6 -7 -8 -9 9 11 -12 -13 -14 -15
leaf_value=-0.027019125730307264 0.0067754192275594647 -0.0203174854998367 -0.033215775068187202 0.021412939585386738 0.017994867970010556 0.13435246532314396 -0.10105238682939544 -0.0077102417566725905 -0.10226633164757516 0.015411254733619477 -0.022563268735497816 -0.013453539119653683 0.060338226890563965 -0.093879297991026789
leaf_weight=132 52714 7906 5107 15504 8002 326 915 22283 462 1458 3758 9805 25 414
leaf_count=132 52714 7906 5107 15504 8002 326 915 22283 462 1458 3758 9805 25 414
internal_value=-1.5924e-11 0.00250456 -0.01271 0.00617809 -0.00104571 0.0237388 -0.0435231 0.00247146 -0.017591 -0.0155966 -0.0312891 -0.00971698 -0.0716709 -0.0777153
internal_weight=128811 112757 21930 90827 15908 15830 6022 74997 16054 15483 4220 11263 571 546
internal_count=128811 112757 21930 90827 15908 15830 6022 74997 16054 15483 4220 11263 571 546
is_linear=0
shrinkage=0.01


Tree=376
num_leaves=15
num_cat=0
split_feature=5 7 0 0 7 13 25 2 0 25 23 20 25 41
split_gain=56353.7 81469.4 87037.2 77108.7 119812 68784.6 51565.6 50154.8 48278.1 81291.5 52429.1 36970.4 32786.8 30144.8
threshold=1.5000000000000002 1003.2004000000001 36.742692288818368 37.042691525878915 1009.4003500000001 0.34380600738314443 59.089133572736245 14.125000000000002 34.083213737060554 105.31342336493213 125.67572371516049 98.416349809885944 64.648817068018602 101.54308854156716
decision_type=2 2 2 2 2 2 2 2 2 2 2 2 2 2
left_child=5 2 7 4 -3 11 -4 -2 9 -7 -10 -1 -5 -13
right_child=1 3 6 12 -6 8 -8 -9 10 -11 -12 13 -14 -15
leaf_value=0.019427432487004143 -0.035690131769301171 -0.00049360231711388809 -0.03307987317408416 -0.01791190490118371 0.042339941259332853 -0.02684481606718132 -0.093961146895944023 0.0020057340118805281 0.0024007737674261696 -0.42836312078962141 0.13254908617169331 0.10223140882994919 -0.13153560215521318 -0.074948580637574203
leaf_weight=19139 4652 28159 7138 10928 8502 4462 1728 14629 27876 51 313 866 260 108
leaf_count=19139 4652 28159 7138 10928 8502 4462 1728 14629 27876 51 313 866 260 108
internal_value=1.32138e-11 -0.00551402 -0.0190137 0.0024271 0.00943986 0.00793417 -0.0449457 -0.00708929 -0.00101573 -0.0313822 0.00384589 0.0224859 -0.0205524 0.0825852
internal_weight=128811 75996 28147 47849 36661 52815 8866 19281 32702 4513 28189 20113 11188 974
internal_count=128811 75996 28147 47849 36661 52815 8866 19281 32702 4513 28189 20113 11188 974
is_linear=0
shrinkage=0.01


Tree=377
num_leaves=15
num_cat=0
split_feature=9 1 17 5 11 44 16 22 3 11 38 2 29 44
split_gain=55618.1 63913.4 60635.3 49762 42793.7 38149.6 34753.8 31103.6 28717.7 19507.6 14355.2 13973.1 11315 9954.5
threshold=-0.60355339059327384 -118.21337597412109 0.015769624186723036 19.500000000000004 -0.68301270189221952 1.0000000180025095e-35 0.11918019250000005 22.844444444444441 72.962955000000008 -0.5 20.43981481481482 9.1250000000000018 29.449926900584796 1.0000000180025095e-35
decision_type=2 2 2 2 2 2 2 2 2 2 2 2 2 2
left_child=6 2 3 -2 10 -4 11 13 -6 -9 -3 12 -1 -8
right_child=1 4 5 -5 8 -7 7 9 -10 -11 -12 -13 -14 -15
leaf_value=0.0046828278191561731 0.011792313358674804 0.14276744851044246 -0.010106369719525733 -0.0053513684850553609 0.049787401231044442 -0.053755947632964637 -0.022942996902354292 0.0014600740634501416 0.013439303450112586 -0.015136362635603622 -0.0097264591377182168 -0.0020214666832217465 0.066577795700102665 -0.05299527310871132
leaf_weight=428 38554 63 7386 30189 5782 2747 2265 11051 3483 19721 3065 977 953 2147
leaf_count=428 38554 63 7386 30189 5782 2747 2265 11051 3483 19721 3065 977 953 2147
internal_value=-6.03958e-12 0.00421433 0.000897296 0.00426354 0.0253258 -0.0219395 -0.0102455 -0.0127363 0.036123 -0.00917616 -0.00665513 0.0269202 0.0473953 -0.0375673
internal_weight=128811 91269 78876 68743 12393 10133 37542 35184 9265 30772 3128 2358 1381 4412
internal_count=128811 91269 78876 68743 12393 10133 37542 35184 9265 30772 3128 2358 1381 4412
is_linear=0
shrinkage=0.01


Tree=378
num_leaves=15
num_cat=0
split_feature=31 1 10 7 11 0 8 8 30 11 9 22 7 34
split_gain=54976.3 53489.6 71227.9 62722.3 61181.9 56927.6 33867.9 29610.3 32920.2 22512.4 21821.7 20283.1 19838.7 17655.2
threshold=23.923611111111118 -118.21337597412109 0.25000000000000011 1002.7999000000001 1.0000000180025095e-35 37.042691525878915 -0.25881904510252113 -0.25881904510252113 52.678284748626965 0.25000000000000017 0.1294095225512602 126.23869346733669 1001.9000500000001 68.530629488804422
decision_type=2 2 2 2 2 2 2 2 2 2 2 2 2 2
left_child=7 2 5 -4 10 -2 -6 8 9 -1 -3 -10 -9 -14
right_child=1 4 3 -5 6 -7 -8 12 11 -11 -12 -13 13 -15
leaf_value=-0.00052975646820627349 0.009851619943930634 -0.014095623375364586 -0.035046378003168205 -0.003860519827536147 0.067653987243859487 -0.017742733429749826 0.022475467587948047 -0.048108576977800958 -0.014539205879514135 0.062347336570189031 0.019581279515704587 -0.18426850241919357 -0.012582433375062776 -0.056422775192150824
leaf_weight=1126 55014 4201 8672 25161 2987 8652 3733 3011 3184 1152 3550 72 7244 1052
leaf_count=1126 55014 4201 8672 25161 2987 8652 3733 3011 3184 1152 3550 72 7244 1052
internal_value=-3.71861e-12 0.00253364 -0.000129128 -0.011854 0.0204741 0.00610164 0.0425571 -0.0168453 0.00210832 0.0312676 0.00132858 -0.0182924 -0.0261218 -0.0181417
internal_weight=128811 111970 97499 33833 14471 63666 6720 16841 5534 2278 7751 3256 11307 8296
internal_count=128811 111970 97499 33833 14471 63666 6720 16841 5534 2278 7751 3256 11307 8296
is_linear=0
shrinkage=0.01


Tree=379
num_leaves=15
num_cat=0
split_feature=9 15 5 7 13 8 44 20 16 7 11 15 40 44
split_gain=54446.2 58817.4 62447.2 75331.1 69676.1 45463 20419.7 16786.7 14917.1 14904.9 13230 9257.89 4464.25 4371.2
threshold=-0.9159756150367534 0.059757691166234125 8.5000000000000018 1003.2004000000001 1.0549740469210389 -0.5 1.0000000180025095e-35 10.092592592592597 0.38324356750000005 1002.7002500000002 -0.5 0.079526384856204738 84.728050900892313 1.0000000180025095e-35
decision_type=2 2 2 2 2 2 2 2 2 2 2 2 2 2
left_child=7 5 4 -4 -3 6 -2 12 11 -7 -10 -9 13 -1
right_child=1 2 3 -5 -6 9 -8 8 10 -11 -12 -13 -14 -15
leaf_value=-0.026351747482338012 0.045222245772900987 0.021329929852591786 -0.02173035751783918 0.0025563174373472207 -0.0013962911885551205 -0.072110658140630238 0.14480056536853861 0.028929812718961299 -0.0059729409942025635 0.028806253198054022 -0.026972781202471454 -0.01041060722709773 0.060194128227233891 -0.092437781442658629
leaf_weight=132 331 24648 19955 35477 29802 159 545 1103 4664 1840 8409 1307 25 414
leaf_count=132 331 24648 19955 35477 29802 159 545 1103 4664 1840 8409 1307 25 414
internal_value=4.1765e-13 0.00245317 0.00128492 -0.00618666 0.00889124 0.0471036 0.107175 -0.0172301 -0.0152664 0.0207793 -0.0194808 0.00759457 -0.0704778 -0.0764609
internal_weight=128811 112757 109882 55432 54450 2875 876 16054 15483 1999 13073 2410 571 546
internal_count=128811 112757 109882 55432 54450 2875 876 16054 15483 1999 13073 2410 571 546
is_linear=0
shrinkage=0.01


Tree=380
num_leaves=15
num_cat=0
split_feature=6 2 7 25 8 1 44 7 8 9 1 17 24 23
split_gain=54146.7 71449.4 64025 62822.4 56170 79644.3 55595.7 136044 59585.9 36610.7 41510.9 36234.1 34255.1 31756.2
threshold=6.7102676500000014 18.525000000000002 1002.8996150000002 76.96030851341628 0.37940952255126054 -118.99998249999999 1.0000000180025095e-35 1004.4999700000002 -0.37940952255126059 -0.37940952255126015 -118.21337597412109 0.012281360312121755 26.306508450878827 113.5849381529851
decision_type=2 2 2 2 2 2 2 2 2 2 2 2 2 2
left_child=6 2 3 -2 5 -3 9 13 -9 -1 -11 -4 -6 -8
right_child=1 4 11 -5 12 -7 7 8 -10 10 -12 -13 -14 -15
leaf_value=-0.0075918413099016662 -0.028733479890989174 -0.02113984727305223 -0.00023433912349106963 -0.11913005705009429 0.02067605931164887 0.015274614165256321 -0.015642639138867639 0.079633690513041672 0.024485653367518949 0.0042143029484034847 0.039986586540423752 -0.027252631699505904 0.18516924215015024 0.12899511352945597
leaf_weight=20923 10120 12931 20141 832 11564 11216 5635 3934 3903 16716 4025 6587 128 156
leaf_count=20923 10120 12931 20141 832 11564 11216 5635 3934 3903 16716 4025 6587 128 156
internal_value=-5.4429e-13 -0.00562265 -0.015237 -0.0356007 0.00448563 -0.00422575 0.00747616 0.0250091 0.0521687 0.00174127 0.0111563 -0.00689288 0.0224769 -0.0117463
internal_weight=128811 73519 37680 10952 35839 24147 55292 13628 7837 41664 20741 26728 11692 5791
internal_count=128811 73519 37680 10952 35839 24147 55292 13628 7837 41664 20741 26728 11692 5791
is_linear=0
shrinkage=0.01


Tree=381
num_leaves=15
num_cat=0
split_feature=31 47 18 10 9 10 7 28 7 0 2 23 23 12
split_gain=53327.3 48289.9 59777.5 61814.7 45635.4 48596.5 38559.9 26791.5 27529.6 27532.1 25317.2 21523.3 15316 20918.6
threshold=31.1299112801014 1.0000000180025095e-35 0.29702520451539011 0.25000000000000011 -0.12940952255126037 0.68301270189221941 1009.1001500000001 54.358470637938332 1008.4000500000001 37.042691525878915 8.2750000000000021 94.227253186082507 134.29704288063743 1.0000000180025095e-35
decision_type=2 2 2 2 2 2 2 2 2 2 2 2 2 2
left_child=7 2 10 -4 6 -6 -3 8 11 -10 -2 -1 -9 -14
right_child=1 4 3 -5 5 -7 -8 12 9 -11 -12 -13 13 -15
leaf_value=-0.011224449274050466 0.057268079397095405 -0.008551157139316529 0.0047383050913135469 -0.014080186201383576 0.024396017066426117 0.087066487171647652 0.078125978660972234 -0.029743274432837041 0.031658657602183338 -0.0097783650382697335 0.016474714932877822 -0.089999504175226563 -0.0097604806248734639 0.36703042460524515
leaf_weight=17154 2108 4779 51871 26308 4956 1649 575 7109 3279 3138 5467 354 41 23
leaf_count=17154 2108 4779 51871 26308 4956 1649 575 7109 3279 3138 5467 354 41 23
internal_value=1.53776e-11 0.00362985 0.00100459 -0.0015943 0.0224547 0.0400423 0.00075765 -0.0114053 -0.00632308 0.0113954 0.0278268 -0.0128172 -0.0283568 0.125649
internal_weight=128811 97713 85754 78179 11959 6605 5354 31098 23925 6417 7575 17508 7173 64
internal_count=128811 97713 85754 78179 11959 6605 5354 31098 23925 6417 7575 17508 7173 64
is_linear=0
shrinkage=0.01


Tree=382
num_leaves=15
num_cat=0
split_feature=9 14 0 22 7 47 10 44 16 2 17 31 23 17
split_gain=52929 61543.2 54445.1 51782.3 42685 34673.2 34575.5 44869.8 38490.8 23902.9 23081.3 22188 17973 12423.6
threshold=-0.60355339059327384 6.1529304970907202 36.742692288818368 82.306590621039291 996.00080000000014 1.0000000180025095e-35 0.68301270189221941 1.0000000180025095e-35 0.34902569499999997 9.5750000000000011 0.013436250959373676 22.847222222222225 51.134382481340658 0.0042800975527503326
decision_type=2 2 2 2 2 2 2 2 2 2 2 2 2 2
left_child=6 3 10 5 -5 -2 8 -8 9 -1 -3 -10 -4 -9
right_child=1 2 12 4 -6 -7 7 13 11 -11 -12 -13 -14 -15
leaf_value=0.049478902529015337 0.0017243317412461187 0.011997174560995203 -0.034829704221579182 -0.11864401801743292 0.034204626760561185 0.023412110541732378 -0.014100177236408192 -0.0053654867542652987 -0.033608003760133787 -0.0030960931510388774 -0.037145269196946176 -0.0057200584068263418 -0.08212409214955789 -0.077042268745992654
leaf_weight=1945 66286 3773 2240 187 7956 8294 5799 278 3260 1557 1280 22845 1253 1858
leaf_count=1945 66286 3773 2240 187 7956 8294 5799 278 3260 1557 1280 22845 1253 1858
internal_value=9.91418e-12 0.00411119 -0.021437 0.00675054 0.0306945 0.00413622 -0.00999478 -0.0285322 -0.00502655 0.0261039 -0.000451337 -0.00920271 -0.051795 -0.0677135
internal_weight=128811 91269 8546 82723 8143 74580 37542 7935 29607 3502 5053 26105 3493 2136
internal_count=128811 91269 8546 82723 8143 74580 37542 7935 29607 3502 5053 26105 3493 2136
is_linear=0
shrinkage=0.01


Tree=383
num_leaves=15
num_cat=0
split_feature=17 11 44 8 19 35 25 8 0 14 23 13 23 33
split_gain=52278.2 70863.5 139320 88000.2 53972.6 52360.5 48843.1 42628.3 92182.3 39359.4 37551.9 28613.6 24403.8 18664.3
threshold=0.0067690499763860563 0.6830127018922193 1.0000000180025095e-35 -0.37940952255126059 0.76206393309252707 73.184410646387846 96.754625870161973 0.37940952255126054 35.400001525878913 -14.400502499874063 118.64924896394045 -7.8823039888651101 13.22916666666667 117.04868809525199
decision_type=2 2 2 2 2 2 2 2 2 2 2 2 2 2
left_child=1 10 6 -4 5 11 -3 8 -6 -9 12 -2 -1 -7
right_child=4 2 3 -5 7 13 -8 9 -10 -11 -12 -13 -14 -15
leaf_value=-0.086286835801836687 -0.032140869249807295 0.0093221953098397287 0.10403131693685587 0.028155610797852365 0.015607210748958582 -0.036389734634656577 -0.07173330230874761 -0.071414738732700545 -0.021315217129649917 0.020908120850542826 0.097847722513321064 -0.0020112896766228466 -0.0014038845326279099 0.072184878161975316
leaf_weight=342 3764 13143 2742 3454 12233 9538 788 480 15119 12162 379 19386 35120 161
leaf_count=342 3764 13143 2742 3454 12233 9538 788 480 15119 12162 379 19386 35120 161
internal_value=8.46105e-12 0.00726788 0.0222835 0.0617339 -0.00558419 -0.0150821 0.00473733 0.00221693 -0.00480191 0.0174027 -0.00116432 -0.00691011 -0.00222251 -0.0345874
internal_weight=128811 55968 20127 6196 72843 32849 13931 39994 27352 12642 35841 23150 35462 9699
internal_count=128811 55968 20127 6196 72843 32849 13931 39994 27352 12642 35841 23150 35462 9699
is_linear=0
shrinkage=0.01


Tree=384
num_leaves=15
num_cat=0
split_feature=5 7 44 0 13 7 13 2 0 25 22 7 25 41
split_gain=52839.2 76775.3 114020 108022 76771.7 64384.4 63853.6 55811 47238.2 79631.1 48398.1 30237.3 27282.4 42069.7
threshold=1.5000000000000002 1006.3000500000002 1.0000000180025095e-35 37.042691525878915 -4.1390109896051657 1009.4003500000001 0.34380600738314443 14.125000000000002 34.083213737060554 105.31342336493213 107.03266331658294 1017.5164800000001 99.401522576849942 101.54308854156716
decision_type=2 2 2 2 2 2 2 2 2 2 2 2 2 2
left_child=6 2 7 5 -4 -3 12 -2 9 -8 -10 -5 -1 -14
right_child=1 3 4 11 -6 -7 8 -9 10 -11 -12 -13 13 -15
leaf_value=0.019607216758712596 -0.023632130003244642 0.0051740270877364304 -0.088654037013887785 -0.026820206481395364 -0.026844559132806336 0.041253957314422357 -0.026487190215843174 0.0048764508557722673 0.0019068678586522691 -0.42388386745078893 0.091388460616777065 0.020314862375197876 0.12517038941437614 -0.085627630155870757
leaf_weight=19482 9825 11825 2502 8711 10209 8502 4462 22809 27571 51 618 1613 515 116
leaf_count=19482 9825 11825 2502 8711 10209 8502 4462 22809 27571 51 618 1613 515 116
internal_value=-3.20303e-14 -0.00533931 -0.013603 0.00688594 -0.039011 0.0202649 0.00768278 -0.00370652 -0.000940358 -0.030978 0.00386861 -0.0194559 0.0217033 0.0864183
internal_weight=128811 75996 45345 30651 12711 20327 52815 32634 32702 4513 28189 10324 20113 631
internal_count=128811 75996 45345 30651 12711 20327 52815 32634 32702 4513 28189 10324 20113 631
is_linear=0
shrinkage=0.01


Tree=385
num_leaves=15
num_cat=0
split_feature=5 7 44 0 7 11 22 2 39 26 8 7 45 25
split_gain=51787.7 75396.3 93772.6 71213.5 111572 58177.4 45292 42808.9 41378.1 49542.4 36704.4 40523.1 39293.3 32199.5
threshold=1.5000000000000002 1003.2004000000001 1.0000000180025095e-35 37.042691525878915 1009.4003500000001 -0.5 74.692648922686956 12.925000000000002 85.529784537389119 41.784708920842498 0.37940952255126054 1004.1998850000001 1.0000000180025095e-35 64.648817068018602
decision_type=2 2 2 2 2 2 2 2 2 2 2 2 2 2
left_child=6 2 7 4 -3 -4 10 -2 9 -8 12 -12 -1 -5
right_child=1 3 5 13 -6 -7 8 -9 -10 -11 11 -13 -14 -15
leaf_value=0.0025081834778943593 -0.037882891452793097 -0.00049294216478720527 -0.014688902916998044 -0.017113391377324035 0.040841417712529825 -0.067651026361073563 0.042627119338763605 0.00070020301235378536 -0.020503559364548993 0.329420273782777 0.027724065487441885 -0.0018260071423285673 -0.028557544372563588 -0.12971485628474219
leaf_weight=22920 3502 28159 3523 10928 8502 5043 4795 16079 1149 61 10804 8135 4951 260
leaf_count=22920 3502 28159 3523 10928 8502 5043 4795 16079 1149 61 10804 8135 4951 260
internal_value=1.23378e-11 -0.00528592 -0.0182727 0.00235349 0.00909285 -0.0458689 0.00760595 -0.00620026 0.033461 0.0462298 0.00428916 0.0150312 -0.00301033 -0.0197302
internal_weight=128811 75996 28147 47849 36661 8566 52815 19581 6005 4856 46810 18939 27871 11188
internal_count=128811 75996 28147 47849 36661 8566 52815 19581 6005 4856 46810 18939 27871 11188
is_linear=0
shrinkage=0.01


Tree=386
num_leaves=15
num_cat=0
split_feature=9 6 44 31 2 20 5 27 25 14 0 33 1 11
split_gain=51261.7 58069.6 71343.3 56585.8 51224.4 38535.3 37236.2 34495.5 16386.9 12547.9 24947.9 11387.4 7232.54 3937.28
threshold=-0.9159756150367534 13.60318975 1.0000000180025095e-35 62.939480354879606 22.125000000000004 158.46566523605151 2.5000000000000004 61.248134065624576 20.904414871144912 -2.8800826500913463 35.400001525878913 52.678284748626965 -119.7866065258789 0.93301270189221952
decision_type=2 2 2 2 2 2 2 2 2 2 2 2 2 2
left_child=8 3 4 6 -3 -5 -2 -4 12 10 -10 -11 -1 -14
right_child=1 2 7 5 -6 -7 -8 -9 9 11 -12 -13 13 -15
leaf_value=-0.009392169085805287 0.010355460191508075 -0.020218976371762794 -0.033282338898485746 0.020597261846374955 0.016862228402387418 0.13011544975929146 -0.0037873507964404215 -0.10377507340004348 -0.099005987881672669 -0.017370364617153425 -0.020861013197053482 0.0031812703631592006 -0.094471438925602988 0.0091629480123519898
leaf_weight=167 32150 7407 4650 15687 7495 328 44224 816 459 6739 3716 4494 439 40
leaf_count=167 32150 7407 4650 15687 7495 328 44224 816 459 6739 3716 4494 439 40
internal_value=-1.4501e-11 0.00238034 -0.0129037 0.00574986 -0.00156889 0.0228403 0.00216613 -0.043806 -0.0167186 -0.0146499 -0.0294523 -0.00914825 -0.0660603 -0.0858172
internal_weight=128811 112757 20368 92389 14902 16015 76374 5466 16054 15408 4175 11233 646 479
internal_count=128811 112757 20368 92389 14902 16015 76374 5466 16054 15408 4175 11233 646 479
is_linear=0
shrinkage=0.01


Tree=387
num_leaves=15
num_cat=0
split_feature=22 6 9 2 23 35 2 11 8 23 19 23 37 35
split_gain=50797.6 44674.9 43548.9 45908.2 28409.4 27426.1 22172.1 21679.2 39993.2 20448.5 15384.2 7391.14 7237.03 5164.12
threshold=22.291666666666668 18.435725000000001 -0.78656609248549325 5.7750000000000012 84.319077962690528 83.054779070680851 24.975000000000005 0.6830127018922193 -0.25881904510252113 23.56481481481482 0.034310194543789703 118.64924896394045 83.640391927464194 110.11118596485532
decision_type=2 2 2 2 2 2 2 2 2 2 2 2 2 2
left_child=5 2 10 -4 6 7 -3 9 -9 -1 -2 -6 13 -7
right_child=1 4 3 -5 11 12 -8 8 -10 -11 -12 -13 -14 -15
leaf_value=-0.047222827431181676 0.015461105282768119 -0.034955769493702889 0.051125553637076417 0.0055484089545098569 -0.1276098770308263 -0.052702616128020185 0.0058837469137995729 0.06069653602542751 -0.015163100760172108 -0.012130446685884998 -0.011495356643085083 -0.30372985716789003 0.075200799491844675 -0.096301294736067453
leaf_weight=2416 2359 3922 2269 85019 103 986 2011 990 2332 5310 20650 31 38 375
leaf_count=2416 2359 3922 2269 85019 103 986 2011 990 2332 5310 20650 31 38 375
internal_value=8.07707e-12 0.00205385 0.00350706 0.00673316 -0.0243652 -0.0192009 -0.0211131 -0.0139187 0.00744408 -0.0231042 -0.00873164 -0.168354 -0.060915 -0.0647155
internal_weight=128811 116364 110297 87288 6067 12447 5933 11048 3322 7726 23009 134 1399 1361
internal_count=128811 116364 110297 87288 6067 12447 5933 11048 3322 7726 23009 134 1399 1361
is_linear=0
shrinkage=0.01


Tree=388
num_leaves=15
num_cat=0
split_feature=6 5 20 1 13 15 1 7 25 37 26 13 25 26
split_gain=50065.6 64372.5 47487.9 42375.3 84998.8 53983.4 40382.8 77744.7 41463.7 38681.5 50396.8 37339.6 32452.9 22208.5
threshold=6.7102676500000014 2.5000000000000004 153.20815450643781 -118.99998249999999 -2.4842660224793458 0.58913187250956056 -120.84999847412108 1009.1001500000001 66.574575763976924 141.75125628140708 41.784708920842498 -4.5000007322669093 84.761484864117818 17.706174319467461
decision_type=2 2 2 2 2 2 2 2 2 2 2 2 2 2
left_child=2 9 6 4 -3 -5 8 -8 -1 11 -11 -2 -4 -14
right_child=1 3 12 5 -6 -7 7 -9 -10 10 -12 -13 13 -15
leaf_value=-0.010831436767513814 0.022070757217696472 -0.05028717400998671 -0.23116965073805587 -0.0086133847663275535 -0.0093707412527473961 0.04637681946077285 0.0036727510194740909 0.036443744600516192 -0.17144060141429671 0.076829140934730047 0.52943132120150105 -0.002355955588112905 0.27597104810005013 0.095081751756601454
leaf_weight=8090 8328 7573 26 14699 15405 2032 37641 8963 164 277 27 25178 86 322
leaf_count=8090 8328 7573 26 14699 15405 2032 37641 8963 164 277 27 25178 86 322
internal_value=-3.18992e-11 -0.0054066 0.00718889 -0.0140409 -0.0228558 -0.00193476 0.00636459 0.00997535 -0.0140226 0.0047342 0.117027 0.00371536 0.111381 0.13321
internal_weight=128811 73519 55292 39709 22978 16731 54858 46604 8254 33810 304 33506 434 408
internal_count=128811 73519 55292 39709 22978 16731 54858 46604 8254 33810 304 33506 434 408
is_linear=0
shrinkage=0.01


Tree=389
num_leaves=15
num_cat=0
split_feature=31 1 18 5 9 31 14 44 9 29 6 39 43 30
split_gain=49759.3 49173 59368.6 61014.4 38924.8 34345.4 26017.1 25565.2 24110.6 26676.8 21509.7 16518.7 16613.7 13663
threshold=23.923611111111118 -118.21337597412109 0.29702520451539011 99.500000000000014 -0.12940952255126037 64.940008449514167 -2.5883773669708243 1.0000000180025095e-35 -0.12940952255126037 32.800925925925931 5.3999998000000007 63.079267004647242 1.0000000180025095e-35 41.666772285593588
decision_type=2 2 2 2 2 2 2 2 2 2 2 2 2 2
left_child=8 2 7 -4 6 -6 -3 -2 11 13 -11 12 -1 -10
right_child=1 4 3 -5 5 -7 -8 -9 9 10 -12 -13 -14 -15
leaf_value=-0.03703013105393841 0.01472000693980424 -0.075846249584740164 0.00083670931829181981 -0.022818577790423077 0.028864065465201257 0.11106045738626749 0.0067112042307202868 0.054107250041036836 0.045407306556566197 0.027636973629855528 -0.022440466063615827 -0.057693310312098546 -0.0061031228812848375 -0.0086366708487224976
leaf_weight=3430 6166 407 76364 12720 7372 546 6146 2249 1375 1025 5256 1527 3519 709
leaf_count=3430 6166 407 76364 12720 7372 546 6146 2249 1375 1025 5256 1527 3519 709
internal_value=-1.22093e-11 0.00241043 -0.000142638 -0.00254095 0.0196118 0.0345321 0.00158365 0.0252467 -0.0160261 -0.00398177 -0.0142683 -0.0279127 -0.0213686 0.0270209
internal_weight=128811 111970 97499 89084 14471 7918 6553 8415 16841 8365 6281 8476 6949 2084
internal_count=128811 111970 97499 89084 14471 7918 6553 8415 16841 8365 6281 8476 6949 2084
is_linear=0
shrinkage=0.01


Tree=390
num_leaves=15
num_cat=0
split_feature=9 6 44 31 2 23 5 27 20 45 18 5 40 27
split_gain=49268.5 55977 69153.5 54538.2 48949.4 41405.2 35882.7 33855.8 15855.9 12501.3 12407.2 8592.98 4394.81 4481.44
threshold=-0.9159756150367534 13.60318975 1.0000000180025095e-35 62.939480354879606 22.125000000000004 125.67572371516049 2.5000000000000004 61.248134065624576 10.092592592592597 1.0000000180025095e-35 0.21938838768364508 86.500000000000014 84.728050900892313 8.4375000000000018
decision_type=2 2 2 2 2 2 2 2 2 2 2 2 2 2
left_child=8 3 4 6 -3 -5 -2 -4 12 10 -10 -11 13 -1
right_child=1 2 7 5 -6 -7 -8 -9 9 11 -12 -13 -14 -15
leaf_value=-0.094586088769344254 0.010162686315813475 -0.019744240108112036 -0.032671223222331139 0.018789338413013321 0.016504156367885981 0.093626344189901234 -0.0037207185350888682 -0.10250731997821917 0.0013354705755394597 -0.0040294511434879367 -0.022908970927148557 0.041294660477511645 0.061511097240448002 -0.03405680105452602
leaf_weight=361 32150 7407 4650 15238 7495 777 44224 816 2631 1611 10676 565 25 185
leaf_count=361 32150 7407 4650 15238 7495 777 44224 816 2631 1611 10676 565 25 185
internal_value=-6.40498e-12 0.00233361 -0.0126725 0.00564185 -0.00151301 0.0224202 0.00212357 -0.0430968 -0.0163904 -0.0144819 -0.0181155 0.00773899 -0.0681406 -0.0740771
internal_weight=128811 112757 20368 92389 14902 16015 76374 5466 16054 15483 13307 2176 571 546
internal_count=128811 112757 20368 92389 14902 16015 76374 5466 16054 15483 13307 2176 571 546
is_linear=0
shrinkage=0.01


Tree=391
num_leaves=15
num_cat=0
split_feature=22 15 5 17 7 33 1 25 35 11 26 23 28 12
split_gain=48891 47853 56693.7 47092.1 42164.4 43171 38209.2 28197.5 26767.4 21253.3 29223.9 19885.5 7170.78 7186.84
threshold=22.291666666666668 0.083870966614637568 13.500000000000002 0.005783379354129199 1003.0992000000001 63.869828122445789 -119.7866065258789 137.5206775108492 83.054779070680851 0.6830127018922193 37.270266843339535 23.56481481481482 85.048479087452492 1.0000000180025095e-35
decision_type=2 2 2 2 2 2 2 2 2 2 2 2 2 2
left_child=8 4 6 -4 5 -2 -3 -6 9 11 -11 -1 13 -10
right_child=1 2 3 -5 7 -7 -8 -9 12 10 -12 -13 -14 -15
leaf_value=-0.046497829207369529 0.00049097908249536113 -0.0063236018646773582 0.0046992532614589964 -0.014857607316168061 0.033958928280543248 -0.17549972846549242 0.012117860242659664 0.35199792104107991 -0.048883649868056475 0.0051114280602557825 0.37079101519151164 -0.011891927050364832 0.11506618931889534 -0.10004133747915164
leaf_weight=2416 539 15310 20205 31521 6361 188 42212 28 997 3300 22 5310 23 379
leaf_count=2416 539 15310 20205 31521 6361 188 42212 28 997 3300 22 5310 23 379
internal_value=5.95696e-12 0.00201494 0.000378282 -0.00721839 0.0271416 -0.0450197 0.0072095 0.0353527 -0.0188371 -0.0136187 0.00753315 -0.0227136 -0.0600473 -0.0629743
internal_weight=128811 116364 109248 51726 7116 727 57522 6389 12447 11048 3322 7726 1399 1376
internal_count=128811 116364 109248 51726 7116 727 57522 6389 12447 11048 3322 7726 1399 1376
is_linear=0
shrinkage=0.01


Tree=392
num_leaves=15
num_cat=0
split_feature=17 44 4 8 1 7 25 2 34 42 20 39 22 28
split_gain=48440.8 54378.7 45947.1 50495.8 50336.6 108039 46683.9 40941.7 38533.9 33332.6 26457.2 20329.6 14445.6 13680.1
threshold=0.015173961901385606 1.0000000180025095e-35 1.0000000180025095e-35 0.25881904510252091 -120.84999847412108 1008.0000500000001 65.340638642444745 22.825000000000006 55.122148288973392 1.0000000180025095e-35 61.265779467680623 28.950617283950621 89.962452471482905 72.728612167300398
decision_type=2 2 2 2 2 2 2 2 2 2 2 2 2 2
left_child=2 7 4 9 6 -6 -1 8 -2 -4 12 -12 -3 -5
right_child=1 10 3 13 5 -7 -8 -9 -10 -11 11 -13 -14 -15
leaf_value=-0.011519195978268152 -0.0048633820239619039 -0.040331302261303152 0.030289913198468379 -0.055309767458161928 0.00098772723301798738 0.02770590486743555 -0.13608809643533903 0.014591004754344479 -0.057957858318031283 -0.028680115152583938 0.19410499061856951 -0.12298253932296682 0.10790224192747429 -0.18233210452832282
leaf_weight=12957 3951 3501 1772 2322 74683 18981 308 5438 2090 2088 21 544 67 88
leaf_count=12957 3951 3501 1772 2322 74683 18981 308 5438 2090 2088 21 544 67 88
internal_value=-1.94938e-12 -0.0165128 0.00227739 -0.0240327 0.00382013 0.00640216 -0.0144116 -0.00531416 -0.0232324 -0.0016089 -0.047616 -0.111197 -0.0375478 -0.0599479
internal_weight=128811 15612 113199 6270 106929 93664 13265 11479 6041 3860 4133 565 3568 2410
internal_count=128811 15612 113199 6270 106929 93664 13265 11479 6041 3860 4133 565 3568 2410
is_linear=0
shrinkage=0.01


Tree=393
num_leaves=15
num_cat=0
split_feature=31 1 10 7 1 41 11 34 19 27 44 7 7 7
split_gain=48335.6 50081.6 63239.9 70950.9 53127.6 50136.1 50526.5 21738.9 15255.7 11834.4 13206.9 10909.1 10030.9 6495.84
threshold=16.805555555555561 -118.21337597412109 0.25000000000000011 1010.7002000000001 -119.7866065258789 92.397075682595499 -0.5 56.60209829601466 0.55253835891402925 51.77629911280102 1.0000000180025095e-35 1002.8996150000002 1001.8003300000001 1001.8999500000001
decision_type=2 2 2 2 2 2 2 2 2 2 2 2 2 2
left_child=7 2 4 -4 -2 6 -3 8 13 12 -11 -10 -9 -1
right_child=1 5 3 -5 -6 -7 -8 9 11 10 -12 -13 -14 -15
leaf_value=-0.045842437767213272 -0.0093677322606239462 -0.0054868384351284905 -0.018975310282461175 0.013884758076524211 0.010206184387516179 -0.47053930997848514 0.031386575751167774 -0.07821892030671676 -0.021883374299397094 -0.067099389421109851 -0.18792525642626995 0.038323489993078573 -0.022533132762300959 -0.015403226769982539
leaf_weight=1018 19352 5739 28940 8501 48918 21 10543 443 481 489 111 804 1199 2252
leaf_count=1018 19352 5739 28940 8501 48918 21 10543 443 481 489 111 804 1199 2252
internal_value=5.17135e-12 0.00144581 -0.00107018 -0.0115144 0.00465771 0.0177598 0.0183896 -0.025954 -0.0134071 -0.0514449 -0.0894522 0.0157869 -0.0375568 -0.0248794
internal_weight=128811 122014 105711 37441 68270 16303 16282 6797 4555 2242 600 1285 1642 3270
internal_count=128811 122014 105711 37441 68270 16303 16282 6797 4555 2242 600 1285 1642 3270
is_linear=0
shrinkage=0.01


Tree=394
num_leaves=15
num_cat=0
split_feature=9 1 18 5 41 23 16 4 22 13 15 29 44 29
split_gain=48709.4 54983 51585.7 61940.1 49264 31666.1 30466.8 29415.8 28278.1 16128.7 11472.3 10285.9 9342.17 4035.72
threshold=-0.60355339059327384 -118.21337597412109 0.50430557917304564 98.500000000000014 87.006017094343733 36.298545099281796 0.11918019250000005 1.0000000180025095e-35 22.844444444444441 12.959994513297501 0.092310555194925009 29.449926900584796 1.0000000180025095e-35 80.716730038022831
decision_type=2 2 2 2 2 2 2 2 2 2 2 2 2 2
left_child=6 2 7 -4 5 -3 10 -2 12 -10 11 -1 -8 -12
right_child=1 4 3 -5 -6 -7 8 -9 9 -11 13 -13 -14 -15
leaf_value=0.0029936276433559566 0.034302643773679496 0.11483591590106487 0.0024724194007364935 -0.022787331824085405 -0.46040993281773163 0.021517915751350564 -0.021429146067909827 -0.041624665910636904 -0.0077011121814663701 -0.072095770854692015 0.0050968957710298803 0.061921026750239999 -0.050542445646038922 -0.067815869525972627
leaf_weight=429 5963 375 60803 11552 21 11997 2265 558 30378 394 889 957 2147 83
leaf_count=429 5963 375 60803 11552 21 11997 2265 558 30378 394 889 957 2147 83
internal_value=1.39407e-11 0.00394391 0.000867328 -0.00156048 0.023525 0.0243464 -0.00958811 0.0278056 -0.0119202 -0.00852561 0.02521 0.0436816 -0.0355965 -0.00112919
internal_weight=128811 91269 78876 72355 12393 12372 37542 6521 35184 30772 2358 1386 4412 972
internal_count=128811 91269 78876 72355 12393 12372 37542 6521 35184 30772 2358 1386 4412 972
is_linear=0
shrinkage=0.01


Tree=395
num_leaves=15
num_cat=0
split_feature=9 17 2 15 5 34 0 5 25 18 15 26 1 10
split_gain=47764 53766.6 48343.2 48211.4 52222.1 48203.7 18991.3 16627.4 15379 12308.1 12239.8 11082.7 7041.19 5858.02
threshold=-0.9159756150367534 0.015173961901385606 22.525000000000002 0.059757691166234125 1.5000000000000002 54.916666666666679 35.400001525878913 83.500000000000014 20.904414871144912 0.21938838768364508 0.079526384856204738 11.645441212875143 -119.7866065258789 0.68301270189221941
decision_type=2 2 2 2 2 2 2 2 2 2 2 2 2 2
left_child=8 3 5 7 -5 -3 -4 -2 12 10 -10 -11 -1 -14
right_child=1 2 6 4 -6 -7 -8 -9 9 11 -12 -13 13 -15
leaf_value=-0.0080249048156028034 0.028033586358026774 -0.013172712122019732 0.019917520734160112 0.012580221153396895 -0.0024674724000604349 -0.064054785707484671 -0.013106983707386203 0.078889366097558214 0.045591985229945918 -0.010271824249777392 -0.0058890943185021406 -0.029235595740139134 -0.048968573365467963 -0.11891797904019891
leaf_weight=167 1869 4965 3575 39427 55567 2979 3395 980 583 7234 2222 5369 243 236
leaf_count=167 1869 4965 3575 39427 55567 2979 3395 980 583 7234 2222 5369 243 236
internal_value=8.11538e-12 0.0022977 -0.0153892 0.00499368 0.00377803 -0.0322535 0.0038317 0.045527 -0.0161382 -0.0141341 0.00481089 -0.0183506 -0.0639383 -0.0834322
internal_weight=128811 112757 14914 97843 94994 7944 6970 2849 16054 15408 2805 12603 646 479
internal_count=128811 112757 14914 97843 94994 7944 6970 2849 16054 15408 2805 12603 646 479
is_linear=0
shrinkage=0.01


Tree=396
num_leaves=15
num_cat=0
split_feature=31 1 10 7 1 11 31 34 8 25 3 42 12 3
split_gain=47015.5 49038.7 60320.4 68144.4 51917.3 48148.1 39099.1 25353.1 19456 15058.2 12762.9 11637.1 10718.9 10301.1
threshold=17.361111111111118 -118.21337597412109 0.25000000000000011 1010.7002000000001 -119.7866065258789 -0.5 48.211660329531064 56.60209829601466 1.0000000180025095e-35 113.90453654521023 48.000978500000009 1.0000000180025095e-35 1.0000000180025095e-35 94.502100000000013
decision_type=2 2 2 2 2 2 2 2 2 2 2 2 2 2
left_child=7 2 4 -4 -2 10 -7 8 12 11 -3 -9 -1 -11
right_child=1 5 3 -5 -6 6 -8 9 -10 13 -12 -13 -14 -15
leaf_value=0.028165303846028722 -0.0093134253453146434 0.024501732386897613 -0.018573621986773738 0.013706992500042141 0.010084148106002984 0.013881649051792457 0.052970779984875427 -0.026959278098564514 -0.027066706777804223 -0.2470835443432369 -0.013069476072977246 -0.072360241865150929 -0.025862928276691965 0.0042613079771399503
leaf_weight=1375 19242 1126 28773 8463 48770 6051 4434 1312 3099 63 4589 991 501 22
leaf_count=1375 19242 1126 28773 8463 48770 6051 4434 1312 3099 63 4589 991 501 22
internal_value=7.12027e-12 0.00148757 -0.00100545 -0.0112369 0.00459617 0.0176842 0.030412 -0.0245364 -0.0116804 -0.05132 -0.00566699 -0.0464957 0.0137367 -0.18203
internal_weight=128811 121448 105248 37236 68012 16200 10485 7363 4975 2388 5715 2303 1876 85
internal_count=128811 121448 105248 37236 68012 16200 10485 7363 4975 2388 5715 2303 1876 85
is_linear=0
shrinkage=0.01


Tree=397
num_leaves=15
num_cat=0
split_feature=9 14 0 22 7 10 44 15 1 8 23 7 23 25
split_gain=47167.3 54452 50402.9 46449.6 41247 31761.2 42240.5 35599.6 30345.5 30262.3 21865 19020.5 18599.7 12398.9
threshold=-0.60355339059327384 6.1529304970907202 36.742692288818368 82.306590621039291 996.00080000000014 0.68301270189221941 1.0000000180025095e-35 0.090274921138307179 -118.21337597412109 -0.25881904510252113 108.64166102866106 1011.00003 51.134382481340658 16.966276756794823
decision_type=2 2 2 2 2 2 2 2 2 2 2 2 2 2
left_child=5 3 10 8 -5 7 -7 9 -2 -1 -3 -9 -4 -8
right_child=1 2 12 4 -6 6 13 11 -10 -11 -12 -13 -14 -15
leaf_value=0.064099853741433857 0.0016312146787856741 0.0032579042909849955 -0.032101067904620452 -0.1177602968767365 0.032491674912850869 -0.01319927733130688 -0.12250786823072585 -0.0063841352069700817 0.021920437295640988 0.0045025907334500992 -0.13448360718407873 -0.037590233469786787 -0.080212989830674361 -0.055085889955607988
leaf_weight=1244 66286 4935 2240 187 7956 5799 321 23529 8294 2704 118 2130 1253 1815
leaf_count=1244 66286 4935 2240 187 7956 5799 321 23529 8294 2704 118 2130 1253 1815
internal_value=3.79811e-12 0.00388098 -0.0201503 0.00636362 0.0290412 -0.00943511 -0.0272021 -0.00467336 0.00388757 0.0232815 4.13006e-05 -0.00897461 -0.0493597 -0.0652181
internal_weight=128811 91269 8546 82723 8143 37542 7935 29607 74580 3948 5053 25659 3493 2136
internal_count=128811 91269 8546 82723 8143 37542 7935 29607 74580 3948 5053 25659 3493 2136
is_linear=0
shrinkage=0.01


Tree=398
num_leaves=15
num_cat=0
split_feature=9 14 13 13 0 1 44 10 44 16 44 35 17 9
split_gain=46228.6 53368.4 82454 59609.3 62073 39546.3 39423.9 31129.2 41399.9 34150.2 20682.2 14762.6 11710 11689.2
threshold=-0.60355339059327384 6.1529304970907202 -2.5883773669708261 2.139953036737503 34.083213737060554 -119.7866065258789 1.0000000180025095e-35 0.68301270189221941 1.0000000180025095e-35 0.34902569499999997 1.0000000180025095e-35 83.054779070680851 0.0042800975527503326 0.91597561503675351
decision_type=2 2 2 2 2 2 2 2 2 2 2 2 2 2
left_child=7 3 6 5 -5 -2 -3 9 -9 10 -1 -11 -10 -4
right_child=1 2 13 4 -6 -7 -8 8 12 11 -12 -13 -14 -15
leaf_value=0.0050043566260872764 -0.0065368371470684349 -0.027079277518773526 0.019799044642512531 -0.042542386166299462 0.0010605676457011474 0.018001180051253531 -0.087849142719796658 -0.013067284565328461 -0.0040349562704670343 -0.0052464307086017795 0.054687531095834165 -0.025625247870496359 -0.073622787401654816 -0.051508271199295193
leaf_weight=2114 7920 3184 3510 3627 32704 38472 1606 5799 278 21860 1388 4245 1858 246
leaf_count=2114 7920 3184 3510 3627 32704 38472 1606 5799 278 21860 1388 4245 1858 246
internal_value=-1.49228e-11 0.00384217 -0.0199488 0.00629998 -0.00329241 0.0138121 -0.0474543 -0.00934076 -0.0269301 -0.00462663 0.024696 -0.00856028 -0.0645659 0.0151288
internal_weight=128811 91269 8546 82723 36331 46392 4790 37542 7935 29607 3502 26105 2136 3756
internal_count=128811 91269 8546 82723 36331 46392 4790 37542 7935 29607 3502 26105 2136 3756
is_linear=0
shrinkage=0.01


Tree=399
num_leaves=15
num_cat=0
split_feature=17 44 9 1 7 16 32 10 20 39 15 10 7 10
split_gain=46018.8 62682.9 51819.5 42194.9 75570.7 40857.9 33191 32146.6 31439.8 28462.5 27041.4 26579.8 24083 16065.4
threshold=0.014332720038542286 1.0000000180025095e-35 -0.60355339059327384 -119.7866065258789 1008.0000500000001 12.408381445000002 49.469933812139146 -0.5 61.265779467680623 27.708333333333339 0.059757691166234125 0.68301270189221941 1004.4003000000001 -0.24999999999999994
decision_type=2 2 2 2 2 2 2 2 2 2 2 2 2 2
left_child=2 5 10 7 -5 6 -2 -4 13 -10 12 -12 -1 -3
right_child=1 8 3 4 -6 -7 -8 -9 9 -11 11 -13 -14 -15
leaf_value=-0.058113913924740052 -0.0056727545133232376 -0.0061195961789924811 -0.022637741364924607 0.0058773264402721282 0.035379445185426038 0.015869831753478295 -0.052320628990776739 0.0040150479433754948 0.26533901166915891 -0.11737160434195922 -0.005852246468907793 -0.029119419381946149 0.031719625730233701 -0.047506296246347106
leaf_weight=337 5335 1366 6980 44437 10791 6101 2136 12868 20 685 26108 6047 2607 2993
leaf_count=337 5335 1366 6980 44437 10791 6101 2136 12868 20 685 26108 6047 2607 2993
internal_value=-1.09299e-11 -0.014533 0.00245825 0.00714748 0.0116417 -0.00333032 -0.0190096 -0.00535801 -0.0445574 -0.106515 -0.00757192 -0.0102278 0.0214364 -0.0345368
internal_weight=128811 18636 110175 75076 55228 13572 7471 19848 5064 705 35099 32155 2944 4359
internal_count=128811 18636 110175 75076 55228 13572 7471 19848 5064 705 35099 32155 2944 4359
is_linear=0
shrinkage=0.01


Tree=400
num_leaves=15
num_cat=0
split_feature=31 1 10 7 15 41 7 8 7 3 39 30 10 30
split_gain=45483.4 45900.1 59248.4 67168 53729.8 48423.3 47763.6 19892.9 20510.7 18053.2 17955.6 17098.9 14425.1 12392.4
threshold=16.805555555555561 -118.21337597412109 0.25000000000000011 1010.7002000000001 0.090274921138307179 92.397075682595499 1009.00003 -0.70710678118654735 1001.9000500000001 89.996685000000014 56.60209829601466 134.03472422847389 -0.5 162.91702432045784
decision_type=2 2 2 2 2 2 2 2 2 2 2 2 2 2
left_child=7 2 4 -4 -2 6 -3 11 10 -10 -9 12 -1 -13
right_child=1 5 3 -5 -6 -7 -8 8 9 -11 -12 13 -14 -15
leaf_value=0.095082163888419807 0.04168316542045078 0.011597448798704175 -0.018374695101003504 0.013597366719139891 0.0024192507227474703 -0.46286500488008769 0.066190900024715046 -0.037269425181556202 -0.0070028808039550011 -0.053844303490556411 -0.10498070329353672 -0.23780892225829039 0.004627261452557571 0.023227852097442075
leaf_weight=234 3684 14480 28940 8501 64586 21 1802 1094 2924 1145 610 44 715 31
leaf_count=234 3684 14480 28940 8501 64586 21 1802 1094 2924 1145 610 44 715 31
internal_value=1.48248e-12 0.0014025 -0.00100616 -0.0111154 0.00453802 0.0170206 0.0176395 -0.0251765 -0.0323816 -0.0201839 -0.0615088 0.0154435 0.0269312 -0.129914
internal_weight=128811 122014 105711 37441 68270 16303 16282 6797 5773 4069 1704 1024 949 75
internal_count=128811 122014 105711 37441 68270 16303 16282 6797 5773 4069 1704 1024 949 75
is_linear=0
shrinkage=0.01


Tree=401
num_leaves=15
num_cat=0
split_feature=22 15 8 5 13 7 7 1 20 8 7 4 26 26
split_gain=45292.7 44750.3 64266.3 52975.9 58633 44994.7 39990 21615.5 17534.6 13166.1 30391.9 13106.9 12160.8 11636.1
threshold=22.291666666666668 0.083870966614637568 -0.5 13.500000000000002 0.34380600738314443 1004.4999700000002 1003.0992000000001 -119.7866065258789 13.121693121693125 -0.25881904510252113 1005.2002000000001 1.0000000180025095e-35 2.6933358539801158 4.8646768834185563
decision_type=2 2 2 2 2 2 2 2 2 2 2 2 2 2
left_child=8 2 7 4 -3 -5 -4 -2 12 10 -10 -11 -1 -14
right_child=1 3 6 5 -6 -7 -8 -9 9 11 -12 -13 13 -15
leaf_value=-0.27511938343877379 0.034554621827588748 0.018700502923916611 -0.067253072338500114 -0.016717710721748366 -0.0017220053830677012 0.0019524090391356524 0.019418482172146229 0.11040859964968053 -0.028376667459988871 -0.016904873888574229 0.028755991155945147 -0.063808972932206123 0.060040296418409723 -0.04989609698500129
leaf_weight=23 601 24454 597 24766 33068 26960 4916 1002 1756 6209 1982 659 102 1716
leaf_count=23 601 24454 597 24766 33068 26960 4916 1002 1756 6209 1982 659 102 1716
internal_value=3.55702e-12 0.00193937 0.0262378 0.000356665 0.0069601 -0.0069867 0.0100329 0.0819693 -0.0181307 -0.0131857 0.00191679 -0.0214054 -0.0466189 -0.043728
internal_weight=128811 116364 7116 109248 57522 51726 5513 1603 12447 10606 3738 6868 1841 1818
internal_count=128811 116364 7116 109248 57522 51726 5513 1603 12447 10606 3738 6868 1841 1818
is_linear=0
shrinkage=0.01


Tree=402
num_leaves=15
num_cat=0
split_feature=6 11 8 2 7 25 8 13 23 47 15 6 7 23
split_gain=44848.8 62040.2 100122 59138.9 56247.2 61882.5 55327.4 52181.7 36352.5 31671.2 31021.3 28273.8 23180.6 22176.1
threshold=6.7102676500000014 0.6830127018922193 -0.25881904510252113 18.525000000000002 1002.8996150000002 76.96030851341628 0.37940952255126054 -4.312991559746659 118.64924896394045 1.0000000180025095e-35 0.096387015265890455 14.001514000000002 1001.6004750000001 13.22916666666667
decision_type=2 2 2 2 2 2 2 2 2 2 2 2 2 2
left_child=1 8 10 4 5 -2 7 -5 13 -6 -3 -8 -4 -1
right_child=3 2 12 6 9 -7 11 -9 -10 -11 -12 -13 -14 -15
leaf_value=-0.083008797904920009 -0.026135243518490645 0.086728274465200011 -0.060435002605120344 0.011344345868117382 -0.010137855439320234 -0.11585305356442824 0.030655035437126683 -0.018148448665540402 0.096694222495574106 0.022895859634986387 0.03741032434033819 -0.0057965975977073529 0.0042611121447586053 -0.0013767275072835727
leaf_weight=336 10120 1546 585 11120 23415 832 8895 13027 376 3313 7287 2797 10391 34771
leaf_count=336 10120 1546 585 11120 23415 832 8895 13027 376 3313 7287 2797 10391 34771
internal_value=-9.61235e-13 0.00680405 0.0209811 -0.00511717 -0.0138642 -0.0329509 0.00407915 -0.00456664 -0.00111051 -0.00604325 0.0460422 0.021935 0.000812932 -0.00215801
internal_weight=128811 55292 19809 73519 37680 10952 35839 24147 35483 26728 8833 11692 10976 35107
internal_count=128811 55292 19809 73519 37680 10952 35839 24147 35483 26728 8833 11692 10976 35107
is_linear=0
shrinkage=0.01


Tree=403
num_leaves=15
num_cat=0
split_feature=5 7 44 8 2 13 13 46 25 23 1 2 20 41
split_gain=44459.3 68952.9 86343.7 64527.8 66081 55761.8 51853.1 46548 78387.7 48517.6 44872.2 38574.9 32811.4 29296.1
threshold=1.5000000000000002 1003.2004000000001 1.0000000180025095e-35 -0.25881904510252113 10.625000000000002 0.34380600738314443 0.77117450792400011 1.0000000180025095e-35 105.31342336493213 125.67572371516049 -120.84999847412108 12.925000000000002 98.416349809885944 101.54308854156716
decision_type=2 2 2 2 2 2 2 2 2 2 2 2 2 2
left_child=5 2 11 4 -3 12 -4 9 -9 -7 -5 -2 -1 -14
right_child=1 3 6 10 -6 7 -8 8 -10 -11 -12 -13 13 -15
leaf_value=0.01726797244537974 -0.035807783499384419 0.047885303225607752 -0.076642020932610772 -0.031367248927695865 0.0058584495581391286 0.0023725734657881496 -0.025367227863320609 -0.026372751291142155 -0.42065466880798341 0.12757189325869273 -0.00077615671729674095 0.00081758431165048883 0.096134967283317802 -0.078532976728898515
leaf_weight=19139 3502 4791 3079 6344 17076 27876 5487 4462 51 313 19638 16079 866 108
leaf_count=19139 3502 4791 3079 6344 17076 27876 5487 4462 51 313 19638 16079 866 108
internal_value=-6.54849e-12 -0.00489766 -0.0173171 0.00240802 0.0150664 0.00704728 -0.0437977 -0.00101097 -0.0308284 0.00376274 -0.00824555 -0.00573275 0.0201493 0.0767673
internal_weight=128811 75996 28147 47849 21867 52815 8566 32702 4513 28189 25982 19581 20113 974
internal_count=128811 75996 28147 47849 21867 52815 8566 32702 4513 28189 25982 19581 20113 974
is_linear=0
shrinkage=0.01


Tree=404
num_leaves=15
num_cat=0
split_feature=9 6 2 32 0 4 25 25 0 14 0 33 1 10
split_gain=43968 50002.4 54060.1 49281.7 43731 42744.1 36671.7 14421.4 13846.5 11709.6 24237.9 10682.8 6789.61 5395.86
threshold=-0.9159756150367534 13.60318975 24.725000000000005 47.777777777777786 37.042691525878915 1.0000000180025095e-35 72.08433671313901 20.904414871144912 35.400001525878913 -2.8800826500913463 35.400001525878913 52.308196028728361 -119.7866065258789 0.68301270189221941
decision_type=2 2 2 2 2 2 2 2 2 2 2 2 2 2
left_child=7 4 3 -3 5 -2 -6 12 -4 10 -9 -11 -1 -14
right_child=1 2 8 -5 6 -7 -8 9 -10 11 -12 -13 13 -15
leaf_value=-0.0068662491074936117 0.0095748684213667508 -0.011197298111160355 0.022942357745662667 -0.053344807410970904 -0.011572324074081371 -0.024134579688706231 -0.25161378145217894 -0.096399160348678362 -0.0043545631979024294 -0.016409317974365123 -0.019374171011042114 0.0033963287035044705 -0.047837931021986677 -0.11497140531112456
leaf_weight=167 76925 8903 3776 4030 11445 3955 64 459 3659 6593 3716 4640 243 236
leaf_count=167 76925 8903 3776 4030 11445 3955 64 459 3659 6593 3716 4640 243 236
internal_value=1.52945e-11 0.00220451 -0.0119782 -0.0243307 0.00533122 0.00792649 -0.0129072 -0.0154836 0.00950867 -0.0135429 -0.0278423 -0.00822823 -0.0617717 -0.0809141
internal_weight=128811 112757 20368 12933 92389 80880 11509 16054 7435 15408 4175 11233 646 479
internal_count=128811 112757 20368 12933 92389 80880 11509 16054 7435 15408 4175 11233 646 479
is_linear=0
shrinkage=0.01


Tree=405
num_leaves=15
num_cat=0
split_feature=31 4 35 6 6 48 7 48 2 31 11 48 8 23
split_gain=43530.6 45075.1 42044.6 49065.9 42018.2 39457.5 36512.2 58262.2 40180.3 22538.1 21181.5 20970.4 14937.8 10632.7
threshold=60.502561258977615 1.0000000180025095e-35 78.015700598471895 5.5034705000000015 16.304814000000004 1.0000000180025095e-35 1007.90025 1.0000000180025095e-35 10.775000000000002 12.30769230769231 0.25000000000000017 1.0000000180025095e-35 -0.37940952255126059 98.779646808185433
decision_type=2 2 2 2 2 2 2 2 2 2 2 2 2 2
left_child=2 4 6 11 5 -2 8 -8 -1 -5 -6 -4 -3 -14
right_child=1 12 3 9 10 -7 7 -9 -10 -11 -12 -13 13 -15
leaf_value=-0.025225925236611345 0.020642061083976461 -0.028449167883802546 0.012978223744435783 -0.095718109469439941 -0.021286447000288838 -0.036136011157666612 0.027036194048385878 -0.0063498553573739496 -0.00056279941693363974 -0.025656662460355039 -0.12557704087206745 -0.02491897447422968 -0.11602198637957174 -0.35641058468818665
leaf_weight=7475 20670 275 5931 478 727 1301 11410 9646 56799 11646 266 1937 230 20
leaf_count=7475 20670 275 5931 478 727 1301 11410 9646 56799 11646 266 1937 230 20
internal_value=5.74584e-12 0.0123097 -0.00274532 -0.0157986 0.0144043 0.01728 0.000312927 0.0117417 -0.0034311 -0.0284189 -0.0492233 0.00364842 -0.0793082 -0.135253
internal_weight=128811 23489 105322 19992 22964 21971 85330 21056 64274 12124 993 7868 525 250
internal_count=128811 23489 105322 19992 22964 21971 85330 21056 64274 12124 993 7868 525 250
is_linear=0
shrinkage=0.01


Tree=406
num_leaves=15
num_cat=0
split_feature=31 7 47 10 41 8 30 7 34 25 10 12 23 26
split_gain=43121.9 45238.5 41788 58560.1 47829.7 27292 31915.6 17047.5 16862.4 16622.5 16235.2 12309.1 11306.6 5835.99
threshold=23.923611111111118 992.7403250000001 1.0000000180025095e-35 0.25000000000000011 92.397075682595499 -0.25881904510252113 52.678284748626965 1001.9000500000001 68.530629488804422 102.4881722060875 0.25000000000000011 1.0000000180025095e-35 85.397707184705396 12.229730684503641
decision_type=2 2 2 2 2 2 2 2 2 2 2 2 2 2
left_child=5 12 3 -3 -4 6 11 9 -9 -7 -8 -1 13 -2
right_child=1 2 4 -5 -6 7 10 8 -10 -11 -12 -13 -14 -15
leaf_value=0.043553651774642314 -0.14133118933436614 0.0058937508793608772 0.019152210816797088 -0.010414384260803586 -0.45843756022907445 -0.041658360799311372 0.0023784138400665023 -0.010994489365422449 -0.053839192507877165 -0.26086489672320229 -0.042795903101789552 -0.014733110101217717 -0.28881928570342785 -0.053840323324842627
leaf_weight=1826 141 63456 14434 33719 21 2976 1873 7244 1052 35 1383 452 33 166
leaf_count=1826 141 63456 14434 33719 21 2976 1873 7244 1052 35 1383 452 33 166
internal_value=1.40663e-12 0.00224391 0.00259471 0.00023495 0.0184584 -0.014919 0.00327749 -0.0238249 -0.0164275 -0.0442064 -0.0168096 0.0319884 -0.11293 -0.0940234
internal_weight=128811 111970 111630 97175 14455 16841 5534 11307 8296 3011 3256 2278 340 307
internal_count=128811 111970 111630 97175 14455 16841 5534 11307 8296 3011 3256 2278 340 307
is_linear=0
shrinkage=0.01


Tree=407
num_leaves=15
num_cat=0
split_feature=22 15 9 1 46 23 11 9 11 37 10 43 15 34
split_gain=43066.8 43466.1 39469.6 46743.5 32084.3 24354.9 18408.8 16877.4 13363 22861.6 12093.9 13610.6 11332.9 8089.33
threshold=22.291666666666668 0.083870966614637568 -0.5 -118.21337597412109 1.0000000180025095e-35 147.34561606032381 -0.5 -0.37940952255126015 0.6830127018922193 19.484126984126991 0.68301270189221941 1.0000000180025095e-35 0.042427053836114934 51.390737220109848
decision_type=2 2 2 2 2 2 2 2 2 2 2 2 2 2
left_child=7 4 6 -4 5 -2 -3 10 13 -10 12 -12 -1 -9
right_child=1 2 3 -5 -6 -7 -8 8 9 -11 11 -13 -14 -15
leaf_value=0.067624072790618092 0.030273701977979767 0.00050339188636791641 0.00099541995741654556 0.022913705966485804 -0.053201615201826508 0.32070637275432717 -0.014790436854240974 -0.0061283710977026833 0.043012237391717972 -0.023652617782313642 -0.065188773792311791 -0.00082000650031903574 -0.023534812307202679 -0.032611841135060812
leaf_weight=142 6608 12939 64768 11450 479 29 20091 2969 1175 915 1495 421 3444 1886
leaf_count=142 6608 12939 64768 11450 479 29 20091 2969 1175 915 1495 421 3444 1886
internal_value=2.9876e-12 0.00189111 0.000331283 0.00428814 0.0258383 0.0315427 -0.00879931 -0.0176796 -0.00731517 0.0138264 -0.0307622 -0.0510451 -0.0199251 -0.0164163
internal_weight=128811 116364 109248 76218 7116 6637 33030 12447 6945 2090 5502 1916 3586 4855
internal_count=128811 116364 109248 76218 7116 6637 33030 12447 6945 2090 5502 1916 3586 4855
is_linear=0
shrinkage=0.01


Tree=408
num_leaves=15
num_cat=0
split_feature=17 9 44 31 1 11 31 35 20 16 20 35 39 22
split_gain=42978.1 50761.2 48926.5 38460.2 45366.5 34937.2 27782.2 27690.4 25532.4 23062.2 20559.7 19767.4 17889.2 14112.3
threshold=0.015173961901385606 -0.60355339059327384 1.0000000180025095e-35 62.939480354879606 -118.21337597412109 0.25000000000000017 22.268518518518523 52.864350091536416 61.265779467680623 0.41869949500000009 41.180555555555564 32.789061399802854 57.030291508238285 89.962452471482905
decision_type=2 2 2 2 2 2 2 2 2 2 2 2 2 2
left_child=1 6 5 7 -5 12 -1 -3 13 -8 -7 -10 -2 -4
right_child=2 3 8 4 -6 10 9 -9 11 -11 -12 -13 -14 -15
leaf_value=-0.03118121757048822 0.019768656109432355 0.013016514511460957 -0.037917207390797784 0.017305665529072003 0.095875073310734749 -0.0058322305739077884 0.016003185104135859 -0.0011464778318465471 0.19353449395724706 -0.0080333711868622263 -0.057650272669186431 -0.1191380361524438 -0.009436637967112008 0.10859655461204586
leaf_weight=4427 4334 20272 3501 13266 778 1422 4700 43269 21 26487 1659 544 4064 67
leaf_count=4427 4334 20272 3501 13266 778 1422 4700 43269 21 26487 1659 544 4064 67
internal_value=-4.43508e-12 0.00214514 -0.0155539 0.00668211 0.0216582 -0.00493147 -0.00773865 0.00337206 -0.0450566 -0.00441097 -0.0337343 -0.107517 0.00563549 -0.035166
internal_weight=128811 113199 15612 77585 14044 11479 35614 63541 4133 31187 3081 565 8398 3568
internal_count=128811 113199 15612 77585 14044 11479 35614 63541 4133 31187 3081 565 8398 3568
is_linear=0
shrinkage=0.01


Tree=409
num_leaves=15
num_cat=0
split_feature=6 11 44 8 2 8 0 7 21 13 1 6 8 0
split_gain=42460.3 59727.7 127726 78947.7 55697.2 54550.9 65902 53260.9 52507.9 40328.6 30321.7 26729.5 24962.6 41120.5
threshold=6.7102676500000014 0.6830127018922193 1.0000000180025095e-35 -0.25881904510252113 18.525000000000002 0.37940952255126054 35.400001525878913 1002.8996150000002 83.076679340937915 1.4225159029954288 -118.21337597412109 14.001514000000002 0.60355339059327384 37.042691525878915
decision_type=2 2 2 2 2 2 2 2 2 2 2 2 2 2
left_child=1 12 9 -4 7 6 -6 8 -2 -3 -9 -7 -1 -14
right_child=4 2 3 -5 5 11 -8 10 -10 -11 -12 -13 13 -15
leaf_value=-0.0064716253480624746 -0.026099787827558583 0.017514337785327551 0.095211414963959295 0.023305765040888545 0.013099172232036025 0.030154329977953673 -0.020025068170429115 -0.0098636566533760982 -0.11273965628855502 -0.017543035734188608 0.022458613258846939 -0.0052878781081521758 0.021889440568086421 -0.028974656758278011
leaf_weight=25286 10201 8251 2995 3115 11216 8895 12931 23415 751 5448 3313 2797 8227 1970
leaf_count=25286 10201 8251 2995 3115 11216 8895 12931 23415 751 5448 3313 2797 8227 1970
internal_value=3.95353e-12 0.00662039 0.0205307 0.0585525 -0.00497905 0.00394567 -0.00463924 -0.0134677 -0.0320409 0.00357226 -0.00585723 0.0216757 -0.00114526 0.0120628
internal_weight=128811 55292 19809 6110 73519 35839 24147 37680 10952 13699 26728 11692 35483 10197
internal_count=128811 55292 19809 6110 73519 35839 24147 37680 10952 13699 26728 11692 35483 10197
is_linear=0
shrinkage=0.01


Tree=410
num_leaves=15
num_cat=0
split_feature=22 6 9 2 35 29 2 20 7 45 26 38 12 2
split_gain=41796.8 38420.9 35711.2 40730.3 25248.7 21428.9 33113.4 18996.2 15974.8 13962.1 12120.3 7083.79 7291.14 5006.45
threshold=22.291666666666668 18.611846500000002 -0.78656609248549325 7.4250000000000016 83.054779070680851 38.346430080270395 22.525000000000002 13.121693121693125 1005.7000500000001 1.0000000180025095e-35 3.0055617871271796 67.583227714406434 1.0000000180025095e-35 8.0250000000000021
decision_type=2 2 2 2 2 2 2 2 2 2 2 2 2 2
left_child=4 2 9 -4 7 13 -7 10 -9 -2 -1 12 -6 -3
right_child=1 5 3 -5 11 6 -8 8 -10 -11 -12 -13 -14 -15
leaf_value=-0.27695449872450395 -0.011136710599418244 0.10312980101505917 0.035085791761800302 0.0044813501119864707 -0.048140669920643378 -0.060311189696023781 -0.0062317203462177078 -0.020132838815403176 0.0059240126625486446 0.010871595018149049 -0.040641089711528862 0.042890913023877507 -0.10064094056979149 0.0094230956553983756
leaf_weight=22 19654 60 4589 83008 968 2271 2258 4628 4786 3378 1612 67 364 1146
leaf_count=22 19654 60 4589 83008 968 2271 2258 4628 4786 3378 1612 67 364 1146
internal_value=-2.34302e-11 0.00186302 0.00317132 0.00608464 -0.0174169 -0.0233742 -0.0333491 -0.0123487 -0.00688575 -0.00790885 -0.0438228 -0.0574409 -0.0624876 0.0140851
internal_weight=128811 116364 110629 87597 12447 5735 4529 11048 9414 23032 1634 1399 1332 1206
internal_count=128811 116364 110629 87597 12447 5735 4529 11048 9414 23032 1634 1399 1332 1206
is_linear=0
shrinkage=0.01


Tree=411
num_leaves=15
num_cat=0
split_feature=5 17 11 0 13 13 0 25 22 8 16 20 22 8
split_gain=42665.9 54349.7 71677.8 64961 68171.5 52632.8 45448.6 76992.8 44142.9 39629.4 39626.4 31573.4 23857.7 22263.8
threshold=1.5000000000000002 0.0053774437757933826 0.6830127018922193 36.742692288818368 -2.1999999999999993 0.34380600738314443 34.083213737060554 105.31342336493213 107.03266331658294 -0.37940952255126059 14.385619360000003 98.416349809885944 126.23869346733669 0.60355339059327384
decision_type=2 2 2 2 2 2 2 2 2 2 2 2 2 2
left_child=5 2 12 10 -5 11 7 -7 -8 -4 -3 13 -2 -1
right_child=1 3 9 4 -6 6 8 -9 -10 -11 -12 -13 -14 -15
leaf_value=0.010145684873438714 -0.008421124662861405 -0.0054771714688611741 0.048278765166592623 -0.049244368031003002 -0.011413881547907135 -0.025972618658148511 0.0019182574953336517 -0.41673060950110941 0.087375679259161357 0.0098206916356107649 0.030115650170180332 0.075172325862644274 0.12661415212082142 0.034271069407856791
leaf_weight=13855 14862 25112 4721 7157 14243 4462 27571 51 618 6196 3573 974 132 5284
leaf_count=13855 14862 25112 4721 7157 14243 4462 27571 51 618 6196 3573 974 132 5284
internal_value=1.57217e-11 -0.00479786 0.00695965 -0.0108805 -0.0240659 0.00690368 -0.000925223 -0.0303885 0.00379178 0.0264517 -0.00104373 0.0196328 -0.00723234 0.0168064
internal_weight=128811 75996 25911 50085 21400 52815 32702 4513 28189 10917 28685 20113 14994 19139
internal_count=128811 75996 25911 50085 21400 52815 32702 4513 28189 10917 28685 20113 14994 19139
is_linear=0
shrinkage=0.01


Tree=412
num_leaves=15
num_cat=0
split_feature=31 7 1 10 41 34 16 25 23 7 42 24 25 26
split_gain=41264 42237.7 40977.5 54781.6 46592.7 20367.1 14159.2 13472.1 12215.9 10700.3 10248.9 8689.97 6837.51 5496.67
threshold=16.805555555555561 992.7403250000001 -118.21337597412109 0.25000000000000011 92.397075682595499 56.60209829601466 5.720012102500001 113.90453654521023 85.397707184705396 1002.8996150000002 1.0000000180025095e-35 14.809751265782946 9.4849537037037042 12.229730684503641
decision_type=2 2 2 2 2 2 2 2 2 2 2 2 2 2
left_child=5 8 3 -3 -4 6 12 10 13 -8 -7 -9 -1 -2
right_child=1 2 4 -5 -6 7 9 11 -10 -11 -12 -13 -14 -15
leaf_value=-0.10459221752903736 -0.13071038520110673 0.0047312016502807572 0.017044200313768586 -0.010348175033610518 -0.45429079061462768 -0.025107337632586324 -0.018708071807261167 -0.032704554023566069 -0.28554788784547286 0.047153296132558413 -0.069068429506053367 -0.25456994546394723 -0.019025353003892895 -0.052143115025620128
leaf_weight=96 152 68028 16263 37302 21 1234 411 27 33 617 930 51 3431 215
leaf_count=96 152 68028 16263 37302 21 1234 411 27 33 617 930 51 3431 215
internal_value=-1.40763e-11 0.00133587 0.0016733 -0.000609071 0.0164364 -0.0239804 -0.0118358 -0.048654 -0.101255 0.0208216 -0.044 -0.17777 -0.0213544 -0.0846832
internal_weight=128811 122014 121614 105330 16284 6797 4555 2242 400 1028 2164 78 3527 367
internal_count=128811 122014 121614 105330 16284 6797 4555 2242 400 1028 2164 78 3527 367
is_linear=0
shrinkage=0.01


Tree=413
num_leaves=15
num_cat=0
split_feature=17 31 44 35 17 7 0 2 23 20 20 25 39 22
split_gain=40951.7 48274.7 47054.6 35005.4 39561.7 37602.2 34996.3 34556.9 43391.9 29699.2 25055.7 22721.9 19582.1 13805.8
threshold=0.015173961901385606 62.939480354879606 1.0000000180025095e-35 78.015700598471895 0.0054836189580683746 1007.90025 37.042691525878915 22.825000000000006 55.859878890297161 158.46566523605151 61.265779467680623 73.971192216539691 28.950617283950621 89.962452471482905
decision_type=2 2 2 2 2 2 2 2 2 2 2 2 2 2
left_child=1 3 7 5 -5 -1 9 8 -2 -3 13 -8 -12 -4
right_child=2 6 10 4 -6 -7 11 -9 -10 -11 12 -13 -14 -15
leaf_value=-0.0018276378959710144 -0.0055644005502509209 0.018477723324016624 -0.037038935573395819 0.0036352196705114453 -0.025301290620218197 0.014256262993923144 -0.033059293463968333 0.01352177317860684 -0.06708628809599082 0.11040927830232634 0.19364688158035279 -0.29645893770105697 -0.11755653791759602 0.10787480058954722
leaf_weight=56469 4503 16623 3501 8327 10922 19574 891 5438 1538 359 21 34 544 67
leaf_count=56469 4503 16623 3501 8327 10922 19574 891 5438 1538 359 21 34 544 67
internal_value=-9.59446e-12 0.00209396 -0.0151828 -0.000736925 -0.0127835 0.00231247 0.0171585 -0.00476555 -0.0212275 0.0204212 -0.0441156 -0.042741 -0.10599 -0.0343177
internal_weight=128811 113199 15612 95292 19249 76043 17907 11479 6041 16982 4133 925 565 3568
internal_count=128811 113199 15612 95292 19249 76043 17907 11479 6041 16982 4133 925 565 3568
is_linear=0
shrinkage=0.01


Tree=414
num_leaves=15
num_cat=0
split_feature=9 15 1 10 8 3 44 45 14 0 33 7 14 24
split_gain=40571 49080.2 42120.1 55688.4 40028.4 36028.7 18311.5 14153.3 17668.7 17745.9 12875.1 12563.8 4454.13 4006.53
threshold=-0.9159756150367534 0.059757691166234125 -118.21337597412109 0.25000000000000011 -0.5 72.962955000000008 1.0000000180025095e-35 1.0000000180025095e-35 -2.8800826500913463 36.742692288818368 52.678284748626965 1002.7002500000002 -13.373444071761936 5.0914729930477227
decision_type=2 2 2 2 2 2 2 2 2 2 2 2 2 2
left_child=7 4 3 -3 6 -4 -2 8 9 -1 -10 -6 -9 -14
right_child=1 2 5 -5 11 -7 -8 12 10 -11 -12 -13 13 -15
leaf_value=-0.095857293758093667 0.040604219576090665 0.0042444276941785257 0.029948277013427331 -0.011795867392245449 -0.067079222536874261 -0.0010874313724126025 0.13490214924609989 -0.13280152364210648 -0.021116238369412465 -0.029349803508194189 0.00154800193620791 0.025573792695933344 0.033633416199940681 0.0023082456160670377
leaf_weight=466 331 61151 8623 33502 159 6606 545 22 6393 2885 4123 1840 546 1619
leaf_count=466 331 61151 8623 33502 159 6606 545 22 6393 2885 4123 1840 546 1619
internal_value=-5.89493e-12 0.00211763 0.00105046 -0.00143296 0.042905 0.0164857 0.0992713 -0.0148734 -0.0186022 -0.0385985 -0.0122303 0.0182042 0.00876967 0.0102083
internal_weight=128811 112757 109882 94653 2875 15229 876 16054 13867 3351 10516 1999 2187 2165
internal_count=128811 112757 109882 94653 2875 15229 876 16054 13867 3351 10516 1999 2187 2165
is_linear=0
shrinkage=0.01


Tree=415
num_leaves=15
num_cat=0
split_feature=31 7 1 10 11 34 8 27 44 28 8 12 7 14
split_gain=40110.8 41264.2 39618 52617.8 45452.4 19893.7 16217.1 11682.5 12576.8 10871.3 10448.7 10186.8 8231.03 6725.07
threshold=16.805555555555561 992.7403250000001 -118.21337597412109 0.25000000000000011 -0.5 56.60209829601466 1.0000000180025095e-35 51.77629911280102 1.0000000180025095e-35 58.267638360794265 -0.78656609248549303 1.0000000180025095e-35 998.1016800000001 -14.040019007501339
decision_type=2 2 2 2 2 2 2 2 2 2 2 2 2 2
left_child=5 9 3 -3 -4 6 11 10 -9 -2 -7 -1 -8 -11
right_child=1 2 4 -5 -6 7 12 8 -10 13 -12 -13 -14 -15
leaf_value=0.028009998181238227 -0.065548647145787592 0.0046401437040732955 -0.0065165171422367505 -0.010138431163715789 0.02847196490627971 0.039278265590095798 -0.073551654660988314 -0.063977597744522163 -0.18188601797228462 -0.31804726671289518 -0.042886091075943648 -0.026782729146179993 -0.020096535701896397 -0.13919908683707841
leaf_weight=1227 278 68028 5727 37302 10557 173 325 489 111 27 1469 469 2534 95
leaf_count=1227 278 68028 5727 37302 10557 173 325 489 111 27 1469 469 2534 95
internal_value=4.24189e-12 0.00131707 0.00165059 -0.000593602 0.0161667 -0.0236429 -0.0116403 -0.0480281 -0.0857907 -0.100084 -0.0342293 0.012858 -0.0261731 -0.17878
internal_weight=128811 122014 121614 105330 16284 6797 4555 2242 600 400 1642 1696 2859 122
internal_count=128811 122014 121614 105330 16284 6797 4555 2242 600 400 1642 1696 2859 122
is_linear=0
shrinkage=0.01


Tree=416
num_leaves=15
num_cat=0
split_feature=5 7 44 48 7 2 14 28 20 18 7 9 29 3
split_gain=41169.1 65851.8 94082.6 84999.8 61967.1 49823.7 36058.3 31902.5 32152.5 31479.1 28528.6 22332.1 21045.4 16502.5
threshold=1.5000000000000002 1005.8002 1.0000000180025095e-35 1.0000000180025095e-35 1009.4003500000001 12.925000000000002 4.3200012916497643 42.222327841149145 127.63400335008377 9.7150069974886009 1017.5164800000001 -0.9159756150367534 39.460181664554291 25.891516500000005
decision_type=2 2 2 2 2 2 2 2 2 2 2 2 2 2
left_child=7 2 5 4 -3 -2 -4 12 11 -10 -5 -9 -1 -14
right_child=1 3 6 10 -6 -7 -8 8 9 -11 -12 -13 13 -15
leaf_value=0.013959626309815031 -0.028303293096849015 0.003954556814179294 -0.027029655147771919 -0.02452818862912232 0.03812094208655991 0.0029490084750588385 -0.067883802897281326 -0.012423533640183344 0.095260982712853451 -0.1751927226781845 0.021157030896696516 0.01268240869899475 -0.03591298570639713 -0.0064086913225297496
leaf_weight=3677 6459 14132 9247 8958 8502 24266 2819 3947 668 46 1613 34618 2561 7298
leaf_count=3677 6459 14132 9247 8958 8502 24266 2819 3947 668 46 1613 34618 2561 7298
internal_value=1.45349e-12 -0.00471295 -0.0129129 0.00585432 0.0167885 -0.00362084 -0.0365745 0.0067815 0.011344 0.0778368 -0.0175572 0.0101129 -0.00645791 -0.0140728
internal_weight=128811 75996 42791 33205 22634 30725 12066 52815 39279 714 10571 38565 13536 9859
internal_count=128811 75996 42791 33205 22634 30725 12066 52815 39279 714 10571 38565 13536 9859
is_linear=0
shrinkage=0.01


Tree=417
num_leaves=15
num_cat=0
split_feature=5 7 44 0 7 11 13 0 25 23 11 20 25 0
split_gain=40349.9 64631.5 80075.7 58198.2 94637.8 52610.5 50745.8 44425.4 75652 46280.6 35770.5 30321.1 30307.1 20499.2
threshold=1.5000000000000002 1003.2004000000001 1.0000000180025095e-35 37.042691525878915 1009.4003500000001 -0.5 0.34380600738314443 34.083213737060554 105.31342336493213 125.67572371516049 0.6830127018922193 98.416349809885944 64.648817068018602 34.083213737060554
decision_type=2 2 2 2 2 2 2 2 2 2 2 2 2 2
left_child=6 2 10 4 -3 -4 11 8 -8 -9 -2 -1 -5 -13
right_child=1 3 5 12 -6 -7 7 9 -10 -11 -12 13 -14 -15
leaf_value=0.016442710623038342 -5.0887054457616187e-05 -0.00032871656110459459 -0.012540355037169264 -0.01501791433633401 0.037739732554684519 -0.062904852922228707 -0.025726061522900551 0.0023322696459003771 -0.41306671002331902 0.1246112766650062 -0.038851634241124929 -0.020164480522037186 -0.12426036578989946 0.096076095190939542
leaf_weight=19139 16814 28159 3523 10928 8502 5043 4462 27876 51 313 2767 188 260 786
leaf_count=19139 16814 28159 3523 10928 8502 5043 4462 27876 51 313 2767 188 260 786
internal_value=-6.08238e-12 -0.00466582 -0.0166898 0.00240723 0.00849968 -0.0421911 0.00671369 -0.000973592 -0.0301033 0.00369001 -0.00553384 0.0192125 -0.0175566 0.0736395
internal_weight=128811 75996 28147 47849 36661 8566 52815 32702 4513 28189 19581 20113 11188 974
internal_count=128811 75996 28147 47849 36661 8566 52815 32702 4513 28189 19581 20113 11188 974
is_linear=0
shrinkage=0.01


Tree=418
num_leaves=15
num_cat=0
split_feature=6 44 26 23 31 2 23 0 23 25 25 35 11 20
split_gain=39361 69408.2 48047.3 55137.9 44689.1 43121.6 39165.3 57913.2 38405.1 32897.8 31163.3 30901.7 20081.3 15284
threshold=12.404780500000003 1.0000000180025095e-35 41.784708920842498 84.319077962690528 62.939480354879606 21.775000000000002 125.67572371516049 36.742692288818368 55.859878890297161 118.9092267093877 14.427083333333337 70.94660299809145 0.25000000000000017 105.06281407035178
decision_type=2 2 2 2 2 2 2 2 2 2 2 2 2 2
left_child=4 5 3 -3 10 8 9 -8 -2 -6 -1 -12 -4 -7
right_child=1 2 12 -5 6 13 7 -9 -10 -11 11 -13 -14 -15
leaf_value=-0.054454623594846138 -0.0025033890275914079 -0.033113631014297644 0.42277533275075257 -0.19475124502048105 0.015982009031807524 0.013562611360758573 -0.088966102335984121 0.12481792420372367 -0.046705372935112212 -0.10606668686361186 0.0045563432510061074 -0.0086361383012385391 0.018843649864196777 0.11885221281647683
leaf_weight=1042 6898 7684 32 217 15713 9055 156 675 2749 224 58763 25443 20 140
leaf_count=1042 6898 7684 32 217 15713 9055 156 675 2749 224 58763 25443 20 140
internal_value=1.18321e-11 -0.0107861 -0.035559 -0.037553 0.00283302 -0.000329726 0.0177564 0.0846852 -0.0150991 0.0142666 -0.000102367 0.00057021 0.267417 0.0151657
internal_weight=128811 26795 7953 7901 102016 18842 16768 831 9647 15937 85248 84206 52 9195
internal_count=128811 26795 7953 7901 102016 18842 16768 831 9647 15937 85248 84206 52 9195
is_linear=0
shrinkage=0.01


Tree=419
num_leaves=15
num_cat=0
split_feature=6 11 44 8 2 8 0 7 23 13 23 24 35 8
split_gain=38988.2 56035.5 123299 75530.1 50976.6 53782.7 62155.2 49568.6 45944.3 39213.1 34172.2 32503.3 28399.2 21145.2
threshold=6.7102676500000014 0.6830127018922193 1.0000000180025095e-35 -0.25881904510252113 18.525000000000002 0.37940952255126054 35.400001525878913 1002.8996150000002 71.745145333058773 2.5624408513775401 118.64924896394045 26.306508450878827 53.426066751161819 0.37940952255126054
decision_type=2 2 2 2 2 2 2 2 2 2 2 2 2 2
left_child=1 10 9 -4 7 6 -6 8 -2 -3 13 -7 -9 -1
right_child=4 2 3 -5 5 11 -8 12 -10 -11 -12 -13 -14 -15
leaf_value=-0.0079647017389765998 -0.023591557927609759 0.012937411636615204 0.093031071704631998 0.022699013619753947 0.012469544192973001 0.019617608974339173 -0.019699291824197645 0.0089764060641820062 -0.088926533769321636 -0.026107496413476622 0.093648540872010466 0.17984960023197347 -0.012864513718453669 0.008242884559122917
leaf_weight=22606 9742 10267 2995 3115 11216 11564 12931 8951 1210 3432 376 128 17777 12501
leaf_count=22606 9742 10267 2995 3115 11216 11564 12931 8951 1210 3432 376 128 17777 12501
internal_value=-2.26941e-12 0.00634394 0.0198174 0.0571744 -0.00477113 0.003767 -0.00475724 -0.0128921 -0.0308099 0.00315552 -0.00117786 0.0213718 -0.00555016 -0.00219346
internal_weight=128811 55292 19809 6110 73519 35839 24147 37680 10952 13699 35483 11692 26728 35107
internal_count=128811 55292 19809 6110 73519 35839 24147 37680 10952 13699 35483 11692 26728 35107
is_linear=0
shrinkage=0.01


Tree=420
num_leaves=15
num_cat=0
split_feature=22 15 9 14 0 35 23 23 11 20 14 38 35 33
split_gain=38837.5 40783.8 35189.9 47628.5 30597.2 24391.3 23322.3 19542 17891.6 17313.7 7035.65 6929.41 5377.52 3142.8
threshold=22.291666666666668 0.083870966614637568 -0.5 6.1529304970907202 34.083213737060554 83.054779070680851 147.34561606032381 86.55663852294056 -0.5 13.121693121693125 2.1988074805258191 67.583227714406434 116.04095126682988 60.137515842839044
decision_type=2 2 2 2 2 2 2 2 2 2 2 2 2 2
left_child=5 4 8 -4 10 7 -6 9 -3 -1 -2 12 -7 -13
right_child=1 2 3 -5 6 11 -8 -9 -10 -11 -12 13 -14 -15
leaf_value=-0.042417241029277214 -0.091904469111781101 0.0008346386574709856 0.0063903098626215482 -0.022354722642054008 0.029321214141556959 -0.050122676425744646 0.31352989607843862 0.30049494576454161 -0.014242813601463084 -0.0071482912242858054 -0.015205757696061367 -0.018565998077392579 -0.097832982191840237 0.11916585584481558
leaf_weight=1634 231 12939 69936 6282 6608 1025 29 20 20091 9394 248 37 307 30
leaf_count=1634 231 12939 69936 6282 6608 1025 29 20 20091 9394 248 37 307 30
internal_value=-1.25231e-11 0.00179586 0.000284924 0.0040211 0.0249924 -0.0167891 0.030563 -0.0118077 -0.00833645 -0.012374 -0.0521941 -0.0561275 -0.061119 0.043105
internal_weight=128811 116364 109248 76218 7116 12447 6637 11048 33030 11028 479 1399 1332 67
internal_count=128811 116364 109248 76218 7116 12447 6637 11048 33030 11028 479 1399 1332 67
is_linear=0
shrinkage=0.01


Tree=421
num_leaves=15
num_cat=0
split_feature=5 6 11 0 44 27 15 23 0 6 37 3 26 9
split_gain=39117.6 48444.1 74275.9 61904 46791.6 38495.4 36956.2 31348.4 42057 45045.2 27997.8 26945.1 35203.2 29817
threshold=1.5000000000000002 6.5012302500000008 0.6830127018922193 36.742692288818368 1.0000000180025095e-35 56.784134116833748 0.60857569221839858 125.67572371516049 34.083213737060554 12.404780500000003 77.16433880428761 25.891516500000005 41.784708920842498 -0.5
decision_type=2 2 2 2 2 2 2 2 2 2 2 2 2 2
left_child=7 2 -2 6 -4 -5 -3 11 10 -10 -9 12 -1 -13
right_child=1 3 4 5 -6 -7 -8 8 9 -11 -12 13 -14 -15
leaf_value=-0.010304773556258966 -0.0080043591816933383 -0.006025297760603344 0.0096897882319212907 -0.016353461850596981 0.04936906969105942 -0.048336994325528182 0.029974167029997632 0.052644824817262847 0.135662327693409 -0.21778370349835124 -0.37962769200724944 -0.0021367026366904914 0.22316339227098683 0.015510625268096316
leaf_weight=10099 19782 20593 9372 13346 4352 5241 3310 29 478 39 31 14734 65 27340
leaf_count=10099 19782 20593 9372 13346 4352 5241 3310 29 478 39 31 14734 65 27340
internal_value=3.43159e-12 -0.00459402 0.00439696 -0.011684 0.0222724 -0.0253719 -0.00104022 0.00661038 0.0799155 0.109 -0.170696 0.00580068 -0.00881172 0.00933066
internal_weight=128811 75996 33506 42490 13724 18587 23903 52815 577 517 60 52238 10164 42074
internal_count=128811 75996 33506 42490 13724 18587 23903 52815 577 517 60 52238 10164 42074
is_linear=0
shrinkage=0.01


Tree=422
num_leaves=15
num_cat=0
split_feature=17 9 2 29 1 5 10 31 37 25 39 8 1 23
split_gain=38694.7 45626.9 41327.6 35296.3 34621.1 42937.9 33898.8 25933.5 22500.3 21509.4 12595.3 10616.2 7986.54 17520.7
threshold=0.015173961901385606 -0.60355339059327384 24.975000000000005 34.458069286016062 -119.7866065258789 8.5000000000000018 -0.5 22.268518518518523 53.236727221518102 14.427083333333337 64.045064075482358 0.25881904510252091 -118.99998249999999 87.867244970097644
decision_type=2 2 2 2 2 2 2 2 2 2 2 2 2 2
left_child=1 7 3 11 6 -6 -3 10 -5 -9 -1 -2 13 -4
right_child=2 4 12 8 5 -7 -8 9 -10 -11 -12 -13 -14 -15
leaf_value=-0.023292686219558614 0.02426761425411126 -0.022338099343004486 -0.001744908105834813 -0.024712113193225273 0.018961941074800478 0.0016137263215898637 0.0046194984797356181 -0.098623016514975168 -0.060502760735196184 -0.0033903056114293261 -0.072501799666703337 -0.023011923301724829 0.019400411952180122 -0.21269804137945175
leaf_weight=3825 1486 7172 2505 5494 28713 28357 13343 239 2582 30948 602 698 2807 40
leaf_count=3825 1486 7172 2505 5494 28713 28357 13343 239 2582 30948 602 698 2807 40
internal_value=-1.541e-11 0.00203543 -0.0147585 -0.0265095 0.00633684 0.0103419 -0.00480482 -0.00733517 -0.0361548 -0.00412012 -0.0299843 0.00915721 0.00776869 -0.00506048
internal_weight=128811 113199 15612 10260 77585 57070 20515 35614 8076 31187 4427 2184 5352 2545
internal_count=128811 113199 15612 10260 77585 57070 20515 35614 8076 31187 4427 2184 5352 2545
is_linear=0
shrinkage=0.01


Tree=423
num_leaves=15
num_cat=0
split_feature=22 7 10 24 25 22 35 35 41 23 7 38 12 39
split_gain=37776 35807 46651.9 45339.8 42127 38260.3 37842.5 23848.4 22142.5 19118.2 17632.7 6798.33 7062.22 3908.31
threshold=22.291666666666668 1007.5001000000001 0.25000000000000011 8.6321380201912117 127.0060442479318 82.542585551330816 53.797000422475719 83.054779070680851 101.54308854156716 86.55663852294056 1005.7000500000001 67.583227714406434 1.0000000180025095e-35 64.797008871989888
decision_type=2 2 2 2 2 2 2 2 2 2 2 2 2 2
left_child=7 2 4 -4 -2 6 -3 9 -7 10 -1 12 -9 -13
right_child=1 5 3 -5 -6 8 -8 11 -10 -11 -12 13 -14 -15
leaf_value=-0.024780148185230857 0.0023849627423900253 0.025429360169505099 0.00033690097709805378 -0.026404134881391612 0.089079932653807536 0.050348351747612291 -0.00022158957471360779 -0.046280377239954831 -0.020788589621279316 0.29726592826843262 0.00050966908527467938 0.094437752210575598 -0.097949904537258242 -0.070205363773164303
leaf_weight=5539 57636 7898 12691 12671 566 3235 21161 968 506 20 5489 46 364 21
leaf_count=5539 57636 7898 12691 12671 566 3235 21161 968 506 20 5489 46 364 21
internal_value=-1.68996e-11 0.00177115 -0.00170423 -0.0130231 0.00322805 0.0106253 0.00675013 -0.016558 0.0407265 -0.0116324 -0.0121926 -0.0554563 -0.0604003 0.0428332
internal_weight=128811 116364 83564 25362 58202 32800 29059 12447 3741 11048 11028 1399 1332 67
internal_count=128811 116364 83564 25362 58202 32800 29059 12447 3741 11048 11028 1399 1332 67
is_linear=0
shrinkage=0.01


Tree=424
num_leaves=15
num_cat=0
split_feature=17 9 44 47 5 2 37 26 45 25 28 26 5 39
split_gain=37796.9 44837.6 37454.8 32588.3 38940.5 29193.6 31769.9 26049 24345.4 23653.4 21023.7 27419.2 12329.2 6057.93
threshold=0.015769624186723036 -0.60355339059327384 1.0000000180025095e-35 1.0000000180025095e-35 98.500000000000014 22.825000000000006 53.236727221518102 6.6399576837212413 1.0000000180025095e-35 15.841787248274892 92.774614517454211 29.899396712230999 85.500000000000014 56.225198755617015
decision_type=2 2 2 2 2 2 2 2 2 2 2 2 2 2
left_child=1 8 5 4 -3 6 -2 -5 9 -1 11 -4 -10 -7
right_child=2 3 10 7 -6 13 -8 -9 12 -11 -12 -13 -14 -15
leaf_value=-0.076688710777875299 -0.0065403687393965062 0.0070157507197350279 -0.04530138640480131 -0.012453491012455794 -0.012800691494894274 0.0250580087675637 -0.060597112005193472 0.029530691959131557 0.0042482970843778067 -0.0094940244057009262 -0.28427681903044383 0.15897013728298359 0.041123975565504678 0.0022727464020825924
leaf_weight=533 3775 56726 3416 1778 12017 2034 1527 8753 3617 30585 36 67 1210 2737
leaf_count=533 3775 56726 3416 1778 12017 2034 1527 8753 3617 30585 36 67 1210 2737
internal_value=-3.92981e-12 0.00186051 -0.0157715 0.00606112 0.00355163 -0.00595981 -0.022109 0.0224423 -0.00740364 -0.010645 -0.0438569 -0.041372 0.013492 0.0119867
internal_weight=128811 115219 13592 79274 68743 10073 5302 10531 35945 31118 3519 3483 4827 4771
internal_count=128811 115219 13592 79274 68743 10073 5302 10531 35945 31118 3519 3483 4827 4771
is_linear=0
shrinkage=0.01


Tree=425
num_leaves=15
num_cat=0
split_feature=31 6 9 15 2 29 8 25 30 20 10 30 25 31
split_gain=37407.2 38672.9 38225 43837.2 22090.6 27813 18671.6 19910.9 16425.3 16376.4 13502 12060.2 11505.1 11365.2
threshold=16.805555555555561 18.314103500000005 -0.9159756150367534 0.059757691166234125 24.975000000000005 38.90420363329109 -0.70710678118654735 60.610468595972407 134.03472422847389 10.092592592592597 -0.5 162.91702432045784 86.139686670042252 12.30769230769231
decision_type=2 2 2 2 2 2 2 2 2 2 2 2 2 2
left_child=6 2 9 -4 5 -3 8 -8 10 -2 -1 -10 -6 -9
right_child=1 4 3 -5 12 -7 7 13 11 -11 -12 -13 -14 -15
leaf_value=0.093714636178989702 -0.077462519028830154 0.0040514886157299894 0.044601109833984361 0.0036912041444509113 0.0052007731821956792 -0.052991055738264771 -0.02128116781794569 -0.11230531854170128 -0.23238329239866951 -0.010776727261389818 0.0062019018864558706 0.025130918883988933 -0.21494803319374722 -0.043382886436490867
leaf_weight=234 378 1206 2691 98311 2181 2935 4767 392 44 14288 715 31 24 614
leaf_count=234 378 1206 2691 98311 2181 2935 4767 392 44 14288 715 31 24 614
internal_value=2.35441e-12 0.00127191 0.00259059 0.00478117 -0.0227637 -0.0363783 -0.0228322 -0.0298126 0.0165213 -0.0124955 0.0277804 -0.125944 0.0028046 -0.0702393
internal_weight=128811 122014 115668 101002 6346 4141 6797 5773 1024 14666 949 75 2205 1006
internal_count=128811 122014 115668 101002 6346 4141 6797 5773 1024 14666 949 75 2205 1006
is_linear=0
shrinkage=0.01


Tree=426
num_leaves=13
num_cat=0
split_feature=7 31 0 35 17 7 7 25 23 18 28 23
split_gain=37412.2 38971.6 39212.4 38891.3 46126.9 33652.9 32044.7 29145.6 12659 6083.95 4182.33 3336.3
threshold=992.7403250000001 60.502561258977615 37.042691525878915 75.603529370553673 0.0055828569080730644 1003.9999500000001 1007.90025 72.567530101394183 85.397707184705396 1.1220179457504009 58.267638360794265 40.416437825658363
decision_type=2 2 2 2 2 2 2 2 2 2 2 2
left_child=8 3 5 6 -5 -3 -2 -4 9 11 -11 -1
right_child=1 2 7 4 -6 -7 -8 -9 -10 10 -12 -13
leaf_value=-0.08631667776892965 -0.0026456549668666942 0.0022531641709063539 -0.028644601842247229 0.0036696024385628723 -0.025460341502365549 0.027075939580421524 0.011844111594867682 -0.25017928173465115 -0.27839748794382269 -0.0432850190613897 -0.12601680217625258 -0.23882201522588731
leaf_weight=26 62029 10349 1409 9029 13660 11565 20244 62 33 296 77 32
leaf_count=26 62029 10349 1409 9029 13660 11565 20244 62 33 296 77 32
internal_value=1.43629e-11 0.000324038 0.0119983 -0.00227692 -0.0138682 0.0153533 0.00091968 -0.0379819 -0.0896321 -0.0751791 -0.0603637 -0.170458
internal_weight=128811 128347 23385 104962 22689 21914 82273 1471 464 431 373 58
internal_count=128811 128347 23385 104962 22689 21914 82273 1471 464 431 373 58
is_linear=0
shrinkage=0.01


Tree=427
num_leaves=15
num_cat=0
split_feature=5 15 8 11 11 8 8 45 1 8 34 20 5 8
split_gain=37266.2 45840.1 34225.4 78303.9 44822.5 34198.8 33477.9 39364.3 33057.9 22950.6 22341.8 20682.9 12933.7 10455.2
threshold=1.5000000000000002 0.059757691166234125 -0.25881904510252113 0.6830127018922193 -0.24999999999999994 -0.25881904510252113 0.78656609248549325 1.0000000180025095e-35 -120.84999847412108 0.25881904510252091 94.656889485450066 125.00753768844221 85.500000000000014 -0.70710678118654735
decision_type=2 2 2 2 2 2 2 2 2 2 2 2 2 2
left_child=6 5 3 -3 -4 13 7 11 -8 -9 -10 -1 -7 -2
right_child=1 2 4 -5 -6 12 8 9 10 -11 -12 -13 -14 -15
leaf_value=0.0052958952441821824 0.12667668649960648 -0.0091817787126834988 0.0024052263753805373 0.024024998989840018 -0.019681737250844468 -0.01577852838703462 -0.024978872876156695 -0.032202687245006592 0.028731095887543742 0.0096472711061564992 -0.076658850901374004 0.062818886884363892 0.037290092300316866 0.058718420489279145
leaf_weight=33371 330 21748 13973 10544 26831 999 1393 4680 10709 1820 205 637 850 721
leaf_count=33371 330 21748 13973 10544 26831 999 1393 4680 10709 1820 205 637 850 721
internal_value=-1.59968e-11 -0.00448399 -0.00603095 0.00166091 -0.0121182 0.034508 0.00645205 0.00206365 0.0208963 -0.0204847 0.0267515 0.00637335 0.00861754 0.0800564
internal_weight=128811 75996 73096 32292 40804 2900 52815 40508 12307 6500 10914 34008 1849 1051
internal_count=128811 75996 73096 32292 40804 2900 52815 40508 12307 6500 10914 34008 1849 1051
is_linear=0
shrinkage=0.01


Tree=428
num_leaves=14
num_cat=0
split_feature=22 17 9 2 23 35 23 29 20 16 37 31 20
split_gain=36583.1 33905.2 30785.2 37416.6 24985.7 23119.8 18684.4 17909.7 16593.6 13591.5 6729.91 6483.64 4990.31
threshold=22.291666666666668 0.01852595645739517 -0.78656609248549325 7.4250000000000016 84.319077962690528 83.054779070680851 86.55663852294056 38.346430080270395 13.121693121693125 0.08684107250000038 83.640391927464194 73.739353612167307 54.549239543726252
decision_type=2 2 2 2 2 2 2 2 2 2 2 2 2
left_child=5 2 9 -4 7 6 8 -3 -1 -2 12 -6 -7
right_child=1 4 3 -5 11 10 -8 -9 -10 -11 -12 -13 -14
leaf_value=-0.041410250488654148 0.022934927933417087 0.015519777542354497 0.033491037326532122 0.0041511664685159443 -0.1201681220933795 -0.050927418125715863 0.29392848682403566 -0.027845101136968867 -0.0068825572610948672 -0.0092589421391608556 0.076666298195915791 -0.28778602449099222 -0.10827207452799568
leaf_weight=1634 1396 1209 4587 82928 100 1187 20 4487 9394 21627 38 30 174
leaf_count=1634 1396 1209 4587 82928 100 1187 20 4487 9394 21627 38 30 174
internal_value=-9.71955e-12 0.00174296 0.00298219 0.00568898 -0.0217693 -0.0162945 -0.0114447 -0.0186407 -0.0119985 -0.00730687 -0.0545939 -0.158849 -0.0582588
internal_weight=128811 116364 110538 87515 5826 12447 11048 5696 11028 23023 1399 130 1361
internal_count=128811 116364 110538 87515 5826 12447 11048 5696 11028 23023 1399 130 1361
is_linear=0
shrinkage=0.01


Tree=429
num_leaves=13
num_cat=0
split_feature=7 31 0 35 7 7 25 31 23 18 26 23
split_gain=36581.7 37625.7 38289.9 37929.7 32754.1 31337.4 28486.4 26462.1 12362.7 5966.64 5304.73 3272.79
threshold=992.7403250000001 60.502561258977615 37.042691525878915 75.603529370553673 1003.9999500000001 1007.90025 72.567530101394183 18.392857142857149 85.397707184705396 1.1220179457504009 12.229730684503641 40.416437825658363
decision_type=2 2 2 2 2 2 2 2 2 2 2 2
left_child=8 3 4 5 -3 -2 -4 -5 9 11 -11 -1
right_child=1 2 6 7 -6 -7 -8 -9 -10 10 -12 -13
leaf_value=-0.085368125981006501 -0.0026041566066197135 0.0021826272813210198 -0.028366368440934306 -0.044330669552049139 0.026671642811834439 0.011724794256590856 -0.24738122005616464 -0.0098768982523661005 -0.27517473677794141 -0.10318876061588526 -0.026992046292259101 -0.23641487315297127
leaf_weight=26 62029 10349 1409 2506 11565 20244 62 20183 33 160 213 32
leaf_count=26 62029 10349 1409 2506 11565 20244 62 20183 33 160 213 32
internal_value=-1.21022e-11 0.000320421 0.0117913 -0.00223523 0.0151066 0.000921609 -0.0375974 -0.0136823 -0.0886317 -0.0743489 -0.059677 -0.168704
internal_weight=128811 128347 23385 104962 21914 82273 1471 22689 464 431 373 58
internal_count=128811 128347 23385 104962 21914 82273 1471 22689 464 431 373 58
is_linear=0
shrinkage=0.01


Tree=430
num_leaves=15
num_cat=0
split_feature=5 7 44 8 11 11 13 0 21 23 0 11 1 8
split_gain=36492.9 60352.2 76283.7 57591.8 87171.1 50677.6 47421.3 43721.8 73423.1 42838.4 39524 34274.8 27114.2 19338.3
threshold=1.5000000000000002 1003.2004000000001 1.0000000180025095e-35 -0.25881904510252113 0.6830127018922193 -0.5 0.34380600738314443 34.083213737060554 101.30778894472364 125.67572371516049 37.042691525878915 0.6830127018922193 -119.7866065258789 0.60355339059327384
decision_type=2 2 2 2 2 2 2 2 2 2 2 2 2 2
left_child=6 2 11 4 -3 -4 12 8 -8 -9 -5 -2 -1 -14
right_child=1 3 5 10 -6 -7 7 9 -10 -11 -12 -13 13 -15
leaf_value=-0.0093946334821020591 0.00019938129524490859 -0.0032032512816519212 -0.011845535299092533 -0.00065692660035887444 0.037058562693498158 -0.061276179764634203 -0.02449163354826828 0.0022737978686666912 -0.32830486536025999 0.11991762308421702 -0.029367154824482437 -0.037781470153507024 0.016799369891330573 0.040649571266977297
leaf_weight=2976 16814 12330 3523 19638 9537 5043 4432 27876 81 313 6344 2767 12462 4675
leaf_count=2976 16814 12330 3523 19638 9537 5043 4432 27876 81 313 6344 2767 12462 4675
internal_value=-1.13278e-11 -0.00443722 -0.0160563 0.00239766 0.0143564 -0.0409465 0.00638476 -0.00104645 -0.0299445 0.00358007 -0.00766708 -0.00516771 0.0184673 0.0233057
internal_weight=128811 75996 28147 47849 21867 8566 52815 32702 4513 28189 25982 19581 20113 17137
internal_count=128811 75996 28147 47849 21867 8566 52815 32702 4513 28189 25982 19581 20113 17137
is_linear=0
shrinkage=0.01


Tree=431
num_leaves=15
num_cat=0
split_feature=6 11 44 25 2 34 6 23 4 0 36 13 47 23
split_gain=35873.2 51554.9 116999 47021.5 47016.7 36042.7 41777.2 32714.1 32443.9 27887.3 39669.6 24305.7 21462.3 19970.7
threshold=6.7102676500000014 0.6830127018922193 1.0000000180025095e-35 96.754625870161973 18.525000000000002 45.563424165610478 14.105104500000001 118.64924896394045 1.0000000180025095e-35 35.400001525878913 109.35082436475639 6.4353429482240605 1.0000000180025095e-35 13.22916666666667
decision_type=2 2 2 2 2 2 2 2 2 2 2 2 2 2
left_child=1 7 3 -3 5 12 -7 13 -4 11 -11 -6 -2 -1
right_child=4 2 8 -5 9 6 -8 -9 -10 10 -12 -13 -14 -15
leaf_value=-0.078848673201573544 -0.0045370067900503425 0.0073336150956235671 0.060344082154190889 -0.072570578565680346 0.016465772619394629 -0.01334653175213818 -0.046903918012619228 0.091651732820343779 -0.051978501509208588 -0.0043943488616334158 0.18862663139388938 -0.079690622342194414 0.031238179209608325 -0.001381859547208295
leaf_weight=336 11717 12918 5841 781 13752 19420 4586 376 269 21712 107 268 1957 34771
leaf_count=336 11717 12918 5841 781 13752 19420 4586 376 269 21712 107 268 1957 34771
internal_value=2.17545e-11 0.00608524 0.0190088 0.00277816 -0.00457657 -0.0123757 -0.0197572 -0.00112958 0.0553989 0.00362324 -0.00344778 0.0146277 0.000583078 -0.00212327
internal_weight=128811 55292 19809 13699 73519 37680 24006 35483 6110 35839 21819 14020 13674 35107
internal_count=128811 55292 19809 13699 73519 37680 24006 35483 6110 35839 21819 14020 13674 35107
is_linear=0
shrinkage=0.01


Tree=432
num_leaves=15
num_cat=0
split_feature=7 31 4 35 6 0 7 20 28 6 26 24 25 41
split_gain=35501.1 36101.2 38149.4 36959.7 44171.5 36958.4 30620.1 16101 11946.8 5886.89 5622.57 7203.64 3894.85 3223.13
threshold=992.7403250000001 60.502561258977615 1.0000000180025095e-35 75.603529370553673 5.7088283000000013 37.042691525878915 1007.90025 98.416349809885944 56.030207013096756 6.6392917500000008 14.516267915671074 6.3223927648136451 61.733347415856933 54.731939163498105
decision_type=2 2 2 2 2 2 2 2 2 2 2 2 2 2
left_child=8 3 5 6 -5 -3 -2 -4 9 13 11 -10 -11 -1
right_child=1 2 7 4 -6 -7 -8 -9 10 12 -12 -13 -14 -15
leaf_value=-0.086448325596509432 -0.0025566613998272538 0.016724367765346124 -0.057362044983993055 0.0033952372770258959 -0.025018931723114993 -0.035901353244453101 0.011607365372428759 -0.26182690382003787 -0.11441752604981685 -0.047955440072181783 -0.065492079345191398 -0.28447241040895571 0.07659576689026186 -0.2469022388969149
leaf_weight=31 62029 21456 464 9208 13481 1423 20244 42 47 243 41 53 28 21
leaf_count=31 62029 21456 464 9208 13481 1423 20244 42 47 243 41 53 28 21
internal_value=-8.6453e-12 0.000315653 0.0115518 -0.00218769 -0.0134875 0.0134512 0.000928523 -0.0743334 -0.0873129 -0.0537874 -0.164112 -0.204547 -0.0350867 -0.151247
internal_weight=128811 128347 23385 104962 22689 22879 82273 506 464 323 141 100 271 52
internal_count=128811 128347 23385 104962 22689 22879 82273 506 464 323 141 100 271 52
is_linear=0
shrinkage=0.01


Tree=433
num_leaves=15
num_cat=0
split_feature=22 7 44 1 2 7 11 0 9 7 33 10 44 2
split_gain=35342 33007.8 117284 65200.4 53602.6 53519.4 40242.4 39563.1 15348.7 14460.6 13987.6 11182.2 14747.5 10269.9
threshold=22.291666666666668 1007.5001000000001 1.0000000180025095e-35 -118.21337597412109 14.125000000000002 1001.9000500000001 0.25000000000000017 35.400001525878913 -0.37940952255126015 1002.8996150000002 25.574355724545843 0.68301270189221941 1.0000000180025095e-35 3.8250000000000006
decision_type=2 2 2 2 2 2 2 2 2 2 2 2 2 2
left_child=8 4 3 -3 5 -2 -4 -6 11 -10 -11 13 -13 -1
right_child=1 2 6 -5 7 -7 -8 -9 9 10 -12 12 -14 -15
leaf_value=0.062643579046260445 -0.043901963376357961 -0.005906078869112449 -0.026559721731100373 0.042076051248646149 0.010263171341849217 -0.006329292317295873 0.053540356632281495 -0.0055347696515709579 -0.026704923495231403 0.034480520817488036 -0.0058657165298024892 -0.016125078405237806 -0.072146382490437852 -0.021619296767870902
leaf_weight=151 5095 22345 694 3243 33807 14814 6518 29848 2290 1137 3518 826 1090 3435
leaf_count=151 5095 22345 694 3243 33807 14814 6518 29848 2290 1137 3518 826 1090 3435
internal_value=-2.37313e-12 0.00171314 0.0102142 0.000175133 -0.00162363 -0.0159447 0.0458324 0.00285547 -0.0160157 -0.00613182 0.00398899 -0.0284918 -0.0479952 -0.0180711
internal_weight=128811 116364 32800 25588 83564 19909 7212 63655 12447 6945 4655 5502 1916 3586
internal_count=128811 116364 32800 25588 83564 19909 7212 63655 12447 6945 4655 5502 1916 3586
is_linear=0
shrinkage=0.01


Tree=434
num_leaves=15
num_cat=0
split_feature=9 15 1 10 41 25 45 14 1 33 33 33 14 24
split_gain=34968.6 43791.1 38048.7 49050.4 47982.1 13984.2 13712.6 16603 17398.7 12032.6 9751.43 5200.91 4266.55 3849.85
threshold=-0.9159756150367534 0.059757691166234125 -118.21337597412109 0.25000000000000011 92.397075682595499 12.326388888888891 1.0000000180025095e-35 -2.8800826500913463 -118.99998249999999 52.678284748626965 10.694444444444445 15.347222222222223 -13.373444071761936 5.0914729930477227
decision_type=2 2 2 2 2 2 2 2 2 2 2 2 2 2
left_child=6 5 3 -3 -4 11 7 8 -1 -9 -7 -2 -8 -14
right_child=1 2 4 -5 -6 10 12 9 -10 -11 -12 -13 13 -15
leaf_value=-0.027704763112666387 0.025536712408065796 0.003925903052343473 0.016271910778043956 -0.011128081966401389 -0.47385666370391849 0.2010244273298826 -0.12909427805380388 -0.019892193342717156 -0.093558388707575754 0.0020180290304630337 0.041787709257156198 -0.15735098311367135 0.033834256290359209 0.0031277089693092864
leaf_weight=2885 23 61151 15209 33502 20 39 22 6393 466 4123 2765 48 546 1619
leaf_count=2885 23 61151 15209 33502 20 39 22 6393 466 4123 2765 48 546 1619
internal_value=6.17959e-12 0.001966 0.000957957 -0.00140239 0.0156282 0.040493 -0.0138084 -0.0174787 -0.0368626 -0.0113019 0.0440025 -0.0981057 0.00946374 0.0108717
internal_weight=128811 112757 109882 94653 15229 2875 16054 13867 3351 10516 2804 71 2187 2165
internal_count=128811 112757 109882 94653 15229 2875 16054 13867 3351 10516 2804 71 2187 2165
is_linear=0
shrinkage=0.01


Tree=435
num_leaves=15
num_cat=0
split_feature=17 44 31 2 32 1 44 10 35 17 20 25 25 22
split_gain=34903.9 51108.3 40380.8 35901.8 38596.9 32515.9 37647.9 35138.6 31155.1 35693.2 29649.2 27654.3 17147.5 14162.5
threshold=0.014332720038542286 1.0000000180025095e-35 62.939480354879606 21.775000000000002 49.469933812139146 -118.21337597412109 1.0000000180025095e-35 0.25000000000000011 78.015700598471895 0.0054836189580683746 61.265779467680623 12.326388888888891 84.761484864117818 89.962452471482905
decision_type=2 2 2 2 2 2 2 2 2 2 2 2 2 2
left_child=2 3 8 4 -2 6 -4 -7 11 -10 13 -1 -12 -3
right_child=1 10 5 -5 -6 7 -8 -9 9 -11 12 -13 -14 -15
leaf_value=-0.05830159039801424 -0.0044894233664729754 -0.032578684285229267 -0.00057773845809043218 0.013369866903535902 -0.058788646916405132 0.02449781744240442 0.029658107874163835 0.15114827512200499 0.0035335540040278158 -0.024146203668928987 -0.081188710061742539 0.0030572967716470389 -0.22968310061800346 0.097778858719503176
leaf_weight=742 4843 4274 9287 6935 1794 562 7399 359 8327 10575 616 72924 89 85
leaf_count=742 4843 4274 9287 6935 1794 562 7399 359 8327 10575 616 72924 89 85
internal_value=-4.56347e-12 -0.0126569 0.0021409 -0.00254119 -0.0191667 0.0160223 0.0128296 0.0738654 -0.000499435 -0.0119523 -0.0397678 0.00243926 -0.0999348 -0.0300367
internal_weight=128811 18636 110175 13572 6637 17607 16686 921 92568 18902 5064 73666 705 4359
internal_count=128811 18636 110175 13572 6637 17607 16686 921 92568 18902 5064 73666 705 4359
is_linear=0
shrinkage=0.01


Tree=436
num_leaves=14
num_cat=0
split_feature=31 7 47 16 41 25 30 23 20 23 35 19 18
split_gain=34648.6 36390 35855.9 48573 44909.5 17827.1 15847.1 18856.6 11388 11108.1 10336.4 9605.57 5144.01
threshold=16.805555555555561 992.7403250000001 1.0000000180025095e-35 0.34902569499999997 92.397075682595499 60.610468595972407 125.99952429455821 134.29704288063743 79.738593155893554 85.397707184705396 152.01645207439199 0.68137813018515192 0.99399999999999966
decision_type=2 2 2 2 2 2 2 2 2 2 2 2 2
left_child=5 9 3 -3 -4 8 10 -8 11 12 -7 -1 -2
right_child=1 2 4 -5 -6 6 7 -9 -10 -11 -12 -13 -14
leaf_value=-0.020201243338133227 -0.17246578718125821 0.029156217035920515 0.015943759105680157 -0.0021475466384936978 -0.44679916651099033 -0.038082323696410833 -0.25112853841083804 0.018349276543839981 -0.2273734188079834 -0.26973845429492721 -0.18668835439814291 0.012189206078609896 -0.063329471962743855
leaf_weight=4402 50 5215 16263 100115 21 1045 82 38 25 33 49 1156 317
leaf_count=4402 50 5215 16263 100115 21 1045 82 38 25 33 49 1156 317
internal_value=-5.29132e-12 0.00122411 0.00153731 -0.000597664 0.015347 -0.0219742 -0.0567043 -0.165794 -0.0144223 -0.0940003 -0.0447384 -0.0134644 -0.0781982
internal_weight=128811 122014 121614 105330 16284 6797 1214 120 5583 400 1094 5558 367
internal_count=128811 122014 121614 105330 16284 6797 1214 120 5583 400 1094 5558 367
is_linear=0
shrinkage=0.01


Tree=437
num_leaves=15
num_cat=0
split_feature=5 7 44 0 7 10 2 8 7 45 6 8 9 24
split_gain=35425.1 57795 85310.9 75089.3 55105.3 45550 45259.1 32709.6 38130.4 37753 30102.4 28358 25024.5 22866.3
threshold=1.5000000000000002 1005.8002 1.0000000180025095e-35 37.042691525878915 1009.4003500000001 0.68301270189221941 12.925000000000002 0.78656609248549325 1005.7000500000001 1.0000000180025095e-35 16.304814000000004 1.0000000180025095e-35 -0.37940952255126015 22.776188026719986
decision_type=2 2 2 2 2 2 2 2 2 2 2 2 2 2
left_child=7 2 6 4 -3 -4 -2 9 10 13 -9 -5 -11 -1
right_child=1 3 5 11 -6 -7 -8 8 -10 12 -12 -13 -14 -15
leaf_value=0.0044555134498727072 -0.026730159231043112 0.003702398485609128 -0.0228828026419029 -0.00071370771981632542 0.035921616190829751 -0.066843865137427072 0.0030561772307881045 0.038925777186053223 -0.0043352790497459201 0.0019927651450463595 -0.028985372824555301 -0.033495208349120301 -0.03753234034359295 0.045311702341541416
leaf_weight=32578 6459 14132 8854 5488 8502 3212 24266 7492 4100 2862 715 5083 3638 1430
leaf_count=32578 6459 14132 8854 5488 8502 3212 24266 7492 4100 2862 715 5083 3638 1430
internal_value=9.6435e-12 -0.00437182 -0.0120538 0.00552793 0.0158049 -0.0345853 -0.0032055 0.00629065 0.0205682 0.0019529 0.0330093 -0.0164765 -0.0201291 0.00617347
internal_weight=128811 75996 42791 33205 22634 12066 30725 52815 12307 40508 8207 10571 6500 34008
internal_count=128811 75996 42791 33205 22634 12066 30725 52815 12307 40508 8207 10571 6500 34008
is_linear=0
shrinkage=0.01


Tree=438
num_leaves=15
num_cat=0
split_feature=5 7 0 8 15 25 25 19 8 7 45 14 9 24
split_gain=34720.1 56943.6 60209.6 55230.2 54839.8 52575.8 38213.6 33974.3 32058.7 37463.6 37001.7 35344.7 24526.5 22411.2
threshold=1.5000000000000002 1003.2004000000001 36.742692288818368 -0.25881904510252113 0.079526384856204738 59.089133572736245 68.469735776651191 1.8566926151053991 0.78656609248549325 1004.1998850000001 1.0000000180025095e-35 -11.15998386963255 -0.37940952255126015 22.776188026719986
decision_type=2 2 2 2 2 2 2 2 2 2 2 2 2 2
left_child=8 2 7 4 -3 -4 -5 -2 10 11 13 -10 -12 -1
right_child=1 3 5 6 -6 -7 -8 -9 9 -11 12 -13 -14 -15
leaf_value=0.0044109582971959185 -0.01132243062471062 0.069418819423992709 -0.025201151320624927 -0.013661924130910772 0.0094948282720716433 -0.086675879445199958 0.016500033090906103 0.025623761792757663 -0.023198901981458735 0.0002547219496603468 0.0019728374898539121 0.044077369818901133 -0.037157016914776145 0.044858585142563065
leaf_weight=32578 16345 1652 7138 20713 20215 1728 5269 2936 895 5286 2862 6126 3638 1430
leaf_count=32578 16345 1652 7138 20713 20215 1728 5269 2936 895 5286 2862 6126 3638 1430
internal_value=9.92552e-12 -0.0043281 -0.0156143 0.00231096 0.0140219 -0.0371827 -0.00754525 -0.00569648 0.00622775 0.0203625 0.00193337 0.0355013 -0.0199278 0.00611174
internal_weight=128811 75996 28147 47849 21867 8866 25982 19281 52815 12307 40508 7021 6500 34008
internal_count=128811 75996 28147 47849 21867 8866 25982 19281 52815 12307 40508 7021 6500 34008
is_linear=0
shrinkage=0.01


Tree=439
num_leaves=15
num_cat=0
split_feature=5 17 0 13 13 0 25 23 16 20 15 20 41 33
split_gain=34029.2 44650.2 55279.4 63589.1 44521.9 42937.4 72406.7 41132 35139.7 30940.3 27687.4 27547.1 29318.4 24897.6
threshold=1.5000000000000002 0.0053774437757933826 36.742692288818368 -2.1999999999999993 0.34380600738314443 34.083213737060554 105.31342336493213 125.67572371516049 14.385619360000003 155.57403433476398 0.06913984497752497 98.416349809885944 101.54308854156716 100.09226742075397
decision_type=2 2 2 2 2 2 2 2 2 2 2 2 2 2
left_child=4 9 8 -4 11 6 -6 -7 -3 10 -2 -1 -13 -11
right_child=1 2 3 -5 5 7 -8 -9 -10 13 -12 12 -14 -15
leaf_value=0.015232680582868795 0.046831812800526659 -0.0048987636953075515 -0.046278785331004685 -0.0097418654509660325 -0.025390376473055032 0.0022698639161476135 -0.40433181697247073 0.11754676043689727 0.028618566484082092 0.071354839007059731 0.002887726279971743 0.089125487579559196 -0.085609164043088201 0.35249531382606142
leaf_weight=19139 1524 25112 7157 14243 4462 27876 51 313 3573 126 24219 866 108 42
leaf_count=19139 1524 25112 7157 14243 4462 27876 51 313 3573 126 24219 866 108 42
internal_value=1.96789e-11 -0.00428482 -0.00979803 -0.0219612 0.00616547 -0.00103498 -0.0296727 0.00354985 -0.000723849 0.00637201 0.00548924 0.0178728 0.0697504 0.14164
internal_weight=128811 75996 50085 21400 52815 32702 4513 28189 28685 25911 25743 20113 974 168
internal_count=128811 75996 50085 21400 52815 32702 4513 28189 28685 25911 25743 20113 974 168
is_linear=0
shrinkage=0.01


Tree=440
num_leaves=15
num_cat=0
split_feature=17 31 44 1 7 44 35 7 17 11 20 28 39 24
split_gain=33619.6 38898.9 34000.2 32554.6 33566.9 32092.9 31699.9 37610.4 32512.5 28092.4 22212 20240.6 19753.6 16593.9
threshold=0.015769624186723036 62.939480354879606 1.0000000180025095e-35 -118.21337597412109 1004.6003850000001 1.0000000180025095e-35 70.94660299809145 1007.90025 0.0056280243997970901 0.25000000000000017 49.469696969696976 92.774614517454211 57.176119560625274 29.007356592079422
decision_type=2 2 2 2 2 2 2 2 2 2 2 2 2 2
left_child=1 6 9 5 -5 -3 7 -1 -8 12 -11 13 -2 -4
right_child=2 3 11 4 -6 -7 8 -9 -10 10 -12 -13 -14 -15
leaf_value=-0.0013720406453321603 0.019972756540387653 -0.00013698714796254216 -0.041692303525340278 -0.00071824982517251855 0.1205323889502487 0.027409040588996406 0.0027345549771719086 0.015670938143944622 -0.019044076574492318 -0.0074753110561323532 -0.065218921401709803 -0.27753330641322665 -0.012820022755065557 0.15159010744322504
leaf_weight=51862 3912 9556 3438 380 572 7588 11978 17257 16026 1499 1199 36 3463 45
leaf_count=51862 3912 9556 3438 380 572 7588 11978 17257 16026 1499 1199 36 3463 45
internal_value=1.02499e-11 0.00175469 -0.0148744 0.0152156 0.072134 0.012055 -0.000753367 0.00288309 -0.00972882 -0.00552619 -0.0331368 -0.0416334 0.0045746 -0.0391951
internal_weight=128811 115219 13592 18096 952 17144 97123 69119 28004 10073 2698 3519 7375 3483
internal_count=128811 115219 13592 18096 952 17144 97123 69119 28004 10073 2698 3519 7375 3483
is_linear=0
shrinkage=0.01


Tree=441
num_leaves=15
num_cat=0
split_feature=9 17 31 47 35 19 29 13 25 14 46 33 10 48
split_gain=33821 38500.7 37415.4 34184.9 33450.4 24217.5 30992.7 14828.1 12325.4 10133 15765.2 9272.63 3896.57 5369.67
threshold=-0.9159756150367534 0.015769624186723036 62.939480354879606 1.0000000180025095e-35 53.797000422475719 1.6711554861256037 34.458069286016062 -4.6800000030581783 20.904414871144912 -2.8800826500913463 1.0000000180025095e-35 52.308196028728361 0.68301270189221941 1.0000000180025095e-35
decision_type=2 2 2 2 2 2 2 2 2 2 2 2 2 2
left_child=8 2 4 -4 -2 6 -3 -7 12 10 -10 -11 -1 -14
right_child=1 5 3 -5 -6 7 -8 -9 9 11 -12 -13 13 -15
leaf_value=-0.035093271927075176 0.010349478668943493 0.011420818039358641 0.014279738843514999 0.077801398563984381 -0.0031586369841442447 0.019622029912339193 -0.036628320879583516 -0.013655975560529594 -0.019489045719025433 -0.014463846916802527 -0.092534173766849567 0.003988379924864195 -0.099774620837922545 0.044035310344449401
leaf_weight=369 27338 1738 15866 895 55648 2531 5898 2843 3855 6593 320 4640 248 29
leaf_count=369 27338 1738 15866 895 55648 2531 5898 2843 3855 6593 320 4640 248 29
internal_value=2.7372e-11 0.00193347 0.0040438 0.0176717 0.00129133 -0.0142464 -0.025692 0.00201701 -0.0135799 -0.0117858 -0.0250877 -0.00684181 -0.0563723 -0.0847187
internal_weight=128811 112757 99747 16761 82986 13010 7636 5374 16054 15408 4175 11233 646 277
internal_count=128811 112757 99747 16761 82986 13010 7636 5374 16054 15408 4175 11233 646 277
is_linear=0
shrinkage=0.01


Tree=442
num_leaves=15
num_cat=0
split_feature=5 13 0 21 26 0 13 11 21 31 2 33 30 9
split_gain=33304.5 43301.7 59461.6 62139.1 60146.4 43114.1 71393.4 117251 32644.4 31719.3 24194.3 19140.5 18154.3 17276.9
threshold=1.5000000000000002 1.7999977181282774 34.083213737060554 101.30778894472364 41.784708920842498 36.742692288818368 -3.7800021091456184 0.6830127018922193 54.004277566539933 47.090805872412346 21.425000000000001 40.550153901864938 71.593139971084838 -0.9159756150367534
decision_type=2 2 2 2 2 2 2 2 2 2 2 2 2 2
left_child=1 10 3 -3 -4 9 8 -8 -7 11 13 -2 -11 -1
right_child=5 2 4 -5 -6 6 7 -9 -10 12 -12 -13 -14 -15
leaf_value=-0.0031574101487545038 0.0069683067328989478 -0.035010056168885056 0.0022587357307578262 -0.35191945242503331 0.25841379283562949 -0.027908525275949204 -0.021780250933857791 0.023521465730091461 -0.076182734956471695 0.0041498491778086607 0.0042771982188421495 -0.011780861919893753 0.023891421463617338 0.029081698374246651
leaf_weight=1931 8169 3456 25182 63 92 4885 15663 8994 1964 12604 10147 16328 7389 11944
leaf_count=1931 8169 3456 25182 63 92 4885 15663 8994 1964 12604 10147 16328 7389 11944
internal_value=5.26684e-12 0.00609947 -0.00217109 -0.0406836 0.00319117 -0.00423895 -0.0131895 -0.00525579 -0.0417515 0.00209945 0.0160126 -0.00552859 0.0114459 0.0245949
internal_weight=128811 52815 28793 3519 25274 75996 31506 24657 6849 44490 24022 24497 19993 13875
internal_count=128811 52815 28793 3519 25274 75996 31506 24657 6849 44490 24022 24497 19993 13875
is_linear=0
shrinkage=0.01


Tree=443
num_leaves=14
num_cat=0
split_feature=7 9 1 18 11 10 42 15 25 2 18 25 25
split_gain=33067.4 34103.5 38965.3 43445.2 40186.4 24365.6 36310.8 25761.4 11167 7690.23 5577.39 5970.88 2360.65
threshold=992.7403250000001 -0.60355339059327384 -118.21337597412109 0.50430557917304564 -0.68301270189221952 0.68301270189221941 1.0000000180025095e-35 0.094384745903363265 83.593767625269024 26.525000000000002 1.1220179457504009 64.24540557667936 44.548985806828014
decision_type=2 2 2 2 2 2 2 2 2 2 2 2 2
left_child=8 5 3 -3 -4 7 -7 -2 10 -10 12 -12 -1
right_child=1 2 4 -5 -6 6 -8 -9 9 -11 11 -13 -14
leaf_value=-0.094006978858400286 0.019342958369942678 0.025755705506700227 -0.010876456810434422 -0.0012219834508946377 0.030588806061999898 -0.00079011665825118294 -0.043716053432587276 -0.0073616563940000169 -0.36803872802040793 -0.10363146534020251 -0.065328014124647754 0.091934339670607684 -0.22394274041570467
leaf_weight=27 4213 6509 3128 72009 9246 3754 4148 25340 22 22 338 26 29
leaf_count=27 4213 6509 3128 72009 9246 3754 4148 25340 22 22 338 26 29
internal_value=-2.39768e-12 0.000304642 0.00361366 0.00101442 0.0201069 -0.00772534 -0.0233232 -0.00355471 -0.0842669 -0.235835 -0.0683883 -0.054095 -0.161295
internal_weight=128811 128347 90892 78518 12374 37455 7902 29553 464 44 420 364 56
internal_count=128811 128347 90892 78518 12374 37455 7902 29553 464 44 420 364 56
is_linear=0
shrinkage=0.01


Tree=444
num_leaves=15
num_cat=0
split_feature=31 7 1 16 41 25 35 2 23 7 0 19 2 6
split_gain=32926.6 34353 33307.9 46341.8 44126.9 17749.5 14979.6 13037.8 10760.3 10368.1 13093 11644.4 8118.49 4048.07
threshold=16.805555555555561 992.7403250000001 -118.21337597412109 0.34902569499999997 92.397075682595499 60.610468595972407 112.83428549592067 16.425000000000001 85.397707184705396 1001.8999500000001 37.042691525878915 0.12209324878518059 5.5250000000000012 7.697960000000001
decision_type=2 2 2 2 2 2 2 2 2 2 2 2 2 2
left_child=5 8 3 -3 -4 9 12 -8 13 10 -1 -11 -7 -2
right_child=1 2 4 -5 -6 6 7 -9 -10 11 -12 -13 -14 -15
leaf_value=-0.041112983778842475 -0.14130645947853723 0.02850238711298787 0.015399131613366153 -0.0020739764819485717 -0.44329392189071293 0.15997609186172487 -0.093311741973376938 -0.28897845290956042 -0.26429273708300161 -0.03830484517187159 0.09080182511736698 0.0038969175907136496 -0.043561823703818128 -0.058942931098991062
leaf_weight=1581 75 5215 16263 100115 21 20 180 42 33 829 79 3094 972 292
leaf_count=1581 75 5215 16263 100115 21 20 180 42 33 829 79 3094 972 292
internal_value=1.19144e-11 0.0011933 0.00149761 -0.000560108 0.0148076 -0.0214212 -0.0560756 -0.13033 -0.0913275 -0.0138857 -0.0348351 -0.00502107 -0.0394582 -0.0757747
internal_weight=128811 122014 121614 105330 16284 6797 1214 222 400 5583 1660 3923 992 367
internal_count=128811 122014 121614 105330 16284 6797 1214 222 400 5583 1660 3923 992 367
is_linear=0
shrinkage=0.01


Tree=445
num_leaves=15
num_cat=0
split_feature=22 15 8 5 0 7 8 21 35 11 8 44 28 12
split_gain=32763.5 35355.9 55234.4 40002 41997.9 34883.7 33994.9 32349.8 21851.4 17696.1 36067 17721.5 6440.94 6638.13
threshold=22.291666666666668 0.083870966614637568 -0.70710678118654735 13.500000000000002 36.742692288818368 1003.0992000000001 0.60355339059327384 26.186868686868689 83.054779070680851 0.6830127018922193 -0.25881904510252113 1.0000000180025095e-35 85.048479087452492 1.0000000180025095e-35
decision_type=2 2 2 2 2 2 2 2 2 2 2 2 2 2
left_child=8 2 7 6 -5 -4 -3 -2 9 11 -11 -1 13 -10
right_child=1 3 5 4 -6 -7 -8 -9 12 10 -12 -13 -14 -15
leaf_value=-0.00073067236430870487 0.25669729042369704 0.00074694436446947048 -0.055852713885753892 0.00070677766682874621 -0.017999714679392109 0.021106631960414637 0.017272462132273503 0.074874337788875381 -0.041886443696883872 0.059166324503042482 -0.012873542724232355 -0.031556533804855728 0.11330845387733501 -0.091052439599875412
leaf_weight=3146 113 39304 658 32798 18928 5615 18218 730 997 990 2332 4580 23 379
leaf_count=3146 113 39304 658 32798 18928 5615 18218 730 997 990 2332 4580 23 379
internal_value=-7.58925e-12 0.00164946 0.0232473 0.000242658 -0.00613845 0.0130341 0.0059808 0.0992468 -0.0154204 -0.0107055 0.00859529 -0.0190044 -0.0526544 -0.0554285
internal_weight=128811 116364 7116 109248 51726 6273 57522 843 12447 11048 3322 7726 1399 1376
internal_count=128811 116364 7116 109248 51726 6273 57522 843 12447 11048 3322 7726 1399 1376
is_linear=0
shrinkage=0.01


Tree=446
num_leaves=15
num_cat=0
split_feature=31 6 1 25 18 28 23 2 23 25 42 25 17 25
split_gain=32431.3 33440.4 34872.1 41244.2 29679.6 24449.2 19746.8 19413.2 23599.6 17966.9 13488.4 17345.1 11146.9 10263.5
threshold=25.574355724545843 18.611846500000002 -120.84999847412108 72.08433671313901 0.52000000000000035 54.358470637938332 96.299679920460463 25.525000000000002 55.218173496690618 81.688816897294544 1.0000000180025095e-35 76.96030851341628 0.0061441047885758505 86.139686670042252
decision_type=2 2 2 2 2 2 2 2 2 2 2 2 2 2
left_child=5 2 3 -2 -4 6 9 8 -3 -1 -7 -12 -8 -9
right_child=1 7 4 -5 -6 10 12 13 -10 -11 11 -13 -14 -15
leaf_value=-0.0057307603744674463 -0.010867476712021609 -0.023540854306969856 0.018690620866702631 -0.24764338997570245 0.0030051963140405847 -0.019306407824143966 -0.027392193280475242 0.0065559614284601353 -0.089351825002726162 0.079252257092088357 -0.044569919152220139 -0.15282901439793181 -0.15406552697203177 -0.22140065670013429
leaf_weight=14902 12596 2260 14289 74 77446 2787 142 1587 718 253 1436 165 136 20
leaf_count=14902 12596 2260 14289 74 77446 2787 142 1587 718 253 1436 165 136 20
internal_value=1.00283e-11 0.00213981 0.00330059 -0.0122504 0.00544842 -0.0117662 -0.00584407 -0.0242924 -0.039408 -0.00431204 -0.0325948 -0.0557272 -0.0893619 0.00371892
internal_weight=128811 108990 104405 12670 91735 19821 15433 4585 2978 15155 4388 1601 278 1607
internal_count=128811 108990 104405 12670 91735 19821 15433 4585 2978 15155 4388 1601 278 1607
is_linear=0
shrinkage=0.01


Tree=447
num_leaves=15
num_cat=0
split_feature=5 13 17 44 13 16 46 21 22 22 1 15 2 2
split_gain=32217.7 42095.3 41811.4 47360.1 82705.5 45231.4 41327.3 69808 39095.1 25406.2 25045.8 24932.4 22226.7 9912.83
threshold=1.5000000000000002 0.34380600738314443 0.0053774437757933826 1.0000000180025095e-35 -2.4842660224793458 14.732586368000002 1.0000000180025095e-35 101.30778894472364 107.03266331658294 172.48569384835483 -119.7866065258789 0.06913984497752497 18.375000000000004 11.525000000000002
decision_type=2 2 2 2 2 2 2 2 2 2 2 2 2 2
left_child=1 10 9 5 -5 -4 8 -8 -3 11 13 -2 -12 -1
right_child=2 6 3 4 -6 -7 7 -9 -10 -11 12 -13 -14 -15
leaf_value=0.018839875302885997 0.044848684873403918 0.0017325421021077332 -0.0072393810534519812 -0.063673925394826747 -0.010024511545569848 0.029090644621186584 -0.023781023032496466 -0.3200203656561581 0.082155559623921376 0.29225088211797901 0.038771158486563304 0.0033333960136767101 0.014284331694872872 -0.021192299735463053
leaf_weight=877 1538 27571 31860 3968 10417 3840 4432 81 618 31 5423 24342 11714 2099
leaf_count=877 1538 27571 31860 3968 10417 3840 4432 81 618 31 5423 24342 11714 2099
internal_value=4.50477e-12 0.00599912 -0.00416921 -0.00950428 -0.0248233 -0.00333161 -0.00100236 -0.029098 0.00349569 0.00614328 0.0173829 0.00580057 0.0220332 -0.00939518
internal_weight=128811 52815 75996 50085 14385 35700 32702 4513 28189 25911 20113 25880 17137 2976
internal_count=128811 52815 75996 50085 14385 35700 32702 4513 28189 25911 20113 25880 17137 2976
is_linear=0
shrinkage=0.01


Tree=448
num_leaves=15
num_cat=0
split_feature=9 15 5 7 13 8 0 45 14 0 33 7 5 6
split_gain=32487.9 40203.7 36769.2 53628.6 44496.8 35889 15784.2 13188 15677.9 16798.3 11291.7 11077.6 8137.17 4128.02
threshold=-0.9159756150367534 0.059757691166234125 8.5000000000000018 1004.4999700000002 0.34380600738314443 -0.5 36.742692288818368 1.0000000180025095e-35 -2.8800826500913463 36.742692288818368 52.678284748626965 1002.7002500000002 86.500000000000014 16.923829000000001
decision_type=2 2 2 2 2 2 2 2 2 2 2 2 2 2
left_child=7 5 4 -4 -3 6 -2 8 9 -1 -10 -7 -9 -14
right_child=1 2 3 -5 -6 11 -8 12 10 -11 -12 -13 13 -15
leaf_value=-0.091454050982722732 0.026485741571812032 0.01738250198388783 -0.01555161690915745 0.0041976608525540748 -0.00093158053765245294 -0.064659138207540573 0.11960930920504396 -0.0019121805218136406 -0.01922837854243058 -0.026746704474788809 0.0019965808191005773 0.022341435791485509 0.049195029721814588 -0.060048817569339601
leaf_weight=466 258 22885 25266 30166 31565 159 618 1619 6393 2885 4123 1840 531 37
leaf_count=466 258 22885 25266 30166 31565 159 618 1619 6393 2885 4123 1840 531 37
internal_value=-9.53097e-12 0.00189498 0.000929112 -0.00480409 0.00676572 0.0388102 0.0921825 -0.0133096 -0.016909 -0.0357451 -0.0109067 0.0154214 0.009513 0.0420788
internal_weight=128811 112757 109882 55432 54450 2875 876 16054 13867 3351 10516 1999 2187 568
internal_count=128811 112757 109882 55432 54450 2875 876 16054 13867 3351 10516 1999 2187 568
is_linear=0
shrinkage=0.01


Tree=449
num_leaves=15
num_cat=0
split_feature=9 14 13 13 0 44 27 10 44 16 15 31 8 24
split_gain=31997.3 38413.2 70991.4 42880.8 57467.5 33206.7 28607.4 23885.6 35908.6 25346.3 16711.8 15540.6 11987.8 10259.7
threshold=-0.60355339059327384 6.1529304970907202 -2.5883773669708261 1.4225159029954288 34.083213737060554 1.0000000180025095e-35 63.495027595377266 0.68301270189221941 1.0000000180025095e-35 0.34902569499999997 0.10706476412954051 22.847222222222225 -0.37940952255126059 8.6800211334286299
decision_type=2 2 2 2 2 2 2 2 2 2 2 2 2 2
left_child=7 3 5 6 -5 -3 -2 9 13 10 -1 -11 -4 -9
right_child=1 2 12 4 -6 -7 -8 8 -10 11 -12 -13 -14 -15
leaf_value=0.040048204551570737 0.006977341855853165 -0.023810164899322941 0.043338656091005005 -0.037426266415773554 0.001847501761449306 -0.079582836448244237 0.024891828648410719 0.0021819472470771509 -0.058229726127468524 -0.027455421194109916 -0.0042755627175003093 -0.0041159649847980527 0.0040708018211689226 -0.024478678332092833
leaf_weight=2046 31487 3184 1099 4175 34627 1606 12434 3091 2136 3260 1456 22845 2657 2708
leaf_count=2046 31487 3184 1099 4175 34627 1606 12434 3091 2136 3260 1456 22845 2657 2708
internal_value=1.38143e-11 0.00319652 -0.0169876 0.00528172 -0.00237826 -0.0425097 0.0120489 -0.00777111 -0.0231786 -0.00364172 0.02162 -0.0070306 0.0155605 -0.010268
internal_weight=128811 91269 8546 82723 38802 4790 43921 37542 7935 29607 3502 26105 3756 5799
internal_count=128811 91269 8546 82723 38802 4790 43921 37542 7935 29607 3502 26105 3756 5799
is_linear=0
shrinkage=0.01


Tree=450
num_leaves=15
num_cat=0
split_feature=9 15 8 1 41 6 44 45 14 0 25 34 14 24
split_gain=31459 39333.2 35104.9 33104.3 45413.2 35592.9 16602.4 12879.8 15329.2 16460.2 10341.3 8030.36 4115.5 3673.05
threshold=-0.9159756150367534 0.059757691166234125 -0.5 -118.21337597412109 92.397075682595499 15.800543500000002 1.0000000180025095e-35 1.0000000180025095e-35 -2.8800826500913463 36.742692288818368 12.326388888888891 117.1281407035176 -13.373444071761936 5.0914729930477227
decision_type=2 2 2 2 2 2 2 2 2 2 2 2 2 2
left_child=7 2 6 5 -5 -3 -2 8 9 -1 -4 -10 -9 -14
right_child=1 3 10 4 -6 -7 -8 12 11 -11 -12 -13 13 -15
leaf_value=-0.090425165859350828 0.035302082414083252 0.00093037156386249818 -0.12257440350422601 0.0152195115903453 -0.46160833311080934 -0.018210706165135582 0.1250914007870976 -0.12662609349597584 -0.010085466820308531 -0.02637227130485166 0.018999860909933039 -0.13123587897216732 0.033269100922548756 0.0032758928046155078
leaf_weight=466 331 83662 53 15209 20 10991 545 22 10461 2885 1946 55 546 1619
leaf_count=466 331 83662 53 15209 20 10991 545 22 10461 2885 1946 55 546 1619
internal_value=1.41684e-11 0.00186473 0.0383781 0.000909378 0.0145933 -0.00129227 0.0911642 -0.0130971 -0.0166542 -0.0352797 0.0152463 -0.0107191 0.00945717 0.01084
internal_weight=128811 112757 2875 109882 15229 94653 876 16054 13867 3351 1999 10516 2187 2165
internal_count=128811 112757 2875 109882 15229 94653 876 16054 13867 3351 1999 10516 2187 2165
is_linear=0
shrinkage=0.01


Tree=451
num_leaves=15
num_cat=0
split_feature=31 1 10 44 16 9 10 14 23 6 8 26 30 25
split_gain=31351.4 30799 44106.9 74632.4 45250.6 34062.2 33222.8 28134 17742 15318.2 12134.1 11207.2 9786.63 7650.63
threshold=13.472222222222223 -118.21337597412109 0.68301270189221941 1.0000000180025095e-35 0.45391424999999969 -0.12940952255126037 0.68301270189221941 -1.4264748113697132 61.604361760924057 5.6920993000000006 -0.70710678118654735 20.144471655232959 111.11066740546842 60.24046789184623
decision_type=2 2 2 2 2 2 2 2 2 2 2 2 2 2
left_child=8 2 4 -4 -2 7 -7 -3 10 -10 11 -1 -11 -12
right_child=1 5 3 -5 -6 6 -8 -9 9 12 13 -13 -14 -15
leaf_value=0.013099441892892413 0.031716063817372853 -0.053337621041300833 -0.0010647350010061455 -0.040323851991327014 0.00034583370432475025 0.015626505461976296 0.059987892847231626 0.0050604325662020593 -0.010664924295715323 -0.088742341194991706 -0.023768343926820132 0.18842283147573471 -0.20828886181785819 -0.10587732523022329
leaf_weight=412 4874 939 15060 7137 81265 6891 2236 6793 213 297 2446 40 89 119
leaf_count=412 4874 939 15060 7137 81265 6891 2236 6793 213 297 2446 40 89 119
internal_value=-3.72869e-12 0.000838442 -0.00111817 -0.0136877 0.00212085 0.0134116 0.0264945 -0.00203162 -0.029029 -0.0787409 -0.0191591 0.0286148 -0.116306 -0.0275777
internal_weight=128811 125195 108336 22197 86139 16859 9127 7732 3616 599 3017 452 386 2565
internal_count=128811 125195 108336 22197 86139 16859 9127 7732 3616 599 3017 452 386 2565
is_linear=0
shrinkage=0.01


Tree=452
num_leaves=15
num_cat=0
split_feature=7 9 14 0 22 10 16 1 28 14 6 39 25 40
split_gain=31184.5 32131.5 37141.2 42420 36979.5 22899.2 24031.1 21497.6 11609.5 6433.77 5728.04 5421.57 3748.65 2791.18
threshold=992.7403250000001 -0.60355339059327384 6.1529304970907202 36.742692288818368 82.306590621039291 0.68301270189221941 0.34902569499999997 -119.7866065258789 56.030207013096756 -14.040019007501339 6.6392917500000008 54.356851147725685 61.733347415856933 54.731939163498105
decision_type=2 2 2 2 2 2 2 2 2 2 2 2 2 2
left_child=8 5 4 -4 -3 6 -2 -7 10 -10 13 -11 -12 -1
right_child=1 2 3 -5 -6 7 -8 -9 9 11 12 -13 -14 -15
leaf_value=-0.074421129911034195 0.021143265202273311 0.0033400521600565076 0.0020348915907521525 -0.043721262649971851 0.025849952428923927 0.0016188058555546981 -0.0067610251674335691 -0.033843713923480893 -0.2963415495554606 -0.19362813840832627 -0.042962140029702535 -0.055704088546008917 0.079229103888251953 -0.22105805624946953
leaf_weight=27 3501 74395 4997 3408 8092 2501 26052 5401 27 57 243 57 28 25
leaf_count=27 3501 74395 4997 3408 8092 2501 26052 5401 27 57 243 57 28 25
internal_value=-1.38283e-11 0.000295841 0.00350776 -0.016518 0.00554828 -0.00749852 -0.00345534 -0.0226198 -0.0818327 -0.15754 -0.0487839 -0.124666 -0.0303372 -0.14492
internal_weight=128811 128347 90892 8405 82487 37455 29553 7902 464 141 323 114 271 52
internal_count=128811 128347 90892 8405 82487 37455 29553 7902 464 141 323 114 271 52
is_linear=0
shrinkage=0.01


Tree=453
num_leaves=15
num_cat=0
split_feature=5 7 11 33 13 46 34 11 17 22 37 20 38 19
split_gain=30915 53166 67571.3 77255.5 39603.9 56669 59807.7 38885.7 51519.5 43681.4 37240.7 24649.1 22843.7 21723.9
threshold=1.5000000000000002 1003.2004000000001 1.0000000180025095e-35 58.639245352767226 1.7999977181282774 1.0000000180025095e-35 101.21105527638193 0.6830127018922193 0.0065327904653954732 118.60552763819096 130.27072864321613 98.416349809885944 124.90501504049787 1.7737311152540931
decision_type=2 2 2 2 2 2 2 2 2 2 2 2 2 2
left_child=4 2 -2 -4 11 10 -7 9 -9 -3 -6 13 -13 -1
right_child=1 7 3 -5 5 6 -8 8 -10 -11 -12 12 -14 -15
leaf_value=0.019622636581717024 -0.0025415860470011827 -0.0073600423933251223 -0.018169704265903416 -0.077721006512744426 0.0018986302019223006 -0.034064145015840444 -0.34497164548389497 0.025446459720901406 -0.0056194716400475254 0.11074790647817477 0.11626573198785385 0.069271769729875199 -0.17111840152704133 -0.0014478456560259344
leaf_weight=15787 17106 25715 8055 2986 24986 3456 63 12499 9318 317 288 1103 41 7091
leaf_count=15787 17106 25715 8055 2986 24986 3456 63 12499 9318 317 288 1103 41 7091
internal_value=-6.16769e-12 -0.00408405 -0.0149895 -0.0342751 0.00587658 -0.00203297 -0.0396303 0.00233101 0.0121783 -0.0059218 0.00320186 0.015357 0.0606564 0.0130919
internal_weight=128811 75996 28147 11041 52815 28793 3519 47849 21817 26032 25274 24022 1144 22878
internal_count=128811 75996 28147 11041 52815 28793 3519 47849 21817 26032 25274 24022 1144 22878
is_linear=0
shrinkage=0.01


Tree=454
num_leaves=15
num_cat=0
split_feature=22 15 8 7 7 9 23 35 23 20 23 38 12 39
split_gain=30676.3 33195.6 52855.3 33203.2 28310.1 28552.5 25598.1 21351 18178.8 15175.5 10475.2 6547.62 6689.85 3750.49
threshold=22.291666666666668 0.083870966614637568 -0.70710678118654735 1004.5003 992.7403250000001 -0.37940952255126015 31.797889381777217 83.054779070680851 86.55663852294056 7.7777777777777786 85.397707184705396 67.583227714406434 1.0000000180025095e-35 64.797008871989888
decision_type=2 2 2 2 2 2 2 2 2 2 2 2 2 2
left_child=7 2 6 -4 10 -6 -2 8 9 -1 -3 12 -9 -13
right_child=1 4 3 -5 5 -7 -8 11 -10 -11 -12 13 -14 -15
leaf_value=-0.048970270583233909 0.21982421554862819 -0.072832939985101403 -0.042646662836314943 0.022125197908471003 -0.0065834789893572526 0.0042089876881501852 0.072172123885665754 -0.042835752417040941 0.29095266294479372 -0.007201025936492229 -0.26038951921502523 0.095285528094872188 -0.093124643750898142 -0.065999049459184916
leaf_weight=952 141 305 929 5344 37262 71648 702 968 20 10076 33 46 364 21
leaf_count=952 141 305 929 5344 37262 71648 702 968 20 10076 33 46 364 21
internal_value=1.61003e-11 0.00159606 0.0225237 0.0125328 0.000232911 0.000516499 0.0968684 -0.0149211 -0.0102605 -0.0108068 -0.0911447 -0.0517264 -0.0565784 0.0447336
internal_weight=128811 116364 7116 6273 109248 108910 843 12447 11048 11028 338 1399 1332 67
internal_count=128811 116364 7116 6273 109248 108910 843 12447 11048 11028 338 1399 1332 67
is_linear=0
shrinkage=0.01


Tree=455
num_leaves=15
num_cat=0
split_feature=31 7 44 47 2 10 7 5 23 6 22 28 35 25
split_gain=30369.1 30055.3 96981.7 65341.7 60866.6 56269.4 53733.4 31893.9 17514.4 14938.8 9313.06 10408.3 7269.43 6205.52
threshold=13.472222222222223 1007.5001000000001 1.0000000180025095e-35 1.0000000180025095e-35 12.625000000000002 0.68301270189221941 1002.9000750000001 72.500000000000014 61.604361760924057 5.6920993000000006 12.235883424408017 21.504629629629637 112.83428549592067 81.688816897294544
decision_type=2 2 2 2 2 2 2 2 2 2 2 2 2 2
left_child=8 4 3 -3 6 -4 -2 -6 10 13 -1 -12 -11 -10
right_child=1 2 5 -5 7 -7 -8 -9 9 12 11 -13 -14 -15
leaf_value=-0.070039778848175749 -0.045885476096545065 -0.0060951734663888188 0.051965948963126632 0.042182043138570213 0.0052778788707383154 -0.0069925883721673136 -0.0071241195087383023 -0.010407846711474987 -0.051348805429742621 -0.090437541827814633 0.014521147364471715 -0.026882696922814017 -0.19154623553790945 0.060998859560334844
leaf_weight=317 5321 24853 6598 3160 55276 2145 10908 16934 136 292 922 1778 94 77
leaf_count=317 5321 24853 6598 3160 55276 2145 10908 16934 136 292 922 1778 94 77
internal_value=6.47254e-12 0.000825202 0.0084254 -0.000649273 -0.00233351 0.0375011 -0.0198328 0.00159941 -0.0285706 -0.0779627 -0.0187642 -0.0127441 -0.11506 -0.0107349
internal_weight=128811 125195 36756 28013 88439 8743 16229 72210 3616 599 3017 2700 386 213
internal_count=128811 125195 36756 28013 88439 8743 16229 72210 3616 599 3017 2700 386 213
is_linear=0
shrinkage=0.01


Tree=456
num_leaves=15
num_cat=0
split_feature=6 2 32 0 7 0 10 25 7 20 39 23 0 38
split_gain=30104.8 44883.2 56935.7 36450.6 80507.1 118631 45885.7 41419.8 35338.3 29757.8 24792.1 20489.4 17803.9 8138.9
threshold=12.404780500000003 22.225000000000005 49.469933812139146 37.042691525878915 1009.4003500000001 34.083213737060554 0.25000000000000011 72.08433671313901 1017.1628400000001 75.080798479087477 51.93465709055063 134.29704288063743 35.400001525878913 66.096430080270395
decision_type=2 2 2 2 2 2 2 2 2 2 2 2 2 2
left_child=3 2 10 4 6 -6 -1 8 -5 -4 -2 12 -3 -13
right_child=1 11 9 7 5 -7 -8 -9 -10 -11 -12 13 -14 -15
leaf_value=0.0061719543799781855 0.0085316651013596975 0.018674066650040459 -0.041505910066948808 -0.019440691871584287 -0.029285188657690284 0.044618955530815414 -0.010481642749538056 -0.2557899640372821 0.024398630778460315 -0.12267384067353425 -0.022542571118190913 -0.057633574008941653 -0.0058123219516689022 -0.32828107643127441
leaf_weight=52288 4801 5644 4011 10660 2792 9781 24203 70 2222 509 5519 20 6266 25
leaf_count=52288 4801 5644 4011 10660 2792 9781 24203 70 2222 509 5519 20 6266 25
internal_value=1.26199e-11 -0.00943297 -0.0210494 0.00247762 0.00475709 0.0282076 0.000902485 -0.0131971 -0.0118789 -0.0506463 -0.00808643 0.00498676 0.00579147 -0.207993
internal_weight=128811 26795 14840 102016 89064 12573 76491 12952 12882 4520 10320 11955 11910 45
internal_count=128811 26795 14840 102016 89064 12573 76491 12952 12882 4520 10320 11955 11910 45
is_linear=0
shrinkage=0.01


Tree=457
num_leaves=15
num_cat=0
split_feature=9 15 5 0 13 8 44 45 25 7 13 5 15 17
split_gain=29997.1 37226.5 34546.5 46455.3 34748.6 33804.3 16046.6 12464.2 11805.3 10341.6 8428.6 7958.18 5413.87 3833.72
threshold=-0.9159756150367534 0.059757691166234125 1.5000000000000002 36.742692288818368 0.34380600738314443 -0.5 1.0000000180025095e-35 1.0000000180025095e-35 20.904414871144912 1002.7002500000002 9.3600018938691232 86.500000000000014 0.072000484647824492 0.0169767051949417
decision_type=2 2 2 2 2 2 2 2 2 2 2 2 2 2
left_child=7 5 4 -4 -3 6 -2 8 12 -7 -10 -9 -1 -13
right_child=1 2 3 -5 -6 9 -8 11 10 -11 -12 13 -14 -15
leaf_value=-0.11242112442337235 0.034222817106198469 0.018146180026393718 0.0032105617901489018 -0.014146098751298769 0.00040801518880464278 -0.062730893766355211 0.12249653175145116 -0.0019005343470267419 -0.012665519570450919 0.021329856723324277 -0.05340348770988218 0.048362138208397493 -0.042610927727896916 -0.058267398344145883
leaf_weight=145 331 18392 37803 26045 27642 159 545 1619 12718 1840 529 532 475 36
leaf_count=145 331 18392 37803 26045 27642 159 545 1619 12718 1840 529 532 475 36
internal_value=2.09246e-12 0.00182089 0.000891471 -0.0038696 0.00749496 0.037343 0.089142 -0.0127892 -0.0162884 0.0146437 -0.0142923 0.00939829 -0.0589375 0.0416039
internal_weight=128811 112757 109882 63848 46034 2875 876 16054 13867 1999 13247 2187 620 568
internal_count=128811 112757 109882 63848 46034 2875 876 16054 13867 1999 13247 2187 620 568
is_linear=0
shrinkage=0.01


Tree=458
num_leaves=15
num_cat=0
split_feature=17 2 29 20 35 35 7 18 25 29 8 13 3 7
split_gain=29655.5 38224 38218.5 32763.3 60167.7 30935.9 36162.1 24883.2 22055.2 18427.7 12395.4 10813.7 8879.23 9726.14
threshold=0.014332720038542286 25.525000000000002 34.458069286016062 155.57403433476398 65.87230671736377 85.849222347478857 1007.90025 0.31200000000000022 102.4881722060875 52.499366286438537 0.25881904510252091 -3.9500000000000006 23.001792000000005 1003.3001
decision_type=2 2 2 2 2 2 2 2 2 2 2 2 2 2
left_child=3 2 10 5 11 6 -1 -7 -4 -6 -2 -5 13 -3
right_child=1 12 8 4 9 7 -8 -9 -10 -11 -12 -13 -14 -15
leaf_value=3.0511690391176475e-05 0.028658584521883058 -0.022911081732609567 -0.028197734557930589 -0.28933932961644354 -0.094851574646799192 0.015137302561007555 0.014101114980762209 -0.016701535283644719 -0.15413395113027689 0.13387806782299938 -0.018905973561265652 -0.071269073399194222 0.017036357267488204 0.039210852917111745
leaf_weight=67914 1720 1277 10121 37 38 2992 24985 13668 141 482 804 59 4259 314
leaf_count=67914 1720 1277 10121 37 38 2992 24985 13668 141 482 804 59 4259 314
internal_value=-1.41381e-11 -0.0116665 -0.0213538 0.00197338 0.0746988 0.00156448 0.00381477 -0.0109835 -0.0299281 0.117163 0.0135073 -0.155317 0.00950643 -0.0106507
internal_weight=128811 18636 12786 110175 616 109559 92899 16660 10262 520 2524 96 5850 1591
internal_count=128811 18636 12786 110175 616 109559 92899 16660 10262 520 2524 96 5850 1591
is_linear=0
shrinkage=0.01


Tree=459
num_leaves=15
num_cat=0
split_feature=22 15 8 5 7 8 7 23 35 23 7 26 36 40
split_gain=29603.7 31359.2 51155.2 35738.8 33581.7 33254.8 31585.3 25185.2 20693.7 17780.4 14757.9 5617.27 9355.05 4903.44
threshold=22.291666666666668 0.083870966614637568 -0.70710678118654735 13.500000000000002 1004.4999700000002 0.60355339059327384 1003.0992000000001 31.797889381777217 83.054779070680851 86.55663852294056 1005.7000500000001 16.082108438495052 76.153097553674598 85.849222347478857
decision_type=2 2 2 2 2 2 2 2 2 2 2 2 2 2
left_child=8 2 7 5 -5 -3 -4 -2 9 10 -1 12 -10 -13
right_child=1 3 6 4 -6 -7 -8 -9 11 -11 -12 13 -14 -15
leaf_value=-0.022125705448797269 0.21700782130796015 0.00049019352724033742 -0.053469564695616104 -0.014195269814746041 0.0019341108848840239 0.016834836711837577 0.019761004463220072 0.070551487006501767 -0.044444343970057941 0.28782437705993652 0.0010108520967336459 -0.059718316885430889 0.11353587424143767 -0.13646943442335649
leaf_weight=5539 141 39304 658 24766 26960 18218 5615 702 964 20 5489 277 39 119
leaf_count=5539 141 39304 658 24766 26960 18218 5615 702 964 20 5489 277 39 119
internal_value=-5.71726e-12 0.0015679 0.0219084 0.000242999 -0.00578851 0.00566676 0.0120796 0.0950477 -0.014658 -0.0100696 -0.0106099 -0.0508923 -0.0383015 -0.0827824
internal_weight=128811 116364 7116 109248 51726 57522 6273 843 12447 11048 11028 1399 1003 396
internal_count=128811 116364 7116 109248 51726 57522 6273 843 12447 11048 11028 1399 1003 396
is_linear=0
shrinkage=0.01


Tree=460
num_leaves=15
num_cat=0
split_feature=7 9 18 34 10 42 4 18 28 14 17 39 41 5
split_gain=29469.7 30295.2 35391.9 38265.5 21775 33490.8 19969.7 15659.5 11299.3 6183.17 5604.18 5296.28 3045.97 2701.67
threshold=992.7403250000001 -0.60355339059327384 0.52000000000000035 44.445870299957754 0.68301270189221941 1.0000000180025095e-35 1.0000000180025095e-35 0.29702520451539011 56.030207013096756 -14.040019007501339 0.0067160146023610605 54.356851147725685 54.731939163498105 26.500000000000004
decision_type=2 2 2 2 2 2 2 2 2 2 2 2 2 2
left_child=8 4 6 -4 7 -6 -3 -2 10 -10 12 -11 -1 -12
right_child=1 2 3 -5 5 -7 -8 -9 9 11 13 -13 -14 -15
leaf_value=-0.079044618164339372 0.010551532797026038 0.028014011638369977 0.012424190613464909 -0.0027688293277202021 -0.00038570574616624334 -0.041611109167298571 -0.028060745337618358 -0.0071530129664326633 -0.29031146367390948 -0.19017328559306632 0.050702872332688928 -0.05385217528332744 -0.23502638673498516 -0.041255650310180129
leaf_weight=31 6368 7482 22939 59777 3754 4148 694 23185 27 57 37 57 21 234
leaf_count=31 6368 7482 22939 59777 3754 4148 694 23185 27 57 37 57 21 234
internal_value=-2.6156e-11 0.000287592 0.00340638 0.00144454 -0.00728077 -0.0220262 0.0232542 -0.00333809 -0.0795509 -0.15424 -0.0469466 -0.122013 -0.142037 -0.0287004
internal_weight=128811 128347 90892 82716 37455 7902 8176 29553 464 141 323 114 52 271
internal_count=128811 128347 90892 82716 37455 7902 8176 29553 464 141 323 114 52 271
is_linear=0
shrinkage=0.01


Tree=461
num_leaves=15
num_cat=0
split_feature=31 6 0 25 18 28 23 44 2 23 25 23 17 25
split_gain=29410.6 31063.1 33169.4 40162.7 27117.7 24009.2 19588.6 19567.7 17655.2 23007.9 17384 14614.6 10518.7 10029
threshold=25.574355724545843 18.611846500000002 37.042691525878915 65.340638642444745 0.52000000000000035 54.358470637938332 96.299679920460463 1.0000000180025095e-35 25.525000000000002 55.218173496690618 81.688816897294544 72.629803803555191 0.0061441047885758505 86.139686670042252
decision_type=2 2 2 2 2 2 2 2 2 2 2 2 2 2
left_child=5 2 4 -4 -2 6 10 -7 9 -3 -1 -9 -8 -10
right_child=1 8 3 -5 -6 7 12 11 13 -11 -12 -13 -14 -15
leaf_value=-0.0052058765560570519 0.017908995779207175 -0.022185620095271748 -0.0091212756598243617 -0.1217405146924349 0.0029158238603360499 -0.021562622860867648 -0.028320542926519688 -0.060782195514293709 0.0060797324634838451 -0.087166325024388785 0.078387095794346731 -0.1956321605179045 -0.15137268901994344 -0.21925726044178009
leaf_weight=14902 14289 2260 12345 325 77446 3547 142 751 1587 718 253 90 136 20
leaf_count=14902 14289 2260 12345 325 77446 3547 142 751 1587 718 253 90 136 20
internal_value=7.28958e-12 0.00203772 0.00315648 -0.0120101 0.00525122 -0.0112048 -0.00533624 -0.0318452 -0.0234376 -0.0378526 -0.00381036 -0.0752132 -0.0885187 0.00327529
internal_weight=128811 108990 104405 12670 91735 19821 15433 4388 4585 2978 15155 841 278 1607
internal_count=128811 108990 104405 12670 91735 19821 15433 4388 4585 2978 15155 841 278 1607
is_linear=0
shrinkage=0.01


Tree=462
num_leaves=15
num_cat=0
split_feature=31 47 41 10 42 3 42 29 8 10 25 31 25 41
split_gain=29141.8 29120.2 42359.7 40904.2 42121.2 40836.7 32340.1 16350.3 11025.5 14935.7 11371.8 3733.66 4969.07 3746.48
threshold=13.472222222222223 1.0000000180025095e-35 92.397075682595499 0.25000000000000011 1.0000000180025095e-35 72.962955000000008 1.0000000180025095e-35 74.858614647664481 -0.78656609248549303 -0.24999999999999994 60.24046789184623 11.709401709401712 75.046014307302343 23.923611111111118
decision_type=2 2 2 2 2 2 2 2 2 2 2 2 2 2
left_child=7 3 5 4 -2 -3 -5 8 9 -1 -10 12 -9 -13
right_child=1 2 -4 6 -6 -7 -8 11 10 -11 -12 13 -14 -15
leaf_value=0.15067202916894204 -0.0087938080226475247 0.028177435783146944 -0.43581062773863471 0.0029567244579760876 0.0084184163516887855 -0.003036276876280167 -0.016121857113411069 -0.10202556844911363 -0.020813699193519129 -0.0027591654369059733 -0.076086956334920505 -0.15666990323861441 -0.23256123646003446 -0.025172990576531263
leaf_weight=78 19920 8971 21 13798 49666 7867 24952 101 2511 340 437 30 41 78
leaf_count=78 19920 8971 21 13798 49666 7867 24952 101 2511 340 437 30 41 78
internal_value=-7.02926e-12 0.000808356 0.0130341 -0.00109418 0.00349117 0.0135939 -0.00932841 -0.0279873 -0.0221922 0.0258715 -0.0290072 -0.106013 -0.139715 -0.0616999
internal_weight=128811 125195 16859 108336 69586 16838 38750 3616 3366 418 2948 250 142 108
internal_count=128811 125195 16859 108336 69586 16838 38750 3616 3366 418 2948 250 142 108
is_linear=0
shrinkage=0.01


Tree=463
num_leaves=13
num_cat=0
split_feature=7 31 28 48 28 35 44 23 23 18 26 23
split_gain=28825.7 29136.3 31610.8 27811.8 26370.6 23861.7 23647.2 21044.6 11102.2 5476.66 5029.64 3044.33
threshold=992.7403250000001 31.1299112801014 52.121039290240823 1.0000000180025095e-35 55.472961554710615 54.358470637938332 1.0000000180025095e-35 104.89373196782394 85.397707184705396 1.1220179457504009 12.229730684503641 40.416437825658363
decision_type=2 2 2 2 2 2 2 2 2 2 2 2
left_child=8 4 5 -4 7 -3 -6 -2 9 11 -11 -1
right_child=1 2 3 -5 6 -7 -8 -9 -10 10 -12 -13
leaf_value=-0.075164998746835271 -0.0024735728117562515 0.0055446241660078643 0.010163268631374298 -0.011306824577706322 -0.017023433183216429 -0.010366381197628099 -0.066366450747202752 -0.083849143290730274 -0.25545418256159985 -0.093453784754965463 -0.019259042732872315 -0.22084450349211693
leaf_weight=26 24361 15758 51387 6836 5024 23455 1204 322 33 160 213 32
leaf_count=26 24361 15758 51387 6836 5024 23455 1204 322 33 160 213 32
internal_value=-9.47667e-12 0.000284433 0.00296805 0.00764245 -0.00817473 -0.00397244 -0.0265624 -0.00353515 -0.0786769 -0.0651418 -0.0510852 -0.15554
internal_weight=128811 128347 97436 58223 30911 39213 6228 24683 464 431 373 58
internal_count=128811 128347 97436 58223 30911 39213 6228 24683 464 431 373 58
is_linear=0
shrinkage=0.01


Tree=464
num_leaves=15
num_cat=0
split_feature=5 7 11 33 8 11 25 8 7 14 3 34 23 0
split_gain=28472.3 49967.9 64065.1 75492.7 51269.9 76825.9 33971.2 30106.3 36172.6 36389.9 23961.5 31926.7 21124.8 18329.2
threshold=1.5000000000000002 1003.2004000000001 1.0000000180025095e-35 58.639245352767226 -0.25881904510252113 0.6830127018922193 68.469735776651191 0.78656609248549325 1005.7000500000001 -11.15998386963255 27.000757000000004 104.81658291457288 24.602856621380237 34.083213737060554
decision_type=2 2 2 2 2 2 2 2 2 2 2 2 2 2
left_child=7 2 12 -4 5 -3 -6 10 9 -9 11 -1 -2 -10
right_child=1 4 3 -5 6 -7 -8 8 13 -11 -12 -13 -14 -15
leaf_value=-0.010131659330121006 -0.055695361118172457 -0.00290172692990795 -0.017349747972570669 -0.076217711400823132 -0.012963678304530775 0.034895584201113876 0.015474767781742636 -0.026502964831363163 -0.044901203327296697 0.039105153080456694 0.005831404852477599 -0.17631379673623632 -5.5197393924014468e-05 0.006262705471544428
leaf_weight=9712 712 12330 8055 2986 20713 9537 5269 957 896 7250 30679 117 16394 3204
leaf_count=9712 712 12330 8055 2986 20713 9537 5269 957 896 7250 30679 117 16394 3204
internal_value=-5.25869e-12 -0.00391938 -0.0144917 -0.0332704 0.00229975 0.0135831 -0.00719653 0.00563964 0.0193372 0.0314547 0.00147809 -0.0121098 -0.0023711 -0.00491848
internal_weight=128811 75996 28147 11041 47849 21867 25982 52815 12307 8207 40508 9829 17106 4100
internal_count=128811 75996 28147 11041 47849 21867 25982 52815 12307 8207 40508 9829 17106 4100
is_linear=0
shrinkage=0.01


Tree=465
num_leaves=15
num_cat=0
split_feature=9 15 5 7 13 8 0 20 14 0 25 21 40 27
split_gain=28747.8 35693.8 32603.8 53621.5 46746.6 32522.8 14785.2 11426.7 10279.3 10288.4 9890.02 8061.24 4433.08 3943.19
threshold=-0.9159756150367534 0.059757691166234125 19.500000000000004 1004.4999700000002 0.34380600738314443 -0.5 36.742692288818368 10.092592592592597 0.35999769867249554 35.400001525878913 12.326388888888891 113.63986599664993 84.728050900892313 8.4375000000000018
decision_type=2 2 2 2 2 2 2 2 2 2 2 2 2 2
left_child=7 5 4 -4 -3 6 -2 12 9 -9 -7 -10 13 -1
right_child=1 2 3 -5 -6 10 -8 8 11 -11 -12 -13 -14 -15
leaf_value=-0.081652080464561225 0.023789780199484425 0.01599232802502331 -0.016732187909009707 0.0042035470484240106 -0.0017948996046683169 -0.12047920451411662 0.11391802634953439 -0.041823058085334978 -0.0022737757885000569 -0.013098489690868123 0.017971632113777874 -0.061391038126135361 0.073763197803497313 -0.024873970369531494
leaf_weight=361 258 25797 22101 27402 34582 53 618 1666 8623 4957 1946 237 25 185
leaf_count=361 258 25797 22101 27402 34582 53 618 1666 8623 4957 1946 237 25 185
internal_value=1.98547e-11 0.00178257 0.000872485 -0.00514337 0.00580471 0.0365657 0.0873734 -0.01252 -0.0108999 -0.0203241 0.0143008 -0.00385513 -0.0564518 -0.0624141
internal_weight=128811 112757 109882 49503 60379 2875 876 16054 15483 6623 1999 8860 571 546
internal_count=128811 112757 109882 49503 60379 2875 876 16054 15483 6623 1999 8860 571 546
is_linear=0
shrinkage=0.01


Tree=466
num_leaves=15
num_cat=0
split_feature=22 6 5 2 8 29 2 8 2 20 13 36 4 26
split_gain=28335.6 27038.1 27875.9 32253.6 30556 20746.2 23890.1 14546.3 23711.9 11862.2 11731.9 8628.22 8536.13 6460.95
threshold=22.291666666666668 18.611846500000002 1.5000000000000002 5.7750000000000012 0.78656609248549325 38.346430080270395 24.975000000000005 -0.70710678118654735 10.625000000000002 12.29166666666667 -4.3200008563706804 15.625000000000002 1.0000000180025095e-35 3.0055617871271796
decision_type=2 2 2 2 2 2 2 2 2 2 2 2 2 2
left_child=7 2 4 -4 -2 -3 -7 8 10 13 -1 -10 -11 -9
right_child=1 5 3 -5 -6 6 -8 9 11 12 -12 -13 -14 -15
leaf_value=-0.01340728041270505 0.0040018618688505677 0.017220520347273394 0.030810254953745786 -0.0031410237462385915 0.023087870214771967 -0.048113273288398734 -0.0011853434007949941 -0.21990367639632452 0.048145048083694839 -0.011759953419462746 0.11792083182125941 -0.013478760684833304 -0.045010692200372418 -0.043236148024068964
leaf_weight=92 34941 1206 2931 61719 11038 2728 1801 21 262 7791 261 1711 857 1452
leaf_count=92 34941 1206 2931 61719 11038 2728 1801 21 262 7791 261 1711 857 1452
internal_value=1.08882e-12 0.00153395 0.00263147 -0.00160179 0.00858377 -0.0196373 -0.0294519 -0.0143406 0.00820968 -0.0195231 0.0836937 -0.00529557 -0.015055 -0.0457548
internal_weight=128811 116364 110629 64650 45979 5735 4529 12447 2326 10121 353 1973 8648 1473
internal_count=128811 116364 110629 64650 45979 5735 4529 12447 2326 10121 353 1973 8648 1473
is_linear=0
shrinkage=0.01


Tree=467
num_leaves=15
num_cat=0
split_feature=7 31 6 22 34 39 8 25 28 14 38 6 25 41
split_gain=27942.6 28061.6 27591.5 28262.8 17919.5 16076.4 14972.3 12544.9 10930.6 5966.09 5694.36 5450.47 3622.14 2961.22
threshold=992.7403250000001 16.805555555555561 18.314103500000005 107.03266331658294 56.60209829601466 58.098129359655637 1.0000000180025095e-35 113.90453654521023 56.030207013096756 -14.040019007501339 52.491972961554723 6.6392917500000008 61.733347415856933 54.731939163498105
decision_type=2 2 2 2 2 2 2 2 2 2 2 2 2 2
left_child=8 4 3 -3 6 -4 -2 -6 11 -10 -11 13 -13 -1
right_child=1 2 5 -5 7 -7 -8 -9 9 10 -12 12 -14 -15
leaf_value=-0.077061870771069685 0.015771940290148046 0.001602748678900495 -0.004808793192733374 0.030181223496683077 -0.038207917466256743 -0.037146739773438769 -0.022046734087892803 -0.16729600052420909 -0.28458424197302928 -0.23240252658724786 -0.075115444482099725 -0.039810329498378219 0.080301245626594339 -0.23085835226944515
leaf_weight=31 1660 111811 3475 3571 2161 2757 2834 78 27 32 82 243 28 21
leaf_count=31 1660 111811 3475 3571 2161 2757 2834 78 27 32 82 243 28 21
internal_value=1.64617e-11 0.000280042 0.00138025 0.00248723 -0.0195924 -0.0191149 -0.00807722 -0.042705 -0.0774624 -0.150923 -0.119266 -0.0453945 -0.0274003 -0.139172
internal_weight=128811 128347 121614 115382 6733 6232 4494 2239 464 141 114 323 271 52
internal_count=128811 128347 121614 115382 6733 6232 4494 2239 464 141 114 323 271 52
is_linear=0
shrinkage=0.01


Tree=468
num_leaves=15
num_cat=0
split_feature=9 47 41 18 21 10 10 43 16 8 44 25 13 3
split_gain=28137 39300.1 41257.2 38121 43165.9 30473.3 29352.1 38322.2 34329.1 25050.8 20890.7 15992.9 13960.4 11418
threshold=-0.37940952255126015 1.0000000180025095e-35 85.922717198158111 1.2685114318521202 163.60050071530762 0.68301270189221941 0.68301270189221941 1.0000000180025095e-35 0.34902569499999997 -0.60355339059327362 1.0000000180025095e-35 16.966276756794823 12.959994513297501 71.002357500000016
decision_type=2 2 2 2 2 2 2 2 2 2 2 2 2 2
left_child=6 3 5 9 -5 -3 8 11 10 -2 -1 -8 -10 -9
right_child=1 2 -4 4 -6 -7 7 13 12 -11 -12 -13 -14 -15
leaf_value=0.0065013132131336651 0.037000978238247148 0.012544502552151542 -0.43252914130687714 -0.003299760716953089 0.17006130537639064 0.051370909688066096 -0.097888598316921718 0.034429843410811269 -0.0045665130378359352 0.0072223447067905925 0.052732002969808851 -0.03437375376373699 -0.063847413338461334 -0.0073933862232328671
leaf_weight=2367 3940 8236 20 55527 144 2679 431 778 33641 9982 1665 4944 402 4055
leaf_count=2367 3940 8236 20 55527 144 2679 431 778 33641 9982 1665 4944 402 4055
internal_value=1.25901e-11 0.00361898 0.0212427 0.000849803 -0.00285134 0.0220741 -0.00603585 -0.021094 -0.00199872 0.0156499 0.0255921 -0.0394668 -0.00526654 -0.000660824
internal_weight=128811 80528 10935 69593 55671 10915 48283 10208 38075 13922 4032 5375 34043 4833
internal_count=128811 80528 10935 69593 55671 10915 48283 10208 38075 13922 4032 5375 34043 4833
is_linear=0
shrinkage=0.01


Tree=469
num_leaves=15
num_cat=0
split_feature=9 17 31 1 44 11 12 20 45 14 0 20 5 6
split_gain=27852.6 32151.1 32659.3 32023.9 28731.8 24127 23788.8 18525.4 12102.4 14529.6 15672.6 8143.82 7820.61 3817.29
threshold=-0.9159756150367534 0.015769624186723036 62.939480354879606 -118.21337597412109 1.0000000180025095e-35 0.25000000000000017 1.0000000180025095e-35 59.40266159695819 1.0000000180025095e-35 -2.8800826500913463 36.742692288818368 7.7777777777777786 86.500000000000014 16.923829000000001
decision_type=2 2 2 2 2 2 2 2 2 2 2 2 2 2
left_child=8 2 6 -4 5 -3 -2 -6 9 10 -1 -11 -10 -14
right_child=1 4 3 -5 7 -7 -8 -9 12 11 -12 -13 13 -15
leaf_value=-0.087714888588190598 0.0044641006049568792 0.0047746375918666052 0.013132390268468304 0.074613486691641459 -0.028536807928635638 -0.031378673766930161 -0.0074388778859758821 -0.094558516167391013 -0.0016612292324561554 -0.06441119792746075 -0.025213111299556556 -0.0085702854402330119 0.04830873481936318 -0.056743156442771094
leaf_weight=466 59612 7262 15866 895 2771 2475 23374 502 1619 268 2885 10248 531 37
leaf_count=466 59612 7262 15866 895 2771 2475 23374 502 1619 268 2885 10248 531 37
internal_value=-2.07204e-12 0.00175459 0.00368307 0.0164153 -0.013031 -0.00441499 0.00111148 -0.038663 -0.0123236 -0.0157716 -0.0339048 -0.00999339 0.00953951 0.0414656
internal_weight=128811 112757 99747 16761 13010 9737 82986 3273 16054 13867 3351 10516 2187 568
internal_count=128811 112757 99747 16761 13010 9737 82986 3273 16054 13867 3351 10516 2187 568
is_linear=0
shrinkage=0.01


Tree=470
num_leaves=15
num_cat=0
split_feature=31 7 8 5 8 0 0 11 23 17 8 26 30 28
split_gain=27383.3 27700.8 90305.3 49638.4 66575.5 54098.9 40771.3 37852.9 16853.3 14668.3 11455.8 10904.3 9215.82 6305.99
threshold=13.472222222222223 1007.5001000000001 -0.25881904510252113 12.500000000000002 0.37940952255126054 36.742692288818368 37.042691525878915 0.6830127018922193 61.604361760924057 0.0056280243997970901 -0.70710678118654735 20.144471655232959 111.11066740546842 30.022179974651465
decision_type=2 2 2 2 2 2 2 2 2 2 2 2 2 2
left_child=8 3 7 4 -2 -5 -4 -3 10 -10 11 -1 -11 -12
right_child=1 2 6 5 -6 -7 -8 -9 9 12 13 -13 -14 -15
leaf_value=0.013605002572090881 -0.0051723156268163551 0.010118364729668051 0.0056367641424877523 -0.0025475394095276138 0.018672443736168044 -0.02752445815809066 -0.023356849083284514 0.040242263692061762 -0.0087211340577956643 -0.085538128449319045 -0.010028962127899178 0.18654227030277251 -0.20150111658017289 -0.04138804117091157
leaf_weight=412 28712 8293 11868 27230 19773 12724 8202 8393 212 298 1284 40 89 1281
leaf_count=412 28712 8293 11868 27230 19773 12724 8202 8393 212 298 1284 40 89 1281
internal_value=1.64226e-12 0.000783587 0.00808002 -0.00224887 0.00455198 -0.0105018 -0.00621205 0.0252706 -0.0271297 -0.0755807 -0.0175102 0.0289092 -0.112207 -0.0256902
internal_weight=128811 125195 36756 88439 48485 39954 20070 16686 3616 599 3017 452 387 2565
internal_count=128811 125195 36756 88439 48485 39954 20070 16686 3616 599 3017 452 387 2565
is_linear=0
shrinkage=0.01


Tree=471
num_leaves=15
num_cat=0
split_feature=9 1 41 11 5 13 19 31 25 19 39 43 12 41
split_gain=27189 38285.8 40487.3 39543.6 34704 46758.9 30812.7 27150.6 20419.9 22220.6 12809.9 12069.8 8389.81 4060.03
threshold=-0.37940952255126015 -118.21337597412109 85.922717198158111 -0.68301270189221952 98.500000000000014 -3.6000027346582866 0.83930338385883163 22.268518518518523 14.427083333333337 0.071536284794156149 64.402738944688252 1.0000000180025095e-35 1.0000000180025095e-35 15.625000000000002
decision_type=2 2 2 2 2 2 2 2 2 2 2 2 2 2
left_child=7 4 3 -3 6 -6 -2 10 13 -10 11 -1 -12 -9
right_child=1 2 -4 -5 5 -7 -8 8 9 -11 12 -13 -14 -15
leaf_value=-0.03486407219517966 0.013456583989675211 -0.010941830370947002 -0.42856531143188475 0.032849039446774191 -0.040797917380867958 0.00050171067870432543 -0.0016298079759475283 0.0044447544948110042 0.015419068637511581 -0.0054002027937865016 -0.038425268875530681 -0.0044578401723238967 -0.10299653163228292 -0.090028774168145059
leaf_weight=2609 21609 2760 20 8155 4364 7373 36247 53 5983 35813 584 2613 307 321
leaf_count=2609 21609 2760 20 8155 4364 7373 36247 53 5983 35813 584 2613 307 321
internal_value=9.87006e-12 0.00355749 0.0209523 0.0217759 0.000824288 -0.0148541 0.0040049 -0.00593331 -0.00307823 -0.00241997 -0.0256288 -0.0196493 -0.0606737 -0.0766408
internal_weight=128811 80528 10935 10915 69593 11737 57856 48283 42170 41796 6113 5222 891 374
internal_count=128811 80528 10935 10915 69593 11737 57856 48283 42170 41796 6113 5222 891 374
is_linear=0
shrinkage=0.01


Tree=472
num_leaves=15
num_cat=0
split_feature=7 9 47 11 21 16 11 8 28 6 2 25 25 38
split_gain=27153.6 27657.4 37297 37555.6 34897.5 27506.4 27961.6 22959.3 10772.2 5373.54 3836.13 7981.58 3539.11 2897.06
threshold=992.7403250000001 -0.37940952255126015 1.0000000180025095e-35 -0.68301270189221952 163.60050071530762 0.34902569499999997 -0.5 -0.70710678118654735 56.030207013096756 6.6392917500000008 28.725000000000005 73.498712669812974 61.733347415856933 54.731939163498105
decision_type=2 2 2 2 2 2 2 2 2 2 2 2 2 2
left_child=8 5 4 -4 -3 7 -7 -2 9 13 11 -10 -11 -1
right_child=1 2 3 -5 -6 6 -8 -9 10 12 -12 -13 -14 -15
leaf_value=-0.073720745941002558 0.10192629894042581 0.00081011769032490679 -0.010832412133352709 0.031842179116691384 0.14260760677956985 0.0025539747965696775 -0.014395392040540125 0.010508371707664988 -0.12841549858853624 -0.038926294463161579 -0.066403859492391346 -0.32928199132283531 0.079800736334707051 -0.22480118255723608
leaf_weight=30 290 69086 2760 8157 174 15023 27642 5215 74 243 40 27 28 22
leaf_count=30 290 69086 2760 8157 174 15023 27642 5215 74 243 40 27 28 22
internal_value=9.78218e-12 0.00027606 0.00387419 0.0210533 0.00116635 -0.00571288 -0.00842726 0.0153242 -0.0763608 -0.0445261 -0.149287 -0.182112 -0.0266593 -0.137639
internal_weight=128811 128347 80177 10917 69260 48170 42665 5505 464 323 141 101 271 52
internal_count=128811 128347 80177 10917 69260 48170 42665 5505 464 323 141 101 271 52
is_linear=0
shrinkage=0.01


Tree=473
num_leaves=15
num_cat=0
split_feature=25 15 9 14 31 5 0 33 19 11 31 44 40 33
split_gain=26888.1 32384.1 33843.8 39475.6 24716.4 20001.1 12224.9 10424.6 10155.8 7304.15 13461.2 7030.02 4383.75 4028.3
threshold=12.326388888888891 0.059757691166234125 -0.37940952255126015 6.1200022147822333 22.847222222222225 85.500000000000014 34.083213737060554 10.694444444444445 0.20646853521648015 0.6830127018922193 11.709401709401712 1.0000000180025095e-35 15.523504273504276 15.347222222222223
decision_type=2 2 2 2 2 2 2 2 2 2 2 2 2 2
left_child=8 5 4 -4 -3 6 -2 -7 12 11 -11 -10 -1 -14
right_child=1 2 3 -5 -6 7 -8 -9 9 10 -12 -13 13 -15
leaf_value=0.0028011753253638742 -0.069716345660908272 -0.026874838766229134 0.0055699328004836799 -0.019609165029900767 -0.0046261108728234916 0.26049873027801512 0.017443803542694772 0.054499841838945996 0.066329271602180773 -0.10650122142755068 0.11917973124944582 -0.056670402209780896 -0.04629404587221557 -0.11571972105265861
leaf_weight=50 172 5733 72450 6812 38691 25 2498 1414 53 39 82 377 116 299
leaf_count=50 172 5733 72450 6812 38691 25 2498 1414 53 39 82 377 116 299
internal_value=1.05816e-12 0.000407374 -0.000510149 0.00340597 -0.00749735 0.028026 0.011829 0.0580787 -0.0512405 -0.0221962 0.0464396 -0.04151 -0.0856564 -0.096314
internal_weight=128811 127795 123686 79262 44424 4109 2670 1439 1016 551 121 430 465 415
internal_count=128811 127795 123686 79262 44424 4109 2670 1439 1016 551 121 430 465 415
is_linear=0
shrinkage=0.01


Tree=474
num_leaves=13
num_cat=0
split_feature=7 31 17 0 34 8 44 23 41 23 26 5
split_gain=26552.3 26594.9 27406.2 27102.1 21734.6 19933.5 18366.6 10652.3 7150.19 4841.82 5060.4 4452.04
threshold=992.7403250000001 31.1299112801014 0.027227607456221041 37.042691525878915 37.959090268976205 -0.5 1.0000000180025095e-35 85.397707184705396 33.907689057879175 38.888994507815809 26.822776272683079 27.500000000000004
decision_type=2 2 2 2 2 2 2 2 2 2 2 2
left_child=7 4 3 -3 5 -2 -6 9 -4 11 -11 -1
right_child=1 2 8 -5 6 -7 -8 -9 -10 10 -12 -13
leaf_value=0.11088302873429712 0.034379819028871043 0.005043217646812182 0.013065184888375157 -0.011050172187882321 -0.0077473059568762296 -0.0027597619148192758 -0.028910672505488424 -0.24866950788281181 -0.14725734223240342 -0.10931959477939257 0.053669994445074178 -0.042804303178968633
leaf_weight=21 1972 85322 34 11927 18240 5409 5290 33 153 205 21 184
leaf_count=21 1972 85322 34 11927 18240 5409 5290 33 153 205 21 184
internal_value=-7.50532e-12 0.000272986 0.0028369 0.00306946 -0.00780883 0.00716291 -0.0125052 -0.0755108 -0.118108 -0.0622527 -0.0941745 -0.0270607
internal_weight=128811 128347 97436 97249 30911 7381 23530 464 187 431 226 205
internal_count=128811 128347 97436 97249 30911 7381 23530 464 187 431 226 205
is_linear=0
shrinkage=0.01


Tree=475
num_leaves=15
num_cat=0
split_feature=7 8 44 11 2 8 0 7 33 0 0 14 36 1
split_gain=26685.5 94623.9 69164.1 81418.2 56123.5 96978.3 50542.4 47395.3 71733 39182.1 42589.6 33767.8 31520.5 28718.5
threshold=1007.5001000000001 -0.25881904510252113 1.0000000180025095e-35 0.25000000000000017 13.725000000000001 0.37940952255126054 35.400001525878913 1002.6995200000001 67.409768938286064 37.042691525878915 34.083213737060554 -11.15998386963255 106.47787306146206 -118.21337597412109
decision_type=2 2 2 2 2 2 2 2 2 2 2 2 2 2
left_child=4 2 13 -4 7 6 -6 8 -1 10 -3 -7 -9 -2
right_child=1 9 3 -5 5 11 -8 12 -10 -11 -12 -13 -14 -15
leaf_value=-0.026873016833372274 0.007589580621059409 -0.026510701925418583 -0.036834536292733686 0.080608419825123095 0.002912405474782327 -0.019791883985010948 -0.018322755477281606 -0.0085676316489008593 -0.12729997281992891 -0.023730458398166659 0.015446402229894176 0.021164970605639863 0.11425653101243782 0.053399476579083213
leaf_weight=6165 11251 3307 714 3407 23367 2213 21541 14486 804 8496 9013 22277 212 1558
leaf_count=6165 11251 3307 714 3407 23367 2213 21541 14486 804 8496 9013 22277 212 1558
internal_value=3.79322e-12 0.00706971 0.0246261 0.0602604 -0.00293036 0.00145618 -0.00727345 -0.0169802 -0.0384591 -0.00720919 0.00418405 0.017464 -0.00679605 0.0131616
internal_weight=128811 37746 16930 4121 91065 69398 44908 21667 6969 20816 12320 24490 14698 12809
internal_count=128811 37746 16930 4121 91065 69398 44908 21667 6969 20816 12320 24490 14698 12809
is_linear=0
shrinkage=0.01


Tree=476
num_leaves=15
num_cat=0
split_feature=5 0 13 11 23 13 0 25 26 27 1 25 2 16
split_gain=26294.7 36879.2 62622.7 100741 59212.3 34832.8 54426.4 68386.6 57944.9 34418.3 27761.8 25201.1 24463.6 17174.9
threshold=1.5000000000000002 36.742692288818368 -3.7800021091456184 0.6830127018922193 58.130932263061553 1.7999977181282774 34.083213737060554 99.401522576849942 41.784708920842498 62.936543006885223 -119.7866065258789 137.5206775108492 18.375000000000004 4.2698075970000007
decision_type=2 2 2 2 2 2 2 2 2 2 2 2 2 2
left_child=5 9 4 -4 -3 10 7 -7 -8 13 -1 -11 -12 -2
right_child=1 2 3 -5 -6 6 8 -9 -10 11 12 -13 -14 -15
leaf_value=-0.0092443679937468954 -0.0087244811720234728 -0.025072099097028015 -0.019931115179779951 0.022060111156250437 -0.10179569658107904 -0.034299731869576848 0.002216850895972758 -0.46649485974698451 0.25364023729672897 0.019069518440046535 0.034129571370220484 -0.27613939689022715 0.010965589105732134 0.0056119750284370886
leaf_weight=4141 19883 5624 15663 8994 1225 3482 25182 37 92 10164 7082 29 12799 14414
leaf_count=4141 19883 5624 15663 8994 1225 3482 25182 37 92 10164 7082 29 12799 14414
internal_value=-2.06852e-11 -0.00376653 -0.0120446 -0.0046142 -0.0387947 0.00541969 -0.00199814 -0.038844 0.00313206 0.00209568 0.0143108 0.0182296 0.0192171 -0.0026993
internal_weight=128811 75996 31506 24657 6849 52815 28793 3519 25274 44490 24022 10193 19881 34297
internal_count=128811 75996 31506 24657 6849 52815 28793 3519 25274 44490 24022 10193 19881 34297
is_linear=0
shrinkage=0.01


Tree=477
num_leaves=13
num_cat=0
split_feature=25 15 8 9 29 13 44 24 24 19 24 8
split_gain=26112.6 31392.2 38294.4 32549.3 38647.6 21301.5 16519.9 14060.9 12377.5 8750.16 5000.01 3320.75
threshold=12.326388888888891 0.059757691166234125 -0.5 -0.37940952255126015 32.274820447824261 12.959994513297501 1.0000000180025095e-35 2.0459108311090786 14.433230055043103 0.20646853521648015 5.0410451990659277 -0.78656609248549303
decision_type=2 2 2 2 2 2 2 2 2 2 2 2
left_child=7 2 6 5 -5 -3 -2 -1 -4 11 -11 -9
right_child=1 3 8 4 -6 -7 -8 9 -10 10 -12 -13
leaf_value=-0.27147924491337366 0.031651034073009413 -0.0065357495228622964 0.022817844579208359 0.026190065929563248 0.0012048365660542746 -0.065943262104212849 0.12179331527151649 0.006494929783566054 -0.022995497293154244 0.046617685419321056 -0.031684508453127487 -0.08595328365362459
leaf_weight=28 331 43812 2477 6769 72493 612 527 43 774 100 442 403
leaf_count=28 331 43812 2477 6769 72493 612 527 43 774 100 442 403
internal_value=9.09673e-13 0.000401456 0.0275938 -0.000501906 0.00333858 -0.00735417 0.0870181 -0.0504962 0.0119106 -0.0442335 -0.0172376 -0.0770401
internal_weight=128811 127795 4109 123686 79262 44424 858 1016 3251 988 542 446
internal_count=128811 127795 4109 123686 79262 44424 858 1016 3251 988 542 446
is_linear=0
shrinkage=0.01


Tree=478
num_leaves=15
num_cat=0
split_feature=7 0 0 2 7 33 11 25 0 23 29 7 2 17
split_gain=26094.9 75704.7 76110.2 54514.3 46308.1 70354.7 39914.5 36082.1 35913 47981.6 35172.7 31894.9 27702 26150.8
threshold=1007.5001000000001 37.042691525878915 34.083213737060554 13.725000000000001 1002.6995200000001 67.409768938286064 0.25000000000000017 72.567530101394183 35.400001525878913 125.67572371516049 124.63819095477389 1017.1628400000001 9.8750000000000018 0.0086457188006643423
decision_type=2 2 2 2 2 2 2 2 2 2 2 2 2 2
left_child=3 2 12 4 5 -1 -4 11 10 -10 -5 -3 -2 -6
right_child=1 7 6 8 13 -7 -8 -9 9 -11 -12 -13 -14 -15
leaf_value=-0.026501588832887439 -0.048190625554810906 -0.016368116666166607 -0.0016807401414087404 0.0091256976441141582 0.003040770605521651 -0.12595902402846454 0.037037960355542687 -0.24955921774818784 -0.0072614837015423242 0.1051629446571072 -0.12986742500073273 0.023113116679637412 0.00058312985689675705 -0.024984930079230812
leaf_weight=6165 1546 12163 3318 35523 9601 804 13477 63 33308 384 183 2460 4719 5097
leaf_count=6165 1546 12163 3318 35523 9601 804 13477 63 33308 384 183 2460 4719 5097
internal_value=1.29091e-11 0.00699104 0.0182928 -0.00289775 -0.0167447 -0.0379758 0.0293887 -0.0107551 0.00142545 -0.00598014 0.00841333 -0.00972626 -0.0114527 -0.00667803
internal_weight=128811 37746 23060 91065 21667 6969 16795 14686 69398 33692 35706 14623 6265 14698
internal_count=128811 37746 23060 91065 21667 6969 16795 14686 69398 33692 35706 14623 6265 14698
is_linear=0
shrinkage=0.01


Tree=479
num_leaves=15
num_cat=0
split_feature=22 15 8 21 5 13 0 7 35 23 7 38 12 33
split_gain=25878.4 28236.5 47358.7 31757.4 31701.5 37150.7 35735.4 29036.4 19859.1 17311.8 13690.5 6363.31 6451.08 2814.97
threshold=22.291666666666668 0.083870966614637568 -0.70710678118654735 26.186868686868689 19.500000000000004 0.34380600738314443 36.742692288818368 1004.5003 83.054779070680851 86.55663852294056 1005.7000500000001 67.583227714406434 1.0000000180025095e-35 60.137515842839044
decision_type=2 2 2 2 2 2 2 2 2 2 2 2 2 2
left_child=8 2 3 -2 5 -3 -6 -4 9 10 -1 12 -10 -13
right_child=1 4 7 -5 6 -7 -8 -9 11 -11 -12 13 -14 -15
leaf_value=-0.020834490964980686 0.24714238747558764 0.014094438690764216 -0.040291066787679818 0.066991800606327312 0.00073128393200383251 -0.0017485769419887474 -0.0170164840442741 0.0202803885068626 -0.040488777471521548 0.28473294758796691 0.0014496660883549285 -0.012473939721648758 -0.089872078170160671 0.11787663588921228
leaf_weight=5539 113 25932 929 730 30910 34482 17924 5344 968 20 5489 37 364 30
leaf_count=5539 113 25932 929 730 30910 34482 17924 5344 968 20 5489 37 364 30
internal_value=4.83271e-12 0.00146594 0.0207672 0.0911401 0.000208728 0.00505185 -0.00578285 0.0113101 -0.0137047 -0.00920985 -0.00974293 -0.0492007 -0.0539839 0.045892
internal_weight=128811 116364 7116 843 109248 60414 48834 6273 12447 11048 11028 1399 1332 67
internal_count=128811 116364 7116 843 109248 60414 48834 6273 12447 11048 11028 1399 1332 67
is_linear=0
shrinkage=0.01


Tree=480
num_leaves=15
num_cat=0
split_feature=31 47 41 11 16 5 8 23 17 8 26 30 39 37
split_gain=25774.1 25252.7 40456.1 41990.2 34992.7 43464.1 23159.7 16880.6 14288.6 11096.1 9615.17 9032.7 7491.61 6303.23
threshold=13.472222222222223 1.0000000180025095e-35 92.397075682595499 -0.5 0.34902569499999997 98.500000000000014 -0.70710678118654735 61.604361760924057 0.0056280243997970901 -0.78656609248549303 20.997040933644023 111.11066740546842 56.114258555133091 90.200000000000017
decision_type=2 2 2 2 2 2 2 2 2 2 2 2 2 2
left_child=7 4 3 -3 6 -6 -2 9 13 10 -1 -10 -11 -9
right_child=1 2 -4 -5 5 -7 -8 8 11 12 -12 -13 -14 -15
leaf_value=0.021069510208375483 0.095673615811437657 -0.0089986868481887489 -0.42649812107994445 0.024189114248167515 0.00071486788121798356 -0.016257862880975426 0.017835812629785747 0.015425155890189994 -0.084557355398299713 -0.010750405499650067 0.22076319703688987 -0.19936243051809541 -0.045436746700905521 -0.1314433625532048
leaf_weight=332 414 5833 21 11005 84573 18364 4985 177 298 1664 26 89 995 35
leaf_count=332 414 5833 21 11005 84573 18364 4985 177 298 1664 26 89 995 35
internal_value=8.71099e-12 0.000760214 0.0121452 0.0126922 -0.00101149 -0.00231307 0.0238045 -0.0263205 -0.0748107 -0.0166932 0.0355724 -0.11096 -0.0237301 -0.00882201
internal_weight=128811 125195 16859 16838 108336 102937 5399 3616 599 3017 358 387 2659 212
internal_count=128811 125195 16859 16838 108336 102937 5399 3616 599 3017 358 387 2659 212
is_linear=0
shrinkage=0.01


Tree=481
num_leaves=15
num_cat=0
split_feature=17 44 31 27 2 32 21 0 7 12 22 25 25 22
split_gain=25538 41264.7 30025.9 28714.3 28489.6 35143.4 28387.3 26840.3 26568.4 23578.5 28300 18927.4 16393.4 13333.5
threshold=0.014332720038542286 1.0000000180025095e-35 62.939480354879606 61.248134065624576 21.775000000000002 49.469933812139146 163.60050071530762 37.042691525878915 1000.3998 1.0000000180025095e-35 118.60552763819096 113.90453654521023 84.761484864117818 89.962452471482905
decision_type=2 2 2 2 2 2 2 2 2 2 2 2 2 2
left_child=2 4 9 13 5 -2 7 -4 -8 11 -11 -1 -5 -3
right_child=1 3 6 12 -6 -7 8 -9 -10 10 -12 -13 -14 -15
leaf_value=0.0031756907875500539 -0.0025418033666028761 -0.028076978346827985 0.015315299904276766 -0.076068593670293547 0.01243684029407939 -0.054354870625389504 0.35476697058904744 -0.04079376429245829 0.073057799572294413 -0.0096565952002045496 0.084530774093818373 -0.059782222487853372 -0.22126095526338965 0.098408117162830697
leaf_weight=65954 4843 4274 16501 616 6935 1794 42 899 165 25810 323 481 89 85
leaf_count=65954 4843 4274 16501 616 6935 1794 42 899 165 25810 323 481 89 85
internal_value=2.66682e-13 -0.0108264 0.00183127 -0.035187 -0.00173689 -0.016547 0.0138013 0.0124163 0.130216 -0.0004455 -0.00849245 0.00271987 -0.0943978 -0.0256105
internal_weight=128811 18636 110175 5064 13572 6637 17607 17400 207 92568 26133 66435 705 4359
internal_count=128811 18636 110175 5064 13572 6637 17607 17400 207 92568 26133 66435 705 4359
is_linear=0
shrinkage=0.01


Tree=482
num_leaves=15
num_cat=0
split_feature=7 8 44 10 2 8 7 33 29 48 3 14 36 47
split_gain=25467.5 91880.3 66041.9 57001.6 52956.9 95184.5 44970.1 68931.2 41393.7 36762.1 36469 32324.3 30715.5 27280.8
threshold=1007.5001000000001 -0.25881904510252113 1.0000000180025095e-35 0.25000000000000011 13.725000000000001 0.37940952255126054 1002.6995200000001 67.409768938286064 94.656889485450066 1.0000000180025095e-35 35.001110000000004 -11.15998386963255 106.47787306146206 1.0000000180025095e-35
decision_type=2 2 2 2 2 2 2 2 2 2 2 2 2 2
left_child=4 2 13 -4 6 8 7 -1 -6 10 -3 -7 -8 -2
right_child=1 9 3 -5 5 11 12 -9 -10 -11 -12 -13 -14 -15
leaf_value=-0.026075026397389851 0.0075729675895999139 -0.067985044014835336 0.094052393453872868 0.019535687630003244 -0.0061890735543755513 -0.019193545096438974 -0.0083390644935090429 -0.1245211660018682 -0.094112365550921742 -0.023166825061093639 0.0079914088664995876 0.020878377665960027 0.11290639818839307 0.052221482808609637
leaf_weight=6165 11251 668 2184 1937 44366 2213 14486 804 542 8496 11652 22277 212 1558
leaf_count=6165 11251 668 2184 1937 44366 2213 14486 804 542 8496 11652 22277 212 1558
internal_value=9.9539e-12 0.00690648 0.0242065 0.0590272 -0.0028627 0.0013983 -0.0165104 -0.0374326 -0.00725023 -0.00716389 0.00387191 0.0172573 -0.00659025 0.0130037
internal_weight=128811 37746 16930 4121 91065 69398 21667 6969 44908 20816 12320 24490 14698 12809
internal_count=128811 37746 16930 4121 91065 69398 21667 6969 44908 20816 12320 24490 14698 12809
is_linear=0
shrinkage=0.01


Tree=483
num_leaves=15
num_cat=0
split_feature=7 31 47 41 17 23 7 3 28 14 38 6 41 32
split_gain=25283.6 24960.6 25329.1 39809.3 29166.8 17445.6 14552.5 12268.4 10456.6 5613.91 5633.18 5243.7 2820.21 2310.93
threshold=992.7403250000001 16.805555555555561 1.0000000180025095e-35 92.397075682595499 0.015769624186723036 44.561769469088865 1001.8999500000001 57.998148000000008 56.030207013096756 -14.040019007501339 52.491972961554723 6.6392917500000008 54.731939163498105 49.469933812139146
decision_type=2 2 2 2 2 2 2 2 2 2 2 2 2 2
left_child=8 5 4 -4 -3 7 -7 -2 11 -10 -11 12 -1 -13
right_child=1 2 3 -5 -6 6 -8 -9 9 10 -12 13 -14 -15
leaf_value=-0.073688002497919153 0.031680509752122554 0.0012592411077677848 0.013472700188836503 -0.42220269526754112 -0.01631713266099253 -0.073918366246483527 -0.023066165412010245 -0.01353800280614989 -0.27519117116928099 -0.22735370762646198 -0.07091381593630082 -0.043904841927781942 -0.22377807747750056 0.019663409975062055
leaf_weight=31 733 94845 16263 21 10485 801 1892 3307 27 32 82 189 21 82
leaf_count=31 733 94845 16263 21 10485 801 1892 3307 27 32 82 189 21 82
internal_value=-6.61188e-12 0.000266385 0.00130403 0.0129108 -0.000490387 -0.0184759 -0.0381915 -0.00533375 -0.0736847 -0.145535 -0.114827 -0.0423198 -0.134301 -0.0246702
internal_weight=128811 128347 121614 16284 105330 6733 2693 4040 464 141 114 323 52 271
internal_count=128811 128347 121614 16284 105330 6733 2693 4040 464 141 114 323 52 271
is_linear=0
shrinkage=0.01


Tree=484
num_leaves=15
num_cat=0
split_feature=5 7 11 33 48 7 22 34 3 24 7 34 23 21
split_gain=25025.4 44565.9 58654.7 72964.1 39960 68822.6 26183.1 28667.6 47732.9 34177.7 24415.6 22494.9 19788.2 16695.1
threshold=1.5000000000000002 1003.2004000000001 1.0000000180025095e-35 58.639245352767226 1.0000000180025095e-35 1009.4003500000001 74.692648922686956 94.656889485450066 27.000757000000004 12.071688924242151 1017.5164800000001 56.417247570764687 24.602856621380237 131.16331658291463
decision_type=2 2 2 2 2 2 2 2 2 2 2 2 2 2
left_child=6 2 12 -4 5 -3 11 9 -9 -8 -6 13 -2 -1
right_child=1 4 3 -5 10 -7 7 8 -10 -11 -12 -13 -14 -15
leaf_value=0.0092378944693799325 -0.053671225165579407 -0.00028140333586266039 -0.015975482778027964 -0.073849172731992471 -0.020406919333287806 0.032182340556099372 0.0095766822973957482 -0.2350178360915102 0.0090006552690720006 0.059566231250436211 0.021648592880701267 -0.0043816156162325157 0.00017996804637483807 0.28483959934928199
leaf_weight=24097 712 28159 8055 2986 9575 8502 3210 109 303 2383 1613 22691 16394 22
leaf_count=24097 712 28159 8055 2986 9575 8502 3210 109 303 2383 1613 22691 16394 22
internal_value=-9.49642e-12 -0.00367449 -0.013659 -0.0316272 0.00219886 0.00724722 0.00528726 0.0249455 -0.0555576 0.0308756 -0.0143437 0.00276541 -0.00206147 0.00948928
internal_weight=128811 75996 28147 11041 47849 36661 52815 6005 412 5593 11188 46810 17106 24119
internal_count=128811 75996 28147 11041 47849 36661 52815 6005 412 5593 11188 46810 17106 24119
is_linear=0
shrinkage=0.01


Tree=485
num_leaves=13
num_cat=0
split_feature=25 15 34 31 0 24 35 11 11 3 43 41
split_gain=25133 29261.3 27973 32742.2 15641.6 13809.9 12443.2 11704.9 11049.3 23273.3 11493.8 2939.52
threshold=12.326388888888891 0.059757691166234125 44.445870299957754 25.046296296296298 34.083213737060554 2.0459108311090786 53.609843683988181 0.25000000000000017 0.6830127018922193 75.833265000000026 1.0000000180025095e-35 22.268518518518523
decision_type=2 2 2 2 2 2 2 2 2 2 2 2
left_child=5 4 6 -4 11 -1 -3 -6 10 -10 -7 -2
right_child=1 2 3 -5 7 8 -8 -9 9 -11 -12 -13
leaf_value=-0.26854219164167131 -0.0048851379906309066 0.012823413284646919 -0.019407366249892758 -0.0010439568831068318 -0.023154470651816052 -0.074899536982211995 -0.00017402050676734019 0.036379031457207861 0.21669115222018698 -0.031239280085314382 0.073010863138918289 -0.091023137948513036
leaf_weight=28 58 18879 11019 81710 364 671 12078 3562 46 214 57 125
leaf_count=28 58 18879 11019 81710 364 671 12078 3562 46 214 57 125
internal_value=1.67838e-11 0.000393854 -0.000478309 -0.00322608 0.026647 -0.0495399 0.00775241 0.0308594 -0.0433334 0.0126253 -0.0633186 -0.0637226
internal_weight=128811 127795 123686 92729 4109 1016 30957 3926 988 260 728 183
internal_count=128811 127795 123686 92729 4109 1016 30957 3926 988 260 728 183
is_linear=0
shrinkage=0.01


Tree=486
num_leaves=15
num_cat=0
split_feature=9 15 8 5 7 13 44 25 7 14 1 34 1 10
split_gain=24727.4 30639.6 29424.3 28660.4 35748.9 29624.9 14416.3 10095.1 9127.18 8850.64 9826.62 7127.96 5952.34 4092.24
threshold=-0.9159756150367534 0.059757691166234125 -0.5 1.5000000000000002 1002.1995000000001 0.34380600738314443 1.0000000180025095e-35 20.904414871144912 1002.7002500000002 0.35999769867249554 -118.99998249999999 117.1281407035176 -119.7866065258789 0.68301270189221941
decision_type=2 2 2 2 2 2 2 2 2 2 2 2 2 2
left_child=7 2 6 5 -5 -3 -2 12 -4 10 -9 -11 -1 -14
right_child=1 3 8 4 -6 -7 -8 9 -10 11 -12 -13 13 -15
leaf_value=0.0010695603257881666 0.030152042316908743 0.016659363412912055 -0.05998755034164719 -0.015178753393117259 0.0012786355602716762 0.00028108167091262935 0.11382152492628185 -0.011655706548244977 0.018983393127989509 -0.0028046462961073162 -0.039778313212314412 -0.12761103379337685 -0.039457637089239474 -0.097921726600093351
leaf_weight=167 331 18392 159 18642 45206 27642 545 4905 1840 8793 1664 46 243 236
leaf_count=167 331 18392 159 18642 45206 27642 545 4905 1840 8793 1664 46 243 236
internal_value=-2.47868e-11 0.00165323 0.0338798 0.000810036 -0.00352651 0.00682471 0.0822067 -0.0116116 0.0127021 -0.00998791 -0.0187795 -0.00345416 -0.0503392 -0.0682625
internal_weight=128811 112757 2875 109882 63848 46034 876 16054 1999 15408 6569 8839 646 479
internal_count=128811 112757 2875 109882 63848 46034 876 16054 1999 15408 6569 8839 646 479
is_linear=0
shrinkage=0.01


Tree=487
num_leaves=15
num_cat=0
split_feature=22 34 8 20 35 5 35 1 23 11 39 38 12 39
split_gain=24833.8 26481.2 33998.9 25196 53765.8 24418 19272.1 18368.3 16972.1 13519.4 10488.9 6210.8 6283.86 3598.6
threshold=22.291666666666668 33.402777777777779 -0.5 155.57403433476398 64.229908030288271 1.5000000000000002 83.054779070680851 -118.21337597412109 86.55663852294056 0.6830127018922193 51.7391212505281 67.583227714406434 1.0000000180025095e-35 64.797008871989888
decision_type=2 2 2 2 2 2 2 2 2 2 2 2 2 2
left_child=6 2 7 5 -5 -3 8 -2 9 -1 -4 12 -8 -13
right_child=1 3 10 4 -6 -7 11 -9 -10 -11 -12 13 -14 -15
leaf_value=-0.016771355015886717 0.026012933480303847 0.0049514765670877984 0.010907911760178532 -0.21654928854742989 0.09689463481419068 -0.0049592902290547464 -0.039799263943143072 0.077036779467990327 0.28204693627357486 0.0073928701461920543 -0.011481715900985606 0.095071157761242073 -0.088538316693003452 -0.062913746152605324
leaf_weight=7721 4642 43427 5245 61 532 58144 968 832 20 3307 3481 46 364 21
leaf_count=7721 4642 43427 5245 61 532 58144 968 832 20 3307 3481 46 364 21
internal_value=6.3669e-12 0.00143605 0.0142317 -0.000342457 0.0646517 -0.000721911 -0.0134252 0.0337681 -0.00899733 -0.00952516 0.00197618 -0.0483928 -0.0531183 0.0455535
internal_weight=128811 116364 14200 102164 593 101571 12447 5474 11048 11028 8726 1399 1332 67
internal_count=128811 116364 14200 102164 593 101571 12447 5474 11048 11028 8726 1399 1332 67
is_linear=0
shrinkage=0.01


Tree=488
num_leaves=15
num_cat=0
split_feature=22 15 5 13 0 5 0 13 9 26 33 10 44 15
split_gain=24339.6 26343.7 29343 35390.5 34359 28867.9 16585.1 12713.5 12622 11343.8 10819.5 8722.12 12997.3 8713.41
threshold=22.291666666666668 0.083870966614637568 19.500000000000004 0.34380600738314443 36.742692288818368 85.500000000000014 34.083213737060554 9.4325629033510481 -0.37940952255126015 37.270266843339535 25.574355724545843 0.68301270189221941 1.0000000180025095e-35 0.042427053836114934
decision_type=2 2 2 2 2 2 2 2 2 2 2 2 2 2
left_child=8 5 3 -3 -4 6 -2 -7 11 10 -10 13 -13 -1
right_child=1 2 4 -5 -6 7 -8 -9 9 -11 -12 12 -14 -15
leaf_value=0.061365801192505266 -0.055817862746159901 0.013692597905150511 0.00083040331241363105 -0.0017705456457786616 -0.016572210005488489 0.043553061876375962 0.010589207811188208 0.24724271410895932 0.01809844381041777 0.20024694795961734 -0.011860378622081747 -0.011910361686211811 -0.064502587747119297 -0.0185666909470735
leaf_weight=142 415 25932 30910 34482 17924 2659 4011 31 1555 27 5363 826 1090 3444
leaf_count=142 415 25932 30910 34482 17924 2659 4011 31 1555 27 5363 826 1090 3444
internal_value=9.66503e-12 0.00142169 0.000207344 0.00486683 -0.00555704 0.0200648 0.00436261 0.0459004 -0.013291 -0.00432793 -0.00512636 -0.0246048 -0.0418297 -0.0154015
internal_weight=128811 116364 109248 60414 48834 7116 4426 2690 12447 6945 6918 5502 1916 3586
internal_count=128811 116364 109248 60414 48834 7116 4426 2690 12447 6945 6918 5502 1916 3586
is_linear=0
shrinkage=0.01


Tree=489
num_leaves=13
num_cat=0
split_feature=7 35 27 17 7 0 2 20 23 14 36 2
split_gain=24505.3 24360.2 41118.8 33167 32088.3 58466.4 33844.5 22076.9 10307.5 5140.12 4368.07 3172.03
threshold=992.7403250000001 80.270129724893778 151.59585121602291 0.0054836189580683746 1007.90025 37.042691525878915 11.925000000000002 158.46566523605151 85.397707184705396 10.06482468696843 30.567632850241548 8.1250000000000018
decision_type=2 2 2 2 2 2 2 2 2 2 2 2
left_child=8 4 3 -3 6 -6 -2 -4 9 10 -1 -11
right_child=1 2 7 -5 5 -7 -8 -9 -10 11 -12 -13
leaf_value=-0.012319484423188603 -0.016484202390941047 0.0031362041041216532 0.029381276162620255 -0.02111453193225251 0.024390280643237942 -0.0059981876915901457 0.0019123271262001991 0.15077856938783513 -0.24287522335847217 0.10807242311537266 -0.10359425577867824 -0.028465542652105033
leaf_weight=68 11773 9599 494 13673 15446 10729 66418 215 33 20 229 114
leaf_count=68 11773 9599 494 13673 15446 10729 66418 215 33 20 229 114
internal_value=2.35643e-11 0.000262252 -0.00882627 -0.0111118 0.00235059 0.0119342 -0.000857587 0.0661943 -0.0725416 -0.0594998 -0.0826963 -0.00808674
internal_weight=128811 128347 23981 23272 104366 26175 78191 709 464 431 297 134
internal_count=128811 128347 23981 23272 104366 26175 78191 709 464 431 297 134
is_linear=0
shrinkage=0.01


Tree=490
num_leaves=13
num_cat=0
split_feature=25 15 9 29 10 5 7 24 20 10 26 26
split_gain=24265.5 27796.3 30405.6 38388.4 22620.4 18565 14253.9 13587.1 10258.8 10047.3 9971.43 7311.04
threshold=12.326388888888891 0.059757691166234125 -0.37940952255126015 32.274820447824261 0.68301270189221941 85.500000000000014 1004.4999700000002 2.0459108311090786 141.99748743718598 0.25000000000000011 4.0352572821420063 4.3978451379470611
decision_type=2 2 2 2 2 2 2 2 2 2 2 2
left_child=7 5 4 -4 -3 6 -2 -1 -7 10 -9 -11
right_child=1 2 3 -5 -6 8 -8 9 -10 11 -12 -13
leaf_value=-0.26590565885816303 -0.052132907778117521 -0.0035540717900510704 0.026023540837449594 0.0011222419800889711 -0.021503394042372035 0.051758388147766191 0.018911169290785644 -0.18164366005361082 0.27983017224073409 0.096271602471669521 0.056252508929118872 -0.062774231742124389
leaf_weight=28 321 35683 6769 72493 8741 1419 2349 20 20 30 148 790
leaf_count=28 321 35683 6769 72493 8741 1419 2349 20 20 30 148 790
internal_value=-8.17807e-12 0.000386998 -0.000463052 0.00324882 -0.00708583 0.0259746 0.0103699 -0.0486775 0.0549283 -0.0425213 0.0279315 -0.0569555
internal_weight=128811 127795 123686 79262 44424 4109 2670 1016 1439 988 168 820
internal_count=128811 127795 123686 79262 44424 4109 2670 1016 1439 988 168 820
is_linear=0
shrinkage=0.01


Tree=491
num_leaves=15
num_cat=0
split_feature=6 31 8 0 25 8 23 29 19 29 27 31 23 23
split_gain=24152.7 27361.4 29730.3 25309.8 39599.4 30619.6 24403.3 17146 16704.6 15809.2 11389.9 7724.84 6911.89 5090.9
threshold=18.314103500000005 22.268518518518523 -0.25881904510252113 37.042691525878915 65.340638642444745 0.78656609248549325 84.319077962690528 38.346430080270395 1.8020930879614354 26.180555555555561 60.878890297141261 72.170765105629556 118.64924896394045 54.745792846078025
decision_type=2 2 2 2 2 2 2 2 2 2 2 2 2 2
left_child=1 2 9 5 -5 -3 7 13 -9 -1 -4 12 -8 -2
right_child=6 3 10 4 -6 -7 11 8 -10 -11 -12 -13 -14 -15
leaf_value=0.053076577586453171 0.019665427989916211 0.0015898312312543541 -0.019482132184335598 -0.0074847928257753904 -0.11939807913507577 0.015574085532439884 -0.065363439828867012 -0.038796314203545325 -0.0030195498988372818 0.00089579849188699072 -0.062748134098350783 -0.28242857268362337 -0.26101657292117242 -0.040521109906526707
leaf_weight=714 1418 75707 8395 13089 324 19740 84 3121 2243 3108 656 33 23 156
leaf_count=714 1418 75707 8395 13089 324 19740 84 3121 2243 3108 656 33 23 156
internal_value=-2.62194e-11 0.00104414 -0.0127425 0.00267445 -0.0101881 0.004482 -0.0179579 -0.0153202 -0.023836 0.0106439 -0.022618 -0.148672 -0.10742 0.0137003
internal_weight=128811 121733 12873 108860 13413 95447 7078 6938 5364 3822 9051 140 107 1574
internal_count=128811 121733 12873 108860 13413 95447 7078 6938 5364 3822 9051 140 107 1574
is_linear=0
shrinkage=0.01


Tree=492
num_leaves=15
num_cat=0
split_feature=7 9 14 13 2 10 16 1 28 14 6 26 25 41
split_gain=23990.6 24166.9 36916.9 53161.1 35427.7 25938.9 28875.3 21343.9 10095.1 5399.9 5101.28 4760.08 3441.38 2730.42
threshold=992.7403250000001 -0.37940952255126015 6.1529304970907202 -2.1728162955607968 10.625000000000002 0.68301270189221941 0.34902569499999997 -119.7866065258789 56.030207013096756 -14.040019007501339 6.6392917500000008 14.516267915671074 61.733347415856933 54.731939163498105
decision_type=2 2 2 2 2 2 2 2 2 2 2 2 2 2
left_child=8 5 4 -4 -3 6 -2 -7 10 -10 13 -11 -12 -1
right_child=1 2 3 -5 -6 7 -8 -9 9 11 12 -13 -14 -15
leaf_value=-0.072040967854761315 0.023761490724420672 0.026942226937872779 -0.040697835672577287 0.01678737473613345 0.0034174785220496928 0.0017773257883382935 -0.0045461699899285784 -0.029383429838239265 -0.269534226346899 -0.15704915515207626 -0.035645995569327245 -0.019038254699191532 0.081430287254708147 -0.21972253413427445
leaf_weight=31 4031 7086 4196 2609 66286 3215 33974 6950 27 77 243 37 28 21
leaf_count=31 4031 7086 4196 2609 66286 3215 33974 6950 27 77 243 37 28 21
internal_value=1.49239e-11 0.000259484 0.00362291 -0.0186583 0.00568941 -0.00533879 -0.00154372 -0.0195279 -0.0717759 -0.142373 -0.0409578 -0.112256 -0.0235496 -0.131682
internal_weight=128811 128347 80177 6805 73372 48170 38005 10165 464 141 323 114 271 52
internal_count=128811 128347 80177 6805 73372 48170 38005 10165 464 141 323 114 271 52
is_linear=0
shrinkage=0.01


Tree=493
num_leaves=15
num_cat=0
split_feature=17 44 11 35 7 24 13 0 9 47 31 19 25 13
split_gain=23853.5 47156.4 98179.7 44693.2 42097.5 31890.1 22499 21720.9 21641.5 21541.8 21353.6 17148.9 15993.6 15953.1
threshold=0.0053984326323069124 1.0000000180025095e-35 0.25000000000000017 80.270129724893778 1000.8997700000001 38.40463439605093 2.1918296787400693 34.083213737060554 -0.5 1.0000000180025095e-35 12.30769230769231 1.7483909139584191 61.348375228841022 6.8089227168905184
decision_type=2 2 2 2 2 2 2 2 2 2 2 2 2 2
left_child=1 6 -3 5 -4 9 8 -8 -1 -2 12 -12 -5 -7
right_child=3 2 4 10 -6 13 7 -9 -10 -11 11 -13 -14 -15
leaf_value=-0.0055380280405744721 -0.0014916758178781628 -0.019673968267376465 -0.044214723457434817 -0.037835007533291005 0.054926555347801644 -0.16166499303992499 -0.037472673205453319 0.00011738296138314827 0.013021221312192615 0.01496326691336365 -0.021726499496140354 0.0090501932496625664 -0.15969087593586737 0.066766326516061222
leaf_weight=11591 64014 3214 461 266 6038 176 2783 3434 13720 9085 11668 2143 181 37
leaf_count=11591 64014 3214 461 266 6038 176 2783 3434 13720 9085 11668 2143 181 37
internal_value=2.70282e-11 0.00627065 0.025536 -0.00295316 0.0478941 0.000197382 0.000335464 -0.0167096 0.00452214 0.000553402 -0.0191526 -0.016951 -0.0871771 -0.121984
internal_weight=128811 41241 9713 87570 6499 73312 31528 6217 25311 73099 14258 13811 447 213
internal_count=128811 41241 9713 87570 6499 73312 31528 6217 25311 73099 14258 13811 447 213
is_linear=0
shrinkage=0.01


Tree=494
num_leaves=13
num_cat=0
split_feature=25 34 8 27 5 21 30 24 24 41 15 3
split_gain=23671.4 27038 47201 27105.9 24541.3 21948.7 17288.6 13357.3 12528.4 8109.11 6827.28 6143.6
threshold=12.326388888888891 33.402777777777779 -0.5 155.45135908440633 2.5000000000000004 163.60050071530762 86.030852933870889 2.0459108311090786 8.536338510889566 16.157407407407408 0.10538694082136611 77.998527500000009
decision_type=2 2 2 2 2 2 2 2 2 2 2 2
left_child=7 2 6 4 -3 -5 -2 -1 -4 11 -11 -9
right_child=1 3 8 5 -6 -7 -8 9 -10 10 -12 -13
leaf_value=-0.26346149308340894 0.040675770279581434 0.0034159676880306652 0.011946399291378132 0.037949467079942553 -0.0061068740659449882 0.204450583069512 -0.0046166821836947916 0.070866742035844824 -0.009649745980477362 -0.098605369590489877 -0.034938468870071369 -0.028804793182200718
leaf_weight=28 5389 48757 4635 717 60820 89 999 91 6389 279 425 193
leaf_count=28 5389 48757 4635 717 60820 89 999 91 6389 279 425 193
internal_value=-7.02814e-12 0.00038223 0.0119635 -0.00144462 -0.00186962 0.0563348 0.0335926 -0.0480779 -0.000569727 -0.0419739 -0.0601701 0.00313221
internal_weight=128811 127795 17412 110383 109577 806 6388 1016 11024 988 704 284
internal_count=128811 127795 17412 110383 109577 806 6388 1016 11024 988 704 284
is_linear=0
shrinkage=0.01


Tree=495
num_leaves=15
num_cat=0
split_feature=22 15 8 34 8 31 0 0 8 11 27 23 25 24
split_gain=23486.8 25277.3 47960 22536.2 33803.8 26752.9 22026.1 19616.5 13286.2 28574.3 13895.5 8842.77 8558.28 8532.71
threshold=22.291666666666668 0.090274921138307179 -0.25881904510252113 44.445870299957754 -0.5 18.392857142857149 34.083213737060554 36.742692288818368 -0.70710678118654735 0.25000000000000017 114.35804020100504 92.455851819299298 12.326388888888891 5.9493611426480451
decision_type=2 2 2 2 2 2 2 2 2 2 2 2 2 2
left_child=8 2 7 4 -3 -5 -4 -2 9 13 -11 12 -10 -1
right_child=1 3 6 5 -6 -7 -8 -9 11 10 -12 -13 -14 -15
leaf_value=0.035609762967934257 0.016972304205395927 0.024186106919633507 -0.061390171436511952 -0.027350856933545636 -0.00024289077962542319 -0.0010994016119190108 0.0077517216749538312 0.072962715897210387 -0.053835743712494145 0.045610461152584048 0.31206734032928946 0.18225842443379489 -0.016050707045376162 -0.031166906294371306
leaf_weight=229 980 8821 506 4082 15829 79264 5151 1731 640 913 20 22 9459 1164
leaf_count=229 980 8821 506 4082 15829 79264 5151 1731 640 913 20 22 9459 1164
internal_value=4.72727e-12 0.00139656 0.0181402 9.91867e-05 0.00849902 -0.00238511 0.00156721 0.0527227 -0.0130561 0.00849529 0.0513223 -0.018009 -0.0184452 -0.0201893
internal_weight=128811 116364 8368 107996 24650 83346 5657 2711 12447 2326 933 10121 10099 1393
internal_count=128811 116364 8368 107996 24650 83346 5657 2711 12447 2326 933 10121 10099 1393
is_linear=0
shrinkage=0.01


Tree=496
num_leaves=15
num_cat=0
split_feature=6 9 14 13 2 31 23 13 39 39 44 28 2 23
split_gain=23474.7 28531.9 31032.5 51965.6 32492.8 26760.3 23791 21924.7 14449.4 12789 12613.2 11108.4 10295.9 4720.7
threshold=18.314103500000005 -0.37940952255126015 6.1529304970907202 -2.1728162955607968 10.575000000000001 22.268518518518523 84.319077962690528 -3.2399930553243652 58.098129359655637 64.045064075482358 1.0000000180025095e-35 96.186951869614248 25.525000000000002 118.64924896394045
decision_type=2 2 2 2 2 2 2 2 2 2 2 2 2 2
left_child=1 5 4 -4 -3 9 8 -7 10 -1 -2 13 -10 -8
right_child=6 2 3 -5 -6 7 11 -9 12 -11 -12 -13 -14 -15
leaf_value=-0.018959021889430813 0.0061592247296304728 0.027755140169728212 -0.042470153809862597 0.017336535768974294 0.0045246415534836567 -0.018728552021928028 -0.074526008968391733 0.00098008158914176342 -0.045911824228646959 -0.060750295043433988 -0.03841784347685976 -0.34260014514128367 -0.0069954749985456982 -0.23452844521273736
leaf_weight=4963 3197 6670 3416 2528 61883 6742 93 34672 1886 859 792 24 1063 23
leaf_count=4963 3197 6670 3416 2528 61883 6742 93 34672 1886 859 792 24 1063 23
internal_value=-2.37517e-12 0.00102938 0.00488441 -0.0170342 0.0067849 -0.00505048 -0.017704 -0.00222839 -0.0150997 -0.0251251 -0.00269137 -0.146768 -0.031884 -0.106251
internal_weight=128811 121733 74497 5944 68553 47236 7078 41414 6938 5822 3989 140 2949 116
internal_count=128811 121733 74497 5944 68553 47236 7078 41414 6938 5822 3989 140 2949 116
is_linear=0
shrinkage=0.01


Tree=497
num_leaves=15
num_cat=0
split_feature=17 44 11 8 2 8 8 0 25 6 0 13 25 8
split_gain=23079.4 45790.9 95620.8 38476.8 26634.4 57599.4 47573.8 45726.2 31415.6 25400.4 24971.2 22032.3 21491.4 19961.7
threshold=0.0053984326323069124 1.0000000180025095e-35 0.25000000000000017 -0.37940952255126059 17.425000000000001 0.60355339059327384 -0.25881904510252113 35.400001525878913 53.543567807351089 12.404780500000003 37.042691525878915 2.1918296787400693 99.401522576849942 0.60355339059327384
decision_type=2 2 2 2 2 2 2 2 2 2 2 2 2 2
left_child=1 11 -3 -4 6 7 8 -6 -2 -8 -7 13 -13 -1
right_child=4 2 3 -5 5 10 9 -9 -10 -11 -12 12 -14 -15
leaf_value=-0.0013948921146140086 0.017892948369258442 -0.019464502928198409 0.071358909540275073 0.02269359434067408 0.0089390301658763254 0.026354345902447864 -0.011237829755656752 -0.014559168631125212 -0.013794749279446145 -0.035012192886786642 -0.031233794004292218 -0.013841419387965395 -0.14427539605936107 0.017926838718034896
leaf_weight=17638 8937 3214 3275 3224 14974 10356 23598 18528 4814 5551 812 6088 129 7673
leaf_count=17638 8937 3214 3275 3224 14974 10356 23598 18528 4814 5551 812 6088 129 7673
internal_value=-1.92164e-11 0.00616806 0.0251524 0.0472172 -0.00290484 0.00249977 -0.00853244 -0.00405645 0.0067996 -0.0157653 0.0221672 0.000319444 -0.0165479 0.00446247
internal_weight=128811 41241 9713 6499 87570 44670 42900 33502 13751 29149 11168 31528 6217 25311
internal_count=128811 41241 9713 6499 87570 44670 42900 33502 13751 29149 11168 31528 6217 25311
is_linear=0
shrinkage=0.01


Tree=498
num_leaves=15
num_cat=0
split_feature=6 9 14 13 2 45 10 29 2 25 25 5 33 6
split_gain=22867.3 27707.2 26302.2 62775.5 29478 20920 23315.1 19783 24902 21363.1 10028.7 9946.47 5069.2 5659.89
threshold=18.314103500000005 -0.60355339059327384 6.1529304970907202 -2.1728162955607968 10.575000000000001 1.0000000180025095e-35 0.68301270189221941 38.346430080270395 24.725000000000005 50.828809322630626 84.761484864117818 85.500000000000014 54.731939163498105 23.608878000000004
decision_type=2 2 2 2 2 2 2 2 2 2 2 2 2 2
left_child=1 5 4 -4 -3 6 -1 12 9 -9 -10 -7 -2 -14
right_child=7 2 3 -5 -6 11 -8 8 10 -11 -12 -13 13 -15
leaf_value=-0.004917703324148379 0.023405613596604469 0.023034021787598058 -0.039933399364106718 0.01850626047183394 0.0036619461350641926 0.0046384048422068048 -0.026264893416310612 -0.024676385414556603 0.0025178440511036087 -0.077464177695717631 -0.18470386176273743 0.037225001981425331 -0.043666610129291759 0.045462196475389051
leaf_weight=25397 1222 8870 4112 3324 68644 3728 6407 2142 2132 1194 29 1251 261 98
leaf_count=25397 1222 8870 4112 3324 68644 3728 6407 2142 2132 1194 29 1251 261 98
internal_value=-1.32878e-11 0.00101597 0.00415528 -0.01381 0.00587871 -0.00623423 -0.00921815 -0.0174735 -0.0264394 -0.0435699 5.38247e-06 0.012826 0.0137002 -0.0193362
internal_weight=128811 121733 84950 7436 77514 36783 31804 7078 5497 3336 2161 4979 1581 359
internal_count=128811 121733 84950 7436 77514 36783 31804 7078 5497 3336 2161 4979 1581 359
is_linear=0
shrinkage=0.01


Tree=499
num_leaves=15
num_cat=0
split_feature=35 20 17 6 24 0 12 20 37 6 31 24 29 31
split_gain=22789.2 40637.7 33210.4 26521.8 24953.8 22049.7 20589.2 39189.4 19416 18806.1 17885.8 10545.5 9129.95 8348.63
threshold=77.670937345015716 158.46566523605151 0.0054836189580683746 10.600839500000001 38.40463439605093 37.042691525878915 1.0000000180025095e-35 127.63400335008377 166.87768240343351 25.978678500000004 12.30769230769231 25.153522057481542 127.51088777219432 38.324989438107316
decision_type=2 2 2 2 2 2 2 2 2 2 2 2 2 2
left_child=4 2 5 8 6 -2 9 -8 -3 -1 -4 -5 13 -6
right_child=1 3 10 11 12 -7 7 -9 -10 -11 -12 -13 -14 -15
leaf_value=0.0057221210519424357 0.011013410948128388 0.097819653901581968 -0.078717370785215166 -0.16841645154842114 0.070667209737911463 -0.023769765354933955 -0.0058821488895296958 0.11176420920274474 0.29664265321962763 -0.056885787148981147 -0.016797764918699661 0.10952646899223328 -0.19624027254151519 -0.084985071012615668
leaf_weight=71935 8837 192 481 43 41 2296 28379 286 66 483 15475 20 61 216
leaf_count=71935 8837 192 481 43 41 2296 28379 286 66 483 15475 20 61 216
internal_value=9.81297e-12 -0.00809011 -0.00941557 0.103765 0.00218686 0.00383995 0.0024651 -0.00470835 0.148681 0.00530455 -0.0186644 -0.0801806 -0.0862581 -0.0601534
internal_weight=128811 27410 27089 321 101401 11133 101083 28665 258 72418 15956 63 318 257
internal_count=128811 27410 27089 321 101401 11133 101083 28665 258 72418 15956 63 318 257
is_linear=0
shrinkage=0.01


Tree=500
num_leaves=13
num_cat=0
split_feature=7 35 20 17 7 0 2 22 23 14 23 26
split_gain=23292.1 22584.4 38092.6 33083.1 30566.1 55305.9 32443.9 30524.8 9896.08 5033.22 4080.33 3157.45
threshold=992.7403250000001 80.270129724893778 158.46566523605151 0.0054836189580683746 1007.90025 37.042691525878915 11.625000000000002 164.15546018121128 85.397707184705396 10.06482468696843 38.888994507815809 23.5877490264565
decision_type=2 2 2 2 2 2 2 2 2 2 2 2
left_child=8 4 3 -3 6 -6 -2 -4 9 10 -1 -11
right_child=1 2 7 -5 5 -7 -8 -9 -10 11 -12 -13
leaf_value=-0.032917934086945683 -0.016908967339448789 0.0040940073462040578 0.039218505256705817 -0.019890389004707722 0.023734724940851205 -0.0058209891958117578 0.0017214655272067873 0.26106926859110252 -0.23762242151029181 -0.027400670804475485 -0.10953191983663749 0.10882320770621301
leaf_weight=111 10854 9842 216 13836 15446 10729 67337 87 33 114 186 20
leaf_count=111 10854 9842 216 13836 15446 10729 67337 87 33 114 186 20
internal_value=2.01229e-11 0.000255679 -0.00849531 -0.00992103 0.00226646 0.01162 -0.000864698 0.102918 -0.0707232 -0.0579444 -0.0808984 -0.00706875
internal_weight=128811 128347 23981 23678 104366 26175 78191 303 464 431 297 134
internal_count=128811 128347 23981 23678 104366 26175 78191 303 464 431 297 134
is_linear=0
shrinkage=0.01


Tree=501
num_leaves=15
num_cat=0
split_feature=7 9 6 44 20 20 21 28 14 38 6 28 25 41
split_gain=22828.6 22416 24435.6 41132.2 27939.1 9759.42 9856.1 9725.02 5166.54 5498.18 5030.95 4665.08 3383.61 2668.13
threshold=992.7403250000001 -0.9159756150367534 13.60318975 1.0000000180025095e-35 155.57403433476398 10.092592592592597 119.59045226130655 56.030207013096756 -14.040019007501339 52.491972961554723 6.6392917500000008 16.157407407407408 61.733347415856933 54.731939163498105
decision_type=2 2 2 2 2 2 2 2 2 2 2 2 2 2
left_child=7 5 4 -4 -3 11 -7 10 -9 -10 13 -2 -12 -1
right_child=1 2 3 -5 -6 6 -8 8 9 -11 12 -13 -14 -15
leaf_value=-0.070908031598214183 -0.00050004401737276246 0.0035759545111191567 0.00042375967620793162 -0.03197610935212078 0.073743622070227319 -0.0082272457035611184 -0.067687074921920262 -0.26369014364701732 -0.22101840302348139 -0.06646454064811512 -0.034474775330642617 -0.067675897357358739 0.081614615124251166 -0.2168951924641927
leaf_weight=31 136 91628 14809 5328 571 15160 284 27 32 82 243 431 28 21
leaf_count=31 136 91628 14809 5328 571 15160 284 27 32 82 243 431 28 21
internal_value=-1.27235e-11 0.000253122 0.00183086 -0.00814884 0.00401051 -0.0108166 -0.00932065 -0.070016 -0.139307 -0.109848 -0.0397681 -0.0515632 -0.0224803 -0.129864
internal_weight=128811 128347 112336 20137 92199 16011 15444 464 141 114 323 567 271 52
internal_count=128811 128347 112336 20137 92199 16011 15444 464 141 114 323 567 271 52
is_linear=0
shrinkage=0.01


Tree=502
num_leaves=15
num_cat=0
split_feature=25 15 8 5 0 13 0 7 41 15 35 3 2 31
split_gain=22688.1 26401.2 34135.7 25705.5 40286.5 29862.3 14287.6 12804.2 9702.06 7689.26 7248.25 6145.33 5632.23 3348.41
threshold=12.326388888888891 0.059757691166234125 -0.5 1.5000000000000002 36.742692288818368 0.34380600738314443 36.742692288818368 1002.7002500000002 16.157407407407408 0.13022259962980948 11.920615468409588 77.998527500000009 12.625000000000002 21.712962962962965
decision_type=2 2 2 2 2 2 2 2 2 2 2 2 2 2
left_child=8 2 6 5 -5 -3 -2 -4 11 -10 -11 12 -1 -13
right_child=1 3 7 4 -6 -7 -8 -9 9 10 -12 13 -14 -15
leaf_value=0.1631324086691204 0.019186039646986383 0.014631164897964063 -0.058705925005431536 0.0017577774458993462 -0.013500054596748148 -0.0010510890644560404 0.10817536672248196 0.016194961034006423 -0.095623539087475826 0.14490509293296122 -0.043018580619610995 -0.060945709214462504 0.0036065406956762637 0.025300189328025767
leaf_weight=38 258 19675 247 43602 28693 31716 600 3004 403 22 306 123 53 71
leaf_count=38 258 19675 247 43602 28693 31716 600 3004 403 22 306 123 53 71
internal_value=1.16517e-11 0.000374208 0.0253114 -0.000454236 -0.00429787 0.00495285 0.0814163 0.0105042 -0.0470688 -0.066364 -0.0304139 0.00242165 0.0702217 -0.0293815
internal_weight=128811 127795 4109 123686 72295 51391 858 3251 1016 731 328 285 91 194
internal_count=128811 127795 4109 123686 72295 51391 858 3251 1016 731 328 285 91 194
is_linear=0
shrinkage=0.01


Tree=503
num_leaves=15
num_cat=0
split_feature=7 8 44 5 8 44 13 16 14 1 46 7 13 1
split_gain=22590.6 85853.5 59993 44905.4 61286.8 59443.6 51640.2 36639.2 36330.8 32819.2 39234.6 27391.3 27205.9 25843.5
threshold=1007.5001000000001 -0.25881904510252113 1.0000000180025095e-35 12.500000000000002 0.37940952255126054 1.0000000180025095e-35 -3.7800021091456184 10.849207969500002 -11.192007229493061 -120.84999847412108 1.0000000180025095e-35 1010.8002 3.2400144892449547 -118.21337597412109
decision_type=2 2 2 2 2 2 2 2 2 2 2 2 2 2
left_child=3 2 13 4 12 7 -7 -5 -6 -3 -11 -4 -1 -2
right_child=1 9 11 5 8 6 -8 -9 -10 10 -12 -13 -14 -15
leaf_value=0.0022865663234336092 0.007264533774267984 -0.02221679348521045 0.033934535638686619 -0.0076801427654246204 -0.026684621013733378 -0.066973919148056338 -0.017722930423301635 0.022211729964754331 0.021325644920644368 0.01414047316655764 -0.026130146530114248 0.085981693248097069 -0.017529213528332224 0.050720985463996171
leaf_weight=17626 11251 8496 2341 25106 1724 2776 9133 4901 18383 9013 3307 1780 11416 1558
leaf_count=17626 11251 8496 2341 25106 1724 2776 9133 4901 18383 9013 3307 1780 11416 1558
internal_value=6.88717e-12 0.0065047 0.0232277 -0.00269617 0.00378878 -0.0103002 -0.0292034 -0.00279795 0.0172092 -0.00709638 0.00333082 0.0564155 -0.00550274 0.0125503
internal_weight=128811 37746 16930 91065 49149 41916 11909 30007 20107 20816 12320 4121 29042 12809
internal_count=128811 37746 16930 91065 49149 41916 11909 30007 20107 20816 12320 4121 29042 12809
is_linear=0
shrinkage=0.01


Tree=504
num_leaves=15
num_cat=0
split_feature=7 47 41 3 18 5 27 28 26 24 6 41 16 18
split_gain=22157.9 21116 38654.9 38769 32403.8 36782.3 10975 9578.39 5100.41 6069.03 4941.59 2617.57 2490.37 1294.72
threshold=992.7403250000001 1.0000000180025095e-35 92.397075682595499 72.962955000000008 0.16548781642744978 98.500000000000014 28.928571428571434 56.030207013096756 14.516267915671074 6.3223927648136451 6.6392917500000008 54.731939163498105 20.644993731500005 10.178762803981977
decision_type=2 2 2 2 2 2 2 2 2 2 2 2 2 2
left_child=7 4 3 -3 6 -6 -2 10 9 -9 11 -1 -12 -10
right_child=1 2 -4 -5 5 -7 -8 8 13 -11 12 -13 -14 -15
leaf_value=-0.069858221065613541 -0.0044908973301954523 0.025216177384982684 -0.41831148840132215 -0.0046209208080105011 0.00016178376458309899 -0.015237543977531931 0.02959529285947712 -0.093530290259959847 -0.10139981383085252 -0.24961943103176243 -0.030613044801354409 -0.21445558593386696 0.082767056056431351 0.011023388249533517
leaf_weight=31 1207 9128 21 8328 86414 18904 4345 47 20 53 250 21 21 21
leaf_count=31 1207 9128 21 8328 86414 18904 4345 47 20 53 250 21 21 21
internal_value=-8.44797e-12 0.000249375 0.0104655 0.0109813 -0.00136105 -0.00260231 0.022185 -0.0689797 -0.137747 -0.176258 -0.0389608 -0.128253 -0.0218271 -0.0438172
internal_weight=128811 128347 17477 17456 110870 105318 5552 464 141 100 323 52 271 41
internal_count=128811 128347 17477 17456 110870 105318 5552 464 141 100 323 52 271 41
is_linear=0
shrinkage=0.01


Tree=505
num_leaves=15
num_cat=0
split_feature=32 20 41 25 34 8 31 18 2 25 25 37 13 39
split_gain=22478.2 28505.2 25275.6 23894.4 22694.5 56565.7 27390.1 28909.9 26363.6 23026.1 18996.8 18418.3 20039 17988.8
threshold=151.24535050071532 155.57403433476398 123.67952458594588 137.5206775108492 44.445870299957754 -0.5 18.392857142857149 0.50430557917304564 9.1250000000000018 113.90453654521023 14.427083333333337 175.97901764425373 -3.7800021091456184 58.098129359655637
decision_type=2 2 2 2 2 2 2 2 2 2 2 2 2 2
left_child=4 2 13 -4 5 8 9 -8 -1 -6 -7 12 -3 -2
right_child=1 11 3 -5 6 10 7 -9 -10 -11 -12 -13 -14 -15
leaf_value=0.067144227042767485 -0.0022917480142289706 -0.16745051188902424 -0.0040810648395734669 -0.30525753647782083 -0.022144235754451774 -0.054726382681837792 0.011577267493480639 -0.0040829877717752632 0.019535766335702451 -0.16969440643779105 -0.00084998200280249304 0.37226350148518883 0.1606465337788763 0.080205603121300637
leaf_weight=1323 543 22 68 43 5110 675 13982 75133 9627 108 21508 33 121 515
leaf_count=1323 543 22 68 43 5110 675 13982 75133 9627 108 21508 33 121 515
internal_value=1.34631e-11 0.0406668 0.022804 -0.120753 -0.00042911 0.00669064 -0.00292981 -0.00162592 0.0252879 -0.0251982 -0.00248937 0.159313 0.11017 0.0378653
internal_weight=128811 1345 1169 111 127466 33133 94333 89115 10950 5218 22183 176 143 1058
internal_count=128811 1345 1169 111 127466 33133 94333 89115 10950 5218 22183 176 143 1058
is_linear=0
shrinkage=0.01


Tree=506
num_leaves=15
num_cat=0
split_feature=22 34 27 5 21 35 0 30 2 25 26 33 37 26
split_gain=22075.9 23921.7 25164.2 22371.5 20276.5 18053.4 16605.6 17072.5 16241.5 10616.3 10467.5 8917.12 6116.23 7205.67
threshold=22.291666666666668 33.402777777777779 155.45135908440633 1.5000000000000002 163.60050071530762 83.054779070680851 34.083213737060554 86.030852933870889 15.125000000000002 12.326388888888891 2.6933358539801158 25.574355724545843 83.640391927464194 16.082108438495052
decision_type=2 2 2 2 2 2 2 2 2 2 2 2 2 2
left_child=5 6 3 -3 -4 9 8 -8 -2 10 -1 -11 13 -7
right_child=1 2 4 -5 -6 12 7 -9 -10 11 -12 -13 -14 -15
leaf_value=-0.25894768714904787 -0.022713202186402263 0.0046579253071272414 0.03772817015479988 -0.0048378305933230604 0.19784826696588753 -0.035779315712752981 0.025357222106573599 -0.018506952881443536 0.015354807305126549 0.013391324893892534 -0.037681280248976351 -0.010225385797057234 0.078630762927626302 -0.087237455834203614
leaf_weight=22 2095 43348 710 58017 89 985 8707 988 2410 1981 759 8286 38 376
leaf_count=22 2095 43348 710 58017 89 985 8707 988 2410 1981 759 8286 38 376
internal_value=1.86706e-11 0.00135396 -0.000336412 -0.00077704 0.0555638 -0.0126578 0.0135156 0.0208871 -0.0023483 -0.00837222 -0.0439141 -0.00566858 -0.0465017 -0.0499955
internal_weight=128811 116364 102164 101365 799 12447 14200 9695 4505 11048 781 10267 1399 1361
internal_count=128811 116364 102164 101365 799 12447 14200 9695 4505 11048 781 10267 1399 1361
is_linear=0
shrinkage=0.01


Tree=507
num_leaves=15
num_cat=0
split_feature=35 27 17 24 25 41 12 0 2 6 0 13 11 40
split_gain=21802.5 35780.5 29352.9 24654.1 28618.5 25911.1 25314.4 21772.5 20288.7 18485 23485.8 13285.3 10245.2 10161.7
threshold=77.670937345015716 151.59585121602291 0.0054836189580683746 38.40463439605093 99.401522576849942 112.7450168741082 1.0000000180025095e-35 37.042691525878915 20.875000000000004 10.600839500000001 35.400001525878913 -3.7800021091456184 0.93301270189221952 54.914026193493889
decision_type=2 2 2 2 2 2 2 2 2 2 2 2 2 2
left_child=3 2 7 4 6 -6 -1 -2 -4 10 -3 13 -13 -5
right_child=1 9 8 11 5 -7 -8 -9 -10 -11 -12 12 -14 -15
leaf_value=0.0051206749065794664 0.010085445439448297 0.012989110950331546 -0.024842893310643349 -0.01779109414666891 0.086370847221189498 -0.10782522182960015 -0.006029703552603404 -0.024713368299797481 0.0018472848893921212 -0.080470859404787959 0.13220891503010007 -0.073026939677664007 0.10269358618983201 -0.22652806629968245
leaf_weight=71976 8603 304 12056 32 638 77 28392 2273 3729 83 362 158 42 86
leaf_count=71976 8603 304 12056 32 638 77 28392 2273 3729 83 362 158 42 86
internal_value=-1.62883e-11 -0.00791304 -0.00982806 0.002139 0.00241556 0.0654574 0.00196647 0.00281276 -0.0185377 0.0602527 0.0777903 -0.0857731 -0.0361256 -0.169921
internal_weight=128811 27410 26661 101401 101083 715 100368 10876 15785 749 666 318 200 118
internal_count=128811 27410 26661 101401 101083 715 100368 10876 15785 749 666 318 200 118
is_linear=0
shrinkage=0.01


Tree=508
num_leaves=15
num_cat=0
split_feature=32 35 20 35 17 1 10 10 22 26 10 16 42 32
split_gain=21676.7 32120.2 27057.9 28708.1 26403 20872.2 39911.9 25536.3 20559.3 17761.5 15421.7 15294 11145.4 10241
threshold=151.24535050071532 85.849222347478857 155.57403433476398 158.71101573676683 0.0054836189580683746 -118.21337597412109 0.68301270189221941 0.25000000000000011 172.48569384835483 7.8658228729619042 -0.93301270189221908 26.543242400000008 1.0000000180025095e-35 166.59728183118742
decision_type=2 2 2 2 2 2 2 2 2 2 2 2 2 2
left_child=1 5 3 11 10 7 -7 -1 9 -4 -3 -2 -6 -10
right_child=2 4 8 -5 12 6 -8 -9 13 -11 -12 -13 -14 -15
leaf_value=0.0037583024467869059 0.023186976778064469 -0.071263463871016619 -0.14611603565216066 -0.25954522761276794 -0.01372035644256445 0.0038255883957941405 0.043826661196489328 -0.0070050306950065876 0.18011575388908388 0.14967425450130745 0.0042793275725830065 0.19875767441323169 -0.034806894626876347 0.48951993693476142
leaf_weight=61403 1082 281 25 35 5375 11045 3222 34387 20 108 7056 52 4697 23
leaf_count=61403 1082 281 25 35 5375 11045 3222 34387 20 108 7056 52 4697 23
internal_value=7.73948e-13 -0.000421389 0.0399352 0.0225318 -0.013043 0.00157511 0.0128593 -0.000105553 0.15553 0.0940746 0.00138611 0.0312378 -0.0235539 0.345611
internal_weight=128811 127466 1345 1169 17409 110057 14267 95790 176 133 7337 1134 10072 43
internal_count=128811 127466 1345 1169 17409 110057 14267 95790 176 133 7337 1134 10072 43
is_linear=0
shrinkage=0.01


Tree=509
num_leaves=15
num_cat=0
split_feature=7 8 2 8 0 7 33 6 0 0 2 36 9 31
split_gain=22164 83326.3 46210.7 91074.4 44913.3 41074.2 66368.9 34407.1 31906.5 38283.1 31293.8 28653.8 22153.7 17164.1
threshold=1007.5001000000001 -0.25881904510252113 13.725000000000001 0.37940952255126054 35.400001525878913 1002.6995200000001 67.409768938286064 13.60318975 37.042691525878915 34.083213737060554 10.625000000000002 95.730324626936977 -0.37940952255126015 73.359949302915098
decision_type=2 2 2 2 2 2 2 2 2 2 2 2 2 2
left_child=2 10 5 4 -4 6 -1 -5 9 -3 12 -7 -2 -10
right_child=1 8 3 7 -6 11 -8 -9 13 -11 -12 -13 -14 -15
leaf_value=-0.024270312527409136 0.029889093360842587 -0.025776743607925836 0.0024519089994159407 0.021952120471541582 -0.017565818536092404 -0.0081130148868974565 -0.120869419180802 -0.010566957890602561 -0.02085132646898814 0.01400254403740016 0.014504680070291421 0.083721210646774916 0.07639418023905982 -0.22115003718886264
leaf_weight=6165 3176 3307 23367 20627 21541 14350 804 3863 8453 9013 12242 348 1512 43
leaf_count=6165 3176 3307 23367 20627 21541 14350 804 3863 8453 9013 12242 348 1512 43
internal_value=-1.88188e-11 0.006443 -0.00267059 0.00130976 -0.00714999 -0.0154194 -0.0354148 0.0168226 -0.0069564 0.00332478 0.022918 -0.00593868 0.0448882 -0.0218651
internal_weight=128811 37746 91065 69398 44908 21667 6969 24490 20816 12320 16930 14698 4688 8496
internal_count=128811 37746 91065 69398 44908 21667 6969 24490 20816 12320 16930 14698 4688 8496
is_linear=0
shrinkage=0.01


Tree=510
num_leaves=15
num_cat=0
split_feature=7 0 0 2 7 33 11 25 0 36 29 7 3 36
split_gain=21723 61401.2 68626.9 45291.1 40256.8 65259.8 35830.5 34790.2 30750.7 55929.3 33774.9 29890 28285.6 28083.6
threshold=1007.5001000000001 37.042691525878915 34.083213737060554 13.725000000000001 1002.6995200000001 55.287213068581906 0.25000000000000017 72.567530101394183 35.400001525878913 109.35082436475639 124.63819095477389 1017.1628400000001 42.999859000000008 95.730324626936977
decision_type=2 2 2 2 2 2 2 2 2 2 2 2 2 2
left_child=3 2 12 4 5 -1 -4 11 10 -10 -5 -3 -2 -6
right_child=1 7 6 8 13 -7 -8 -9 9 -11 -12 -13 -14 -15
leaf_value=-0.016894358401456963 -0.048401588638888972 -0.015022888372801526 -0.0023439383556035634 0.0084608965694450942 -0.008031884686115931 -0.086608372804568262 0.034340502636664987 -0.24409344048727127 -0.0066100927679140662 0.15193191301476744 -0.12774235018289806 0.023197368873192407 0.00060918136676317992 0.08288399876919629
leaf_weight=5153 1572 12163 3318 35523 14350 1816 13477 63 33468 224 183 2460 4693 348
leaf_count=5153 1572 12163 3318 35523 14350 1816 13477 63 33468 224 183 2460 4693 348
internal_value=1.3703e-11 0.00637857 0.0165569 -0.00264389 -0.0152652 -0.0350606 0.0270932 -0.00960341 0.00129666 -0.00555603 0.00776283 -0.00859317 -0.0116885 -0.0058793
internal_weight=128811 37746 23060 91065 21667 6969 16795 14686 69398 33692 35706 14623 6265 14698
internal_count=128811 37746 23060 91065 21667 6969 16795 14686 69398 33692 35706 14623 6265 14698
is_linear=0
shrinkage=0.01


Tree=511
num_leaves=15
num_cat=0
split_feature=31 7 44 1 10 10 44 25 25 27 22 28 17 38
split_gain=21540 21789 73612.2 51838.4 46444.7 34792.6 110467 38611.9 14502.7 14593.4 8266.95 7907.43 7511.88 7362.8
threshold=13.472222222222223 1007.5001000000001 1.0000000180025095e-35 -118.21337597412109 0.68301270189221941 0.25000000000000011 1.0000000180025095e-35 127.0060442479318 61.164768693886636 56.784134116833748 12.235883424408017 21.504629629629637 0.0020929312748511949 73.000316856780756
decision_type=2 2 2 2 2 2 2 2 2 2 2 2 2 2
left_child=8 5 3 -3 -4 7 -7 -2 10 12 -1 -12 -10 -11
right_child=1 2 4 -5 -6 6 -8 -9 9 13 11 -13 -14 -15
leaf_value=-0.063172730826993095 0.0015002247659540264 -0.0055905860580383847 0.045639127170027702 0.037409831829327812 -0.0079255535960759717 0.0020172044342723718 -0.041064825297412226 0.085145676826449565 0.088272468780362323 -0.17040796447581813 0.01461790567024536 -0.02160637608040103 -0.05072285274493283 0.014696000325679779
leaf_weight=317 59918 24853 6598 3160 2145 19373 8591 557 43 153 918 1754 406 25
leaf_count=317 59918 24853 6598 3160 2145 19373 8591 557 43 153 918 1754 406 25
internal_value=-2.90897e-11 0.000694971 0.00716615 -0.000739934 0.0324976 -0.0019945 -0.0112183 0.00227063 -0.0240616 -0.0677875 -0.0148893 -0.00916106 -0.0374115 -0.14441
internal_weight=128811 125195 36756 28013 8743 88439 27964 60475 3616 627 2989 2672 449 178
internal_count=128811 125195 36756 28013 8743 88439 27964 60475 3616 627 2989 2672 449 178
is_linear=0
shrinkage=0.01


Tree=512
num_leaves=15
num_cat=0
split_feature=7 9 29 14 31 8 45 39 28 14 39 6 41 19
split_gain=21365.8 21211.2 35877.7 39113.2 21817.8 21652 18399.2 11894 9408.88 4930.19 4896.2 4837.59 2541.53 2426.45
threshold=992.7403250000001 -0.37940952255126015 33.402777777777779 6.1200022147822333 22.268518518518523 0.91597561503675362 1.0000000180025095e-35 64.402738944688252 56.030207013096756 -14.040019007501339 54.356851147725685 6.6392917500000008 54.731939163498105 2.7087732870358017
decision_type=2 2 2 2 2 2 2 2 2 2 2 2 2 2
left_child=8 4 5 -4 7 -3 -6 -2 11 -10 -11 12 -1 -13
right_child=1 2 3 -5 6 -7 -8 -9 9 10 -12 13 -14 -15
leaf_value=-0.068790582163680572 -0.01690463359519466 0.032220909362490377 0.0032357409417004723 -0.024136621130251768 -0.0050050856305557346 -0.0033134134426437002 0.014597109127501973 -0.056462515820780504 -0.25739572538269889 -0.17264931440353393 -0.041578204456651426 -0.029703466541767122 -0.2112722701118106 0.082212257725851876
leaf_weight=31 5207 6329 65826 5670 36563 2352 5510 890 27 57 57 250 21 21
leaf_count=31 5207 6329 65826 5670 36563 2352 5510 890 27 57 57 250 21 21
internal_value=-4.44977e-12 0.000244877 0.00339591 0.00106497 -0.00499989 0.0225934 -0.00243793 -0.022679 -0.0677355 -0.135891 -0.107114 -0.0379834 -0.126331 -0.021031
internal_weight=128811 128347 80177 71496 48170 8681 42073 6097 464 141 114 323 52 271
internal_count=128811 128347 80177 71496 48170 8681 42073 6097 464 141 114 323 52 271
is_linear=0
shrinkage=0.01


Tree=513
num_leaves=13
num_cat=0
split_feature=25 35 20 17 22 24 25 24 13 11 16 44
split_gain=21210.8 22292.1 35818.5 29509.5 27995.8 24512.7 27236.2 12989.1 12962.6 10320.4 16403.7 12037.3
threshold=12.326388888888891 77.670937345015716 158.46566523605151 0.0054836189580683746 164.15546018121128 38.40463439605093 99.401522576849942 2.0459108311090786 -3.7800021091456184 0.6830127018922193 3.4609190550000006 1.0000000180025095e-35
decision_type=2 2 2 2 2 2 2 2 2 2 2 2
left_child=7 5 3 -3 -4 6 -2 -1 -7 11 -11 -9
right_child=1 2 4 -5 -6 8 -8 9 -10 10 -12 -13
leaf_value=-0.25790422303336008 0.0023766992203866372 0.0035943133475376831 0.040423316174210647 -0.017639658537202601 0.25052603672290669 -0.16823784346802761 0.064317465445052804 0.058577402715499584 -0.036076857919525356 -0.013004066033433353 0.24322829791477749 -0.072892206137455423
leaf_weight=28 99424 11130 234 15887 87 118 715 78 200 232 28 650
leaf_count=28 99424 11130 234 15887 87 118 715 78 200 232 28 650
internal_value=1.33871e-11 0.00036182 -0.00764437 -0.00889205 0.097367 0.00254059 0.00281896 -0.0455106 -0.0851177 -0.0394913 0.0145902 -0.0588062
internal_weight=128811 127795 27338 27017 321 100457 100139 1016 318 988 260 728
internal_count=128811 127795 27338 27017 321 100457 100139 1016 318 988 260 728
is_linear=0
shrinkage=0.01


Tree=514
num_leaves=15
num_cat=0
split_feature=6 9 47 11 5 31 23 45 29 2 39 28 23 23
split_gain=21068.1 25654.5 27738.3 39426 31457.7 24426.6 22648.6 19390.9 16407.9 21069.8 12148.1 10835.7 5041.42 4582.95
threshold=18.314103500000005 -0.37940952255126015 1.0000000180025095e-35 -0.68301270189221952 98.500000000000014 22.268518518518523 84.319077962690528 1.0000000180025095e-35 38.346430080270395 24.725000000000005 64.045064075482358 96.186951869614248 54.745792846078025 118.64924896394045
decision_type=2 2 2 2 2 2 2 2 2 2 2 2 2 2
left_child=1 5 4 -4 -3 10 8 -7 12 -10 -1 13 -2 -8
right_child=6 2 3 -5 -6 7 11 -9 9 -11 -12 -13 -14 -15
leaf_value=-0.0179596834423487 0.020094122979704591 0.0053509418937339546 -0.014648569244096249 0.031403911670212559 -0.013378853437084361 -0.0047444958341533242 -0.071424001375193238 0.015569862389573322 -0.038652088733410611 0.0018502345857883929 -0.058690369083037618 -0.33611258526643123 -0.039799182095970866 -0.22907485065252886
leaf_weight=4963 1418 53697 2464 7571 10765 36010 93 5404 3233 2131 859 24 156 23
leaf_count=4963 1418 53697 2464 7571 10765 36010 93 5404 3233 2131 859 24 156 23
internal_value=7.14368e-12 0.000975187 0.00463067 0.0200962 0.00222311 -0.00478996 -0.016772 -0.00209373 -0.014231 -0.0225614 -0.0239692 -0.142699 0.0141581 -0.102682
internal_weight=128811 121733 74497 10035 64462 47236 7078 41414 6938 5364 5822 140 1574 116
internal_count=128811 121733 74497 10035 64462 47236 7078 41414 6938 5364 5822 140 1574 116
is_linear=0
shrinkage=0.01


Tree=515
num_leaves=15
num_cat=0
split_feature=7 8 2 8 29 7 33 6 2 48 46 36 11 26
split_gain=20915 81290.2 43455.9 89402.8 39870.6 39214.1 64055 33354.4 30276.5 29958.8 36260.4 27301.4 19798.2 18857.8
threshold=1007.5001000000001 -0.25881904510252113 13.725000000000001 0.37940952255126054 94.656889485450066 1002.6995200000001 67.409768938286064 13.60318975 10.625000000000002 1.0000000180025095e-35 1.0000000180025095e-35 95.730324626936977 0.25000000000000017 21.643968220792612
decision_type=2 2 2 2 2 2 2 2 2 2 2 2 2 2
left_child=2 8 5 4 -4 6 -1 -5 12 10 -3 -7 -2 -11
right_child=1 9 3 7 -6 11 -8 -9 -10 13 -12 -13 -14 -15
leaf_value=-0.023546123337556533 -0.0045421726577580292 0.013378451021427335 -0.0060746661852330323 0.021685888039478487 -0.092365282328861223 -0.0078160568038750447 -0.11844636276119913 -0.010331823788442242 0.01425584444288221 -0.020612966855816293 -0.025335701242019431 0.08182482555380155 0.052816126049262405 -0.29566549630165101
leaf_weight=6165 709 9013 44366 20627 542 14350 804 3863 12242 8471 3307 348 3979 25
leaf_count=6165 709 9013 44366 20627 542 14350 804 3863 12242 8471 3307 348 3979 25
internal_value=4.90167e-12 0.00625883 -0.00259425 0.00126563 -0.00711612 -0.0149572 -0.0344946 0.0166355 0.0225313 -0.00697585 0.00298659 -0.00569366 0.0441414 -0.0214223
internal_weight=128811 37746 91065 69398 44908 21667 6969 24490 16930 20816 12320 14698 4688 8496
internal_count=128811 37746 91065 69398 44908 21667 6969 24490 16930 20816 12320 14698 4688 8496
is_linear=0
shrinkage=0.01


Tree=516
num_leaves=13
num_cat=0
split_feature=7 35 20 17 7 8 2 31 23 6 26 25
split_gain=20747.1 20847.9 33418.6 29779.6 27748.1 49875.8 29238.2 25029.5 9387.43 4471.11 5454.93 2739.13
threshold=992.7403250000001 80.270129724893778 158.46566523605151 0.0054836189580683746 1007.90025 -0.25881904510252113 11.625000000000002 33.324989438107316 85.397707184705396 11.501556500000001 12.229730684503641 44.548985806828014
decision_type=2 2 2 2 2 2 2 2 2 2 2 2
left_child=8 4 3 -3 6 -6 -2 -4 9 11 -11 -1
right_child=1 2 7 -5 5 -7 -8 -9 -10 10 -12 -13
leaf_value=-0.051106000549214728 -0.016041101680714639 0.0037949908367928089 -0.13686377085000279 -0.018960447757092245 0.025362876555395136 -0.0022606437189312927 0.0016449772847690308 0.13163318721627101 -0.2293010378967632 -0.079445759413970848 0.0092755569585345008 -0.13671150206621871
leaf_weight=68 10854 9842 40 13836 12646 13529 67337 263 33 126 154 83
leaf_count=68 10854 9842 40 13836 12646 13529 67337 263 33 126 154 83
internal_value=7.81459e-12 0.000241306 -0.00816653 -0.00950192 0.00217324 0.0110852 -0.000810097 0.096188 -0.0667477 -0.0543016 -0.030649 -0.0981607
internal_weight=128811 128347 23981 23678 104366 26175 78191 303 464 431 280 151
internal_count=128811 128347 23981 23678 104366 26175 78191 303 464 431 280 151
is_linear=0
shrinkage=0.01


Tree=517
num_leaves=15
num_cat=0
split_feature=25 15 9 29 11 5 7 20 40 15 35 11 20 15
split_gain=20627.2 24616.1 24855.2 37009.6 21559.6 17239.5 12852.4 9267.28 8751.3 8585.69 6850.29 4861.6 2433.32 1287.42
threshold=12.326388888888891 0.059757691166234125 -0.37940952255126015 33.402777777777779 -0.5 85.500000000000014 1004.4999700000002 141.99748743718598 15.523504273504276 0.13022259962980948 11.920615468409588 0.93301270189221952 8.9259259259259291 0.06628178077547188
decision_type=2 2 2 2 2 2 2 2 2 2 2 2 2 2
left_child=8 5 4 -4 -3 6 -2 -7 11 12 -11 13 -10 -1
right_child=1 2 3 -5 -6 7 -8 -9 9 10 -12 -13 -14 -15
leaf_value=-0.07410517597482319 -0.049951756428521003 0.0030389427908941204 0.022936152463234962 0.00058095868112479059 -0.011555775313519867 0.049324333043248458 0.017509426520961421 0.26609490704536437 -0.10495528059527855 0.14476863280586574 -0.032335639665264627 0.13433864831924439 -0.058987737550722577 0.024934636729104179
leaf_weight=21 321 15599 8268 70994 28825 1419 2349 20 258 23 433 38 208 35
leaf_count=21 321 15599 8268 70994 28825 1419 2349 20 258 23 433 38 208 35
internal_value=-2.19568e-11 0.000356807 -0.000443139 0.00291288 -0.006431 0.0244362 0.00939892 0.0523371 -0.0448801 -0.0542512 -0.0234027 0.0470359 -0.0844376 -0.0122053
internal_weight=128811 127795 123686 79262 44424 4109 2670 1439 1016 922 456 94 466 56
internal_count=128811 127795 123686 79262 44424 4109 2670 1439 1016 922 456 94 466 56
is_linear=0
shrinkage=0.01


Tree=518
num_leaves=15
num_cat=0
split_feature=31 1 11 41 10 7 1 23 17 3 22 39 0 25
split_gain=20531.5 20819.5 38642 40087.6 32635.3 47837.2 36124.7 15981.1 13060.8 10583.5 8084.72 6657.88 6453.79 5844.53
threshold=13.472222222222223 -118.21337597412109 -0.5 92.397075682595499 0.25000000000000011 1010.7002000000001 -119.7866065258789 61.604361760924057 0.0056280243997970901 48.000978500000009 12.235883424408017 56.60209829601466 36.742692288818368 81.688816897294544
decision_type=2 2 2 2 2 2 2 2 2 2 2 2 2 2
left_child=7 4 9 -4 6 -6 -2 10 13 -3 -1 -12 -10 -9
right_child=1 2 3 -5 5 -7 -8 8 12 -11 11 -13 -14 -15
leaf_value=-0.061898903842444009 -0.0082113972585470592 0.017531009514940691 0.022860483593501867 -0.41446943896157401 -0.014290586679624009 0.012271416708361411 0.0077286183348128923 -0.047236231941315862 -0.090049974687616621 -0.016437980940026874 0.0037495109819279948 -0.028620693055350234 -0.21506857621225905 0.061940579406626811
leaf_weight=317 19920 1140 11005 21 29989 8761 49666 135 340 4693 1677 1023 47 77
leaf_count=317 19920 1140 11005 21 29989 8761 49666 135 340 4693 1677 1023 47 77
internal_value=-5.70349e-13 0.000678507 0.0110159 0.0220275 -0.00093018 -0.00828517 0.00316556 -0.0234916 -0.0706723 -0.00979909 -0.0141243 -0.0085152 -0.105233 -0.00758239
internal_weight=128811 125195 16859 11026 108336 38750 69586 3616 599 5833 3017 2700 387 212
internal_count=128811 125195 16859 11026 108336 38750 69586 3616 599 5833 3017 2700 387 212
is_linear=0
shrinkage=0.01


Tree=519
num_leaves=15
num_cat=0
split_feature=17 5 7 44 8 8 7 3 25 44 26 37 7 37
split_gain=20391.3 24393.7 40035.6 50763.1 43990.2 28757.7 39502.2 21511.8 20554.2 18871.5 21175.2 12270 10525.7 8893.06
threshold=0.016790050800677293 1.5000000000000002 1003.2004000000001 1.0000000180025095e-35 -0.25881904510252113 0.78656609248549325 1005.7000500000001 27.000757000000004 84.761484864117818 1.0000000180025095e-35 28.638089557064948 69.468155893536135 998.80033000000014 84.167081017841483
decision_type=2 2 2 2 2 2 2 2 2 2 2 2 2 2
left_child=1 5 3 -3 -4 7 -7 -1 9 11 -11 -2 -10 -14
right_child=8 2 4 -5 -6 6 -8 -9 12 10 -12 -13 13 -15
leaf_value=-0.011228215107879474 0.00046384847050566594 -0.0034098039810209996 0.01391697370344715 -0.034683210261031529 -0.0058972330380438268 0.033818104058645874 -0.0049375500571760223 0.0066425767282595532 -0.20916258037090302 -0.038115309544251241 0.18825971316014017 -0.045553746602207228 -0.095102463809649151 0.090951290284433675
leaf_weight=8888 7089 17203 20326 7433 24969 7581 4027 27817 68 2556 42 631 150 31
leaf_count=8888 7089 17203 20326 7433 24969 7581 4027 27817 68 2556 42 631 150 31
internal_value=-6.25491e-12 0.00118941 -0.00258585 -0.0128454 0.00299433 0.00665394 0.0203732 0.00231522 -0.0133094 -0.0111429 -0.0344557 -0.00329743 -0.103088 -0.0632369
internal_weight=128811 118244 69931 24636 45295 48313 11608 36705 10567 10318 2598 7720 249 181
internal_count=128811 118244 69931 24636 45295 48313 11608 36705 10567 10318 2598 7720 249 181
is_linear=0
shrinkage=0.01


Tree=520
num_leaves=15
num_cat=0
split_feature=22 15 8 44 5 0 8 0 8 27 15 20 23 26
split_gain=20193.9 23051.6 43028 28119.9 25473.7 33489.9 30201.4 20725.5 12059 18764.6 16853.4 9245.37 8201.74 5587.38
threshold=22.291666666666668 0.090274921138307179 -0.25881904510252113 1.0000000180025095e-35 19.500000000000004 36.742692288818368 0.60355339059327384 34.083213737060554 -0.70710678118654735 116.38944723618093 0.14416414202892383 12.29166666666667 92.455851819299298 3.0055617871271796
decision_type=2 2 2 2 2 2 2 2 2 2 2 2 2 2
left_child=8 2 3 -2 6 -6 -3 -4 9 10 -1 13 -13 -10
right_child=1 4 7 -5 5 -7 -8 -9 11 -11 -12 12 -14 -15
leaf_value=0.070233473312541636 0.017631593750951895 -0.00040759418099427111 -0.059483568725275549 0.082045663607568292 0.00094899976071411915 -0.016402583405386476 0.014873622900023765 0.0075858638348192389 -0.20193146160670691 0.31341104592755437 -0.0055587236027906271 -0.013372193165848461 0.17995579318566754 -0.037640987800847299
leaf_weight=345 1347 41081 506 1364 30545 17494 18876 5151 21 20 1961 8626 22 1452
leaf_count=345 1347 41081 506 1364 30545 17494 18876 5151 21 20 1961 8626 22 1452
internal_value=1.0654e-12 0.00129496 0.0172844 0.0500406 5.60255e-05 -0.0053698 0.00440332 0.00158672 -0.0121063 0.00842567 0.00578053 -0.0168249 -0.0128804 -0.0399832
internal_weight=128811 116364 8368 2711 107996 48039 59957 5657 12447 2326 2306 10121 8648 1473
internal_count=128811 116364 8368 2711 107996 48039 59957 5657 12447 2326 2306 10121 8648 1473
is_linear=0
shrinkage=0.01


Tree=521
num_leaves=15
num_cat=0
split_feature=35 17 7 44 11 11 8 7 10 31 40 14 10 23
split_gain=20171.7 31127.3 28837.7 64376.2 65572.6 28867.4 74041.7 29739.5 25873.4 25027.2 25389.3 19122.2 18433.4 32106.1
threshold=77.670937345015716 0.0054836189580683746 1007.90025 1.0000000180025095e-35 0.25000000000000017 -0.24999999999999994 0.25881904510252091 1000.8997700000001 0.68301270189221941 116.87453180134477 136.28862301493163 1.0799994142943492 -0.24999999999999994 104.89373196782394
decision_type=2 2 2 2 2 2 2 2 2 2 2 2 2 2
left_child=2 9 5 8 -5 6 -1 -7 -4 11 -11 -2 13 -3
right_child=1 12 3 4 -6 7 -8 -9 -10 10 -12 -13 -14 -15
leaf_value=-0.0066699284792117609 -0.0089459977492148419 -0.011743030749100686 -0.0049945731038635761 -0.02781270948364269 0.055054055286793045 -0.021218514067758997 0.02154664579989635 -0.0016052607425775197 0.021175532936313104 0.15106673475613097 -0.12762633687410599 0.017548048497728074 -0.025915367922960609 0.057381816884463144
leaf_weight=22238 6066 6310 13757 1179 5024 10799 15984 27212 5208 202 39 4945 9096 752
leaf_count=22238 6066 6310 13757 1179 5024 10799 15984 27212 5208 202 39 4945 9096 752
internal_value=-2.15634e-11 -0.00761134 0.00205744 0.0113387 0.0393036 -0.00100672 0.00512992 -0.00717742 0.00219203 0.00515879 0.105967 0.00295238 -0.0165041 -0.00438224
internal_weight=128811 27410 101401 25168 6203 76233 38222 38011 18965 11252 241 11011 16158 7062
internal_count=128811 27410 101401 25168 6203 76233 38222 38011 18965 11252 241 11011 16158 7062
is_linear=0
shrinkage=0.01


Tree=522
num_leaves=13
num_cat=0
split_feature=7 35 20 7 0 2 31 17 23 14 23 26
split_gain=20080.5 20150.3 30838.2 27352.9 54394.5 29597.6 26599.1 20407.5 9197.42 4792.12 3893.16 3064.49
threshold=992.7403250000001 85.849222347478857 155.57403433476398 1007.8001 37.042691525878915 12.125000000000002 116.87453180134477 0.0054836189580683746 85.397707184705396 10.06482468696843 38.888994507815809 23.5877490264565
decision_type=2 2 2 2 2 2 2 2 2 2 2 2
left_child=8 3 7 5 -5 -2 -4 -3 9 10 -1 -11
right_child=1 2 6 4 -6 -7 -8 -9 -10 11 -12 -13
leaf_value=-0.028877475845904367 -0.015012616573896116 0.0011314198976152972 0.0030675445181395622 0.021764445996777699 -0.0063987897952724826 0.001525711186446128 0.17235442844050672 -0.020341842887422867 -0.22656645731492475 -0.023735258054609101 -0.10371364763827734 0.11046826253831388
leaf_weight=111 12849 7665 203 16862 11559 68565 171 10473 33 114 186 20
leaf_count=111 12849 7665 203 16862 11559 68565 171 10473 33 114 186 20
internal_value=3.97545e-12 0.000237398 -0.00941403 0.00186408 0.0103103 -0.00108442 0.0804688 -0.0112674 -0.0656666 -0.0533471 -0.0757446 -0.00370488
internal_weight=128811 128347 18512 109835 28421 81414 374 18138 464 431 297 134
internal_count=128811 128347 18512 109835 28421 81414 374 18138 464 431 297 134
is_linear=0
shrinkage=0.01


Tree=523
num_leaves=14
num_cat=0
split_feature=32 35 7 8 5 3 24 17 7 40 5 31 10
split_gain=20155.4 29530.2 27950 55484.7 31975.6 25137.1 23729.4 23443.2 19657.8 18752.7 16704.6 15138.5 15019.9
threshold=151.24535050071532 85.849222347478857 1007.8001 -0.25881904510252113 13.500000000000002 13.997478500000001 13.126563969253468 0.0054836189580683746 1011.7000650000001 125.43850884617227 88.500000000000014 10.694444444444445 -0.93301270189221908
decision_type=2 2 2 2 2 2 2 2 2 2 2 2 2
left_child=1 2 4 -4 -1 6 -2 12 9 -7 -10 -9 -3
right_child=5 7 3 -5 -6 8 -8 11 10 -11 -12 -13 -14
leaf_value=0.0041640941949496382 0.021518718464808032 -0.070608959760503631 0.02470882979920392 -0.0033154880688835292 -0.008415923621179917 0.061935465402725702 0.4677562359663156 -0.098788567473118011 -0.14204003171676452 -0.053418383016730804 0.071082129612565034 -0.020444695183772819 0.003943194501663457
leaf_weight=45210 22 281 13525 14791 36531 966 26 253 111 165 55 9819 7056
leaf_count=45210 22 281 13525 14791 36531 966 26 253 111 165 55 9819 7056
internal_value=-9.18128e-12 -0.000406334 0.00150798 0.0100702 -0.00145806 0.0385084 0.263231 -0.0125084 0.0301918 0.0451067 -0.0714273 -0.0224126 0.00108792
internal_weight=128811 127466 110057 28316 81741 1345 48 17409 1297 1131 166 10072 7337
internal_count=128811 127466 110057 28316 81741 1345 48 17409 1297 1131 166 10072 7337
is_linear=0
shrinkage=0.01


Tree=524
num_leaves=13
num_cat=0
split_feature=32 35 15 6 12 23 20 20 35 10 31 40
split_gain=19754.3 28942.5 25806.4 22494.8 20242.7 38057.8 21188.4 18832.1 27062.1 14900.2 14874.5 11476
threshold=151.24535050071532 85.849222347478857 2.5620271224681859 5.5034705000000015 1.0000000180025095e-35 73.561362738916401 171.36409155937056 155.57403433476398 158.71101573676683 -0.93301270189221908 10.694444444444445 158.47501815227787
decision_type=2 2 2 2 2 2 2 2 2 2 2 2
left_child=1 4 7 9 6 -6 -1 8 -2 -3 -5 -9
right_child=2 3 -4 10 5 -7 -8 11 -10 -11 -12 -13
leaf_value=0.0043223964627665343 0.025424325358015386 -0.069966692608536066 0.31431634926434721 -0.097800681123384858 -0.0090621552163070978 0.027080594250585416 -0.21036053147004999 0.097502441893161193 -0.25698294280256545 0.0037842964073328141 -0.020142022329994874 0.33828710079193114
leaf_weight=78704 1112 285 33 253 28056 3251 46 142 35 7060 9811 23
leaf_count=78704 1112 285 33 253 28056 3251 46 142 35 7060 9811 23
internal_value=1.1585e-12 -0.000402271 0.0381233 -0.0123833 0.0014929 -0.005309 0.00419699 0.0311764 0.0168068 0.000922617 -0.0220943 0.131066
internal_weight=128811 127466 1345 17409 110057 31307 78750 1312 1147 7345 10064 165
internal_count=128811 127466 1345 17409 110057 31307 78750 1312 1147 7345 10064 165
is_linear=0
shrinkage=0.01


Tree=525
num_leaves=15
num_cat=0
split_feature=6 31 8 23 0 7 25 30 39 39 44 28 30 23
split_gain=19732.4 22018 27159.9 21733.7 21569.5 56690.4 38006.1 14405.3 13855.9 13852.5 11101.8 10546.1 9170.81 4410.27
threshold=18.314103500000005 22.268518518518523 -0.25881904510252113 84.319077962690528 37.042691525878915 1008.0000500000001 65.340638642444745 53.051277989015638 58.098129359655637 57.176119560625274 1.0000000180025095e-35 96.186951869614248 29.394803548795952 118.64924896394045
decision_type=2 2 2 2 2 2 2 2 2 2 2 2 2 2
left_child=1 2 7 8 5 -3 -6 -1 10 -4 -2 13 -10 -5
right_child=3 4 9 11 6 -7 -8 -9 12 -11 -12 -13 -14 -15
leaf_value=0.032481799796014205 0.0067117791625863066 0.00039756873939818986 -0.011764319944146695 -0.06944691027444537 -0.0068195363179295032 0.020226432119402542 -0.11645817760546277 -0.0065585223033657889 0.043447533789917094 -0.037684401205261134 -0.035109267509177873 -0.33040075163046517 -0.034402171894260133 -0.22409910878409509
leaf_weight=1712 3197 77746 5874 93 13089 17701 324 2110 160 3177 792 24 2789 23
leaf_count=1712 3197 77746 5874 93 13089 17701 324 2110 160 3177 792 24 2789 23
internal_value=6.76196e-12 0.000943766 -0.0114236 -0.0162316 0.00240625 0.0040749 -0.00946793 0.0109289 -0.0137424 -0.0208626 -0.00159162 -0.139589 -0.0301784 -0.100111
internal_weight=128811 121733 12873 7078 108860 95447 13413 3822 6938 9051 3989 140 2949 116
internal_count=128811 121733 12873 7078 108860 95447 13413 3822 6938 9051 3989 140 2949 116
is_linear=0
shrinkage=0.01


Tree=526
num_leaves=13
num_cat=0
split_feature=25 15 9 29 11 0 24 33 11 3 44 41
split_gain=19698.9 23165 23959 36522.7 20949.9 13974.8 12636.8 10810.1 10041 21273.3 11706.1 2884.8
threshold=12.326388888888891 0.059757691166234125 -0.37940952255126015 32.274820447824261 -0.5 34.083213737060554 2.0459108311090786 10.694444444444445 0.6830127018922193 75.833265000000026 1.0000000180025095e-35 22.268518518518523
decision_type=2 2 2 2 2 2 2 2 2 2 2 2
left_child=6 5 4 -4 -3 11 -1 -7 10 -10 -8 -2
right_child=1 2 3 -5 -6 7 8 -9 9 -11 -12 -13
leaf_value=-0.25335238729204451 -0.0034241454817097762 0.0030288372472662452 0.025082056979213105 0.00079337803749059328 -0.011358045957715522 0.18537368088592451 0.058784710646439822 0.025942948312118956 0.21052332339079485 -0.026514661967336574 -0.070863978223961135 -0.088756668914556497
leaf_weight=28 58 15599 6769 72493 28825 43 78 3883 46 214 650 125
leaf_count=28 58 15599 6769 72493 28825 43 78 3883 46 214 650 125
internal_value=-1.76189e-11 0.000348686 -0.000427324 0.00286764 -0.00630625 0.0237076 -0.0438586 0.0276891 -0.0379215 0.0154228 -0.056973 -0.0617114
internal_weight=128811 127795 123686 79262 44424 4109 1016 3926 988 260 728 183
internal_count=128811 127795 123686 79262 44424 4109 1016 3926 988 260 728 183
is_linear=0
shrinkage=0.01


Tree=527
num_leaves=15
num_cat=0
split_feature=22 34 6 5 35 23 23 0 2 35 7 38 12 39
split_gain=19636.2 22062.3 20356.5 21973 16390.3 16215.2 15866.1 15648.4 15307.4 13769 11284.2 6048.83 6107.07 3423.65
threshold=22.291666666666668 33.402777777777779 18.611846500000002 1.5000000000000002 83.054779070680851 118.64924896394045 86.55663852294056 34.083213737060554 15.125000000000002 53.609843683988181 1003.2004000000001 67.583227714406434 1.0000000180025095e-35 64.797008871989888
decision_type=2 2 2 2 2 2 2 2 2 2 2 2 2 2
left_child=4 7 3 -3 6 -4 10 8 -2 -9 -1 12 -6 -13
right_child=1 2 5 -5 11 -7 -8 9 -10 -11 -12 13 -14 -15
leaf_value=-0.022307413107963622 -0.022214113051974193 0.0061714807369431532 -0.018712986709001515 -0.003440815642057087 -0.035718411559042755 -0.2519087955951691 0.27354740393161775 0.029043838909410719 0.014742950472698635 0.0042111729577093979 -0.0010258965136895801 0.096826918798944228 -0.08376693899078029 -0.057269892692565917
leaf_weight=3803 2095 41483 4921 55730 968 30 20 6208 2410 3487 7225 46 364 21
leaf_count=3803 2095 41483 4921 55730 968 30 20 6208 2410 3487 7225 46 364 21
internal_value=9.195e-13 0.00127695 -0.000346394 0.00066097 -0.0119379 -0.020126 -0.00785448 0.0129564 -0.00244352 0.0201123 -0.00836482 -0.0441853 -0.0488488 0.0485279
internal_weight=128811 116364 102164 97213 12447 4951 11048 14200 4505 9695 11028 1399 1332 67
internal_count=128811 116364 102164 97213 12447 4951 11048 14200 4505 9695 11028 1399 1332 67
is_linear=0
shrinkage=0.01


Tree=528
num_leaves=13
num_cat=0
split_feature=32 15 34 8 2 31 14 25 20 38 25 22
split_gain=19330.6 25288.9 20509.2 52169.7 24768.4 23807.6 24614.7 22098 18456.1 22579.9 16918.9 11793.4
threshold=151.24535050071532 2.5620271224681859 44.445870299957754 -0.5 9.1250000000000018 18.392857142857149 -14.400502499874063 113.90453654521023 155.57403433476398 124.90501504049787 14.427083333333337 172.48569384835483
decision_type=2 2 2 2 2 2 2 2 2 2 2 2
left_child=2 8 3 4 -1 7 -7 -4 9 -2 -5 -10
right_child=1 -3 5 10 -6 6 -8 -9 11 -11 -12 -13
leaf_value=0.064800567453690519 0.030841568133337063 0.31112204708384744 -0.020544471611428292 -0.051743129442207929 0.018654975716500093 -0.033480123502448229 -0.00069424247765425802 -0.16509061988581109 0.08506146900413572 -0.12171605551354238 -0.00089860002860404908 0.28976049641768137
leaf_weight=1323 1040 33 5110 675 9627 2352 86763 108 129 107 21508 36
leaf_count=1323 1040 33 5110 675 9627 2352 86763 108 129 107 21508 36
internal_value=4.43899e-12 0.0377122 -0.000397933 0.00637035 0.0242304 -0.00277519 -0.00155956 -0.0235362 0.0308353 0.01661 -0.00244573 0.129723
internal_weight=128811 1345 127466 33133 10950 94333 89115 5218 1312 1147 22183 165
internal_count=128811 1345 127466 33133 10950 94333 89115 5218 1312 1147 22183 165
is_linear=0
shrinkage=0.01


Tree=529
num_leaves=15
num_cat=0
split_feature=7 9 29 14 10 42 8 15 28 26 24 6 25 41
split_gain=19534.7 19071.4 34263.2 36801.4 22117.6 33247.8 20859.7 20633.5 8956.59 4963.85 5723.69 4689.4 3234.44 2448.39
threshold=992.7403250000001 -0.37940952255126015 33.402777777777779 6.1200022147822333 0.68301270189221941 1.0000000180025095e-35 0.91597561503675362 0.094384745903363265 56.030207013096756 14.516267915671074 6.3223927648136451 6.6392917500000008 61.733347415856933 54.731939163498105
decision_type=2 2 2 2 2 2 2 2 2 2 2 2 2 2
left_child=8 4 6 -4 7 -6 -3 -2 11 10 -10 13 -13 -1
right_child=1 2 3 -5 5 -7 -8 -9 9 -11 -12 12 -14 -15
leaf_value=-0.066247499288330153 0.01734272487709158 0.031432312234115904 0.003049768513450716 -0.023501331840744457 0.0011847534633388772 -0.035032536813711108 -0.0034457983926820036 -0.0041570973128929071 -0.088918188233324827 -0.038602059294537798 -0.2405014876824505 -0.030776248326862363 0.082725413415048799 -0.20609409616107033
leaf_weight=31 5166 6329 65826 5670 4825 5340 2352 32839 47 41 53 243 28 21
leaf_count=31 5166 6329 65826 5670 4825 5340 2352 32839 47 41 53 243 28 21
internal_value=3.73831e-12 0.000234149 0.00322202 0.00094413 -0.00473904 -0.0178413 0.0219826 -0.00123464 -0.0647681 -0.131265 -0.169257 -0.0357398 -0.0190491 -0.122724
internal_weight=128811 128347 80177 71496 48170 10165 8681 38005 464 141 100 323 271 52
internal_count=128811 128347 80177 71496 48170 10165 8681 38005 464 141 100 323 271 52
is_linear=0
shrinkage=0.01


Tree=530
num_leaves=15
num_cat=0
split_feature=22 15 8 44 7 7 35 35 11 8 44 22 38 12
split_gain=19174.4 21706.1 41197.8 27058.4 23879.9 19483.8 18542.5 15993.6 13985 30526.9 15126 8101.2 5928.36 5987
threshold=22.291666666666668 0.090274921138307179 -0.25881904510252113 1.0000000180025095e-35 1007.90025 992.7403250000001 54.541402619349405 83.054779070680851 0.6830127018922193 -0.25881904510252113 1.0000000180025095e-35 84.939797211660348 67.583227714406434 1.0000000180025095e-35
decision_type=2 2 2 2 2 2 2 2 2 2 2 2 2 2
left_child=7 2 3 -2 -4 11 -7 8 10 -10 -1 -3 13 -9
right_child=1 5 4 -5 -6 6 -8 12 9 -11 -12 -13 -14 -15
leaf_value=0.0017420196750491991 0.017038260519493486 -0.052686176645733857 -0.025950916424107497 0.080224780697113349 0.016841460492944185 0.0065420514793546524 -0.0024612912095862299 -0.035267586631244352 0.055920242219006246 -0.01035618986705387 -0.026737151315933582 -0.17935435304237948 0.048133883618596773 -0.08284146102616094
leaf_weight=3146 1347 272 2039 1364 3618 32974 74688 968 990 2332 4580 62 67 364
leaf_count=3146 1347 272 2039 1364 3618 32974 74688 968 990 2332 4580 62 67 364
internal_value=1.0676e-11 0.00126185 0.0167777 0.0488296 0.00141744 5.9614e-05 0.000296193 -0.0117967 -0.00776298 0.00939506 -0.0151405 -0.0761994 -0.0436514 -0.0482683
internal_weight=128811 116364 8368 2711 5657 107996 107662 12447 11048 3322 7726 334 1399 1332
internal_count=128811 116364 8368 2711 5657 107996 107662 12447 11048 3322 7726 334 1399 1332
is_linear=0
shrinkage=0.01


Tree=531
num_leaves=13
num_cat=0
split_feature=32 35 7 8 5 15 17 7 5 38 10 31
split_gain=18952.7 27618.7 26357.5 53417.3 30974.3 24782.9 22322 19669.6 16387.7 16121.2 14370.3 14285
threshold=151.24535050071532 85.849222347478857 1007.8001 -0.25881904510252113 13.500000000000002 2.5620271224681859 0.0054836189580683746 1011.7000650000001 88.500000000000014 124.90501504049787 -0.93301270189221908 10.694444444444445
decision_type=2 2 2 2 2 2 2 2 2 2 2 2
left_child=1 2 4 -4 -1 7 10 9 -9 -2 -3 -8
right_child=5 6 3 -5 -6 -7 11 8 -10 -11 -12 -13
leaf_value=0.0041104219327140271 0.060379210337354189 -0.068960115721853607 0.024135340648935504 -0.0033619277416423528 -0.0082710616967639726 0.30800221136122041 -0.095954054998962771 -0.14114066842440012 0.069950597074898799 -0.047837017446756364 0.0039621931763832189 -0.019850699295564041
leaf_weight=45210 986 281 13525 14791 36531 33 253 111 55 160 7056 9819
leaf_count=45210 986 281 13525 14791 36531 33 253 111 55 160 7056 9819
internal_value=1.8683e-12 -0.000394024 0.0014573 0.00977201 -0.00142301 0.0373418 -0.0120978 0.030534 -0.0712008 0.0452705 0.00116934 -0.0217624
internal_weight=128811 127466 110057 28316 81741 1345 17409 1312 166 1146 7337 10072
internal_count=128811 127466 110057 28316 81741 1345 17409 1312 166 1146 7337 10072
is_linear=0
shrinkage=0.01


Tree=532
num_leaves=13
num_cat=0
split_feature=1 41 3 10 10 44 34 1 25 21 17 25
split_gain=19005.8 37116.1 36675.9 54885.1 32522.1 47071.4 62910.9 35028.3 35014.2 31468.8 28652.5 14947.2
threshold=-118.21337597412109 92.397075682595499 72.962955000000008 0.68301270189221941 0.25000000000000011 1.0000000180025095e-35 132.81853713009494 -119.7866065258789 109.27057566553184 62.218631178707234 0.010658908326176105 47.578360442191247
decision_type=2 2 2 2 2 2 2 2 2 2 2 2
left_child=4 2 3 -2 7 8 -7 9 -6 -1 -9 -4
right_child=1 -3 11 -5 5 6 -8 10 -10 -11 -12 -13
leaf_value=-0.0038310060215761377 0.011150103683295987 -0.41046734378451388 0.0358779305407066 0.070661870380606936 -0.00074800443683644259 -0.025535448765681239 0.36211188004130407 0.011504553466057608 -0.28633065023741056 -0.041497307018918017 -0.0056111555041036222 -0.0093558687192091452
leaf_weight=17990 7157 21 809 1978 27114 13039 42 37300 43 2530 13257 7531
leaf_count=17990 7157 21 809 1978 27114 13039 42 37300 43 2530 13257 7531
internal_value=-8.82504e-12 0.00968889 0.0101938 0.0240362 -0.00152286 -0.00870674 -0.0242908 0.00254407 -0.00120019 -0.00847505 0.00701649 -0.00496808
internal_weight=128811 17496 17475 9135 111315 40238 13081 71077 27157 20520 50557 8340
internal_count=128811 17496 17475 9135 111315 40238 13081 71077 27157 20520 50557 8340
is_linear=0
shrinkage=0.01


Tree=533
num_leaves=13
num_cat=0
split_feature=25 34 31 4 0 2 34 33 24 11 16 1
split_gain=18768.3 22368.9 23735.5 22066.4 18581.2 21176.4 17289.7 17039.7 12477.2 9688.07 15393.8 10396.8
threshold=12.326388888888891 33.402777777777779 43.863751584283911 1.0000000180025095e-35 34.083213737060554 15.225000000000001 59.017744433021292 25.574355724545843 2.0459108311090786 0.6830127018922193 3.4609190550000006 -119.7866065258789
decision_type=2 2 2 2 2 2 2 2 2 2 2 2
left_child=8 4 6 -4 5 -2 -3 -6 -1 11 -11 -10
right_child=1 2 3 -5 7 -7 -8 -9 9 10 -12 -13
leaf_value=-0.25097701890127999 -0.023599625892546973 -0.00186753102705077 0.0038892381996687648 -0.030527913338459691 0.038880911347990474 0.015995076680848763 -0.014120537891755216 0.011072022769364762 0.074036009133907787 -0.011243403528271049 0.23697632993970597 -0.066638722384095905
leaf_weight=28 2802 30314 59575 1923 2908 2608 18571 9094 57 232 28 671
leaf_count=28 2802 30314 59575 1923 2908 2608 18571 9094 57 232 28 671
internal_value=-1.51981e-11 0.00034035 -0.0013213 0.00281304 0.0108743 -0.0045122 -0.00652235 0.0178099 -0.0428101 -0.0369106 0.015488 -0.0556244
internal_weight=128811 127795 110383 61498 17412 5410 48885 12002 1016 988 260 728
internal_count=128811 127795 110383 61498 17412 5410 48885 12002 1016 988 260 728
is_linear=0
shrinkage=0.01


Tree=534
num_leaves=13
num_cat=0
split_feature=7 9 15 35 45 14 33 23 5 18 26 23
split_gain=18701 18519.2 23788.9 20947.3 10629.4 12868.6 10026.7 8753.37 7695.11 4757.31 4050.91 2526.24
threshold=992.7403250000001 -0.9159756150367534 0.059757691166234125 54.541402619349405 1.0000000180025095e-35 -2.8800826500913463 10.694444444444445 85.397707184705396 86.500000000000014 1.1220179457504009 12.229730684503641 40.416437825658363
decision_type=2 2 2 2 2 2 2 2 2 2 2 2
left_child=7 4 6 -4 5 -2 -3 9 -6 11 -11 -1
right_child=1 2 3 -5 8 -7 -8 -9 -10 10 -12 -13
leaf_value=-0.062388083979200863 -0.030160492989601193 0.16903258133752672 0.0071406449656413341 -0.002157468424343569 -0.00039447240667454179 -0.0076244995266834563 0.027556702944581759 -0.22033865646882489 0.042525269439175964 -0.076275125890504572 -0.0096894204229971258 -0.19509367659687996
leaf_weight=26 3341 51 36202 73261 1619 10488 2822 33 563 160 213 32
leaf_count=26 3341 51 36202 73261 1619 10488 2822 33 563 160 213 32
internal_value=-2.08628e-12 0.000229099 0.00166316 0.000917637 -0.00983255 -0.0130691 0.0300681 -0.063371 0.0106797 -0.0513526 -0.0382517 -0.135605
internal_weight=128811 128347 112336 109463 16011 13829 2873 464 2182 431 373 58
internal_count=128811 128347 112336 109463 16011 13829 2873 464 2182 431 373 58
is_linear=0
shrinkage=0.01


Tree=535
num_leaves=15
num_cat=0
split_feature=17 9 18 5 25 28 26 25 44 4 25 31 26 36
split_gain=18688.7 22546.5 24051 21942.3 19497.4 19431.8 18405.6 28954.3 21344.2 17667 15505 14267.6 6357.96 4919.29
threshold=0.016790050800677293 -0.60355339059327384 0.50430557917304564 99.500000000000014 84.761484864117818 94.436674818961748 28.638089557064948 65.816218666385041 1.0000000180025095e-35 1.0000000180025095e-35 15.841787248274892 20.069444444444446 21.643968220792612 28.357203210815385
decision_type=2 2 2 2 2 2 2 2 2 2 2 2 2 2
left_child=1 10 9 -4 6 12 8 -8 -2 -3 13 -12 -6 -1
right_child=4 2 3 -5 5 -7 7 -9 -10 -11 11 -13 -14 -15
leaf_value=-0.036868674407784754 -0.0035216263657346413 0.025187799732698146 0.0045165096583570262 -0.010972032753691708 -0.15125936212207097 -0.37066653013229373 0.42996706341703739 0.020890475011640982 -0.036885180725225612 -0.02875078746928169 -0.024248623314621992 -0.0025598588408879226 -0.035976856365226788 -0.099597356413369587
leaf_weight=390 7676 7221 63319 10691 69 24 24 62 2556 663 3346 32430 156 184
leaf_count=390 7676 7221 63319 10691 69 24 24 62 2556 663 3346 32430 156 184
internal_value=7.75365e-12 0.00113867 0.00404789 0.00227914 -0.0127417 -0.100182 -0.0106315 0.135051 -0.011856 0.0206519 -0.00541559 -0.00458833 -0.0713302 -0.0569768
internal_weight=128811 118244 81894 74010 10567 249 10318 86 10232 7884 36350 35776 225 574
internal_count=128811 118244 81894 74010 10567 249 10318 86 10232 7884 36350 35776 225 574
is_linear=0
shrinkage=0.01


Tree=536
num_leaves=13
num_cat=0
split_feature=1 41 7 10 44 7 23 44 7 10 10 16
split_gain=18653.1 36376 35693.4 31791.4 45979.9 106191 36535.1 34404.2 75635.6 47358.9 30052.8 29175.2
threshold=-118.21337597412109 92.397075682595499 1005.00003 0.25000000000000011 1.0000000180025095e-35 1012.1392000000002 108.64166102866106 1.0000000180025095e-35 1007.8001 -0.5 0.25000000000000011 14.042005495000003
decision_type=2 2 2 2 2 2 2 2 2 2 2 2
left_child=3 2 11 7 6 -6 -5 9 -9 -1 -4 -2
right_child=1 -3 10 4 5 -7 -8 8 -10 -11 -12 -13
leaf_value=-0.011252165377520558 -0.0083926533624462344 -0.4063475696245829 0.003160373132865252 -0.00061987905251480614 -0.033671151696454231 0.060044878462995527 -0.23618522575858869 0.0039057525741677517 0.049397170565656595 0.0093862212586994648 0.045894121070923111 0.036971021848714133
leaf_weight=26715 9024 21 2823 27091 11733 1348 66 20887 4430 19045 3946 1682
leaf_count=26715 9024 21 2823 27091 11733 1348 66 20887 4430 19045 3946 1682
internal_value=1.07172e-11 0.00959857 0.0100984 -0.00150866 -0.00861137 -0.0240137 -0.00119238 0.00251232 0.0118659 -0.00266261 0.0280721 -0.00126565
internal_weight=128811 17496 17475 111315 40238 13081 27157 71077 25317 45760 6769 10706
internal_count=128811 17496 17475 111315 40238 13081 27157 71077 25317 45760 6769 10706
is_linear=0
shrinkage=0.01


Tree=537
num_leaves=14
num_cat=0
split_feature=32 22 38 7 24 7 3 12 13 26 32 7 41
split_gain=18544 21757.5 24781.7 20705.6 19607.6 19730.1 19859.6 19696.5 19009.6 17201.5 13926.2 11388.7 8938.3
threshold=152.64735336194568 172.48569384835483 124.90501504049787 1009.4003500000001 38.40463439605093 994.10080000000005 38.998861500000011 1.0000000180025095e-35 -3.5999953169554435 14.846999490840355 127.71608040201006 1001.1998850000001 57.153147444021982
decision_type=2 2 2 2 2 2 2 2 2 2 2 2 2
left_child=4 2 3 -2 5 6 -1 -7 12 -4 -10 -3 -6
right_child=1 11 9 -5 8 7 -8 -9 10 -11 -12 -13 -14
leaf_value=0.027648222570997229 0.072830573769597132 0.42101872587203981 -0.20003220782086659 -0.035851879236581938 -0.097576193665356747 0.0027059098030921725 -0.075144763862490097 -0.0060412043471434673 -0.039574036342305767 0.03865928703663396 0.22161880411885002 0.12751333212241148 -0.25693980189791898
leaf_weight=262 737 20 74 230 92 90265 665 36014 283 51 22 39 57
leaf_count=262 737 20 74 230 92 90265 665 36014 283 51 22 39 57
internal_value=-2.96868e-12 0.039959 0.029853 0.0469806 -0.000360276 -0.000126145 -0.0460922 0.000211286 -0.0659613 -0.102646 -0.0207339 0.227007 -0.158541
internal_weight=128811 1151 1092 967 127660 127206 927 126279 454 125 305 59 149
internal_count=128811 1151 1092 967 127660 127206 927 126279 454 125 305 59 149
is_linear=0
shrinkage=0.01


Tree=538
num_leaves=15
num_cat=0
split_feature=31 1 11 31 10 44 44 29 3 8 10 25 31 25
split_gain=18388.1 19567.6 37478.2 34000.7 29941.6 44382.6 34827.6 14894.9 10221.8 9589.11 13941.5 9930.03 3434.34 4822.05
threshold=13.472222222222223 -118.21337597412109 -0.5 48.211660329531064 0.25000000000000011 1.0000000180025095e-35 1.0000000180025095e-35 74.858614647664481 48.000978500000009 -0.78656609248549303 -0.24999999999999994 60.24046789184623 11.709401709401712 75.046014307302343
decision_type=2 2 2 2 2 2 2 2 2 2 2 2 2 2
left_child=7 4 8 -4 6 -6 -2 9 -3 10 -1 -11 13 -9
right_child=1 2 3 -5 5 -7 -8 12 -10 11 -12 -13 -14 -15
leaf_value=0.14869878865778446 -0.0022684299441763471 0.017023747702692878 0.007106380626549085 0.042919870380859988 -0.00049858097307431393 -0.023307887448674351 0.012495418563485404 -0.091898927756465312 -0.016359726962282321 -0.015399576469355315 0.00046179790956461255 -0.067050129339883205 -0.054204004162715543 -0.22048905499824664
leaf_weight=78 44728 1140 6592 4434 26070 12680 24858 101 4693 2511 340 437 108 41
leaf_count=78 44728 1140 6592 4434 26070 12680 24858 101 4693 2511 340 437 108 41
internal_value=-1.88368e-12 0.000642115 0.0106639 0.0215084 -0.000917453 -0.00796237 0.00300562 -0.0222316 -0.00983527 -0.0167005 0.0281232 -0.0230561 -0.0967035 -0.129027
internal_weight=128811 125195 16859 11026 108336 38750 69586 3616 5833 3366 418 2948 250 142
internal_count=128811 125195 16859 11026 108336 38750 69586 3616 5833 3366 418 2948 250 142
is_linear=0
shrinkage=0.01


Tree=539
num_leaves=15
num_cat=0
split_feature=7 0 7 0 21 10 16 25 3 0 23 31 35 2
split_gain=18399.2 21926.7 59072.9 64434.3 45138.9 40682.4 26790 22467.6 12914.9 5886.65 8562.35 5357.17 3660.33 2971.18
threshold=1017.1628400000001 37.042691525878915 1008.3002700000001 34.083213737060554 58.110899873257296 0.25000000000000011 15.663058367500001 72.567530101394183 70.499062500000022 37.042691525878915 58.468067877763708 78.602957754552264 51.186663850161956 4.2250000000000005
decision_type=2 2 2 2 2 2 2 2 2 2 2 2 2 2
left_child=1 2 5 -4 6 -1 -3 -6 11 13 -11 12 -2 -10
right_child=8 4 3 -5 7 -7 -8 -9 9 10 -12 -13 -14 -15
leaf_value=0.0023425305295504545 0.075641567078799613 -0.010700040006765024 -0.014597799476743667 0.028252317110162461 -0.052994490215822941 -0.011786444237909545 0.034349276967156145 -0.24253915668909368 0.020642600435100193 0.0095510564341962072 -0.076583355490473057 0.18966141817825183 0.035808004516081397 0.10835514563703683
leaf_weight=62347 351 11822 4712 13748 1650 30275 1486 65 73 1373 126 28 673 82
leaf_count=62347 351 11822 4712 13748 1650 30275 1486 65 73 1373 126 28 673 82
internal_value=7.38222e-12 -0.000553631 0.000979845 0.0173146 -0.0118924 -0.00227575 -0.00566974 -0.0601784 0.0258003 0.00837735 0.00231094 0.0531934 0.0494619 0.0670454
internal_weight=128811 126105 111082 18460 15023 92622 13308 1715 2706 1654 1499 1052 1024 155
internal_count=128811 126105 111082 18460 15023 92622 13308 1715 2706 1654 1499 1052 1024 155
is_linear=0
shrinkage=0.01


Tree=540
num_leaves=15
num_cat=0
split_feature=6 9 14 13 2 45 10 23 45 42 28 31 33 23
split_gain=18220.7 22391.3 25732.3 48343.3 29987 22958.6 25908.2 20637.4 13839.6 16349.4 10047.2 9221.75 8250.09 4142.74
threshold=18.314103500000005 -0.37940952255126015 6.1529304970907202 -2.1728162955607968 10.575000000000001 1.0000000180025095e-35 0.68301270189221941 84.319077962690528 1.0000000180025095e-35 1.0000000180025095e-35 96.186951869614248 46.452682720743567 85.09929399850968 118.64924896394045
decision_type=2 2 2 2 2 2 2 2 2 2 2 2 2 2
left_child=1 5 4 -4 -3 6 -1 8 9 -2 13 -10 -7 -9
right_child=7 2 3 -5 -6 12 -8 10 11 -11 -12 -13 -14 -15
leaf_value=-0.0032400697369134681 0.0096843836181705976 0.026198003861992416 -0.040170671027115093 0.017513938667173455 0.003881237692750541 0.014533701914436412 -0.023107267057724763 -0.067551033085873055 -0.069551442216077342 -0.022893255945336415 -0.32204694887002311 0.038941166400909423 -0.079846974842725918 -0.21743923273423446
leaf_weight=32628 2766 6670 3416 2528 61883 6297 8217 93 605 3477 24 90 94 23
leaf_count=32628 2766 6670 3416 2528 61883 6297 8217 93 605 3477 24 90 94 23
internal_value=4.27867e-12 0.000906897 0.00432199 -0.0156372 0.00605259 -0.00447913 -0.00723686 -0.0155975 -0.0131719 -0.00845953 -0.135803 -0.055502 0.0131455 -0.0972702
internal_weight=128811 121733 74497 5944 68553 47236 40845 7078 6938 6243 140 695 6391 116
internal_count=128811 121733 74497 5944 68553 47236 40845 7078 6938 6243 140 695 6391 116
is_linear=0
shrinkage=0.01


Tree=541
num_leaves=14
num_cat=0
split_feature=32 22 41 7 34 8 2 18 21 10 26 11 7
split_gain=18111 21324.5 23260 19885.2 19424.9 50000.9 23720.5 23554.2 21293.6 19470.7 16500.7 14823.6 11151.4
threshold=152.64735336194568 172.48569384835483 123.67952458594588 1009.4003500000001 44.445870299957754 -0.5 9.1250000000000018 0.55000000000000038 153.2782546494993 0.93301270189221952 14.846999490840355 -0.68301270189221952 1001.1998850000001
decision_type=2 2 2 2 2 2 2 2 2 2 2 2 2
left_child=4 2 3 -2 5 6 -1 9 -9 -6 -4 -7 -3
right_child=1 12 10 -5 7 11 -8 8 -10 -11 -12 -13 -14
leaf_value=0.063411630746652958 0.071894585356817656 0.41664627647399904 -0.18950483450641881 -0.035037284087749171 0.011013374632787693 0.015458852639489679 0.018255296539073179 -0.004708848299883695 -0.12091645297936246 -0.035457380711410143 0.038500609773176687 -0.0061400393157662594 0.12621557785914495
leaf_weight=1323 733 20 77 228 15319 3843 9636 78073 158 958 54 18350 39
leaf_count=1323 733 20 77 228 15319 3843 9636 78073 158 958 54 18350 39
internal_value=4.6537e-12 0.0394898 0.0294848 0.0465247 -0.000356045 0.0062301 0.0237067 -0.00266637 -0.00494355 0.00827829 -0.0955179 -0.00239992 0.224667
internal_weight=128811 1151 1092 961 127660 33152 10959 94508 78231 16277 131 22193 59
internal_count=128811 1151 1092 961 127660 33152 10959 94508 78231 16277 131 22193 59
is_linear=0
shrinkage=0.01


Tree=542
num_leaves=15
num_cat=0
split_feature=22 15 7 4 5 0 13 5 9 15 13 2 24 45
split_gain=18042.4 20572.3 27679.6 25473.3 23023.1 32740.9 30635.9 22486.5 9812.07 10536.4 10526.6 7544 11927.7 10200.4
threshold=22.291666666666668 0.090274921138307179 1000.50003 0.25000000000000006 21.500000000000004 36.742692288818368 0.34380600738314443 77.500000000000014 -0.37940952255126015 0.47328013042695966 -4.1390109896051657 11.625000000000002 22.776188026719986 1.0000000180025095e-35
decision_type=2 2 2 2 2 2 2 2 2 2 2 2 2 2
left_child=8 2 3 -2 6 -6 -3 -4 11 10 -10 13 -13 -1
right_child=1 4 7 -5 5 -7 -8 -9 9 -11 -12 12 -14 -15
leaf_value=-0.035726400093738564 -0.099281626864004949 0.012265303380976604 0.0068571774816879455 0.082896899622579914 0.0011268738993300107 -0.016172716700649122 -0.002066590773583656 0.041232708444140419 -0.020936195155087333 -0.022198439526965444 0.01311606209533021 -0.009089315695482398 0.22496952106668189 0.029586205432428816
leaf_weight=3116 354 26251 4734 98 29980 17226 34539 3182 1211 2108 3626 2105 22 259
leaf_count=3116 354 26251 4734 98 29980 17226 34539 3182 1211 2108 3626 2105 22 259
internal_value=1.08986e-11 0.00122403 0.0163292 -0.0597827 5.3622e-05 -0.00518594 0.00412236 0.0206751 -0.0114432 -0.00354056 0.00459068 -0.0214185 -0.0066684 -0.0307143
internal_weight=128811 116364 8368 452 107996 47206 60790 7916 12447 6945 4837 5502 2127 3375
internal_count=128811 116364 8368 452 107996 47206 60790 7916 12447 6945 4837 5502 2127 3375
is_linear=0
shrinkage=0.01


Tree=543
num_leaves=15
num_cat=0
split_feature=7 1 7 46 21 10 16 25 3 27 38 10 30 25
split_gain=17985.2 21235.7 57282.7 62841.5 44196.6 39439 26194.1 21943.2 12641 5798.04 5315.96 3663.54 4181.28 3703.89
threshold=1017.1628400000001 -120.84999847412108 1008.3002700000001 1.0000000180025095e-35 58.110899873257296 0.25000000000000011 15.663058367500001 72.567530101394183 70.499062500000022 33.402777777777779 66.622729193071407 0.93301270189221952 89.010203106788722 24.976851851851858
decision_type=2 2 2 2 2 2 2 2 2 2 2 2 2 2
left_child=1 4 5 -4 6 -3 -1 -6 11 10 -10 12 -2 -13
right_child=8 2 3 -5 7 -7 -8 -9 9 -11 -12 13 -14 -15
leaf_value=-0.010522700081079053 0.069844256233432739 0.0023030180091071647 0.027848770342170273 -0.014468404029119294 -0.052385761222442276 -0.011608355181138102 0.034022739654163109 -0.23970562011461993 -0.021801804360334357 0.023393321916085112 0.10321070757177142 0.11812663079798222 0.019016531652406507 -0.033471391174987139
leaf_weight=11822 742 62347 13748 4712 1650 30275 1486 65 617 1001 36 20 207 83
leaf_count=11822 742 62347 13748 4712 1650 30275 1486 65 617 1001 36 20 207 83
internal_value=-1.76356e-12 -0.000547368 0.00096175 0.0170471 -0.011706 -0.00224414 -0.00554866 -0.0594853 0.0255084 0.00827121 -0.0149098 0.0526096 0.0587575 -0.00403488
internal_weight=128811 126105 111082 18460 15023 92622 13308 1715 2706 1654 653 1052 949 103
internal_count=128811 126105 111082 18460 15023 92622 13308 1715 2706 1654 653 1052 949 103
is_linear=0
shrinkage=0.01


Tree=544
num_leaves=15
num_cat=0
split_feature=35 27 17 22 38 0 2 25 17 25 29 32 26 11
split_gain=17842.4 30226.4 23639.3 22680.7 31133.6 18881.7 18296.9 17295 16874 15141 14182.1 13828.9 10190.4 9021.62
threshold=77.670937345015716 151.59585121602291 0.0054836189580683746 172.48569384835483 124.90501504049787 37.042691525878915 25.825000000000006 12.326388888888891 0.027227607456221041 99.401522576849942 46.661104069849323 166.59728183118742 3.0055617871271796 0.6830127018922193
decision_type=2 2 2 2 2 2 2 2 2 2 2 2 2 2
left_child=7 2 5 4 -3 -2 -4 12 9 -9 -10 -5 -1 -14
right_child=1 3 6 11 -6 -7 -8 8 10 -11 -12 -13 13 -15
leaf_value=-0.24857871325119682 0.0091981821571979171 0.07161349947677606 -0.020803784907457729 0.11690249885831561 -0.10067750542662865 -0.023208204292972094 0.011751289458348744 0.0022607011422029369 -0.010173416869947686 0.045994305427963462 -0.12386788376451781 0.42856204589207969 -0.053794398339541284 0.017997622912234449
leaf_weight=23 8603 561 13812 35 129 2273 1973 99211 256 798 192 24 686 235
leaf_count=23 8603 561 13812 35 129 2273 1973 99211 256 798 192 24 686 235
internal_value=2.58956e-11 -0.00715841 -0.00891853 0.0554938 0.0394026 0.0024255 -0.0167347 0.00193501 0.00233536 0.00260966 -0.0588996 0.243679 -0.0406682 -0.0354761
internal_weight=128811 27410 26661 749 690 10876 15785 101401 100457 100009 448 59 944 921
internal_count=128811 27410 26661 749 690 10876 15785 101401 100457 100009 448 59 944 921
is_linear=0
shrinkage=0.01


Tree=545
num_leaves=15
num_cat=0
split_feature=31 1 11 41 18 5 23 10 17 8 44 26 18 25
split_gain=17699.7 18882.4 36770.3 37839.7 30760.3 30009.8 15192.1 14618.5 12306.3 10021.1 9425.89 9262.08 8598.28 6863.54
threshold=13.472222222222223 -118.21337597412109 -0.5 92.397075682595499 0.16548781642744978 98.500000000000014 61.604361760924057 0.93301270189221952 0.0020929312748511949 -0.78656609248549303 1.0000000180025095e-35 20.997040933644023 6.7940274187912513 61.164768693886636
decision_type=2 2 2 2 2 2 2 2 2 2 2 2 2 2
left_child=6 4 12 -4 7 -6 9 -2 -8 11 -10 -1 -3 -11
right_child=1 2 3 -5 5 -7 8 -9 10 13 -12 -13 -14 -15
leaf_value=0.022756761350186477 0.026371159849868535 -0.016160961420888978 0.022025623634621766 -0.4028657781510126 0.00036572495221516034 -0.013838883491058343 0.077669009279530007 -0.045122513216320825 -0.068028397779653804 -0.016075913628977853 -0.20607806897163394 0.21874955177307129 0.01345334897734189 -0.097828400415655603
leaf_weight=332 5098 4586 11005 21 84903 18032 53 303 491 2552 55 26 1247 107
leaf_count=332 5098 4586 11005 21 84903 18032 53 303 491 2552 55 26 1247 107
internal_value=-2.44472e-11 0.000629981 0.0104748 0.0212164 -0.000902041 -0.00212262 -0.0218115 0.0223603 -0.0678127 -0.0126784 -0.0819345 0.0369909 -0.00982991 -0.0193657
internal_weight=128811 125195 16859 11026 108336 102935 3616 5401 599 3017 546 358 5833 2659
internal_count=128811 125195 16859 11026 108336 102935 3616 5401 599 3017 546 358 5833 2659
is_linear=0
shrinkage=0.01


Tree=546
num_leaves=15
num_cat=0
split_feature=7 0 7 0 21 10 19 25 3 0 23 31 40 2
split_gain=17709.1 20578.8 56012.7 61469.4 43226.8 38404.3 24874.9 21464.9 12381.5 5636.8 8414.15 5255.26 4399.22 2896.18
threshold=1017.1628400000001 37.042691525878915 1008.3002700000001 34.083213737060554 58.110899873257296 0.25000000000000011 1.8566926151053991 72.567530101394183 70.499062500000022 37.042691525878915 58.468067877763708 78.602957754552264 147.41457286432163 4.2250000000000005
decision_type=2 2 2 2 2 2 2 2 2 2 2 2 2 2
left_child=1 2 5 -4 6 -1 -3 -6 11 13 -11 12 -2 -10
right_child=8 4 3 -5 7 -7 -8 -9 9 10 -12 -13 -14 -15
leaf_value=0.0022594095427659689 0.044962150897254728 -0.010686330604043778 -0.014321056891980139 0.027531577425073762 -0.051758281188069806 -0.01146827521490768 0.03017903401767669 -0.23702527467333354 0.019848557406500593 0.0094934498274173839 -0.075892287711538969 0.18729696916682378 0.17205730561699187 0.10644709572922892
leaf_weight=62347 996 11599 4712 13748 1650 30275 1709 65 73 1373 126 28 28 82
leaf_count=62347 996 11599 4712 13748 1650 30275 1709 65 73 1373 126 28 28 82
internal_value=1.18911e-11 -0.00054315 0.000942445 0.0168485 -0.0115278 -0.00222771 -0.00543844 -0.0587801 0.0253119 0.00825253 0.00231626 0.0521333 0.0484374 0.065662
internal_weight=128811 126105 111082 18460 15023 92622 13308 1715 2706 1654 1499 1052 1024 155
internal_count=128811 126105 111082 18460 15023 92622 13308 1715 2706 1654 1499 1052 1024 155
is_linear=0
shrinkage=0.01


Tree=547
num_leaves=15
num_cat=0
split_feature=7 35 20 26 7 1 11 18 28 26 24 6 25 38
split_gain=17633.3 17751.6 28080.7 23919.9 22859.7 48008.1 27462.5 20953.4 8651.78 4816.11 5521.75 4625.01 3085.77 2363.48
threshold=992.7403250000001 85.849222347478857 155.57403433476398 17.019877565495399 1007.8001 -120.84999847412108 -0.24999999999999994 0.31200000000000022 56.030207013096756 14.516267915671074 6.3223927648136451 6.6392917500000008 61.733347415856933 54.731939163498105
decision_type=2 2 2 2 2 2 2 2 2 2 2 2 2 2
left_child=8 4 7 -4 6 -6 -2 -3 11 10 -10 13 -13 -1
right_child=1 2 3 -5 5 -7 -8 -9 9 -11 -12 12 -14 -15
leaf_value=-0.061657156427080431 0.0048983424850723642 0.013524501511744615 0.18032618136065334 0.015075306420524915 -0.0062269116153883712 0.02023140836414589 -0.0067177191569937015 -0.01539246974611431 -0.085404452973223743 -0.035617401658034904 -0.23428964809707875 -0.027884018724408662 0.082978359588554915 -0.19811727307059548
leaf_weight=30 40451 3003 140 234 11559 16862 40963 15135 47 41 53 243 28 22
leaf_count=30 40451 3003 140 234 11559 16862 40963 15135 47 41 53 243 28 22
internal_value=2.1319e-11 0.000222462 -0.0088363 0.0769339 0.00174926 0.00947064 -0.000946214 -0.0106049 -0.0615353 -0.126891 -0.164314 -0.0330053 -0.0164296 -0.11939
internal_weight=128811 128347 18512 374 109835 28421 81414 18138 464 141 100 323 271 52
internal_count=128811 128347 18512 374 109835 28421 81414 18138 464 141 100 323 271 52
is_linear=0
shrinkage=0.01


Tree=548
num_leaves=15
num_cat=0
split_feature=17 31 1 4 35 0 18 12 2 20 37 29 31 20
split_gain=17531.5 21919.1 26973.5 25190.5 22796.8 25420.3 22034.6 21885.8 20353.6 29025.6 23168.4 19032.2 6590.09 12077.7
threshold=0.015769624186723036 62.939480354879606 -118.21337597412109 1.0000000180025095e-35 70.94660299809145 36.742692288818368 2.0910150879537008 1.0000000180025095e-35 24.975000000000005 59.583650190114078 52.685678073510779 34.458069286016062 65.906421630756256 106.70435510887773
decision_type=2 2 2 2 2 2 2 2 2 2 2 2 2 2
left_child=1 4 3 -3 7 -6 -4 -1 9 11 -11 -2 -10 -14
right_child=8 2 6 -5 5 -7 -8 -9 12 10 -12 -13 13 -15
leaf_value=0.0059821829551504656 0.016524525377894433 0.010195509260274047 0.0099492360677169728 -0.077896838655464595 -0.00043540605166927818 -0.019877220935787355 0.10666191121030115 -0.0065426624056036369 0.0098684299214011565 -0.020958230807074724 -0.095704748163823739 -0.02046395085678571 -0.01974530620203321 -0.26622251187052048
leaf_weight=49727 1872 16813 428 331 16781 11223 524 19392 4251 853 807 5415 373 21
leaf_count=49727 1872 16813 428 331 16781 11223 524 19392 4251 853 807 5415 373 21
internal_value=-2.79768e-12 0.0012671 0.0113717 0.00849471 -0.000615589 -0.00822699 0.0631818 0.00246822 -0.0107412 -0.0195585 -0.0572958 -0.0109618 0.0062422 -0.0328824
internal_weight=128811 115219 18096 17144 97123 28004 952 69119 13592 8947 1660 7287 4645 394
internal_count=128811 115219 18096 17144 97123 28004 952 69119 13592 8947 1660 7287 4645 394
is_linear=0
shrinkage=0.01


Tree=549
num_leaves=15
num_cat=0
split_feature=7 0 7 0 21 36 16 25 3 27 38 31 35 26
split_gain=17495.3 19727.5 53877 60324 42288.5 38038.8 24982.1 21015 12115.8 5665.22 5224.29 5134.86 3521.24 3145.44
threshold=1017.1628400000001 37.042691525878915 1008.3002700000001 34.083213737060554 58.110899873257296 109.35082436475639 15.663058367500001 72.567530101394183 70.499062500000022 33.402777777777779 66.622729193071407 78.602957754552264 51.186663850161956 19.408168083715228
decision_type=2 2 2 2 2 2 2 2 2 2 2 2 2 2
left_child=1 2 5 -4 6 -1 -3 -6 11 10 -10 12 -2 -11
right_child=8 4 3 -5 7 -7 -8 -9 9 13 -12 -13 -14 -15
leaf_value=-0.0027892198645269196 0.073714778986242083 -0.010129583334001865 -0.014363235659692736 0.0270976326253227 -0.051083734392930728 0.06685543997681849 0.033373086434761542 -0.23439862879422996 -0.02146301464262574 0.027209486328124029 0.10246699611345926 0.18529710784554482 0.034645408993921788 -0.055754763492150236
leaf_weight=91831 351 11822 4712 13748 1650 791 1486 65 617 953 36 28 673 48
leaf_count=91831 351 11822 4712 13748 1650 791 1486 65 617 953 36 28 673 48
internal_value=4.18986e-12 -0.000539861 0.00091468 0.0165146 -0.0112949 -0.00219445 -0.00527198 -0.0580315 0.0251586 0.00828328 -0.0146307 0.0516907 0.0480374 0.0232312
internal_weight=128811 126105 111082 18460 15023 92622 13308 1715 2706 1654 653 1052 1024 1001
internal_count=128811 126105 111082 18460 15023 92622 13308 1715 2706 1654 653 1052 1024 1001
is_linear=0
shrinkage=0.01


Tree=550
num_leaves=15
num_cat=0
split_feature=22 34 27 5 30 35 0 30 2 11 44 44 26 36
split_gain=17522.8 19734.8 20175.6 18424.1 16446.6 15084 14291.5 17144.9 14325 13620.3 24405 14837.5 6891.01 5959.31
threshold=22.291666666666668 33.402777777777779 155.45135908440633 1.5000000000000002 157.95738378348588 92.364283394157113 34.083213737060554 86.030852933870889 15.125000000000002 0.6830127018922193 1.0000000180025095e-35 1.0000000180025095e-35 18.959934500986648 73.739353612167307
decision_type=2 2 2 2 2 2 2 2 2 2 2 2 2 2
left_child=5 6 3 -3 -4 9 8 -8 -2 11 -11 -1 13 -7
right_child=1 2 4 -5 -6 12 7 -9 -10 10 -12 -13 -14 -15
leaf_value=0.0009883703230547079 -0.021590287085995967 0.0042086213178143947 0.058839653427191177 -0.0044087435306632474 -0.17609653372918405 -0.044637038377750862 0.023570647739043549 -0.020386365493684104 0.014161186233864269 -0.012060633927366556 0.042568334175133685 -0.026649389168479629 -0.11975622493413188 0.10932576553179668
leaf_weight=3285 2095 43348 768 58017 31 760 8707 988 2410 2196 1303 4753 124 26
leaf_count=3285 2095 43348 768 58017 31 760 8707 988 2410 2196 1303 4753 124 26
internal_value=-8.91843e-12 0.00120628 -0.000329048 -0.000723591 0.0497245 -0.0112772 0.0122524 0.0190911 -0.00246464 -0.00818552 0.00828276 -0.0153543 -0.0504741 -0.0395441
internal_weight=128811 116364 102164 101365 799 12447 14200 9695 4505 11537 3499 8038 910 786
internal_count=128811 116364 102164 101365 799 12447 14200 9695 4505 11537 3499 8038 910 786
is_linear=0
shrinkage=0.01


Tree=551
num_leaves=13
num_cat=0
split_feature=25 34 8 31 28 30 34 11 26 19 11 10
split_gain=17389.2 20734.8 38706.9 21775 27482.1 17021.6 16738.2 12544.1 9925.71 8190 9383.2 3981.22
threshold=12.326388888888891 33.402777777777779 -0.25881904510252113 43.863751584283911 43.334283903675541 86.599618816516056 59.017744433021292 1.0000000180025095e-35 2.6933358539801158 0.20248605665490352 0.6830127018922193 0.68301270189221941
decision_type=2 2 2 2 2 2 2 2 2 2 2 2
left_child=8 2 5 6 -5 -2 -3 -4 -1 11 -11 -10
right_child=1 3 7 4 -6 -7 -8 -9 9 10 -12 -13
leaf_value=-0.24658085947451383 0.03225534075038633 -0.0016738508534304565 0.013989604956310764 -0.016796015591912922 0.0049813106748702865 -0.010355383813474069 -0.013729828246077916 -0.011097853773700409 -0.029271723574184508 -0.031633721048387492 0.070717431705082406 -0.090997749282615198
leaf_weight=23 6977 30314 2880 6477 55021 1083 18571 6472 166 432 113 282
leaf_count=23 6977 30314 2880 6477 55021 1083 18571 6472 166 432 113 282
internal_value=1.57712e-11 0.000327607 0.0104695 -0.0012722 0.00268771 0.0265299 -0.00625382 -0.00337203 -0.0412072 -0.0364503 -0.0104123 -0.0681261
internal_weight=128811 127795 17412 110383 61498 8060 48885 9352 1016 993 545 448
internal_count=128811 127795 17412 110383 61498 8060 48885 9352 1016 993 545 448
is_linear=0
shrinkage=0.01


Tree=552
num_leaves=15
num_cat=0
split_feature=6 9 29 14 8 45 10 29 11 36 5 23 1 23
split_gain=17229.9 21374.8 26063.1 30025.9 22486.8 21414.3 24197.1 18615.8 14883.4 14153.3 9684.76 5095.97 9793.97 4121.13
threshold=18.611846500000002 -0.37940952255126015 32.274820447824261 6.1200022147822333 0.91597561503675362 1.0000000180025095e-35 0.68301270189221941 38.346430080270395 -0.5 40.007710181664557 86.500000000000014 40.667194761301225 -118.21337597412109 86.55663852294056
decision_type=2 2 2 2 2 2 2 2 2 2 2 2 2 2
left_child=1 5 4 -4 -3 6 -1 11 13 -10 -7 12 -2 -9
right_child=7 2 3 -5 -6 10 -8 8 9 -11 -12 -13 -14 -15
leaf_value=-0.0032220744706221659 0.019871347650439044 0.035118660717765884 0.0042538522390345983 -0.02056207249892307 -0.0058419261774080803 0.0055331272771829924 -0.022391169912872239 -0.0053715582539842549 -0.019439673833081372 -0.065615829997226247 0.034037827531751524 -0.010914931797883349 0.14266545755522592 -0.1495415066718124
leaf_weight=32677 901 4632 63239 5283 1886 4825 8247 2298 1404 1259 1583 487 70 20
leaf_count=32677 901 4632 63239 5283 1886 4825 8247 2298 1404 1259 1583 487 70 20
internal_value=1.70862e-11 0.000838944 0.0041582 0.00234056 0.0232666 -0.0044234 -0.00708503 -0.015944 -0.0251432 -0.0412706 0.0125748 0.0154836 0.0287237 -0.00661547
internal_weight=128811 122372 75040 68522 6518 47332 40924 6439 4981 2663 6408 1458 971 2318
internal_count=128811 122372 75040 68522 6518 47332 40924 6439 4981 2663 6408 1458 971 2318
is_linear=0
shrinkage=0.01


Tree=553
num_leaves=13
num_cat=0
split_feature=7 9 15 35 33 45 14 23 14 36 14 26
split_gain=17200.6 17203.1 21819.5 19875.4 9884.5 9867.62 12465.9 8466.63 4692.35 3912.43 3658.25 2908.03
threshold=992.7403250000001 -0.9159756150367534 0.059757691166234125 53.426066751161819 10.694444444444445 1.0000000180025095e-35 -2.8800826500913463 85.397707184705396 10.06482468696843 30.567632850241548 -13.373444071761936 23.5877490264565
decision_type=2 2 2 2 2 2 2 2 2 2 2 2
left_child=7 5 4 -4 -3 6 -2 8 9 -1 -7 -10
right_child=1 2 3 -5 -6 10 -8 -9 11 -11 -12 -13
leaf_value=-0.0045134916090789961 -0.029418046033414851 0.16678148620268879 0.0073270174540806168 -0.001931937359980611 0.026312121106783614 -0.11801368735053323 -0.0072374874713666947 -0.21515093384367048 -0.019345212680728811 -0.090896710997048824 0.01159251575995047 0.11138744468986989
leaf_weight=68 3341 51 33337 76126 2822 22 10488 33 114 229 2160 20
leaf_count=68 3341 51 33337 76126 2822 22 10488 33 114 229 2160 20
internal_value=8.2799e-12 0.000219716 0.00160188 0.000887881 0.0288057 -0.00947779 -0.0125962 -0.0607755 -0.0489556 -0.0711187 0.0102858 0.000167124
internal_weight=128811 128347 112336 109463 2873 16011 13829 464 431 297 2182 134
internal_count=128811 128347 112336 109463 2873 16011 13829 464 431 297 2182 134
is_linear=0
shrinkage=0.01


Tree=554
num_leaves=12
num_cat=0
split_feature=1 41 3 11 18 5 45 6 25 23 11
split_gain=17149.5 35047.8 34366.8 33251.4 28720 31314.5 28004.6 26297.2 14357.5 9626.88 7517.01
threshold=-118.21337597412109 92.397075682595499 72.962955000000008 -0.68301270189221952 0.15106680659706989 98.500000000000014 1.0000000180025095e-35 25.978678500000004 47.578360442191247 7.5578703703703711 0.6830127018922193
decision_type=2 2 2 2 2 2 2 2 2 2 2
left_child=4 2 3 -2 9 7 -7 -6 -4 -1 -11
right_child=1 -3 8 -5 5 6 -8 -9 -10 10 -12
leaf_value=-0.16669710419796133 -0.010881672933419155 -0.39907827252433414 0.035049526532064335 0.03380739718361183 0.00036417157791082184 -0.019384784629370513 0.013615894096705 -0.080108053804598928 -0.0092829574182877826 0.010900876313117426 0.035157321345402261
leaf_weight=27 2190 21 809 6945 86570 16135 3059 408 7531 2643 2473
leaf_count=27 2190 21 809 6945 86570 16135 3059 408 7531 2643 2473
internal_value=-1.39422e-11 0.00920359 0.00969423 0.0230938 -0.00144658 -0.00256452 -0.0141254 -1.33109e-05 -0.0049826 0.0216322 0.0226261
internal_weight=128811 17496 17475 9135 111315 106172 19194 86978 8340 5143 5116
internal_count=128811 17496 17475 9135 111315 106172 19194 86978 8340 5143 5116
is_linear=0
shrinkage=0.01


Tree=555
num_leaves=15
num_cat=0
split_feature=7 1 3 10 10 0 24 3 7 27 38 40 35 26
split_gain=17174.5 19006.9 32544.1 53927.6 31550 41577.5 41399.3 11810.2 11666.6 5520.04 5129.75 4423.86 4210.32 3089.27
threshold=1017.1628400000001 -118.21337597412109 72.962955000000008 0.68301270189221941 0.25000000000000011 37.042691525878915 8.4801551267831634 70.499062500000022 1005.00003 33.402777777777779 66.622729193071407 139.82762345346188 51.186663850161956 19.408168083715228
decision_type=2 2 2 2 2 2 2 2 2 2 2 2 2 2
left_child=1 4 3 -3 5 -1 -6 11 -4 10 -9 12 -2 -11
right_child=7 2 8 -5 6 -7 -8 9 -10 13 -12 -13 -14 -15
leaf_value=0.0049165431429968251 0.074673375618811488 0.009397101293756014 -0.013886840193402741 0.06833370046011937 0.0013856402325237497 -0.017790797228195512 -0.019357348864125979 -0.02112292038624717 0.010841662510295818 0.026963496908451678 0.10168058597379261 0.15295237599349604 0.031947822960050963 -0.055256641234736892
leaf_weight=60778 356 7165 5394 1982 18572 9297 19965 617 2952 953 36 41 655 48
leaf_count=60778 356 7165 5394 1982 18572 9297 19965 617 2952 953 36 41 655 48
internal_value=4.77966e-12 -0.000534889 0.00913889 0.0221677 -0.00209294 0.00190391 -0.00936075 0.0249269 -0.00514031 0.00826575 -0.0143527 0.0511222 0.0469926 0.0230209
internal_weight=128811 126105 17493 9147 108612 70075 38537 2706 8346 1654 653 1052 1011 1001
internal_count=128811 126105 17493 9147 108612 70075 38537 2706 8346 1654 653 1052 1011 1001
is_linear=0
shrinkage=0.01


Tree=556
num_leaves=13
num_cat=0
split_feature=32 35 15 17 12 25 20 20 35 3 22 42
split_gain=17083.6 25275.6 23588.8 20467.6 19010.7 43938.9 20906.7 17030.3 25460.8 14213.6 10794.7 10728.9
threshold=151.24535050071532 85.849222347478857 2.5620271224681859 0.0054836189580683746 1.0000000180025095e-35 99.401522576849942 171.36409155937056 155.57403433476398 158.71101573676683 27.000757000000004 172.48569384835483 1.0000000180025095e-35
decision_type=2 2 2 2 2 2 2 2 2 2 2 2
left_child=1 4 7 9 6 -6 -1 8 -2 -3 -9 -5
right_child=2 3 -4 11 5 -7 -8 10 -10 -11 -12 -13
leaf_value=0.0041420404825017101 0.023504716432197967 -0.054927072572071509 0.29951216643506828 -0.011176717047233916 -0.0065458497097277924 0.098678879614048351 -0.20910866449708526 0.081073442189268374 -0.25041992265837532 0.0045893484131715127 0.27691356811258533 -0.031865572183584677
leaf_weight=78704 1112 426 33 5375 30905 402 46 129 35 6911 36 4697
leaf_count=78704 1112 426 33 5375 30905 402 46 129 35 6911 36 4697
internal_value=-1.12367e-11 -0.00037409 0.0354526 -0.0115704 0.00139696 -0.0051947 0.00401747 0.0288109 0.0151461 0.00113371 0.123802 -0.0208248
internal_weight=128811 127466 1345 17409 110057 31307 78750 1312 1147 7337 165 10072
internal_count=128811 127466 1345 17409 110057 31307 78750 1312 1147 7337 165 10072
is_linear=0
shrinkage=0.01


Tree=557
num_leaves=15
num_cat=0
split_feature=31 47 41 3 10 44 44 23 17 22 28 29 44 6
split_gain=16940.3 17586.2 34559.4 31313.1 26624.7 43895.7 33027.3 14850.8 12021.5 7591.72 8709.88 7079.02 6216.35 2559.04
threshold=13.472222222222223 1.0000000180025095e-35 92.397075682595499 72.962955000000008 0.25000000000000011 1.0000000180025095e-35 1.0000000180025095e-35 61.604361760924057 0.0054439708635232653 12.235883424408017 21.504629629629637 78.415311666061626 1.0000000180025095e-35 17.400723500000002
decision_type=2 2 2 2 2 2 2 2 2 2 2 2 2 2
left_child=7 4 3 -3 6 -6 -2 9 11 13 -11 -9 -10 -1
right_child=1 2 -4 -5 5 -7 -8 8 12 10 -12 -13 -14 -15
leaf_value=-0.069089295161240419 -0.0022987190615947127 0.023393128123890147 -0.3953004424912589 -0.0039396076097158277 -8.2698751998583724e-05 -0.022766535842531743 0.012078488699210495 0.022864131027211746 -0.084515810771939218 0.018068520850209022 -0.019806833232158986 -0.12993043303489685 -0.20706269203348363 0.018383829476017702
leaf_weight=279 44728 8971 21 7867 26070 12680 24858 168 347 922 1778 37 47 38
leaf_count=279 44728 8971 21 7867 26070 12680 24858 168 347 922 1778 37 47 38
internal_value=-7.56466e-12 0.000616318 0.0101172 0.0106228 -0.000862185 -0.00750544 0.00283721 -0.0213385 -0.06682 -0.0123085 -0.0068731 -0.00471342 -0.0991343 -0.0586036
internal_weight=128811 125195 16859 16838 108336 38750 69586 3616 599 3017 2700 205 394 317
internal_count=128811 125195 16859 16838 108336 38750 69586 3616 599 3017 2700 205 394 317
is_linear=0
shrinkage=0.01


Tree=558
num_leaves=15
num_cat=0
split_feature=6 44 20 4 20 35 35 39 2 20 42 15 24 33
split_gain=16855.5 26763.5 23398.4 22194.6 22317.5 58069.8 22501.3 19852.4 19717.1 34453.7 14751.6 11497 11324.4 6881.31
threshold=14.773712250000001 1.0000000180025095e-35 61.265779467680623 0.25000000000000006 155.57403433476398 65.87230671736377 85.849222347478857 28.950617283950621 21.775000000000002 61.446768060836511 1.0000000180025095e-35 0.06913984497752497 30.878400624038225 53.797000422475719
decision_type=2 2 2 2 2 2 2 2 2 2 2 2 2 2
left_child=3 8 12 4 6 -6 -1 -4 9 -2 11 -5 -3 -12
right_child=1 2 7 10 5 -7 -8 -9 -10 -11 13 -13 -14 -15
leaf_value=0.0037693706079006311 -0.0036508465546965176 -0.022121114671704852 0.20256906737451968 0.1554649366827115 -0.16051353659100678 0.10518687792413403 -0.0089989629120855556 -0.096659413591008742 0.010601610539186406 -0.066129394210993092 -0.029817003833167696 -0.0053887577325670453 0.18336862447085203 -0.071514516607278131
leaf_weight=91489 5154 3988 23 46 98 512 16254 616 6453 1065 1186 1306 27 594
leaf_count=91489 5154 3988 23 46 98 512 16254 616 6453 1065 1186 1306 27 594
internal_value=1.18118e-11 -0.00917599 -0.0296844 0.00142605 0.00218464 0.0625006 0.00184315 -0.0858891 -0.00164395 -0.0143503 -0.0248177 8.40751e-05 -0.0207392 -0.0437318
internal_weight=128811 17326 4654 111485 108353 610 107743 639 12672 6219 3132 1352 4015 1780
internal_count=128811 17326 4654 111485 108353 610 107743 639 12672 6219 3132 1352 4015 1780
is_linear=0
shrinkage=0.01


Tree=559
num_leaves=15
num_cat=0
split_feature=7 0 7 0 21 13 16 25 3 14 41 40 35 32
split_gain=16840.6 18556.8 52380.8 58495.9 41334.7 31099.1 24389.8 20514.5 11561.5 5503.18 4692.11 4340.83 4119.7 2123.14
threshold=1017.1628400000001 37.042691525878915 1008.3002700000001 34.083213737060554 58.110899873257296 12.240020790818308 15.663058367500001 72.567530101394183 70.499062500000022 -7.9459018935488315 24.459876543209884 139.82762345346188 51.186663850161956 58.098129359655637
decision_type=2 2 2 2 2 2 2 2 2 2 2 2 2 2
left_child=1 2 5 -4 6 -1 -3 -6 11 13 -11 12 -2 -10
right_child=8 4 3 -5 7 -7 -8 -9 9 10 -12 -13 -14 -15
leaf_value=-0.0011055891554148792 0.073892039418210057 -0.0098057867929700147 -0.014143521132772315 0.026684290663341943 -0.050302722579947758 -0.033302565503543838 0.033178125905242155 -0.2314215034750792 -0.039553437397888538 -0.015384986001283144 0.02372629863662 0.15147154819674608 0.03162879332755017 -0.1535765073299408
leaf_weight=89518 356 11822 4712 13748 1650 3104 1486 65 89 422 1123 41 655 20
leaf_count=89518 356 11822 4712 13748 1650 3104 1486 65 89 422 1123 41 655 20
internal_value=-6.90668e-12 -0.000529663 0.000881061 0.0162628 -0.0109607 -0.00218459 -0.00500611 -0.0571673 0.0246833 0.00819854 0.0130435 0.0506015 0.0465108 -0.0604751
internal_weight=128811 126105 111082 18460 15023 92622 13308 1715 2706 1654 1545 1052 1011 109
internal_count=128811 126105 111082 18460 15023 92622 13308 1715 2706 1654 1545 1052 1011 109
is_linear=0
shrinkage=0.01


Tree=560
num_leaves=13
num_cat=0
split_feature=25 34 8 31 1 34 24 24 24 10 26 26
split_gain=16810.2 19883 37682.6 20942.8 19420.3 16185.7 15113.8 12112.5 12051.1 7958.14 9111.45 6727.12
threshold=12.326388888888891 33.402777777777779 -0.5 43.863751584283911 -119.7866065258789 59.017744433021292 38.40463439605093 2.0459108311090786 8.536338510889566 0.25000000000000011 4.0352572821420063 4.1713673345211975
decision_type=2 2 2 2 2 2 2 2 2 2 2 2
left_child=7 2 6 5 -5 -3 -2 -1 -4 10 -9 -11
right_child=1 3 8 4 -6 -7 -8 9 -10 11 -12 -13
leaf_value=-0.24561756678989954 0.031064266479059261 -0.0016262423845954735 0.011330426820757786 -0.0079978808108868166 0.0056078043921785623 -0.013481602936403953 -0.12973212802814224 -0.17233522477746011 -0.0098503284223084991 0.1249544382095337 0.055071138437535312 -0.052304712896384678
leaf_weight=28 6329 30314 4635 13419 48079 18571 59 20 6389 22 148 798
leaf_count=28 6329 30314 4635 13419 48079 18571 59 20 6389 22 148 798
internal_value=6.83521e-12 0.000322107 0.0102535 -0.00124449 0.00263901 -0.00612999 0.0295791 -0.0405154 -0.000944958 -0.0347028 0.027999 -0.047549
internal_weight=128811 127795 17412 110383 61498 48885 6388 1016 11024 988 168 820
internal_count=128811 127795 17412 110383 61498 48885 6388 1016 11024 988 168 820
is_linear=0
shrinkage=0.01


Tree=561
num_leaves=15
num_cat=0
split_feature=22 29 9 17 31 23 41 0 8 11 27 44 23 20
split_gain=16665.7 17361.6 29979 26133.2 22927.9 18204.4 13396.9 11332.4 10629.6 25502.2 12869.6 9326.17 7946.08 7618.21
threshold=22.291666666666668 33.402777777777779 0.1294095225512602 0.019438067362094726 18.392857142857149 43.015349950711176 44.444550063371366 34.083213737060554 -0.70710678118654735 0.25000000000000017 114.35804020100504 1.0000000180025095e-35 92.455851819299298 12.29166666666667
decision_type=2 2 2 2 2 2 2 2 2 2 2 2 2 2
left_child=8 2 7 4 -3 -4 -5 -2 9 11 -11 -1 13 -10
right_child=1 3 5 6 -6 -7 -8 -9 12 10 -12 -13 -14 -15
leaf_value=0.019450518213024948 -0.015649774995273966 -0.021647768090478012 0.048869520272096269 -0.0073342815065840184 0.0017618635686812382 0.0094996172931520202 -0.045535850278213399 0.0084397216501422533 -0.036859670280626214 0.043241200329040191 0.29967316338419914 -0.036313938380581438 0.17441393798047844 -0.012252615961326522
leaf_weight=437 2816 4378 2727 1835 94337 2063 1837 6371 1473 913 20 956 22 8626
leaf_count=437 2816 4378 2727 1835 94337 2063 1837 6371 1473 913 20 956 22 8626
internal_value=1.02648e-11 0.00117641 0.0116309 -0.000250742 0.000723649 0.0319133 -0.0264455 0.00105581 -0.010998 0.00827877 0.0487381 -0.01882 -0.0154281 -0.0158417
internal_weight=128811 116364 13977 102387 98715 4790 3672 9187 12447 2326 933 1393 10121 10099
internal_count=128811 116364 13977 102387 98715 4790 3672 9187 12447 2326 933 1393 10121 10099
is_linear=0
shrinkage=0.01


Tree=562
num_leaves=13
num_cat=0
split_feature=7 9 35 31 7 21 0 14 23 18 26 23
split_gain=16702.4 16647.2 19813.8 29612 27020.5 9725.87 13868.2 9873.24 8320.39 4629.63 3769.42 2440.71
threshold=992.7403250000001 -0.9159756150367534 53.426066751161819 59.571820870299966 1008.0000500000001 119.59045226130655 34.083213737060554 2.8849752062557461 85.397707184705396 1.1220179457504009 12.229730684503641 40.416437825658363
decision_type=2 2 2 2 2 2 2 2 2 2 2 2
left_child=8 5 4 -4 -3 7 -7 -2 9 11 -11 -1
right_child=1 2 3 -5 -6 6 -8 -9 -10 10 -12 -13
leaf_value=-0.059318804270946067 -0.014602185879645482 0.002840590094256279 -0.0046935270392184734 0.0096840460856605914 0.023444679706206548 -0.27065477670387678 -0.043306098972542548 0.0016474857087680262 -0.21292524402791801 -0.071926160137634726 -0.0076955727466814948 -0.18975868336856366
leaf_weight=26 9604 25877 59111 18907 8441 30 254 6123 33 160 213 32
leaf_count=26 9604 25877 59111 18907 8441 30 254 6123 33 160 213 32
internal_value=5.53684e-12 0.00021651 0.00157616 -0.00120924 0.00790846 -0.00932304 -0.0673218 -0.00827569 -0.0598889 -0.0481715 -0.0352476 -0.131286
internal_weight=128811 128347 112336 78018 34318 16011 284 15727 464 431 373 58
internal_count=128811 128347 112336 78018 34318 16011 284 15727 464 431 373 58
is_linear=0
shrinkage=0.01


Tree=563
num_leaves=14
num_cat=0
split_feature=32 35 15 7 44 11 17 7 40 31 10 2 31
split_gain=16589.2 23985.2 23063.5 22218.7 59758.6 28518.4 19930.4 17933.9 16433.4 14694.1 13878.9 13127.1 13068.6
threshold=151.24535050071532 85.849222347478857 2.2570535748796661 1007.8001 1.0000000180025095e-35 -0.24999999999999994 0.0054836189580683746 1011.7000650000001 125.43850884617227 93.833970231385081 -0.93301270189221908 34.925000000000004 10.694444444444445
decision_type=2 2 2 2 2 2 2 2 2 2 2 2 2
left_child=1 3 7 5 -5 -1 10 8 -2 -9 -3 -4 -8
right_child=2 6 11 4 -6 -7 12 9 -10 -11 -12 -13 -14
leaf_value=0.0046680301255710242 0.057373018850007826 -0.067658851105467918 0.4172709626207749 0.00075894999128819668 0.034628338634030531 -0.0071457107842353689 -0.091370103413113968 -0.035023713190465759 -0.049523426904480833 -0.3240481601953506 0.0040055818648267348 0.074917336134683515 -0.018579102476794684
leaf_weight=40531 965 281 24 21434 6882 41210 253 146 169 20 7056 21 9819
leaf_count=40531 965 281 24 21434 6882 41210 253 146 169 20 7056 21 9819
internal_value=-6.49263e-12 -0.000368638 0.0349359 0.00135661 0.00899066 -0.00128791 -0.0112754 0.0272316 0.0414422 -0.0698459 0.0012609 0.257506 -0.0204075
internal_weight=128811 127466 1345 110057 28316 81741 17409 1300 1134 166 7337 45 10072
internal_count=128811 127466 1345 110057 28316 81741 17409 1300 1134 166 7337 45 10072
is_linear=0
shrinkage=0.01


Tree=564
num_leaves=15
num_cat=0
split_feature=5 0 11 14 25 8 0 14 3 22 31 33 0 30
split_gain=16509.8 28616.2 37923.5 91191.1 42137.4 26554 25273.8 24937.1 23678.5 23670.2 22227.7 17743.9 17496.4 14641.5
threshold=1.5000000000000002 36.742692288818368 0.6830127018922193 4.2802342589493358 55.695298197436991 0.78656609248549325 37.042691525878915 -11.964631690186049 27.000757000000004 73.194391634981017 47.090805872412346 40.550153901864938 37.042691525878915 71.593139971084838
decision_type=2 2 2 2 2 2 2 2 2 2 2 2 2 2
left_child=5 10 4 -4 -3 8 7 -7 12 -10 11 -2 -1 -12
right_child=1 2 3 -5 -6 6 -8 -9 9 -11 13 -13 -14 -15
leaf_value=-0.0160607149624684 0.0078261098380906034 -0.012666235280918252 0.023104979018556411 -0.034582095920976746 -0.053454921085577055 -0.032509480283976835 -0.022953495048528054 0.026448706697385273 0.0015428360783721281 0.029046008630847196 0.0034511459231916391 -0.010226062188266424 0.04743737086289368 0.02118013593520475
leaf_weight=9374 8169 16290 8067 4150 2999 772 1393 10142 27142 3537 12604 16328 455 7389
leaf_count=9374 8169 16290 8067 4150 2999 772 1393 10142 27142 3537 12604 16328 455 7389
internal_value=-6.97694e-12 -0.00298455 -0.0102765 0.00350922 -0.0190079 0.00429449 0.0171586 0.0222783 0.000386152 0.00471369 0.00217934 -0.00420622 -0.0131213 0.0100034
internal_weight=128811 75996 31506 12217 19289 52815 12307 10914 40508 30679 44490 24497 9829 19993
internal_count=128811 75996 31506 12217 19289 52815 12307 10914 40508 30679 44490 24497 9829 19993
is_linear=0
shrinkage=0.01


Tree=565
num_leaves=14
num_cat=0
split_feature=7 1 41 11 10 0 7 3 14 31 41 40 32
split_gain=16439.2 18050.5 33742.8 32965.3 30072.8 39728.7 33162.5 11241.7 5384.35 5013.87 4593.59 4220.47 2079.53
threshold=1017.1628400000001 -118.21337597412109 92.397075682595499 -0.5 0.25000000000000011 37.042691525878915 1002.4008500000001 70.499062500000022 -7.9459018935488315 78.602957754552264 24.459876543209884 147.41457286432163 58.098129359655637
decision_type=2 2 2 2 2 2 2 2 2 2 2 2 2
left_child=1 4 3 -3 5 -1 -6 9 12 11 -10 -2 -9
right_child=7 2 -4 -5 6 -7 -8 8 10 -11 -12 -13 -14
leaf_value=0.0048053873445527391 0.042930618735389364 -0.0098416313291272185 -0.39170432942254202 0.019198448462886965 -0.025044233147535882 -0.017391342511347489 -0.0037274797821485214 -0.039090273094604194 -0.015203876926726994 0.18196752105440414 0.023494635846155663 0.16741696012871607 -0.15193607640266418
leaf_weight=60778 996 5904 21 11568 9780 9297 28757 89 422 28 1123 28 20
leaf_count=60778 996 5904 21 11568 9780 9297 28757 89 422 28 1123 28 20
internal_value=-1.18798e-12 -0.000523313 0.00890395 0.00938545 -0.00204166 0.0018605 -0.00913729 0.0243874 0.00813222 0.0499445 0.0129246 0.0463345 -0.0597959
internal_weight=128811 126105 17493 17472 108612 70075 38537 2706 1654 1052 1545 1024 109
internal_count=128811 126105 17493 17472 108612 70075 38537 2706 1654 1052 1545 1024 109
is_linear=0
shrinkage=0.01


Tree=566
num_leaves=13
num_cat=0
split_feature=25 15 8 34 8 31 44 7 26 41 15 18
split_gain=16257.4 19375.1 28476.4 19724.6 39023.4 22706.3 13513.9 10600.6 9615.42 7796.46 6159.85 4745.66
threshold=12.326388888888891 0.059757691166234125 -0.5 44.445870299957754 -0.5 27.246092099704274 1.0000000180025095e-35 997.80010000000004 2.6933358539801158 17.361111111111118 0.13022259962980948 0.92300413411388016
decision_type=2 2 2 2 2 2 2 2 2 2 2 2
left_child=8 2 6 4 -3 -5 -2 -4 -1 11 -11 -10
right_child=1 3 7 5 -6 -7 -8 -9 9 10 -12 -13
leaf_value=-0.24198163322780442 0.02284612407798111 0.022252327616160441 -0.16014228398735458 -0.014499498523811296 -0.0014932980788715435 -0.00062500201735253536 0.10437564418568104 0.010092858440285693 -0.04594122020136409 -0.082894194786333378 -0.021705750458729349 0.03303396863774595
leaf_weight=23 331 10445 37 13870 20512 78859 527 3214 119 360 303 211
leaf_count=23 331 10445 37 13870 20512 78859 527 3214 119 360 303 211
internal_value=-5.25719e-12 0.000316766 0.0216795 -0.000392931 0.00651856 -0.00270029 0.0729231 0.00815539 -0.0398437 -0.0351617 -0.0549302 0.00455504
internal_weight=128811 127795 4109 123686 30957 92729 858 3251 1016 993 663 330
internal_count=128811 127795 4109 123686 30957 92729 858 3251 1016 993 663 330
is_linear=0
shrinkage=0.01


Tree=567
num_leaves=15
num_cat=0
split_feature=7 9 15 34 21 0 14 32 28 26 23 6 41 19
split_gain=16250.8 16151.3 20520.8 18660.1 9577.48 13581.9 9722.23 8396.61 8232.74 4693.58 4671.94 4536.15 2290.69 2236.22
threshold=992.7403250000001 -0.9159756150367534 0.059757691166234125 44.445870299957754 119.59045226130655 34.083213737060554 2.8849752062557461 86.595901985635848 56.030207013096756 14.516267915671074 64.742520605421149 6.6392917500000008 54.731939163498105 2.7087732870358017
decision_type=2 2 2 2 2 2 2 2 2 2 2 2 2 2
left_child=8 4 7 -4 6 -6 -2 -3 11 10 -10 12 -1 -13
right_child=1 2 3 -5 5 -7 -8 -9 9 -11 -12 13 -14 -15
leaf_value=-0.062166847507319142 -0.014421421658029312 0.03655107212384219 0.0078638640935799909 -0.0015736861207230391 -0.26796051152050498 -0.042970934228634274 0.0017035059726961466 -0.0059838605905751796 -0.11714588338716161 -0.032721967290087445 -0.26937695366995679 -0.023153064090311527 -0.19743471315928868 0.084286125245548432
leaf_weight=31 9604 2291 28232 81231 30 254 6123 582 72 41 28 250 21 21
leaf_count=31 9604 2291 28232 81231 30 254 6123 582 72 41 28 250 21 21
internal_value=-2.78711e-11 0.000213563 0.00155281 0.000860387 -0.00918282 -0.0667374 -0.0081435 0.0279345 -0.0590737 -0.122827 -0.159771 -0.0312432 -0.116794 -0.0148275
internal_weight=128811 128347 112336 109463 16011 284 15727 2873 464 141 100 323 52 271
internal_count=128811 128347 112336 109463 16011 284 15727 2873 464 141 100 323 52 271
is_linear=0
shrinkage=0.01


Tree=568
num_leaves=15
num_cat=0
split_feature=32 7 7 25 31 34 8 18 39 15 25 36 16 7
split_gain=16210.5 18846.9 17284.4 21338.7 19589.9 18879.7 44130.9 22338.9 15830.6 20874.5 18836 12519.2 11909.1 11045.5
threshold=152.64735336194568 1009.1001500000001 994.90130000000011 81.688816897294544 80.63249230945604 44.445870299957754 -0.5 0.55000000000000038 92.754091585386035 0.1237841376086445 84.761484864117818 89.227064345810192 22.912000000000003 1012.9705750000002
decision_type=2 2 2 2 2 2 2 2 2 2 2 2 2 2
left_child=2 8 3 4 -1 6 -4 -7 10 -10 -2 -3 -5 -13
right_child=1 11 5 12 -6 7 -8 -9 9 -11 -12 13 -14 -15
leaf_value=-0.02827203618994794 0.029731954980691273 0.047941511055730565 0.023116957053466659 -0.25307848276513994 0.2795910901115054 0.0084346486482644294 -0.0015829605742658135 -0.0044662663764017943 0.20778058037675659 -0.090701006360229888 0.131436612803047 -0.040048066723018375 -0.047291036065743891 -0.22418434178829194
leaf_weight=1311 375 108 10821 66 21 16241 21819 77332 29 122 354 118 49 45
leaf_count=1311 375 108 10821 66 21 16241 21819 77332 29 122 354 118 49 45
internal_value=-2.75551e-12 0.0373604 -0.000336847 -0.0347019 -0.0234183 5.71399e-05 0.0066057 -0.00222712 0.0598161 -0.0333767 0.0791194 -0.0355582 -0.165395 -0.0908832
internal_weight=128811 1151 127660 1447 1332 126213 32640 93573 880 151 729 271 115 163
internal_count=128811 1151 127660 1447 1332 126213 32640 93573 880 151 729 271 115 163
is_linear=0
shrinkage=0.01


Tree=569
num_leaves=15
num_cat=0
split_feature=22 15 8 21 23 7 35 35 23 7 22 26 38 28
split_gain=16214.9 18086.1 37780.7 32231.9 21220.5 16337.7 16156.5 14150.9 10266.3 11017.1 7496.92 6787.15 5835.23 4157.53
threshold=22.291666666666668 0.090274921138307179 -0.70710678118654735 15.634920634920636 147.34561606032381 992.7403250000001 152.01645207439199 92.364283394157113 92.455851819299298 1003.2004000000001 84.939797211660348 18.959934500986648 67.583227714406434 55.661808196028737
decision_type=2 2 2 2 2 2 2 2 2 2 2 2 2 2
left_child=7 2 3 -2 -4 10 -7 8 9 -1 -3 12 -9 -13
right_child=1 5 4 -5 -6 6 -8 11 -10 -11 -12 13 -14 -15
leaf_value=-0.02177083657012473 0.2998858227972257 -0.047148969212327814 0.0064937587868559819 0.058892907053431406 0.28735539290640094 0.00066956766380615418 -0.038203749520479946 -0.044680525471032795 0.21851430141925809 -0.001173508513184152 -0.1690014537592088 -0.15752878635412171 0.07259976013501486 -0.033660828724503516
leaf_weight=3955 59 272 7347 935 27 106582 1080 741 20 7562 62 84 45 40
leaf_count=3955 59 272 7347 935 27 106582 1080 741 20 7562 62 84 45 40
internal_value=-6.17571e-12 0.00116039 0.0153234 0.0731973 0.00752214 6.29764e-05 0.000279614 -0.0108482 -0.00785364 -0.00824674 -0.0697683 -0.0488133 -0.037966 -0.117571
internal_weight=128811 116364 8368 994 7374 107996 107662 12447 11537 11517 334 910 786 124
internal_count=128811 116364 8368 994 7374 107996 107662 12447 11537 11517 334 910 786 124
is_linear=0
shrinkage=0.01


Tree=570
num_leaves=15
num_cat=0
split_feature=5 7 11 23 0 7 13 0 25 26 25 20 41 23
split_gain=16292.8 32793.6 48304.9 56578.6 26794.4 46264.9 24874.7 35390.9 67410.8 33957.5 23663.5 20717.8 30576.2 17043.2
threshold=1.5000000000000002 1003.2004000000001 1.0000000180025095e-35 67.304305731587121 37.042691525878915 1009.4003500000001 0.34380600738314443 34.083213737060554 105.31342336493213 41.784708920842498 64.648817068018602 98.416349809885944 101.54308854156716 24.602856621380237
decision_type=2 2 2 2 2 2 2 2 2 2 2 2 2 2
left_child=6 2 13 -4 5 -3 11 8 -8 -9 -6 -1 -13 -2
right_child=1 4 3 -5 10 -7 7 9 -10 -11 -12 12 -14 -15
leaf_value=0.010727440745516266 -0.048901549253372076 3.4567504712700496e-05 -0.017133539944897688 -0.075717402505690687 -0.0092293812490828915 0.02665153967169864 -0.022983559344487446 0.0023502432100619458 -0.38861836433410646 0.17605055165468855 -0.10575867269073541 0.07779312364550578 -0.10065031540614587 0.0010751532573313645
leaf_weight=19139 712 28159 9024 2017 10928 8502 4462 28076 51 113 260 866 108 16394
leaf_count=19139 712 28159 9024 2017 10928 8502 4462 28076 51 113 260 866 108 16394
internal_value=-5.06099e-12 -0.00296487 -0.0115297 -0.0278358 0.00207337 0.00620727 0.00426618 -0.00111593 -0.0271155 0.00304655 -0.0114726 0.013017 0.0580068 -0.00100502
internal_weight=128811 75996 28147 11041 47849 36661 52815 32702 4513 28189 11188 20113 974 17106
internal_count=128811 75996 28147 11041 47849 36661 52815 32702 4513 28189 11188 20113 974 17106
is_linear=0
shrinkage=0.01


Tree=571
num_leaves=14
num_cat=0
split_feature=7 1 41 3 18 37 3 23 27 38 31 40 23
split_gain=15979.2 17615.4 33018.7 31984.2 28652 19521.7 11012.2 9320.53 5279.8 5027.38 4895.2 4146.27 3529.49
threshold=1017.1628400000001 -118.21337597412109 92.397075682595499 72.962955000000008 0.16548781642744978 127.46984924623116 70.499062500000022 7.5578703703703711 33.402777777777779 66.622729193071407 78.602957754552264 151.876251788269 58.130932263061553
decision_type=2 2 2 2 2 2 2 2 2 2 2 2 2
left_child=1 4 3 -3 7 -6 10 -1 9 -8 11 -2 -10
right_child=6 2 -4 -5 5 -7 8 -9 12 -11 -12 -13 -14
leaf_value=-0.15824937951975857 0.042721552580137268 0.02220324167261805 -0.38748963858400076 -0.0048845108253004737 -0.0038141790835345573 0.026882968969757608 -0.020867682128097118 0.021513749422496755 0.031148431424488861 0.10070432335138321 0.17978999209989394 0.17852089436157889 -0.017853235920693458
leaf_weight=29 1001 9132 21 8340 101143 2115 617 5325 822 36 28 23 179
leaf_count=29 1001 9132 21 8340 101143 2115 617 5325 822 36 28 23 179
internal_value=-7.33849e-13 -0.00051594 0.008797 0.0092733 -0.00201588 -0.00318542 0.0240438 0.0205401 0.00795543 -0.0141654 0.0493388 0.0457717 0.0223859
internal_weight=128811 126105 17493 17472 108612 103258 2706 5354 1654 653 1052 1024 1001
internal_count=128811 126105 17493 17472 108612 103258 2706 5354 1654 653 1052 1024 1001
is_linear=0
shrinkage=0.01


Tree=572
num_leaves=15
num_cat=0
split_feature=5 0 13 20 2 27 8 0 14 3 34 25 12 13
split_gain=16020.3 27661.8 48137.6 66193.3 28930.8 28145.5 26222.7 24676.1 24369.8 23190.7 30647.7 21528.5 18609.7 16483.9
threshold=1.5000000000000002 36.742692288818368 -3.7800021091456184 56.225198755617015 10.625000000000002 62.936543006885223 0.78656609248549325 37.042691525878915 -13.282888611920789 27.000757000000004 104.81658291457288 137.5206775108492 1.0000000180025095e-35 7.5294902245566968
decision_type=2 2 2 2 2 2 2 2 2 2 2 2 2 2
left_child=6 5 3 -3 -4 12 9 8 -8 10 -1 -7 -2 -11
right_child=1 2 4 -5 -6 11 7 -9 -10 13 -12 -13 -14 -15
leaf_value=-0.0110829772962823 0.0024264683161708913 -0.016594691346035039 0.012577544337581204 -0.09052128372588325 -0.010849895098227575 0.017503191404692357 -0.045768293462472388 -0.022620987492005386 0.02536411434011332 0.0082763713823410558 -0.17390238211195694 -0.25534838652816311 -0.013929813439545838 -0.010102759025037419
leaf_weight=9712 24598 5277 7636 1572 17021 10164 505 1393 10409 24591 117 29 9699 6088
leaf_count=9712 24598 5277 7636 1572 17021 10164 505 1393 10409 24591 117 29 9699 6088
internal_value=8.26926e-12 -0.00293996 -0.0101093 -0.0335625 -0.00359468 0.00213707 0.00423034 0.017014 0.0220728 0.000346455 -0.0130211 0.0167269 -0.002199 0.00462918
internal_weight=128811 75996 31506 6849 24657 44490 52815 12307 10914 40508 9829 10193 34297 30679
internal_count=128811 75996 31506 6849 24657 44490 52815 12307 10914 40508 9829 10193 34297 30679
is_linear=0
shrinkage=0.01


Tree=573
num_leaves=13
num_cat=0
split_feature=25 15 9 18 11 5 24 7 33 11 3 44
split_gain=15806 18131.8 19167.2 24341.8 20160.7 15137.8 11765.9 11234 9460.62 8669.74 19736.4 10758.8
threshold=12.326388888888891 0.059757691166234125 -0.37940952255126015 0.52000000000000035 -0.5 85.500000000000014 2.0459108311090786 1004.4999700000002 10.694444444444445 0.6830127018922193 75.833265000000026 1.0000000180025095e-35
decision_type=2 2 2 2 2 2 2 2 2 2 2 2
left_child=6 5 4 -4 -3 7 -1 -2 -7 11 -11 -8
right_child=1 2 3 -5 -6 8 9 -9 -10 10 -12 -13
leaf_value=-0.24143265383584159 -0.048600737773276566 0.0035250919193033333 0.022733793551012352 0.0010496226822811917 -0.010588212205376537 0.23995755788087844 0.059714669137237934 0.014470064095235336 0.043713939647931903 0.20393129255460657 -0.024383639688385982 -0.064577706864949028
leaf_weight=28 321 15599 5568 73694 28825 25 78 2349 1414 46 214 650
leaf_count=28 321 15599 5568 73694 28825 25 78 2349 1414 46 214 650
internal_value=2.17393e-11 0.000312337 -0.000374211 0.00257289 -0.00563248 0.0209783 -0.0392866 0.00688739 0.0471233 -0.0335577 0.0160105 -0.0512607
internal_weight=128811 127795 123686 79262 44424 4109 1016 2670 1439 988 260 728
internal_count=128811 127795 123686 79262 44424 4109 1016 2670 1439 988 260 728
is_linear=0
shrinkage=0.01


Tree=574
num_leaves=15
num_cat=0
split_feature=5 7 11 33 0 7 13 0 25 26 25 45 25 25
split_gain=15707.9 31945.4 47133.9 68727.1 25954.5 44964.4 24043.6 34738.9 65943.9 33259.2 23153 20375.8 16478.4 15598.8
threshold=1.5000000000000002 1003.2004000000001 1.0000000180025095e-35 58.639245352767226 37.042691525878915 1009.4003500000001 0.34380600738314443 34.083213737060554 105.31342336493213 41.784708920842498 64.648817068018602 1.0000000180025095e-35 23.333553372764403 99.401522576849942
decision_type=2 2 2 2 2 2 2 2 2 2 2 2 2 2
left_child=6 2 12 -4 5 -3 11 8 -8 -9 -6 13 -2 -1
right_child=1 4 3 -5 10 -7 7 9 -10 -11 -12 -13 -14 -15
leaf_value=0.013784559413657856 -0.06144373675180357 4.4751272735624414e-05 -0.012281244156428934 -0.0684494431691062 -0.0090515864687002907 0.026284974796248486 -0.022774732814791161 0.002332316559297293 -0.38440931918574317 0.17423751959626654 -0.10453380083722565 -0.024896034389258526 0.00062472929840025674 0.064478288754779303
leaf_weight=18146 439 28159 8055 2986 10928 8502 4462 28076 51 113 260 1339 16667 628
leaf_count=18146 439 28159 8055 2986 10928 8502 4462 28076 51 113 260 1339 16667 628
internal_value=1.7115e-11 -0.00291116 -0.0113645 -0.0274717 0.0020615 0.00613008 0.00418889 -0.00110253 -0.0268615 0.00302143 -0.0112705 0.0127923 -0.000968165 0.0154803
internal_weight=128811 75996 28147 11041 47849 36661 52815 32702 4513 28189 11188 20113 17106 18774
internal_count=128811 75996 28147 11041 47849 36661 52815 32702 4513 28189 11188 20113 17106 18774
is_linear=0
shrinkage=0.01


Tree=575
num_leaves=13
num_cat=0
split_feature=32 24 20 39 32 7 3 12 37 7 7 24
split_gain=15766.1 19678.4 18643.8 21527.5 18245.1 16723.3 18682.4 18348.1 16421.8 13276.2 12820.9 11487.9
threshold=152.64735336194568 38.40463439605093 155.57403433476398 153.34835479256083 130.72294163123311 994.10080000000005 38.998861500000011 1.0000000180025095e-35 175.97901764425373 1009.3002 1013.7005000000001 9.5174837353556043
decision_type=2 2 2 2 2 2 2 2 2 2 2 2
left_child=1 5 3 9 10 6 -1 -7 11 -2 -3 -4
right_child=2 4 8 -5 -6 7 -8 -9 -10 -11 -12 -13
leaf_value=0.02910508637380509 0.049315507412478539 -0.09198682508334409 -0.010556156281381845 -0.28897789808836855 0.22180757389182137 0.002620735601963737 -0.07059482235214988 -0.0058216690758033773 0.33841504991054533 -0.035485699655540499 0.16725950625538827 0.17481168918950218
leaf_weight=262 714 413 64 22 21 90265 665 36014 32 249 20 70
leaf_count=262 714 413 64 22 21 90265 665 36014 32 249 20 70
internal_value=2.77287e-12 -0.000332197 0.0368448 0.0203227 -0.0660516 -9.76441e-05 -0.0424164 0.000213013 0.134883 0.0273887 -0.0800124 0.0862778
internal_weight=128811 127660 1151 985 454 127206 927 126279 166 963 433 134
internal_count=128811 127660 1151 985 454 127206 927 126279 166 963 433 134
is_linear=0
shrinkage=0.01


Tree=576
num_leaves=15
num_cat=0
split_feature=31 37 32 2 18 34 23 40 32 17 11 41 11 17
split_gain=15519.5 15842.3 31718.8 22676.9 16271.8 19784.8 14512.8 11814.7 11308.7 9523.92 5775.74 5431.92 4805.89 4765.97
threshold=13.472222222222223 137.50376884422113 33.402777777777779 36.175000000000004 0.15106680659706989 56.417247570764687 61.604361760924057 120.45465782679507 102.04648241206031 0.0020929312748511949 0.6830127018922193 15.625000000000002 -0.9330127018922193 0.015908400068827072
decision_type=2 2 2 2 2 2 2 2 2 2 2 2 2 2
left_child=6 4 -3 -4 8 -6 11 9 -2 -8 -9 13 -13 -1
right_child=1 2 3 -5 5 -7 7 10 -10 -11 -12 12 -14 -15
leaf_value=-0.047603470200044386 0.013088397768692504 0.39804558318594224 0.02966211659086801 -0.20259172386208246 0.0031761796723573407 -0.0050564115676819833 0.076846436419576974 -0.076459750859066852 0.076888867092561236 -0.064339092542119711 -0.27564738096417607 0.13967088248418724 -0.0056016867752045228 0.02337525955871143
leaf_weight=581 5721 23 1882 43 62318 54916 53 24 292 485 37 23 2300 113
leaf_count=581 5721 23 1882 43 62318 54916 53 24 292 485 37 23 2300 113
internal_value=5.41236e-12 0.000589906 0.0288849 0.0244741 0.000142685 -0.000680218 -0.020424 -0.065385 0.0161866 -0.0504305 -0.197278 -0.0114974 -0.00416334 -0.0360464
internal_weight=128811 125195 1948 1925 123247 117234 3616 599 6013 538 61 3017 2323 694
internal_count=128811 125195 1948 1925 123247 117234 3616 599 6013 538 61 3017 2323 694
is_linear=0
shrinkage=0.01


Tree=577
num_leaves=15
num_cat=0
split_feature=7 47 11 31 10 44 0 19 34 7 42 10 40 30
split_gain=15678 16994.5 30869.4 36945.7 29274.8 41484.6 38032.1 7877.76 7864.83 6380.78 6915.87 5890.13 4223.88 4654
threshold=1017.1628400000001 1.0000000180025095e-35 -0.5 48.211660329531064 0.25000000000000011 1.0000000180025095e-35 37.042691525878915 0.39802956225397068 4.5370370370370381 1022.4857500000002 1.0000000180025095e-35 0.93301270189221952 147.41457286432163 89.010203106788722
decision_type=2 2 2 2 2 2 2 2 2 2 2 2 2 2
left_child=1 4 8 -4 6 -6 -1 9 -3 10 -2 -11 13 -9
right_child=7 2 3 -5 5 -7 -8 12 -10 11 -12 -13 -14 -15
leaf_value=0.004747042369075161 -0.0006985122399005869 0.141677844173768 0.0040699187287491292 0.040811509642964101 -0.0015919013521694255 -0.023545534239596187 -0.016970564878174593 0.055490578583301121 -0.01085362127998479 0.093713633369933172 0.086064398539993828 -0.064536425141351564 0.16158814941683122 0.0032020198227837682
leaf_weight=60778 1469 34 7158 4431 25559 12978 9297 709 5870 147 98 28 31 224
leaf_count=60778 1469 34 7158 4431 25559 12978 9297 709 5870 147 98 28 31 224
internal_value=2.13969e-11 -0.000511053 0.00863629 0.0181179 -0.00198432 -0.00898517 0.00186572 0.0238161 -0.00997522 0.0111235 0.00472763 0.0683936 0.0467524 0.0429368
internal_weight=128811 126105 17493 11589 108612 38537 70075 2706 5904 1742 1567 175 964 933
internal_count=128811 126105 17493 11589 108612 38537 70075 2706 5904 1742 1567 175 964 933
is_linear=0
shrinkage=0.01


Tree=578
num_leaves=15
num_cat=0
split_feature=10 40 25 10 44 7 44 7 25 7 20 35 24 6
split_gain=15554.1 30850.8 19971.1 17094.3 65137.9 95241.7 41778.8 50574.7 38987.3 28451.1 16854.1 15921 13511.8 6150.71
threshold=-0.93301270189221908 78.392061256854632 59.468117679653027 0.25000000000000011 1.0000000180025095e-35 1012.1392000000002 1.0000000180025095e-35 1007.5001000000001 127.0060442479318 1010.5001850000001 113.6316582914573 69.468155893536135 29.007356592079422 3.2723149000000005
decision_type=2 2 2 2 2 2 2 2 2 2 2 2 2 2
left_child=1 10 13 6 8 -6 9 -8 -5 -2 12 -4 -1 -3
right_child=3 2 11 4 5 -7 7 -9 -10 -11 -12 -13 -14 -15
leaf_value=-0.0047140720000500595 0.002186519616474251 -0.10278200149713528 -0.047421942249690208 0.0043504609372830849 -0.031719991988425893 0.057033322004425874 0.0076890305382795888 0.044668531254424659 -0.15668759427824372 -0.019453180988463593 -0.21506355297359592 -0.14829700229979761 0.20784825082868338 -0.012377378488858623
leaf_weight=9412 41424 84 318 34242 11733 1348 17166 4714 151 7120 38 308 30 723
leaf_count=9412 41424 84 318 34242 11733 1348 17166 4714 151 7120 38 308 30 723
internal_value=2.31275e-11 -0.0114216 -0.0546673 0.00105722 -0.00358051 -0.0225739 0.00418359 0.0156562 0.00364343 -0.000987398 -0.00488458 -0.0970538 -0.0040387 -0.0217875
internal_weight=128811 10913 1433 117898 47474 13081 70424 21880 34393 48544 9480 626 9442 807
internal_count=128811 10913 1433 117898 47474 13081 70424 21880 34393 48544 9480 626 9442 807
is_linear=0
shrinkage=0.01


Tree=579
num_leaves=15
num_cat=0
split_feature=35 20 22 26 24 6 14 26 2 26 23 6 13 31
split_gain=15466.7 28015.6 24313.7 25007.8 23783.9 22186.1 17798.6 16547.5 16326.4 16191.8 37847 15791.5 11968.7 13158.6
threshold=77.670937345015716 158.46566523605151 164.15546018121128 25.279214955520661 38.40463439605093 5.6001427500000007 1.0799994142943492 16.420773910240211 20.875000000000004 32.764317480487975 43.24582805238699 25.978678500000004 -3.7800021091456184 38.333438952260259
decision_type=2 2 2 2 2 2 2 2 2 2 2 2 2 2
left_child=4 5 3 -3 9 6 -2 -4 -7 11 -11 -1 -6 -14
right_child=1 2 7 -5 12 8 -8 -9 -10 10 -12 -13 13 -15
leaf_value=0.0020335070066525309 -0.0084819243574917862 -0.091906444587205594 0.30429019508077138 0.11860537036931773 -0.16441504501690302 -0.021179668729543907 0.016663752015929911 -0.023482963502407077 0.0026917629013692864 0.21476173909332441 0.01869124879011454 -0.047876419403625303 0.15196594543034031 -0.072161561397053084
leaf_weight=99646 6230 95 67 139 118 11956 5135 20 3768 115 684 638 31 169
leaf_count=99646 6230 95 67 139 118 11956 5135 20 3768 115 684 638 31 169
internal_value=1.61188e-11 -0.00666482 0.0862082 0.0331412 0.00180159 -0.00776535 0.00287954 0.22894 -0.0154593 0.00207323 0.0469117 0.00171598 -0.0845451 -0.0374218
internal_weight=128811 27410 321 234 101401 27089 11365 87 15724 101083 799 100284 318 200
internal_count=128811 27410 321 234 101401 27089 11365 87 15724 101083 799 100284 318 200
is_linear=0
shrinkage=0.01


Tree=580
num_leaves=15
num_cat=0
split_feature=9 15 8 21 5 13 13 46 45 14 1 21 5 6
split_gain=15347.6 19468.7 43993.4 25673.8 24806.3 36167 28276.7 17024.5 9627.5 11947.8 14905 7863.81 7192.38 3061.03
threshold=-0.9159756150367534 0.090274921138307179 -0.70710678118654735 26.186868686868689 98.500000000000014 -3.6000027346582866 1.7999977181282774 1.0000000180025095e-35 1.0000000180025095e-35 -2.8800826500913463 -118.99998249999999 119.59045226130655 86.500000000000014 16.923829000000001
decision_type=2 2 2 2 2 2 2 2 2 2 2 2 2 2
left_child=8 2 3 -2 6 -6 -3 -4 9 10 -1 -11 -10 -14
right_child=1 4 7 -5 5 -7 -8 -9 12 11 -12 -13 13 -15
leaf_value=-0.020190547015214503 0.1809832976828695 0.0079223947683031357 0.012407698034044181 0.053283819224868363 -0.027544755638310589 0.00032078862834330454 -0.0036321433800317699 -0.041570032696696006 -0.00038951523738342021 -0.0056961969563694608 -0.081142480122045377 -0.065071921358375168 0.047096750483099019 -0.046975148932353869
leaf_weight=2885 191 45630 5704 896 7305 12853 39527 651 1619 10288 466 228 531 37
leaf_count=2885 191 45630 5704 896 7305 12853 39527 651 1619 10288 466 228 531 37
internal_value=7.56956e-12 0.00130246 0.0169338 0.0757223 0.000197881 -0.00977733 0.00255917 0.00687827 -0.00914796 -0.0122233 -0.0286667 -0.00698354 0.0103519 0.0409688
internal_weight=128811 112757 7442 1087 105315 20158 85157 6355 16054 13867 3351 10516 2187 568
internal_count=128811 112757 7442 1087 105315 20158 85157 6355 16054 13867 3351 10516 2187 568
is_linear=0
shrinkage=0.01


Tree=581
num_leaves=13
num_cat=0
split_feature=32 15 24 13 13 0 5 20 41 13 32 41
split_gain=15265.3 22462.9 18921.4 17926.5 16621.6 40068 22338.3 15616.1 19668.5 15785.4 14931.2 8669.61
threshold=151.24535050071532 2.5620271224681859 38.40463439605093 -3.5999953169554435 7.5294902245566968 34.083213737060554 19.500000000000004 155.57403433476398 123.67952458594588 -4.6849037743654405 127.71608040201006 57.153147444021982
decision_type=2 2 2 2 2 2 2 2 2 2 2 2
left_child=2 7 4 11 6 -6 -1 8 -2 -9 -5 -4
right_child=1 -3 3 10 5 -7 -8 9 -10 -11 -12 -13
leaf_value=0.0060950605883497034 0.027433267828209998 0.29119336911731147 -0.094704186534104146 -0.039438682584480349 -0.059888162505582952 -0.0045259622646371921 -0.0031186409060281767 -0.13813445681617373 -0.11319775930859827 0.15534557707607746 0.24328372555971148 -0.2516542684613613
leaf_weight=53002 1037 33 92 283 1397 20357 52258 21 110 144 20 57
leaf_count=53002 1037 33 92 283 1397 20357 52258 21 110 144 20 57
internal_value=2.15193e-11 0.0335129 -0.000353623 -0.0649393 -0.000123784 -0.00808122 0.00152077 0.0270316 0.0139464 0.117994 -0.0207771 -0.154745
internal_weight=128811 1345 127466 452 127014 21754 105260 1312 1147 165 303 149
internal_count=128811 1345 127466 452 127014 21754 105260 1312 1147 165 303 149
is_linear=0
shrinkage=0.01


Tree=582
num_leaves=15
num_cat=0
split_feature=7 1 41 11 10 24 0 3 0 23 40 30 2 24
split_gain=15341 16616.9 32392.2 32086.2 27997.7 40255.8 36621 10672.9 4902.81 8199.36 4093.39 4021.22 2842.21 726.263
threshold=1017.1628400000001 -118.21337597412109 92.397075682595499 -0.5 0.25000000000000011 8.4801551267831634 37.042691525878915 70.499062500000022 37.042691525878915 58.468067877763708 139.82762345346188 89.010203106788722 4.2250000000000005 8.8755486091704956
decision_type=2 2 2 2 2 2 2 2 2 2 2 2 2 2
left_child=1 4 3 -3 6 -6 -1 10 12 -10 11 -2 -9 -12
right_child=7 2 -4 -5 5 -7 -8 8 9 -11 13 -13 -14 -15
leaf_value=0.0046301518096734488 0.054975918293248556 -0.0099575926264690636 -0.38396964777083625 0.018692621443460341 0.0017881613210833191 -0.01866634295931896 -0.016680748121221608 0.015877052391432736 0.0092688237567241788 -0.075020040413808262 0.18748729722840446 0.006562046441143235 0.10166484512456853 0.10328689634799958
leaf_weight=60778 792 5904 21 11568 18572 19965 9297 73 1373 126 21 219 82 20
leaf_count=60778 792 5904 21 11568 18572 19965 9297 73 1373 126 21 219 82 20
internal_value=2.67082e-12 -0.000505532 0.0085396 0.00901137 -0.00196234 -0.00880878 0.00180279 0.0235588 0.00772014 0.00218384 0.048461 0.0444886 0.0612616 0.146414
internal_weight=128811 126105 17493 17472 108612 38537 70075 2706 1654 1499 1052 1011 155 41
internal_count=128811 126105 17493 17472 108612 38537 70075 2706 1654 1499 1052 1011 155 41
is_linear=0
shrinkage=0.01


end of trees

feature_importances:
target_aqi_lag_12=840
surface_pressure=515
lat=467
spatial_target_aqi_sj_openmeteo_lag_12=403
lon=381
rain=365
wind_speed_10m=352
wind_speed_pressure=305
wind_u=287
target_aqi_roll_mean_from_lag12_24=285
cloud_cover=274
target_aqi_roll_mean_from_lag12_12=272
temperature_2m=240
target_aqi_lag_36=238
hour_sin=233
hour_cos=233
wind_v=223
month_cos=215
station_id_FRES=213
month_sin=196
temp_humidity_ratio=121
station_id_LA_OPENMETEO=115
spatial_target_aqi_la_openmeteo_lag_24=90
target_aqi_roll_std_from_lag12_24=86
relative_humidity_2m=85
spatial_target_aqi_la_openmeteo_lag_12=81
spatial_target_aqi_fres_openmeteo_lag_12=79
spatial_target_aqi_sj_openmeteo_lag_36=74
spatial_target_aqi_fres_lag_12=73
dry_heat_index=72
spatial_target_aqi_la_lag_24=66
target_aqi_roll_std_from_lag12_12=54
spatial_target_aqi_la_lag_12=53
spatial_target_aqi_la_lag_36=53
source_epa_aqs_station=50
spatial_target_aqi_fres_openmeteo_lag_24=47
dry_wind_index=43
vpd_kpa=42
spatial_target_aqi_fres_lag_24=34
spatial_target_aqi_fres_openmeteo_lag_36=32
target_aqi_lag_24=28
is_weekend=26
spatial_target_aqi_fres_lag_36=26
station_id_FRES_OPENMETEO=25
spatial_target_aqi_la_openmeteo_lag_36=23
station_id_LA=21
station_id_SJ_OPENMETEO=19
source_openmeteo=18
spatial_target_aqi_sj_openmeteo_lag_24=17

parameters:
[boosting: gbdt]
[objective: regression]
[metric: l2]
[tree_learner: serial]
[device_type: cpu]
[data_sample_strategy: bagging]
[data: ]
[valid: ]
[num_iterations: 1200]
[learning_rate: 0.01]
[num_leaves: 15]
[num_threads: 12]
[seed: 42]
[deterministic: 0]
[force_col_wise: 0]
[force_row_wise: 0]
[histogram_pool_size: -1]
[max_depth: 4]
[min_data_in_leaf: 20]
[min_sum_hessian_in_leaf: 0.001]
[bagging_fraction: 0.7]
[pos_bagging_fraction: 1]
[neg_bagging_fraction: 1]
[bagging_freq: 0]
[bagging_seed: 400]
[bagging_by_query: 0]
[feature_fraction: 0.7]
[feature_fraction_bynode: 1]
[feature_fraction_seed: 30056]
[extra_trees: 0]
[extra_seed: 12879]
[early_stopping_round: 0]
[early_stopping_min_delta: 0]
[first_metric_only: 0]
[max_delta_step: 0]
[lambda_l1: 0]
[lambda_l2: 0]
[linear_lambda: 0]
[min_gain_to_split: 0]
[drop_rate: 0.1]
[max_drop: 50]
[skip_drop: 0.5]
[xgboost_dart_mode: 0]
[uniform_drop: 0]
[drop_seed: 17869]
[top_rate: 0.2]
[other_rate: 0.1]
[min_data_per_group: 100]
[max_cat_threshold: 32]
[cat_l2: 10]
[cat_smooth: 10]
[max_cat_to_onehot: 4]
[top_k: 20]
[monotone_constraints: ]
[monotone_constraints_method: basic]
[monotone_penalty: 0]
[feature_contri: ]
[forcedsplits_filename: ]
[refit_decay_rate: 0.9]
[cegb_tradeoff: 1]
[cegb_penalty_split: 0]
[cegb_penalty_feature_lazy: ]
[cegb_penalty_feature_coupled: ]
[path_smooth: 0]
[interaction_constraints: ]
[verbosity: -1]
[saved_feature_importance_type: 0]
[use_quantized_grad: 0]
[num_grad_quant_bins: 4]
[quant_train_renew_leaf: 0]
[stochastic_rounding: 1]
[linear_tree: 0]
[max_bin: 255]
[max_bin_by_feature: ]
[min_data_in_bin: 3]
[bin_construct_sample_cnt: 200000]
[data_random_seed: 175]
[is_enable_sparse: 1]
[enable_bundle: 1]
[use_missing: 1]
[zero_as_missing: 0]
[feature_pre_filter: 1]
[pre_partition: 0]
[two_round: 0]
[header: 0]
[label_column: ]
[weight_column: ]
[group_column: ]
[ignore_column: ]
[categorical_feature: ]
[forcedbins_filename: ]
[precise_float_parser: 0]
[parser_config_file: ]
[objective_seed: 16083]
[num_class: 1]
[is_unbalance: 0]
[scale_pos_weight: 1]
[sigmoid: 1]
[boost_from_average: 1]
[reg_sqrt: 0]
[alpha: 0.9]
[fair_c: 1]
[poisson_max_delta_step: 0.7]
[tweedie_variance_power: 1.5]
[lambdarank_truncation_level: 30]
[lambdarank_norm: 1]
[label_gain: ]
[lambdarank_position_bias_regularization: 0]
[eval_at: ]
[multi_error_top_k: 1]
[auc_mu_weights: ]
[num_machines: 1]
[local_listen_port: 12400]
[time_out: 120]
[machine_list_filename: ]
[machines: ]
[gpu_platform_id: -1]
[gpu_device_id: -1]
[gpu_use_dp: 0]
[num_gpu: 1]

end of parameters

pandas_categorical:[]
