tree
version=v4
num_class=1
num_tree_per_iteration=1
label_index=0
max_feature_idx=48
objective=regression
feature_names=lat lon temperature_2m relative_humidity_2m rain cloud_cover wind_speed_10m surface_pressure hour_sin hour_cos month_sin month_cos is_weekend wind_u wind_v temp_humidity_ratio dry_heat_index wind_speed_pressure dry_wind_index vpd_kpa target_aqi_lag_24 target_aqi_lag_48 target_aqi_lag_72 target_aqi_roll_mean_from_lag24_24 target_aqi_roll_std_from_lag24_24 target_aqi_roll_mean_from_lag24_72 target_aqi_roll_std_from_lag24_72 spatial_target_aqi_fres_lag_24 spatial_target_aqi_fres_openmeteo_lag_24 spatial_target_aqi_la_lag_24 spatial_target_aqi_la_openmeteo_lag_24 spatial_target_aqi_sj_openmeteo_lag_24 spatial_target_aqi_fres_lag_48 spatial_target_aqi_fres_openmeteo_lag_48 spatial_target_aqi_la_lag_48 spatial_target_aqi_la_openmeteo_lag_48 spatial_target_aqi_sj_openmeteo_lag_48 spatial_target_aqi_fres_lag_72 spatial_target_aqi_fres_openmeteo_lag_72 spatial_target_aqi_la_lag_72 spatial_target_aqi_la_openmeteo_lag_72 spatial_target_aqi_sj_openmeteo_lag_72 source_epa_aqs_station source_openmeteo station_id_FRES station_id_FRES_OPENMETEO station_id_LA station_id_LA_OPENMETEO station_id_SJ_OPENMETEO
feature_infos=[34.066428999999999:37.300003051757812] [-121.89999389648438:-118.1999969482422] [-2.6000000000000001:47.700000000000003] [3:100] [0:18.899999999999999] [0:100] [0:45.572356999999997] [984.69970000000001:1027.3054] [-1:1] [-1:1] [-1:1] [-1:1] [0:1] [-37.776973261321814:34.988791027711613] [-37.440027035509083:35.280008221965105] [-0.030952380583900232:10.266663244445585] [-0.41600000000000009:44.128531985000002] [0:0.046227863434486809] [0:32.937999999999995] [0:10.15772431470675] [0:387.05405405405406] [0:387.05405405405406] [0:387.05405405405406] [0.46296296296296297:186.86394012037786] [0.38790724605005622:102.69419189991885] [2.1141975308641974:169.01832936010396] [2.4477177235433785:71.713915019037614] [0:245] [0:186.85622317596568] [0:387.05405405405406] [0:186.85622317596568] [0:186.85622317596568] [0:245] [0:186.85622317596568] [0:387.05405405405406] [0:186.85622317596568] [0:186.85622317596568] [0:245] [0:172.38054363376253] [0:387.05405405405406] [0:181.6337625178827] [0:172.38054363376253] [0:1] [0:1] [0:1] [0:1] [0:1] [0:1] [0:1]
tree_sizes=1451 1519 1517 1526 1527 1525 1523 1521 1520 1514 1532 1531 1531 1521 1520 1534 1518 1529 1521 1536 1526 1532 1520 1510 1508 1508 1529 1531 1525 1519 1514 1518 1525 1520 1530 1533 1514 1518 1519 1531 1523 1518 1512 1517 1519 1514 1530 1520 1514 1522 1501 1533 1526 1517 1517 1520 1516 1514 1514 1535 1514 1528 1521 1517 1518 1516 1525 1512 1520 1526 1526 1526 1521 1526 1521 1514 1517 1508 1526 1522 1522 1519 1522 1525 1520 1532 1527 1531 1516 1520 1510 1520 1501 1522 1529 1529 1486 1516 1528 1516 1518 1530 1503 1523 1525 1507 1513 1508 1506 1516 1521 1522 1533 1521 1526 1528 1509 1525 1528 1510 1516 1515 1537 1519 1505 1530 1498 1504 1531 1539 1530 1518 1538 1534 1527 1484 1512 1528 1508 1511 1523 1512 1517 1528 1521 1502 1518 1528 1513 1528 1525 1521 1518 1522 1541 1522 1513 1514 1517 1528 1511 1503 1517 1519 1526 1518 1534 1521 1510 1505 1525 1509 1509 1536 1519 1534 1534 1526 1505 1503 1523 1505 1499 1532 1501 1534 1522 1514 1523 1512 1515 1523 1527 1521 1511 1528 1525 1507 1526 1524 1488 1513 1525 1507 1538 1518 1518 1509 1501 1518 1520 1529 1533 1533 1515 1510 1510 1531 1529 1516 1522 1524 1525 1515 1532 1517 1510 1525 1519 1507 1515 1542 1525 1510 1514 1540 1542 1516 1522 1509 1499 1523 1510 1514 1520 1506 1524 1532 1525 1528 1504 1511 1524 1518 1515 1533 1504 1510 1509 1526 1512 1530 1526 1541 1510 1526 1510 1530 1522 1504 1513 1542 1502 1521 1531 1499 1536 1530 1542 1521 1523 1527 1531 1515 1534 1535 1529 1529 1519 1511 1510 1533 1525 1527 1511 1529 1506 1532 1526 1519 1522 1516 1534 1528 1513 1517 1524 1521 1527 1519 1531 1529 1519 1531 1520 1526 1532 1525 1511 1516 1540 1537 1525 1517 1523 1515 1507 1520 1512 1506 1523 1502 1494 1530 1537 1523 1531 1535 1499 1521 1537 1508 1508 1532 1540 1528 1519 1537 1506 1529 1530 1499 1509 1514 1525 1530 1509 1524 1543 1523 1527 1520 1516 1515 1536 1544 1506 1538 1540 1522 1521 1517 1546 1546 1530 1532 1523 1511 1528 1540 1496 1510 1515 1535 1510 1514 1481 1519 1525 1529 1519 1501 1479 1526 1529 1523 1532 1542 1514 1532 1499 1535 1548 1524 1497 1551 1517 1490 1522 1500 1516 1522 1387 1520 1524 1511 1465 1520 1395 1536 1485 1522 1497 1386 1506 1526 1333 1478 1539 1543 1491 1528 1508 1517 1535 1554 1533 1514 1494 1514 1339 1552 1523 1543 1301 1504 1515 1535 1542 1539 1536 1528 1307 1535 1552 1396 1510 1522 1498 1535 1485 1523 1494 1519 1508 1541 1504 1392 1550 1533

Tree=0
num_leaves=15
num_cat=0
split_feature=20 0 20 1 10 6 20 7 1 20 26 21 6 6
split_gain=1.08822e+07 2.39216e+06 2.06387e+06 900591 806882 552821 537535 484460 439043 435685 333369 312786 306733 166626
threshold=63.309885931558945 36.742692288818368 90.777566539923967 -118.21337597412109 1.0000000180025095e-35 9.2040960000000016 52.513783269961984 1003.9001350000001 -118.21337597412109 51.585551330798488 37.086813248856139 97.422686945500644 10.197528500000002 8.5143285000000031
decision_type=2 2 2 2 2 2 2 2 2 2 2 2 2 2
left_child=1 3 5 6 9 8 -1 10 -2 -3 -4 -9 -6 -5
right_child=2 4 7 13 12 -7 -8 11 -10 -11 -12 -13 -14 -15
leaf_value=53.297718985141131 53.476550745245753 53.257023285722966 53.518546803473292 53.49029959670326 53.235557360833909 53.402750361955029 53.372501238256334 53.664461235010648 53.587662227841498 53.350389664836754 53.910552826491809 53.836219263722754 53.155810057773515 53.400279820974923
leaf_weight=20839 13882 14045 2173 4309 11485 7375 17841 2620 4781 7759 241 1781 8315 3933
leaf_count=20839 13882 14045 2173 4309 11485 7375 17841 2620 4781 7759 241 1781 8315 3933
internal_value=53.3612 53.3035 53.5166 53.3524 53.2483 53.476 53.3322 53.6715 53.505 53.2902 53.5577 53.734 53.2021 53.4473
internal_weight=121379 88526 32853 46922 41604 26038 38680 6815 18663 21804 2414 4401 19800 8242
internal_count=121379 88526 32853 46922 41604 26038 38680 6815 18663 21804 2414 4401 19800 8242
is_linear=0
shrinkage=1


Tree=1
num_leaves=15
num_cat=0
split_feature=20 0 20 1 10 17 20 7 1 20 21 13 10 13
split_gain=1.06657e+07 2.34455e+06 2.0228e+06 882669 790826 545813 528617 474820 431127 427015 306562 305285 242396 175173
threshold=63.309885931558945 36.742692288818368 90.777566539923967 -118.21337597412109 1.0000000180025095e-35 0.0091403087475713397 49.469696969696976 1003.9001350000001 -118.21337597412109 51.585551330798488 97.422686945500644 -6.1435057128842345 -0.24999999999999994 -3.4200002752505791
decision_type=2 2 2 2 2 2 2 2 2 2 2 2 2 2
left_child=1 3 5 6 9 8 -1 12 -2 -3 -9 -6 -4 -5
right_child=2 4 7 13 11 -7 -8 10 -10 -11 -12 -13 -14 -15
leaf_value=-0.070224630407347763 0.11446429016061821 -0.10310382483831693 0.26828753795460492 0.041652386550949105 -0.25922636937540899 0.04166310733116798 0.0042184572757803119 0.30025973936461819 0.22478223551569457 -0.010671110860825752 0.47030018577129407 -0.14235174923457922 0.058375454140335042 0.13399231880795709
leaf_weight=17087 13783 14045 1566 4345 2568 7487 21593 2620 4768 7759 1781 17232 848 3897
leaf_count=17087 13783 14045 1566 4345 2568 7487 21593 2620 4768 7759 1781 17232 848 3897
internal_value=4.78727e-10 -0.057105 0.153876 -0.00864608 -0.111758 0.113732 -0.028667 0.307253 0.142818 -0.0702114 0.369072 -0.15751 0.194549 0.0853128
internal_weight=121379 88526 32853 46922 41604 26038 38680 6815 18551 21804 4401 19800 2414 8242
internal_count=121379 88526 32853 46922 41604 26038 38680 6815 18551 21804 4401 19800 2414 8242
is_linear=0
shrinkage=0.01


Tree=2
num_leaves=15
num_cat=0
split_feature=20 0 20 6 20 0 4 4 1 7 13 26 21 13
split_gain=1.04534e+07 2.30071e+06 1.98254e+06 975911 648031 593645 543751 493711 470158 465371 354933 325698 300461 171687
threshold=63.309885931558945 35.400001525878913 90.777566539923967 11.501556500000001 49.469696969696976 34.083213737060554 1.0000000180025095e-35 1.0000000180025095e-35 -118.21337597412109 1003.9001350000001 -1.4399957836446202 37.086813248856139 97.422686945500644 -3.4200002752505791
decision_type=2 2 2 2 2 2 2 2 2 2 2 2 2 2
left_child=1 5 6 4 -3 7 8 -1 -2 11 -5 -4 -11 -7
right_child=2 3 9 10 -6 13 -8 -9 -10 12 -12 -13 -14 -15
leaf_value=-0.0012986898732972002 0.097625148845515888 -0.10168593790128236 0.15392046173136584 -0.25483779790156091 -0.020397200530759552 0.04123586154308586 -0.088714546736177985 -0.17723439405831987 0.19788828502724165 0.29725713877627302 -0.13742230146236054 0.54139046006913283 0.46559719406674915 0.13265239579138968
leaf_weight=21950 18503 24322 2173 3234 16433 4345 1276 1720 6259 2620 12625 241 1781 3897
leaf_count=21950 18503 24322 2173 3234 16433 4345 1276 1720 6259 2620 12625 241 1781 3897
internal_value=-4.46074e-10 -0.056534 0.152337 -0.0948086 -0.0689092 0.0113677 0.112595 -0.0140832 0.122968 0.30418 -0.161366 0.192603 0.365381 0.0844596
internal_weight=121379 88526 32853 56614 40755 31912 26038 23670 24762 6815 15859 2414 4401 8242
internal_count=121379 88526 32853 56614 40755 31912 26038 23670 24762 6815 15859 2414 4401 8242
is_linear=0
shrinkage=0.01


Tree=3
num_leaves=15
num_cat=0
split_feature=20 0 20 47 10 17 20 7 47 20 17 0 10 13
split_gain=1.02454e+07 2.26212e+06 1.94309e+06 845959 771238 533122 513839 456110 415031 412568 296255 294234 236548 168270
threshold=63.309885931558945 36.742692288818368 90.777566539923967 1.0000000180025095e-35 1.0000000180025095e-35 0.0091403087475713397 52.513783269961984 1003.9001350000001 1.0000000180025095e-35 51.585551330798488 0.010145101861072208 34.083213737060554 -0.24999999999999994 -3.4200002752505791
decision_type=2 2 2 2 2 2 2 2 2 2 2 2 2 2
left_child=1 3 5 6 9 8 -1 12 -2 -3 -6 -9 -4 -5
right_child=2 4 7 13 10 -7 -8 11 -10 -11 -12 -13 -14 -15
leaf_value=-0.061693519225528397 0.11239517484237838 -0.10095464466239554 0.26352112181727344 0.040823504235505438 -0.12212554074603872 0.040242662556285717 0.01142187179068851 0.17275320458448673 0.22063427280140854 -0.010098946763600812 -0.20057865060269742 0.397105786873996 0.056156542212438751 0.13132587117098765
leaf_weight=20839 13783 14045 1566 4345 11545 7487 17841 694 4768 7759 8255 3707 848 3897
leaf_count=20839 13783 14045 1566 4345 11545 7487 17841 694 4768 7759 8255 3707 848 3897
internal_value=-4.04753e-11 -0.0559686 0.150814 -0.00836918 -0.109652 0.111469 -0.0279693 0.301138 0.140215 -0.0686235 -0.154834 0.361727 0.190677 0.083615
internal_weight=121379 88526 32853 46922 41604 26038 38680 6815 18551 21804 19800 4401 2414 8242
internal_count=121379 88526 32853 46922 41604 26038 38680 6815 18551 21804 19800 4401 2414 8242
is_linear=0
shrinkage=0.01


Tree=4
num_leaves=15
num_cat=0
split_feature=20 20 20 47 47 6 17 47 6 13 20 5 13 15
split_gain=1.00415e+07 2.18106e+06 1.90442e+06 665749 627829 592575 522513 406772 390283 389037 277792 166332 124053 82353.4
threshold=63.309885931558945 49.469696969696976 90.777566539923967 1.0000000180025095e-35 1.0000000180025095e-35 11.604825500000002 0.0091403087475713397 1.0000000180025095e-35 9.5021360000000019 -3.6395112183865925 126.91582914572867 28.500000000000004 -3.4200002752505791 0.13255862016072431
decision_type=2 2 2 2 2 2 2 2 2 2 2 2 2 2
left_child=1 3 6 5 8 -1 7 -2 -3 -4 -11 -8 -6 -5
right_child=2 4 9 13 12 -7 11 -9 -10 10 -12 -13 -14 -15
leaf_value=-0.087371606108012645 0.11127122550504095 0.0061257298978474586 0.14784352308433163 0.18741355210846011 0.053206533731538351 -0.16751857907004256 0.078487939258227335 0.2184279304628273 -0.064178554955064235 0.29018920512809721 0.44730872293279078 -0.017643411177782918 0.14739043320312037 0.030304853379408733
leaf_weight=31986 13783 23422 1375 393 3075 12964 4477 4768 11912 3850 1590 3010 2565 2209
leaf_count=31986 13783 23422 1375 393 3075 12964 4477 4768 11912 3850 1590 3010 2565 2209
internal_value=8.18587e-11 -0.055409 0.149306 -0.101484 -0.00193663 -0.110487 0.110354 0.138813 -0.0175757 0.298127 0.336112 0.0398402 0.0960402 0.0540342
internal_weight=121379 88526 32853 47552 40974 44950 26038 18551 35334 6815 5440 7487 5640 2602
internal_count=121379 88526 32853 47552 40974 44950 26038 18551 35334 6815 5440 7487 5640 2602
is_linear=0
shrinkage=0.01


Tree=5
num_leaves=15
num_cat=0
split_feature=20 1 20 6 20 1 4 7 4 1 13 46 10 13
split_gain=9.84169e+06 2.19097e+06 1.86669e+06 931260 611906 552971 508466 484790 481242 422048 346303 317971 232730 162188
threshold=63.309885931558945 -118.99998249999999 88.666032953105216 11.501556500000001 49.469696969696976 -118.21337597412109 1.0000000180025095e-35 1003.9999500000001 1.0000000180025095e-35 -118.21337597412109 -0.71998775823832639 1.0000000180025095e-35 -0.24999999999999994 -3.4200002752505791
decision_type=2 2 2 2 2 2 2 2 2 2 2 2 2 2
left_child=1 3 6 4 -1 8 9 12 -3 -2 -5 -9 -4 -7
right_child=2 5 7 10 -6 13 -8 11 -10 -11 -12 -13 -14 -15
leaf_value=-0.098755534341795528 0.092815126621049723 -0.0005339408428906749 0.24795866122864152 -0.24905173383773649 -0.019765084029579934 0.039940019062725596 -0.090368658381385483 0.38217543033886209 -0.17423370891810547 0.18950191221137552 -0.1334430968876231 0.16184507028144354 0.053860499356893729 0.12879175874751853
leaf_weight=24322 18082 21950 1736 3262 16433 4345 1244 4033 1720 6017 12597 782 959 3897
leaf_count=24322 18082 21950 1736 3262 16433 4345 1244 4033 1720 6017 12597 782 959 3897
internal_value=2.55718e-10 -0.0548549 0.147812 -0.0922055 -0.0669055 0.0114076 0.106779 0.286283 -0.013156 0.116956 -0.157222 0.346392 0.17889 0.0819511
internal_weight=121379 88526 32853 56614 40755 31912 25343 7510 23670 24099 15859 4815 2695 8242
internal_count=121379 88526 32853 56614 40755 31912 25343 7510 23670 24099 15859 4815 2695 8242
is_linear=0
shrinkage=0.01


Tree=6
num_leaves=15
num_cat=0
split_feature=20 0 20 1 6 4 20 5 1 13 27 13 17 14
split_gain=9.64584e+06 2.16125e+06 1.83133e+06 790392 734423 517534 489139 438835 437214 378608 297013 291918 159548 132952
threshold=63.309885931558945 36.742692288818368 90.777566539923967 -118.21337597412109 10.904475500000002 1.0000000180025095e-35 52.513783269961984 3.5000000000000004 -118.21337597412109 -3.6395112183865925 127.71608040201006 -0.71998775823832639 0.0084881193115671858 3.5655606295224822
decision_type=2 2 2 2 2 2 2 2 2 2 2 2 2 2
left_child=1 3 5 6 7 8 -1 -3 -2 13 -11 -6 -5 -4
right_child=2 4 9 12 11 -7 -8 -9 -10 10 -12 -13 -14 -15
leaf_value=-0.059629435259278128 0.093819012119848666 -0.033592287159756887 0.21226224854564926 0.12313509581910131 -0.25806710089742607 -0.088258591830594674 0.011706961529401665 -0.11300450183363497 0.19050563424333447 0.29371408956780642 0.48127804561194626 -0.14361473522777066 0.035045273633716442 0.0023336950732474227
leaf_weight=20839 18503 12497 928 4312 2823 1276 17841 15702 6259 4395 1045 10582 3930 447
leaf_count=20839 18503 12497 928 4312 2823 1276 17841 15702 6259 4395 1045 10582 3930 447
internal_value=-3.41133e-11 -0.0543063 0.146334 -0.0077803 -0.106779 0.108138 -0.0267258 -0.0778113 0.118258 0.292272 0.329744 -0.167718 0.0811316 0.144016
internal_weight=121379 88526 32853 46922 41604 26038 38680 28199 24762 6815 5440 13405 8242 1375
internal_count=121379 88526 32853 46922 41604 26038 38680 28199 24762 6815 5440 13405 8242 1375
is_linear=0
shrinkage=0.01


Tree=7
num_leaves=15
num_cat=0
split_feature=20 0 20 1 10 4 20 7 1 20 26 0 13 13
split_gain=9.45389e+06 2.11824e+06 1.79503e+06 774663 744595 488384 479688 473648 405335 390133 327606 310945 280833 157601
threshold=63.309885931558945 36.742692288818368 88.666032953105216 -118.21337597412109 1.0000000180025095e-35 1.0000000180025095e-35 49.469696969696976 1003.9999500000001 -118.21337597412109 51.752412986253297 37.086813248856139 34.083213737060554 -6.1435057128842345 -3.4200002752505791
decision_type=2 2 2 2 2 2 2 2 2 2 2 2 2 2
left_child=1 3 5 6 9 8 -1 10 -2 -3 -4 -9 -6 -5
right_child=2 4 7 13 12 -7 -8 11 -10 -11 -12 -13 -14 -15
leaf_value=-0.066046190809610786 0.090948786394399281 -0.096232783403265257 0.13940608377237684 0.038907548103048563 -0.24766379031284519 -0.088582387210165273 0.0048680080557100998 0.15757532280067083 0.18570183338032464 -0.007370676006245378 0.52083426552133694 0.37545782131601763 -0.13556754813512392 0.12649378700314359
leaf_weight=17087 18082 14238 2447 4345 2568 1244 21593 782 6017 7566 248 4033 17232 3897
leaf_count=17087 18082 14238 2447 4345 2568 1244 21593 782 6017 7566 248 4033 17232 3897
internal_value=-8.01065e-11 -0.0537633 0.144871 -0.0077025 -0.105712 0.104633 -0.0264585 0.280658 0.114607 -0.0653976 0.174506 0.340072 -0.150106 0.0803203
internal_weight=121379 88526 32853 46922 41604 25343 38680 7510 24099 21804 2695 4815 19800 8242
internal_count=121379 88526 32853 46922 41604 25343 38680 7510 24099 21804 2695 4815 19800 8242
is_linear=0
shrinkage=0.01


Tree=8
num_leaves=15
num_cat=0
split_feature=25 25 1 27 13 27 4 4 13 14 30 44 1 5
split_gain=7.95087e+06 1.57765e+06 1.36011e+06 802510 710372 547604 525569 490612 419334 397965 383916 194141 102292 76813.9
threshold=57.951385955029814 75.638842153545767 -118.99998249999999 109.92587939698494 -6.1435057128842345 52.685678073510779 1.0000000180025095e-35 1.0000000180025095e-35 -3.6038599958286786 -4.6390494149356583 52.864350091536416 1.0000000180025095e-35 -118.21337597412109 32.500000000000007
decision_type=2 2 2 2 2 2 2 2 2 2 2 2 2 2
left_child=2 6 4 8 13 -6 9 10 -3 -2 -4 -5 -8 -1
right_child=1 3 7 11 5 -7 12 -9 -10 -11 -12 -13 -14 -15
leaf_value=-0.119763238040416 0.029973986940531012 0.073688486682018939 -0.03167558562211862 0.23082071826564171 -0.098913890417246117 -0.030540163105481331 -0.15980610174769669 -0.14922115192647462 0.21876011175837246 0.10978521976028216 0.053088864598428008 0.47584746377678622 0.01453819028783317 -0.22864230967662635
leaf_weight=794 9237 2792 9115 435 33602 17982 1065 1906 6958 19305 12913 1260 492 3523
leaf_count=794 9237 2792 9115 435 33602 17982 1065 1906 6958 19305 12913 1260 492 3523
internal_value=7.10306e-11 0.112196 -0.0583839 0.212132 -0.0853916 -0.0750791 0.0741962 0.00469617 0.177218 0.083956 0.0180141 0.412964 -0.104715 -0.208617
internal_weight=121379 41544 79835 11445 55901 51584 30099 23934 9750 28542 22028 1695 1557 4317
internal_count=121379 41544 79835 11445 55901 51584 30099 23934 9750 28542 22028 1695 1557 4317
is_linear=0
shrinkage=0.01


Tree=9
num_leaves=15
num_cat=0
split_feature=23 0 23 1 6 7 17 4 5 26 1 21 13 5
split_gain=8.04593e+06 1.9366e+06 1.68649e+06 854315 742968 670730 596624 430486 417218 392400 333893 285995 223950 199120
threshold=60.936628643852991 36.742692288818368 82.64589114067735 -118.21337597412109 11.501556500000001 1003.9001350000001 0.0088681597206579123 1.0000000180025095e-35 20.500000000000004 37.086813248856139 -118.21337597412109 97.422686945500644 -1.4399957836446202 28.500000000000004
decision_type=2 2 2 2 2 2 2 2 2 2 2 2 2 2
left_child=1 3 6 7 8 9 10 -1 -3 -4 -2 -7 -6 -8
right_child=2 4 5 -5 12 11 13 -9 -10 -11 -12 -13 -14 -15
leaf_value=-0.01552245829239058 0.094838103466489673 -0.041126423545663371 0.088722577034758998 0.099852191945434349 -0.25292892527197919 0.25200053690539898 0.058191605095717656 -0.14724965732943948 -0.11632639836579874 0.44726804172208662 0.19173583906475539 0.39833344844818469 -0.14651542152911148 -0.035590624005284253
leaf_weight=34520 13023 16191 2709 6429 2515 3144 6259 2673 13554 344 4892 2322 9257 3547
leaf_count=34520 13023 16191 2709 6429 2515 3144 6259 2673 13554 344 4892 2322 9257 3547
internal_value=-1.27415e-11 -0.0531185 0.124792 -0.00659034 -0.102006 0.247849 0.0869748 -0.0249895 -0.075393 0.129122 0.121298 0.314164 -0.16925 0.0242689
internal_weight=121379 85139 36240 43622 41517 8519 27721 37193 29745 3053 17915 5466 11772 9806
internal_count=121379 85139 36240 43622 41517 8519 27721 37193 29745 3053 17915 5466 11772 9806
is_linear=0
shrinkage=0.01


Tree=10
num_leaves=15
num_cat=0
split_feature=20 0 20 10 20 17 31 13 25 17 20 4 25 0
split_gain=9.01562e+06 2.00283e+06 1.70909e+06 716982 601185 494867 377354 361464 325589 264617 260299 198852 197580 139742
threshold=63.309885931558945 36.742692288818368 90.777566539923967 1.0000000180025095e-35 52.513783269961984 0.0093717324709117981 53.051277989015638 -3.6395112183865925 68.332596286011594 0.010145101861072208 126.91582914572867 1.0000000180025095e-35 55.68089349484125 35.400001525878913
decision_type=2 2 2 2 2 2 2 2 2 2 2 2 2 2
left_child=1 4 5 6 12 8 -3 -4 -2 -5 -9 -6 -1 -7
right_child=2 3 7 9 11 13 -8 10 -10 -11 -12 -13 -14 -15
leaf_value=-0.058561912082757794 0.10279399294815653 -0.089375215459022592 0.13759620065313172 -0.11566642356434176 0.036369222717556403 0.066809854959434617 0.0033158056311903845 0.27461678764880576 0.19165230611645562 -0.18981212565877412 0.42670900035986925 -0.09357527111906612 0.0080653262304536798 -0.025454328223454899
leaf_weight=18331 12855 15707 1375 11545 21467 4541 6097 3850 6071 8255 1590 1246 5878 2571
leaf_count=18331 12855 15707 1375 11545 21467 4541 6097 3850 6071 8255 1590 1246 5878 2571
internal_value=1.31983e-10 -0.0525023 0.141473 -0.103016 -0.0077138 0.104573 -0.0634562 0.282456 0.131298 -0.146579 0.31907 0.0292407 -0.0423847 0.0334562
internal_weight=121379 88526 32853 41604 46922 26038 21804 6815 18926 19800 5440 22713 24209 7112
internal_count=121379 88526 32853 41604 46922 26038 21804 6815 18926 19800 5440 22713 24209 7112
is_linear=0
shrinkage=0.01


Tree=11
num_leaves=15
num_cat=0
split_feature=23 0 23 47 17 7 17 10 26 28 47 27 13 13
split_gain=7.74839e+06 1.86149e+06 1.6245e+06 833357 717967 654709 576791 441786 383446 341404 325192 321488 229850 196048
threshold=60.936628643852991 36.742692288818368 82.64589114067735 1.0000000180025095e-35 0.011229225788052617 1003.9001350000001 0.0088681597206579123 -1.0000000180025095e-35 37.086813248856139 56.595057034220538 1.0000000180025095e-35 107.95603015075379 -1.4399957836446202 -2.5200018856373521
decision_type=2 2 2 2 2 2 2 2 2 2 2 2 2 2
left_child=1 3 6 9 7 8 10 -3 -4 -1 -2 -7 -6 -5
right_child=2 4 5 13 12 11 -8 -9 -10 -11 -12 -13 -14 -15
leaf_value=-0.043005999148280322 0.092982299235809751 -0.038151869837420339 0.086000567429563898 0.044054493579572328 -0.24778159879889339 0.26842759536487576 0.023692453251317969 -0.11630965413409197 0.44043174784265382 0.025412519044951995 0.18860906261238533 0.45460123656877643 -0.14183521478986694 0.15450569519798291
leaf_weight=27232 13023 16161 2709 3253 2598 4282 9806 13090 344 9961 4892 1184 9668 3176
leaf_count=27232 13023 16161 2709 3253 2598 4282 9806 13090 344 9961 4892 1184 9668 3176
internal_value=-2.18924e-11 -0.0521271 0.122463 -0.00651015 -0.100057 0.243237 0.0853473 -0.073128 0.125936 -0.0246822 0.119095 0.308755 -0.164275 0.0986187
internal_weight=121379 85139 36240 43622 41517 8519 27721 29251 3053 37193 17915 5466 12266 6429
internal_count=121379 85139 36240 43622 41517 8519 27721 29251 3053 37193 17915 5466 12266 6429
is_linear=0
shrinkage=0.01


Tree=12
num_leaves=15
num_cat=0
split_feature=25 21 0 17 17 7 1 10 4 1 27 15 13 10
split_gain=7.39843e+06 1.47086e+06 1.37849e+06 734943 701925 623704 582003 442965 399472 392267 373103 255611 216513 184342
threshold=57.951385955029814 88.10709759188849 36.742692288818368 0.011229225788052617 0.0091902312141039118 1003.9001350000001 -118.21337597412109 1.0000000180025095e-35 1.0000000180025095e-35 -118.21337597412109 107.95603015075379 0.44897797312071414 -0.71998775823832639 -0.6830127018922193
decision_type=2 2 2 2 2 2 2 2 2 2 2 2 2 2
left_child=2 4 6 7 9 13 8 -4 -1 -2 -7 -6 -5 -3
right_child=1 5 3 12 11 10 -8 -9 -10 -11 -12 -13 -14 -15
leaf_value=-0.017715346544853752 0.086390655005312414 0.211349307561534 -0.033582616891614507 -0.2453535198891055 -0.028012721741540757 0.25887709952930577 0.093856341307131413 -0.11188868958073021 -0.14773708249405815 0.17835153132931719 0.47515373139192951 0.065560220343988201 -0.14056417700043708 0.045199809639160017
leaf_weight=31588 15900 1162 15830 2480 5983 3659 4474 13288 2554 6549 1020 5701 9621 1570
leaf_count=31588 15900 1162 15830 2480 5983 3659 4474 13288 2554 6549 1020 5701 9621 1570
internal_value=-6.71505e-11 0.108228 -0.0563191 -0.0965388 0.0805026 0.235925 -0.0133882 -0.0693176 -0.0274417 0.113218 0.306024 0.0176445 -0.16204 0.115868
internal_weight=121379 41544 79835 41219 34133 7411 38616 29118 34142 22449 4679 11684 12101 2732
internal_count=121379 41544 79835 41219 34133 7411 38616 29118 34142 22449 4679 11684 12101 2732
is_linear=0
shrinkage=0.01


Tree=13
num_leaves=15
num_cat=0
split_feature=23 23 1 6 7 6 1 26 1 4 21 27 14 1
split_gain=7.47541e+06 1.82598e+06 1.44875e+06 835126 697156 577908 533778 389863 368964 366208 352521 324674 243580 221868
threshold=58.886626883537538 80.847202319158114 -118.99998249999999 11.501556500000001 1003.9001350000001 9.9923645000000025 -118.21337597412109 37.086813248856139 -118.21337597412109 1.0000000180025095e-35 52.1411596958175 107.95603015075379 8.5970203463174008e-16 -118.99998249999999
decision_type=2 2 2 2 2 2 2 2 2 2 2 2 2 2
left_child=2 5 3 10 7 8 9 -3 -2 -4 -1 -6 -5 -7
right_child=1 4 6 12 11 13 -8 -9 -10 -11 -12 -13 -14 -15
leaf_value=-0.082357100798690505 0.07644100643357242 0.080871822151854053 -0.0049601818640442894 -0.12842020259420975 0.2585250579934309 -0.064650018625295222 0.094749677079626116 0.4326597725016269 0.16879019180148419 -0.16147856360600976 -0.018893965612075892 0.44079943626742285 -0.22786276357239721 0.039859815221291339
leaf_weight=26514 16749 3074 18277 11946 4816 2957 5350 351 5833 1628 13066 1226 3103 6489
leaf_count=26514 16749 3074 18277 11946 4816 2957 5350 351 5833 1628 13066 1226 3103 6489
internal_value=-2.38109e-11 0.108887 -0.0565606 -0.0855159 0.230901 0.072822 0.00607272 0.116924 0.100295 -0.0177616 -0.0614069 0.295511 -0.148925 0.00714379
internal_weight=121379 41495 79884 54629 9467 32028 25255 3425 22582 19905 39580 6042 15049 9446
internal_count=121379 41495 79884 54629 9467 32028 25255 3425 22582 19905 39580 6042 15049 9446
is_linear=0
shrinkage=0.01


Tree=14
num_leaves=15
num_cat=0
split_feature=20 20 20 0 0 4 7 4 1 6 26 0 1 4
split_gain=8.47862e+06 1.89559e+06 1.60406e+06 683553 610873 457956 450801 362574 353961 316392 300352 297104 275258 210297
threshold=63.309885931558945 49.469696969696976 88.10709759188849 36.742692288818368 35.400001525878913 1.0000000180025095e-35 1003.9001350000001 1.0000000180025095e-35 -118.21337597412109 11.001790500000002 37.086813248856139 34.083213737060554 -118.21337597412109 1.0000000180025095e-35
decision_type=2 2 2 2 2 2 2 2 2 2 2 2 2 2
left_child=1 3 5 12 13 8 10 -5 -2 -6 -4 -8 -1 -3
right_child=2 4 6 7 9 -7 11 -9 -10 -11 -12 -13 -14 -15
leaf_value=-0.063356918221114181 0.086109815855101371 0.047584515224276681 0.12786359031889707 -0.11395783316133558 -0.014946957093981299 -0.089014200291943166 0.14378758799641822 -0.23618198606243174 0.17514159243585986 -0.10216896664727849 0.49137461229419865 0.35446932781840318 0.047049664305714528 -0.093797004378716201
leaf_weight=17087 17970 18368 2503 25177 15852 1238 798 2686 5942 5638 250 4152 2602 1116
leaf_count=17087 17970 18368 2503 25177 15852 1238 798 2686 5942 5638 250 4152 2602 1116
internal_value=1.88895e-10 -0.0509147 0.137195 -0.093869 -0.0010644 0.0985243 0.263454 -0.12574 0.108234 -0.0378301 0.160874 0.320505 -0.0487661 0.0394865
internal_weight=121379 88526 32853 47552 40974 25150 7703 27863 23912 21490 2753 4950 19689 19484
internal_count=121379 88526 32853 47552 40974 25150 7703 27863 23912 21490 2753 4950 19689 19484
is_linear=0
shrinkage=0.01


Tree=15
num_leaves=15
num_cat=0
split_feature=23 0 23 47 10 6 27 31 4 6 47 15 5 13
split_gain=7.20422e+06 1.73023e+06 1.51524e+06 771978 679863 538780 521410 413054 399316 371085 297980 269063 190494 190385
threshold=60.936628643852991 36.742692288818368 82.64589114067735 1.0000000180025095e-35 1.0000000180025095e-35 8.8965830000000015 119.34422110552765 52.308196028728361 1.0000000180025095e-35 10.904475500000002 1.0000000180025095e-35 0.066467786364130685 28.500000000000004 -2.5200018856373521
decision_type=2 2 2 2 2 2 2 2 2 2 2 2 2 2
left_child=1 3 5 8 7 10 9 -3 -1 -4 -2 -6 -7 -5
right_child=2 4 6 13 11 12 -8 -9 -10 -11 -12 -13 -14 -15
leaf_value=-0.01465629656311372 0.089915378852260655 -0.087471646208935619 0.2355312829525309 0.041128777918500552 0.00072637588611974781 0.056083653429875778 0.41916867076037156 0.0065905855941098901 -0.14152485602396986 0.050325199084747405 0.18151553430689998 -0.14786921645802051 -0.035313654306372531 0.14997313453778927
leaf_weight=34520 12966 14537 5895 3253 1303 6285 1299 6877 2673 1325 4891 18800 3579 3176
leaf_count=34520 12966 14537 5895 3253 1303 6285 1299 6877 2673 1325 4891 18800 3579 3176
internal_value=4.57927e-11 -0.0502634 0.118084 -0.00628409 -0.0964724 0.0822385 0.234727 -0.057264 -0.0237741 0.201543 0.115004 -0.138238 0.0229216 0.0948991
internal_weight=121379 85139 36240 43622 41517 27721 8519 21414 37193 7220 17857 20103 9864 6429
internal_count=121379 85139 36240 43622 41517 27721 8519 21414 37193 7220 17857 20103 9864 6429
is_linear=0
shrinkage=0.01


Tree=16
num_leaves=15
num_cat=0
split_feature=20 20 20 0 0 4 20 13 7 6 0 10 4 25
split_gain=8.18944e+06 1.858e+06 1.53057e+06 652539 593847 474787 382616 355601 338689 312666 251135 213549 207969 140585
threshold=63.513941698352362 49.469696969696976 92.60963244613437 36.742692288818368 35.400001525878913 1.0000000180025095e-35 74.692648922686956 -6.4799964402257544 1003.9999500000001 11.001790500000002 34.083213737060554 -0.24999999999999994 1.0000000180025095e-35 56.370340738393658
decision_type=2 2 2 2 2 2 2 2 2 2 2 2 2 2
left_child=1 3 5 13 12 6 -2 -5 11 -6 -10 -4 -3 -1
right_child=2 4 8 7 9 -7 -8 -9 10 -11 -12 -13 -14 -15
leaf_value=-0.061728816835236837 0.082511303855591078 0.04713156362436114 0.24924117466477849 -0.2351763698842522 -0.014096552629890537 -0.084842303937187349 0.16379788390996972 -0.11199504316741608 0.14523053282037915 -0.1004646895010558 0.36526452456703185 0.041952360050588985 -0.093009255068318183 0.0045978770018070304
leaf_weight=15675 15862 18562 1429 2583 15987 1286 9120 25280 612 5681 3403 762 1123 4014
leaf_count=15675 15862 18562 1429 2583 15987 1286 9120 25280 612 5681 3403 762 1123 4014
internal_value=1.86268e-10 -0.0496433 0.13591 -0.0922745 -0.000621353 0.10254 0.112186 -0.123414 0.277153 -0.0367409 0.331725 0.177149 0.0391367 -0.0482068
internal_weight=121379 88905 32474 47552 41353 26268 24982 27863 6206 21668 4015 2191 19685 19689
internal_count=121379 88905 32474 47552 41353 26268 24982 27863 6206 21668 4015 2191 19685 19689
is_linear=0
shrinkage=0.01


Tree=17
num_leaves=15
num_cat=0
split_feature=20 20 20 0 0 4 4 6 13 17 1 4 0 4
split_gain=8.02949e+06 2.09845e+06 1.28288e+06 651557 639553 434814 351758 349101 318062 309014 262714 229529 227679 86285.8
threshold=65.550950570342224 49.469696969696976 92.60963244613437 35.400001525878913 36.742692288818368 1.0000000180025095e-35 1.0000000180025095e-35 11.001790500000002 -3.5988016550849666 0.0093179722887416997 -118.21337597412109 1.0000000180025095e-35 34.083213737060554 1.0000000180025095e-35
decision_type=2 2 2 2 2 2 2 2 2 2 2 2 2 2
left_child=1 4 5 11 10 9 -6 -5 13 -2 -1 -3 -10 -4
right_child=2 3 8 7 6 -7 -8 -9 12 -11 -12 -13 -14 -15
leaf_value=-0.06197916831427161 0.14385480799308822 0.05055192153673569 0.16197771971650485 -0.010357813205145954 -0.11057487111529227 -0.085046491276253258 -0.23096231546922852 -0.09870131908415207 0.12936257433408366 0.055575583732823251 0.045882455148091188 -0.088545091233581952 0.33668829037446385 -0.11246069945453659
leaf_weight=17087 15788 20821 1170 17365 25177 1069 2686 6025 604 5295 2602 1258 4305 127
leaf_count=17087 15788 20821 1170 17365 25177 1069 2686 6025 604 5295 2602 1258 4305 127
internal_value=-1.39005e-10 -0.0449076 0.147308 0.00366432 -0.0913518 0.111707 -0.12218 -0.0331141 0.274381 0.121683 -0.0477247 0.0426266 0.311179 0.135105
internal_weight=121379 93021 28358 45469 47552 22152 27863 23390 6206 21083 19689 22079 4909 1297
internal_count=121379 93021 28358 45469 47552 22152 27863 23390 6206 21083 19689 22079 4909 1297
is_linear=0
shrinkage=0.01


Tree=18
num_leaves=15
num_cat=0
split_feature=20 20 20 0 0 7 17 13 1 6 1 20 1 5
split_gain=7.87236e+06 1.75899e+06 1.4893e+06 626826 564936 432649 411444 346042 300235 296089 257486 246964 177640 153133
threshold=63.309885931558945 49.469696969696976 88.10709759188849 36.742692288818368 35.400001525878913 1007.6001000000001 0.0091403087475713397 -6.4799964402257544 -118.21337597412109 11.001790500000002 -118.21337597412109 136.85125628140707 -118.21337597412109 28.500000000000004
decision_type=2 2 2 2 2 2 2 2 2 2 2 2 2 2
left_child=1 3 6 10 12 11 8 -5 -2 -6 -1 -4 -3 -8
right_child=2 4 5 7 9 -7 13 -9 -10 -11 -12 -13 -14 -15
leaf_value=-0.061359376475765517 0.096915524982457757 0.018683713188654947 0.16497262229012941 -0.23120803634735257 -0.014259631720915347 0.35610751609612712 0.068860631452011115 -0.10969362613162903 0.19124276903104309 -0.098636712491619344 0.04542363147572278 0.34407463461588089 0.085263059660559345 -0.024877922350189059
leaf_weight=17087 13365 13844 4061 2583 15852 2692 4374 25280 4514 5638 2602 950 5640 2897
leaf_count=17087 13365 13844 4061 2583 15852 2692 4374 25280 4514 5638 2602 950 5640 2897
internal_value=-1.76121e-10 -0.0490606 0.132199 -0.0904383 -0.00104009 0.253858 0.0949372 -0.120958 0.120731 -0.0363963 -0.0472475 0.198927 0.0379563 0.0315122
internal_weight=121379 88526 32853 47552 40974 7703 25150 27863 17879 21490 19689 5011 19484 7271
internal_count=121379 88526 32853 47552 40974 7703 25150 27863 17879 21490 19689 5011 19484 7271
is_linear=0
shrinkage=0.01


Tree=19
num_leaves=15
num_cat=0
split_feature=25 21 17 25 17 17 0 27 1 0 4 13 27 2
split_gain=6.56412e+06 1.53176e+06 1.13197e+06 625590 583857 581697 497222 474062 405850 344158 251087 231581 152087 142857
threshold=56.025420715392208 79.179657794676828 0.010280565218928599 38.879708843824822 0.010497897950016382 0.0079955251776222969 37.042691525878915 107.95603015075379 -118.21337597412109 36.742692288818368 1.0000000180025095e-35 -1.7615230958070482 47.777777777777786 20.925000000000001
decision_type=2 2 2 2 2 2 2 2 2 2 2 2 2 2
left_child=2 5 3 12 7 8 -5 -3 -2 13 -7 -11 -1 -4
right_child=1 4 9 6 -6 10 -8 -9 -10 11 -12 -13 -14 -15
leaf_value=-0.10414714791228454 0.068245140862901885 0.19433634720952822 -0.10143307260297828 0.0086990364901396826 0.04256200311208648 0.02583781102709521 -0.094377185751515769 0.38371074474384415 0.17010680932159011 -0.2286032233987968 -0.12256159412961515 -0.12695417764834224 -0.038977373039300461 -0.022968254886659243
leaf_weight=10993 14445 7888 5746 29174 2122 14158 5574 1588 5364 2810 1240 11074 5311 3892
leaf_count=10993 14445 7888 5746 29174 2122 14158 5574 1588 5364 2810 1240 11074 5311 3892
internal_value=3.75791e-11 0.0928248 -0.0582598 -0.0318141 0.192496 0.0599906 -0.00783564 0.226072 0.0958279 -0.115657 0.0138872 -0.147527 -0.0829182 -0.0697475
internal_weight=121379 46805 74574 51052 11598 35207 34748 9476 19809 23522 15398 13884 16304 9638
internal_count=121379 46805 74574 51052 11598 35207 34748 9476 19809 23522 15398 13884 16304 9638
is_linear=0
shrinkage=0.01


Tree=20
num_leaves=15
num_cat=0
split_feature=23 23 23 17 7 17 6 22 26 22 27 48 5 2
split_gain=6.59349e+06 1.35663e+06 1.28405e+06 736887 592966 497112 414191 376861 357565 287192 277293 236006 185571 180159
threshold=61.299834530347844 82.64589114067735 48.675512251795531 0.010366363369104266 1003.9001350000001 0.0088681597206579123 10.204674000000002 53.813307984790882 37.086813248856139 72.829531051964537 127.71608040201006 1.0000000180025095e-35 28.500000000000004 22.425000000000001
decision_type=2 2 2 2 2 2 2 2 2 2 2 2 2 2
left_child=2 5 3 7 8 9 11 -1 -3 -2 -6 -4 -7 -8
right_child=1 4 6 -5 10 12 13 -9 -10 -11 -12 -13 -14 -15
leaf_value=-0.074671563518901571 0.087334150508084379 0.074836888149483485 0.033687204150399108 -0.13389222485985131 0.26006735573595258 0.055251831175260016 -0.092373610672288747 -0.0031086944725774281 0.41709790225530607 0.17928443171063241 0.47308401731936295 -0.06493281341291969 -0.03696029404128777 -0.010049463764314592
leaf_weight=24102 12700 2709 21456 16565 4765 6000 5465 10593 344 4637 701 2736 3430 5176
leaf_count=24102 12700 2709 21456 16565 4765 6000 5465 10593 344 4637 701 2736 3430 5176
internal_value=-5.70006e-11 0.115125 -0.0471849 -0.0790205 0.225034 0.0801443 -0.000335927 -0.0528221 0.113402 0.111927 0.287386 0.0225337 0.0217113 -0.0523295
internal_weight=121379 35286 86093 51260 8519 26767 34833 34695 3053 17337 5466 24192 9430 10641
internal_count=121379 35286 86093 51260 8519 26767 34833 34695 3053 17337 5466 24192 9430 10641
is_linear=0
shrinkage=0.01


Tree=21
num_leaves=15
num_cat=0
split_feature=23 0 23 47 6 17 27 5 17 28 47 13 2 13
split_gain=6.46228e+06 1.60268e+06 1.32964e+06 727406 630301 487232 478667 397163 354183 318176 268760 193116 185523 181053
threshold=61.299834530347844 36.742692288818368 82.64589114067735 1.0000000180025095e-35 11.501556500000001 0.0089080611796768742 119.34422110552765 20.500000000000004 0.0067837024787301579 56.404520490071832 1.0000000180025095e-35 -1.4399957836446202 23.425000000000001 -2.5200018856373521
decision_type=2 2 2 2 2 2 2 2 2 2 2 2 2 2
left_child=1 3 5 9 7 10 8 -3 -4 -1 -2 -6 -7 -5
right_child=2 4 6 13 11 12 -8 -9 -10 -11 -12 -13 -14 -15
leaf_value=-0.039816440320121091 0.086422583515066764 -0.033444879247654734 0.25094012931418386 0.04009092229222088 -0.23059328680872043 -0.019204584556036752 0.39950429905484142 -0.10661944910481141 0.10916258376889124 0.025107223174990919 0.17443583542818078 -0.13195210857252881 0.070518674951004251 0.14453480166690072
leaf_weight=27282 12669 16293 4167 3362 2523 5147 1299 13616 3053 10436 4778 9303 4173 3278
leaf_count=27282 12669 16293 4167 3362 2523 5147 1299 13616 3053 10436 4778 9303 4173 3278
internal_value=-8.85727e-11 -0.0467131 0.113973 -0.00486231 -0.0911941 0.0793429 0.222784 -0.0667574 0.190989 -0.021853 0.110526 -0.152997 0.0209687 0.0916522
internal_weight=121379 86093 35286 44358 41735 26767 8519 29909 7220 37718 17447 11826 9320 6640
internal_count=121379 86093 35286 44358 41735 26767 8519 29909 7220 37718 17447 11826 9320 6640
is_linear=0
shrinkage=0.01


Tree=22
num_leaves=15
num_cat=0
split_feature=21 1 21 6 7 1 6 29 27 1 27 7 14 2
split_gain=5.67446e+06 1.76664e+06 1.02828e+06 816366 564206 489111 454434 391416 362182 304345 288951 234468 228719 197224
threshold=63.309885931558945 -118.99998249999999 88.666032953105216 11.604825500000002 1004.2996000000002 -118.21337597412109 9.3065760000000015 52.310836501901157 53.080481622306728 -118.21337597412109 107.95603015075379 1006.4001350000001 8.5970203463174008e-16 24.525000000000002
decision_type=2 2 2 2 2 2 2 2 2 2 2 2 2 2
left_child=1 3 6 8 -4 7 9 -3 -1 -2 -6 -7 -5 -8
right_child=2 5 4 12 10 11 13 -9 -10 -11 -12 -13 -14 -15
leaf_value=-0.074915742174058608 0.085084950338229159 -0.050664748056897219 0.10794493365165637 -0.11849223415271848 0.24294836159081551 0.054806002400841658 -0.022115483016671437 0.031122450803039745 -0.013750716943102554 0.17970094343771476 0.43555686237844266 0.18093459178235446 -0.21599462215075302 0.084409773087679676
leaf_weight=25893 13200 10532 2963 12298 3535 6332 4774 13167 15462 4579 999 1921 2991 2733
leaf_count=25893 13200 10532 2963 12298 3535 6332 4774 13167 15462 4579 999 1921 2991 2733
internal_value=-5.11073e-11 -0.0415918 0.112402 -0.07513 0.215257 0.0178641 0.0819064 -0.00522435 -0.0520471 0.109453 0.285387 0.0841642 -0.137567 0.0166661
internal_weight=121379 88596 32783 56644 7497 31952 25286 23699 41355 17779 4534 8253 15289 7507
internal_count=121379 88596 32783 56644 7497 31952 25286 23699 41355 17779 4534 8253 15289 7507
is_linear=0
shrinkage=0.01


Tree=23
num_leaves=15
num_cat=0
split_feature=20 20 20 1 1 6 6 6 6 46 1 1 1 19
split_gain=7.30348e+06 1.90775e+06 1.16576e+06 581344 470306 371470 364344 317744 269199 263212 251367 196213 182979 136018
threshold=65.550950570342224 49.469696969696976 92.60963244613437 -118.99998249999999 -118.99998249999999 9.2040960000000016 11.604825500000002 12.404780500000003 11.001790500000002 1.0000000180025095e-35 -118.21337597412109 -118.21337597412109 -118.21337597412109 1.8381042974951336
decision_type=2 2 2 2 2 2 2 2 2 2 2 2 2 2
left_child=1 4 5 7 6 10 -1 -3 9 -4 -2 -6 -5 -10
right_child=2 3 8 12 11 -7 -8 -9 13 -11 -12 -13 -14 -15
leaf_value=-0.084594039019974934 0.1077980425383641 -0.01330002753790325 0.31704581133661525 0.021453686876886348 -0.054690136507526195 0.039694093638367123 -0.15468983296822791 -0.1069074589777356 0.00022355549312893874 0.12971054892969772 0.19709724359653108 0.042971197148075582 0.08429238418106838 0.29706267571197481
leaf_weight=24488 11809 18903 4551 15462 9826 6043 10636 4487 541 898 4300 2602 6617 216
leaf_count=24488 11809 18903 4551 15462 9826 6043 10636 4487 541 898 4300 2602 6617 216
internal_value=-1.00642e-10 -0.0428292 0.14049 0.00348315 -0.0871129 0.106554 -0.10582 -0.0312571 0.261625 0.286173 0.131635 -0.0342432 0.0402862 0.0849227
internal_weight=121379 93021 28358 45469 47552 22152 35124 23390 6206 5449 16109 12428 22079 757
internal_count=121379 93021 28358 45469 47552 22152 35124 23390 6206 5449 16109 12428 22079 757
is_linear=0
shrinkage=0.01


Tree=24
num_leaves=15
num_cat=0
split_feature=20 20 20 0 0 7 13 7 17 1 0 1 1 0
split_gain=7.15936e+06 2.08914e+06 971330 712663 475205 348804 346383 312030 284022 282531 233027 203277 165299 152229
threshold=67.255703422053259 52.513783269961984 92.60963244613437 36.742692288818368 35.400001525878913 1004.8000500000002 -6.4799964402257544 1003.9999500000001 0.012303702494922266 -118.21337597412109 34.083213737060554 -119.7866065258789 -118.21337597412109 35.400001525878913
decision_type=2 2 2 2 2 2 2 2 2 2 2 2 2 2
left_child=1 3 5 9 12 13 -5 -4 -6 -1 -9 -7 -3 -2
right_child=2 4 7 6 8 11 -8 10 -10 -11 -12 -13 -14 -15
leaf_value=-0.052407015203466127 0.10138982164765561 0.029149419679100869 0.16302096687293849 -0.21726699084055504 -0.0027312013848030396 0.046089009571757801 -0.10054774183987787 0.13174369224535873 -0.10143554508916834 0.046281826932392932 0.34369660342775576 0.18642533184470733 0.089653567875913096 0.018258188140924964
leaf_weight=20839 7830 14831 2191 2794 16159 1218 28253 612 3557 3370 3403 6765 6492 3065
leaf_count=20839 7830 14831 2191 2794 16159 1218 28253 612 3557 3370 3403 6765 6492 3065
internal_value=-1.11577e-10 -0.0391978 0.150477 -0.0793391 0.0148494 0.114798 -0.111052 0.259008 -0.0205386 -0.0386691 0.311389 0.165014 0.0475705 0.0780031
internal_weight=121379 96295 25084 55256 41039 18878 31047 6206 19716 24209 4015 7983 21323 10895
internal_count=121379 96295 25084 55256 41039 18878 31047 6206 19716 24209 4015 7983 21323 10895
is_linear=0
shrinkage=0.01


Tree=25
num_leaves=15
num_cat=0
split_feature=20 20 20 0 0 17 13 7 6 1 26 0 1 0
split_gain=7.0191e+06 1.78214e+06 1.1617e+06 556957 550234 374633 314651 305821 293582 253239 250599 228390 225854 167371
threshold=65.000000000000014 49.469696969696976 92.60963244613437 36.742692288818368 35.400001525878913 0.0093179722887416997 -6.4799964402257544 1003.9999500000001 12.404780500000003 -118.21337597412109 37.086813248856139 34.083213737060554 -118.21337597412109 34.083213737060554
decision_type=2 2 2 2 2 2 2 2 2 2 2 2 2 2
left_child=1 3 5 12 13 9 -5 10 -6 -2 -4 -9 -1 -3
right_child=2 4 7 6 8 -7 -8 11 -10 -11 -12 -13 -14 -15
leaf_value=-0.057930356366485872 0.1032808692742615 0.020748007104911263 0.12440957889399611 -0.21932535230233671 -0.01403876045054518 0.035660523929811089 -0.10345349934262486 0.13042625516251316 -0.10465586849677273 0.19087400872286595 0.47067351528021517 0.34025963742811427 0.042078667025079668 0.081710016718639589
leaf_weight=17087 12353 15250 1957 2583 18513 6179 25280 612 4431 4504 234 3403 2602 6391
leaf_count=17087 12353 15250 1957 2583 18513 6179 25280 612 4431 4504 234 3403 2602 6391
internal_value=-2.26671e-11 -0.0428406 0.134984 -0.0854263 0.00257903 0.102269 -0.114195 0.256418 -0.031539 0.126685 0.161391 0.308275 -0.0447137 0.0387513
internal_weight=121379 92137 29242 47552 44585 23036 27863 6206 22944 16857 2191 4015 19689 21641
internal_count=121379 92137 29242 47552 44585 23036 27863 6206 22944 16857 2191 4015 19689 21641
is_linear=0
shrinkage=0.01


Tree=26
num_leaves=15
num_cat=0
split_feature=20 20 20 47 4 4 47 4 17 46 4 17 15 3
split_gain=6.88445e+06 2.0088e+06 941034 543912 526172 455530 414241 372544 315050 230225 173446 127161 82491.4 34640.6
threshold=67.255703422053259 52.513783269961984 107.27889447236181 1.0000000180025095e-35 1.0000000180025095e-35 1.0000000180025095e-35 1.0000000180025095e-35 1.0000000180025095e-35 0.0093179722887416997 1.0000000180025095e-35 1.0000000180025095e-35 0.0078497656500704661 0.13255862016072431 22.990378500000002
decision_type=2 2 2 2 2 2 2 2 2 2 2 2 2 2
left_child=1 3 5 4 -1 8 7 -3 -2 10 -4 -8 -5 -11
right_child=2 6 9 12 -6 -7 11 -9 -10 13 -12 -13 -14 -15
leaf_value=-0.075811107672406397 0.15529916280710893 0.0083477663865191339 0.34881679872681914 0.16760034607715496 -0.18736344012953612 -0.081455790032484612 0.12943377704776093 -0.14184681119309051 0.06372549544677325 -0.14481672844234503 -0.016650675110080664 0.040746695781882711 0.025291807629269015 0.12627584989816651
leaf_weight=47242 15608 32808 2875 474 4644 1038 3448 1739 4948 53 136 3044 2896 426
leaf_count=47242 15608 32808 2875 474 4644 1038 3448 1739 4948 53 136 3044 2896 426
internal_value=-8.54768e-12 -0.0384379 0.147559 -0.0777996 -0.0857955 0.122936 0.0145599 0.000787389 0.133257 0.299915 0.332309 0.0878498 0.0453079 0.0962802
internal_weight=121379 96295 25084 55256 51886 21594 41039 34547 20556 3490 3011 6492 3370 479
internal_count=121379 96295 25084 55256 51886 21594 41039 34547 20556 3490 3011 6492 3370 479
is_linear=0
shrinkage=0.01


Tree=27
num_leaves=15
num_cat=0
split_feature=23 23 0 7 10 1 6 10 4 0 27 47 15 2
split_gain=5.8123e+06 1.45113e+06 1.20524e+06 650775 601986 572511 437087 334193 322368 291578 290463 274189 240713 220232
threshold=58.886626883537538 79.170798454319211 36.742692288818368 1003.9001350000001 1.0000000180025095e-35 -118.21337597412109 9.9923645000000025 -0.6830127018922193 1.0000000180025095e-35 37.042691525878915 127.71608040201006 1.0000000180025095e-35 0.066467786364130685 23.975000000000005
decision_type=2 2 2 2 2 2 2 2 2 2 2 2 2 2
left_child=2 6 5 7 9 8 11 -3 -1 -4 -5 -2 -6 -8
right_child=1 3 4 10 12 -7 13 -9 -10 -11 -12 -13 -14 -15
leaf_value=-0.017120471669046261 0.065427574609733294 0.20345002280693106 -0.019937334357038851 0.23507615087585965 0.0050575615189253258 0.085391735469502683 -0.042262011482795209 0.014416965487468812 -0.13367758646141376 -0.096903848815976273 0.44712860262221543 0.14670998140489916 -0.13735297058311863 0.055658905343207117
leaf_weight=31833 16297 1623 12329 5859 1269 5350 4860 2207 2564 8193 726 5568 18346 4355
leaf_count=31833 16297 1623 12329 5859 1269 5350 4860 2207 2564 8193 726 5568 18346 4355
internal_value=-1.87686e-10 0.096014 -0.0498736 0.19817 -0.0885268 -0.0108411 0.0617811 0.0945216 -0.0258088 -0.0506647 0.258455 0.0861264 -0.12814 0.00401532
internal_weight=121379 41495 79884 10415 40137 39747 31080 3830 34397 20522 6585 21865 19615 9215
internal_count=121379 41495 79884 10415 40137 39747 31080 3830 34397 20522 6585 21865 19615 9215
is_linear=0
shrinkage=0.01


Tree=28
num_leaves=15
num_cat=0
split_feature=20 20 20 1 7 6 4 6 20 21 1 4 21 14
split_gain=6.6552e+06 1.51487e+06 1.2655e+06 603648 496806 372170 343716 305305 263637 261769 256593 210298 171207 132996
threshold=63.309885931558945 43.928571428571438 82.535133079847924 -118.99998249999999 1007.6001000000001 11.604825500000002 1.0000000180025095e-35 10.904475500000002 136.85125628140707 51.23288973384031 -118.21337597412109 1.0000000180025095e-35 88.666032953105216 -1.7544242261092846
decision_type=2 2 2 2 2 2 2 2 2 2 2 2 2 2
left_child=1 5 6 7 8 9 10 -3 -4 -1 -2 -5 -6 -7
right_child=2 3 4 11 12 13 -8 -9 -10 -11 -12 -13 -14 -15
leaf_value=-0.091122535332656476 0.069345472659240945 -0.018884218020787144 0.13927629115458323 0.038475683633803374 0.24706614200348168 -0.12013015407381641 -0.092274253299876471 -0.094223195588590394 0.31897604736468177 -0.024026680767309558 0.14994776917455763 -0.089732771643774994 0.38911128525855321 -0.20055387746589609
leaf_weight=19602 16375 19255 5806 20856 1841 9059 1102 7464 950 8267 5205 1363 1574 2660
leaf_count=19602 16375 19255 5806 20856 1841 9059 1102 7464 950 8267 5205 1363 1574 2660
internal_value=8.42061e-12 -0.0451088 0.121551 -0.00790295 0.214234 -0.091102 0.0799896 -0.0399303 0.164545 -0.0712194 0.0887864 0.0306109 0.312536 -0.138385
internal_weight=121379 88526 32853 48938 10171 39588 22682 26719 6756 27869 21580 22219 3415 11719
internal_count=121379 88526 32853 48938 10171 39588 22682 26719 6756 27869 21580 22219 3415 11719
is_linear=0
shrinkage=0.01


Tree=29
num_leaves=15
num_cat=0
split_feature=20 20 20 0 0 17 5 6 25 47 0 14 42 5
split_gain=6.52755e+06 1.90906e+06 894027 659625 435098 411526 327034 268690 267277 257037 223533 170592 148600 119047
threshold=67.255703422053259 52.513783269961984 107.27889447236181 36.742692288818368 35.400001525878913 0.0093179722887416997 8.5000000000000018 11.900899000000001 69.333519095265103 1.0000000180025095e-35 34.083213737060554 7.8935935499257051 1.0000000180025095e-35 28.500000000000004
decision_type=2 2 2 2 2 2 2 2 2 2 2 2 2 2
left_child=1 3 5 9 12 8 -5 -6 -2 -1 -4 -12 -3 -7
right_child=2 4 10 6 7 13 -8 -9 -10 -11 11 -13 -14 -15
leaf_value=-0.049776638347033608 0.11170748260694363 0.085447780396207651 0.091532005402940028 -0.07253270433233637 -0.001263794465562689 0.084265276128801234 -0.13749515922544958 -0.093847705553073785 0.19485070947433453 0.044354470099988517 0.34660651435776357 0.072312289283946452 0.028081101553931107 -0.0098644883784047635
leaf_weight=20839 9560 6492 479 14904 15806 3253 16143 3910 6492 3370 2764 247 14831 2289
leaf_count=20839 9560 6492 479 14904 15806 3253 16143 3910 6492 3370 2764 247 14831 2289
internal_value=9.27235e-12 -0.0374283 0.143683 -0.0758005 0.0142371 0.119683 -0.10631 -0.0196247 0.145334 -0.0366732 0.292185 0.324105 0.045547 0.0453871
internal_weight=121379 96295 25084 55256 41039 21594 31047 19716 16052 24209 3490 3011 21323 5542
internal_count=121379 96295 25084 55256 41039 21594 31047 19716 16052 24209 3490 3011 21323 5542
is_linear=0
shrinkage=0.01


Tree=30
num_leaves=15
num_cat=0
split_feature=20 20 20 0 7 0 21 6 26 17 13 47 0 2
split_gain=6.39849e+06 1.46014e+06 1.22025e+06 579524 487686 386604 296352 295420 287525 282658 270688 238013 172089 156955
threshold=63.309885931558945 43.928571428571438 82.535133079847924 35.400001525878913 1003.9001350000001 36.742692288818368 88.666032953105216 10.7017845 37.086813248856139 0.010001019196371119 -6.4799964402257544 1.0000000180025095e-35 34.083213737060554 23.825000000000006
decision_type=2 2 2 2 2 2 2 2 2 2 2 2 2 2
left_child=1 5 9 12 8 -1 -6 -5 -4 11 -7 -2 -3 -11
right_child=2 3 4 7 6 10 -8 -9 -10 13 -12 -13 -14 -15
leaf_value=-0.050105893408165181 0.077349751695543062 0.012442728409648463 0.098194283609126992 -0.017767754371605764 0.20121291296928109 -0.21711264704528796 0.33869571064521692 -0.090953886528338815 0.44012027283989347 -0.032832483331573521 -0.10339270647136159 0.16425782505663325 0.074062651151064848 0.073815641719887901
leaf_weight=15345 12966 15876 3593 18937 3416 2314 2898 7782 264 2991 21929 4163 6343 2562
leaf_count=15345 12966 15876 3593 18937 3416 2314 2898 7782 264 2991 21929 4163 6343 2562
internal_value=-8.3244e-12 -0.0442302 0.119183 -0.00770262 0.210194 -0.089385 0.264315 -0.0390835 0.121598 0.0783721 -0.114247 0.0984717 0.0300338 0.016372
internal_weight=121379 88526 32853 48938 10171 39588 6314 26719 3857 22682 24243 17129 22219 5553
internal_count=121379 88526 32853 48938 10171 39588 6314 26719 3857 22682 24243 17129 22219 5553
is_linear=0
shrinkage=0.01


Tree=31
num_leaves=15
num_cat=0
split_feature=20 20 20 6 7 22 17 25 48 2 20 7 10 44
split_gain=6.27847e+06 1.83768e+06 862730 507178 463784 356253 352531 243236 231504 224365 215194 203522 174845 166538
threshold=67.255703422053259 52.513783269961984 107.27889447236181 10.197528500000002 1006.3000500000002 53.813307984790882 0.0094797666837027356 63.698226336229816 1.0000000180025095e-35 22.525000000000002 30.055555555555561 1003.5992500000001 -0.24999999999999994 1.0000000180025095e-35
decision_type=2 2 2 2 2 2 2 2 2 2 2 2 2 2
left_child=1 3 4 5 12 -1 8 -6 -3 -8 -5 -4 -2 -13
right_child=2 6 11 10 7 -7 9 -9 -10 -11 -12 13 -14 -15
leaf_value=-0.073522700082849862 0.11153151533471693 0.044321758921071382 0.17563573307436794 -0.15635222666942353 0.1131247748906512 -0.0055115456816824549 -0.067228010199936392 0.231015961202829 -0.049800136315700565 0.01473742430423676 -0.088949044272799718 0.2635739018204501 0.039493915385348098 0.43206474093917946
leaf_weight=23639 8962 24730 1119 7588 2968 11424 7003 4265 2922 6384 12605 1306 5399 1065
leaf_count=23639 8962 24730 1119 7588 2968 11424 7003 4265 2922 6384 12605 1306 5399 1065
internal_value=2.61013e-11 -0.0367072 0.140915 -0.0743552 0.117339 -0.0513637 0.013983 0.18264 0.0343759 -0.0281403 -0.114277 0.286795 0.0844491 0.339256
internal_weight=121379 96295 25084 55256 21594 35063 41039 7233 27652 13387 20193 3490 14361 2371
internal_count=121379 96295 25084 55256 21594 35063 41039 7233 27652 13387 20193 3490 14361 2371
is_linear=0
shrinkage=0.01


Tree=32
num_leaves=15
num_cat=0
split_feature=20 20 1 6 7 4 20 26 1 20 4 13 25 1
split_gain=6.15665e+06 1.6038e+06 1.025e+06 565922 529825 376072 320676 307651 301283 297614 286033 233048 231484 115345
threshold=59.407319391634992 78.807034220532344 -118.99998249999999 11.604825500000002 1003.9001350000001 1.0000000180025095e-35 126.91582914572867 37.086813248856139 -118.21337597412109 43.928571428571438 1.0000000180025095e-35 0.34380600738314443 38.671281627000901 -118.21337597412109
decision_type=2 2 2 2 2 2 2 2 2 2 2 2 2 2
left_child=2 5 3 9 7 8 -6 -3 -2 -1 12 -5 -4 -12
right_child=1 4 10 11 6 -7 -8 -9 -10 -11 13 -13 -14 -15
leaf_value=-0.082414729301243703 0.048432775279897734 0.092411339184998526 -0.079617950531229165 -0.20741866536710543 0.21770720156450213 -0.098403757552595936 0.39700952501659209 0.4350129741047159 0.12670037695879699 -0.026068327023738125 -0.15624257744191292 -0.10956301167741077 0.019333838615597884 0.0056693796636521476
leaf_weight=20725 21956 4585 2653 3067 6331 1464 1184 278 6338 17115 1572 11787 21713 611
leaf_count=20725 21956 4585 2653 3067 6331 1464 1184 278 6338 17115 1572 11787 21713 611
internal_value=-2.4082e-11 0.0976684 -0.0519334 -0.0774619 0.193327 0.0578787 0.245957 0.111997 0.0659651 -0.0569293 -0.00126484 -0.129768 0.00855985 -0.110925
internal_weight=121379 42136 79243 52694 12378 29758 7515 4863 28294 37840 26549 14854 24366 2183
internal_count=121379 42136 79243 52694 12378 29758 7515 4863 28294 37840 26549 14854 24366 2183
is_linear=0
shrinkage=0.01


Tree=33
num_leaves=15
num_cat=0
split_feature=20 20 20 0 7 0 4 13 47 4 25 0 4 7
split_gain=6.04292e+06 1.77037e+06 830431 620777 449918 408848 332687 257082 246111 241728 235891 217161 207795 206038
threshold=67.255703422053259 52.513783269961984 107.27889447236181 36.742692288818368 1006.3000500000002 35.400001525878913 1.0000000180025095e-35 -5.7112946267219487 1.0000000180025095e-35 1.0000000180025095e-35 63.698226336229816 34.083213737060554 1.0000000180025095e-35 1003.5992500000001
decision_type=2 2 2 2 2 2 2 2 2 2 2 2 2 2
left_child=1 3 4 8 9 12 -5 -7 -1 -2 -6 -4 -3 -13
right_child=2 5 11 6 10 7 -8 -9 -10 -11 -12 13 -14 -15
leaf_value=-0.047828389989515767 0.092804399350582795 0.0515691455943844 0.083596650817526777 -0.092120517877236741 0.11097573083206463 -0.14894644368952306 -0.20518941439330882 -0.0090425149604463941 0.04428023751994329 -0.08421552532757258 0.22707329494692605 0.19347482620383841 -0.086235762026439455 0.37016242766690111
leaf_weight=20839 13543 20166 479 28180 2968 1415 2867 18301 3370 818 4265 977 1157 2034
leaf_count=20839 13543 20166 479 28180 2968 1415 2867 18301 3370 818 4265 977 1157 2034
internal_value=-2.10339e-11 -0.0360121 0.138247 -0.0729641 0.115116 0.0137411 -0.102562 -0.0190833 -0.0350065 0.0827214 0.179434 0.281369 0.0440918 0.312831
internal_weight=121379 96295 25084 55256 21594 41039 31047 19716 24209 14361 7233 3490 21323 3011
internal_count=121379 96295 25084 55256 21594 41039 31047 19716 24209 14361 7233 3490 21323 3011
is_linear=0
shrinkage=0.01


Tree=34
num_leaves=15
num_cat=0
split_feature=20 20 20 1 4 7 0 6 47 4 26 4 1 21
split_gain=5.92322e+06 1.36099e+06 1.1353e+06 543053 378734 364411 362628 278581 270637 268755 207984 197736 148775 119719
threshold=63.309885931558945 43.928571428571438 88.10709759188849 -118.99998249999999 1.0000000180025095e-35 1007.6001000000001 36.742692288818368 10.904475500000002 1.0000000180025095e-35 1.0000000180025095e-35 37.086813248856139 1.0000000180025095e-35 -118.21337597412109 90.777566539923967
decision_type=2 2 2 2 2 2 2 2 2 2 2 2 2 2
left_child=1 6 4 7 8 10 12 -3 -2 -8 -4 -5 -1 -7
right_child=2 3 5 11 -6 13 9 -9 -10 -11 -12 -13 -14 -15
leaf_value=-0.059810610367030739 0.071622384884307833 -0.017563731334408316 0.1543366286071691 0.036865730836738317 -0.088409755262177633 0.25081116669575659 -0.098995033562468152 -0.089529916668276407 0.14947282444584994 -0.2089060289227149 0.42760588921537318 -0.087454451743677511 0.034745509051555983 0.38430593465521801
leaf_weight=13446 17970 19255 4715 20856 1238 1403 21765 7464 5942 2478 296 1363 1899 1289
leaf_count=13446 17970 19255 4715 20856 1238 1403 21765 7464 5942 2478 296 1363 1899 1289
internal_value=-3.92697e-11 -0.0425558 0.114671 -0.00729024 0.082138 0.220891 -0.0861505 -0.0376676 0.0909678 -0.11023 0.170479 0.0292394 -0.0481089 0.314732
internal_weight=121379 88526 32853 48938 25150 7703 39588 26719 23912 24243 5011 22219 15345 2692
internal_count=121379 88526 32853 48938 25150 7703 39588 26719 23912 24243 5011 22219 15345 2692
is_linear=0
shrinkage=0.01


Tree=35
num_leaves=15
num_cat=0
split_feature=23 0 23 10 47 6 17 4 27 0 15 22 4 2
split_gain=5.04171e+06 1.28447e+06 1.05214e+06 590887 582212 421148 386761 343554 313064 294193 238113 208959 167071 148695
threshold=61.299834530347844 36.742692288818368 80.847202319158114 1.0000000180025095e-35 1.0000000180025095e-35 11.001790500000002 0.0078497656500704661 1.0000000180025095e-35 119.34422110552765 37.042691525878915 0.066467786364130685 72.829531051964537 1.0000000180025095e-35 12.325000000000001
decision_type=2 2 2 2 2 2 2 2 2 2 2 2 2 2
left_child=1 4 6 9 7 8 11 -1 -4 -3 -5 -2 -8 -6
right_child=2 3 5 10 13 -7 12 -9 -10 -11 -12 -13 -14 -15
leaf_value=-0.010627849311276954 0.0789674560195332 -0.015129896672988273 0.19414496994365341 0.010472534238844998 0.171845068084511 0.043007430168779698 0.034776169017718822 -0.12785789843453033 0.36948218464835497 -0.090817785722026007 -0.12905253634019415 0.16497680612576485 -0.10723537320785895 0.057473381125554751
leaf_weight=35026 10809 13143 6664 1308 1456 1601 10285 2692 1202 8429 18855 3824 901 5184
leaf_count=35026 10809 13143 6664 1308 1456 1601 10285 2692 1202 8429 18855 3824 901 5184
internal_value=-3.48623e-11 -0.0412605 0.10067 -0.0810817 -0.00379404 0.190848 0.0676046 -0.0189948 0.220938 -0.044704 -0.120001 0.101444 0.0233375 0.0825525
internal_weight=121379 86093 35286 41735 44358 9467 25819 37718 7866 21572 20163 14633 11186 6640
internal_count=121379 86093 35286 41735 44358 9467 25819 37718 7866 21572 20163 14633 11186 6640
is_linear=0
shrinkage=0.01


Tree=36
num_leaves=15
num_cat=0
split_feature=20 20 20 0 0 17 6 17 25 0 1 14 0 5
split_gain=5.72999e+06 1.68357e+06 788240 502916 464055 383132 291156 272907 240487 211122 190461 164415 163582 113950
threshold=67.255703422053259 49.469696969696976 107.27889447236181 35.400001525878913 36.742692288818368 0.0093179722887416997 12.404780500000003 0.011229225788052617 69.333519095265103 34.083213737060554 -118.21337597412109 7.8935935499257051 34.083213737060554 28.500000000000004
decision_type=2 2 2 2 2 2 2 2 2 2 2 2 2 2
left_child=1 4 5 12 10 8 -5 -6 -2 -4 -1 -11 -3 -7
right_child=2 3 9 6 7 13 -8 -9 -10 11 -12 -13 -14 -15
leaf_value=-0.052375585576702507 0.10493733311547182 0.021542441069740119 0.07905582023282888 -0.0091067665494077316 -0.081666278297679903 0.078433699089419093 -0.097261735726264092 -0.14819254287931752 0.18380382638609338 0.32717046720058662 0.039463768142163125 0.057887737695297405 0.078259303902749461 -0.013658865239736069
leaf_weight=17087 9560 16976 479 19891 18651 3253 4616 9212 6492 2764 2602 247 7260 2289
leaf_count=17087 9560 16976 479 19891 18651 3253 4616 9212 6492 2764 2602 247 7260 2289
internal_value=-5.43014e-12 -0.0350672 0.13462 0.00623195 -0.0774008 0.112084 -0.0257111 -0.103661 0.136834 0.274059 -0.0402386 0.305081 0.0385322 0.0403969
internal_weight=121379 96295 25084 48743 47552 21594 24507 27863 16052 3490 19689 3011 24236 5542
internal_count=121379 96295 25084 48743 47552 21594 24507 27863 16052 3490 19689 3011 24236 5542
is_linear=0
shrinkage=0.01


Tree=37
num_leaves=15
num_cat=0
split_feature=20 20 0 7 10 1 4 21 26 1 4 0 5 7
split_gain=5.62467e+06 1.46897e+06 990517 501412 484880 359842 351551 312263 291619 279290 270074 262050 191964 130661
threshold=59.407319391634992 78.807034220532344 36.742692288818368 1003.9001350000001 1.0000000180025095e-35 -118.21337597412109 1.0000000180025095e-35 101.31462869905083 37.086813248856139 -118.21337597412109 1.0000000180025095e-35 37.042691525878915 30.500000000000004 1006.2002000000001
decision_type=2 2 2 2 2 2 2 2 2 2 2 2 2 2
left_child=2 6 5 8 11 10 9 -5 -3 -2 -1 -4 -6 -7
right_child=1 3 4 7 12 13 -8 -9 -10 -11 -12 -13 -14 -15
leaf_value=-0.019799985787743207 0.04621097081208652 0.086715355101605301 -0.022545743168069805 0.19740249340907617 -0.089739247869682459 0.027552836109668914 -0.095828670976712757 0.34347291066585411 0.42027080071594219 0.12156766512344583 -0.12862762646702669 -0.096509689361924528 -0.15332488692327151 0.13111039140545569
leaf_weight=31229 21956 4585 12338 5524 9455 4756 1464 1991 278 6338 2460 7830 9537 1638
leaf_count=31229 21956 4585 12338 5524 9455 4756 1464 1991 278 6338 2460 7830 9537 1638
internal_value=-2.35724e-11 0.0933535 -0.049639 0.184903 -0.0854082 -0.0146935 0.0552729 0.236102 0.105784 0.0630913 -0.0277467 -0.0512614 -0.121669 0.054082
internal_weight=121379 42136 79243 12378 39160 40083 29758 7515 4863 28294 33689 20168 18992 6394
internal_count=121379 42136 79243 12378 39160 40083 29758 7515 4863 28294 33689 20168 18992 6394
is_linear=0
shrinkage=0.01


Tree=38
num_leaves=15
num_cat=0
split_feature=20 20 20 0 7 0 5 13 47 25 0 7 10 46
split_gain=5.51493e+06 1.62924e+06 760632 558364 427839 371016 307868 247329 223548 218679 206401 196978 168744 129836
threshold=67.255703422053259 52.513783269961984 107.27889447236181 36.742692288818368 1006.3000500000002 35.400001525878913 8.5000000000000018 -5.7112946267219487 1.0000000180025095e-35 63.698226336229816 34.083213737060554 1003.5992500000001 -0.24999999999999994 1.0000000180025095e-35
decision_type=2 2 2 2 2 2 2 2 2 2 2 2 2 2
left_child=1 3 4 8 12 13 -5 -7 -1 -6 -4 -12 -2 -3
right_child=2 5 10 6 9 7 -8 -9 -10 -11 11 -13 -14 -15
leaf_value=-0.046072616462683506 0.10494786757392484 0.079535088893175399 0.076234130627535951 -0.065149102014443475 0.10673833576661743 -0.14531878422334291 -0.12817926461978466 -0.0080942829790675314 0.041712424168340069 0.21852026688248127 0.18301458871977247 0.35577408781261421 0.034178113222031278 0.025912587884998204
leaf_weight=20839 8962 6492 479 14904 2968 1415 16143 18301 3370 4265 977 2034 5399 14831
leaf_count=20839 8962 6492 479 14904 2968 1415 16143 18301 3370 4265 977 2034 5399 14831
internal_value=2.46746e-11 -0.0344029 0.132069 -0.0698515 0.109931 0.0133261 -0.0979219 -0.0179428 -0.0338526 0.172652 0.269045 0.299718 0.0783421 0.0422385
internal_weight=121379 96295 25084 55256 21594 41039 31047 19716 24209 7233 3490 3011 14361 21323
internal_count=121379 96295 25084 55256 21594 41039 31047 19716 24209 7233 3490 3011 14361 21323
is_linear=0
shrinkage=0.01


Tree=39
num_leaves=15
num_cat=0
split_feature=20 20 0 7 10 4 47 21 47 26 4 0 15 7
split_gain=5.41029e+06 1.41543e+06 951355 484334 472656 346792 345400 300591 278113 269697 264135 255904 185468 128096
threshold=59.407319391634992 79.350443599493033 36.742692288818368 1003.9001350000001 1.0000000180025095e-35 1.0000000180025095e-35 1.0000000180025095e-35 101.31462869905083 1.0000000180025095e-35 37.086813248856139 1.0000000180025095e-35 37.042691525878915 0.066467786364130685 1006.2002000000001
decision_type=2 2 2 2 2 2 2 2 2 2 2 2 2 2
left_child=2 5 6 9 11 8 10 -5 -2 -3 -1 -4 -6 -8
right_child=1 3 4 7 12 -7 13 -9 -10 -11 -12 -13 -14 -15
leaf_value=-0.019365853028351622 0.04567620672416535 0.085289363516181479 -0.021648279148840339 0.19494693414685713 0.0048208063043462422 -0.09468571370804485 0.026677670830072948 0.33915941766289304 0.12035357800297043 0.40796157808358019 -0.12699013807360515 -0.094739699241564307 -0.12739257024779488 0.12921383195655634
leaf_weight=31229 22128 4461 12338 5382 1128 1476 4756 1976 6438 275 2460 7830 17864 1638
leaf_count=31229 22128 4461 12338 5382 1128 1476 4756 1976 6438 275 2460 7830 17864 1638
internal_value=-4.63394e-11 0.0915571 -0.0486838 0.182905 -0.0837388 0.0547834 -0.0144361 0.233675 0.0625065 0.104026 -0.0272247 -0.0500252 -0.11954 0.0529451
internal_weight=121379 42136 79243 12094 39160 30042 40083 7358 28566 4736 33689 20168 18992 6394
internal_count=121379 42136 79243 12094 39160 30042 40083 7358 28566 4736 33689 20168 18992 6394
is_linear=0
shrinkage=0.01


Tree=40
num_leaves=15
num_cat=0
split_feature=20 20 20 0 0 7 4 17 4 4 0 0 7 47
split_gain=5.30822e+06 1.57625e+06 733865 466863 425543 414662 291312 280318 223423 215142 201791 200958 190381 176226
threshold=67.255703422053259 49.469696969696976 107.27889447236181 35.400001525878913 36.742692288818368 1006.3000500000002 1.0000000180025095e-35 0.010733362859619344 1.0000000180025095e-35 1.0000000180025095e-35 34.083213737060554 37.042691525878915 1003.5992500000001 1.0000000180025095e-35
decision_type=2 2 2 2 2 2 2 2 2 2 2 2 2 2
left_child=1 4 5 9 13 8 -6 -5 -2 -3 -4 -7 -12 -1
right_child=2 3 10 7 6 11 -8 -9 -10 -11 12 -13 -14 -15
leaf_value=-0.050801956656943981 0.086420328470647567 0.044600541687073669 0.073469143720316488 -0.0040967985311406658 -0.089299827700167089 0.18332502294007777 -0.19885626928995925 -0.080443813397370043 -0.083764995489961719 -0.084769273418468169 0.17971064440465648 -0.032451067468931255 0.349552504359258 0.037538626491992154
leaf_weight=17087 13543 22874 479 17936 25177 6772 2686 6571 818 1362 977 461 2034 2602
leaf_count=17087 13543 22874 479 17936 25177 6772 2686 6571 818 1362 977 461 2034 2602
internal_value=3.28464e-11 -0.033752 0.129571 0.00620931 -0.0747141 0.107826 -0.0998611 -0.0245675 0.0767266 0.0373303 0.264114 0.169572 0.294443 -0.0391273
internal_weight=121379 96295 25084 48743 47552 21594 27863 24507 14361 24236 3490 7233 3011 19689
internal_count=121379 96295 25084 48743 47552 21594 27863 24507 14361 24236 3490 7233 3011 19689
is_linear=0
shrinkage=0.01


Tree=41
num_leaves=15
num_cat=0
split_feature=20 20 20 7 1 4 26 6 21 1 6 22 4 5
split_gain=5.20616e+06 1.36529e+06 885189 501053 430287 311779 308654 292633 280783 248796 241409 193358 162944 105723
threshold=59.407319391634992 77.80893536121674 38.402777777777786 1004.8000500000002 -118.99998249999999 1.0000000180025095e-35 37.086813248856139 10.197528500000002 97.422686945500644 -118.21337597412109 10.904475500000002 47.261904761904766 1.0000000180025095e-35 32.500000000000007
decision_type=2 2 2 2 2 2 2 2 2 2 2 2 2 2
left_child=2 5 7 6 10 9 -3 11 -5 -2 -4 -1 -6 -9
right_child=1 3 4 8 12 -7 -8 13 -10 -11 -12 -13 -14 -15
leaf_value=-0.09177553577526501 0.042546408093300167 0.092809239457580558 -0.026478983436313244 0.19096614090602948 0.023798515548299801 -0.093062289714983162 0.42258764914218211 -0.10306342095838533 0.32988376947047288 0.11501479481911579 -0.090364248075843187 -0.028129907904495259 -0.089689368283441789 -0.16363763855829982
leaf_weight=11417 21319 5960 20011 4989 17962 1425 298 6990 2054 6091 8397 8203 1361 4902
leaf_count=11417 21319 5960 20011 4989 17962 1425 298 6990 2054 6091 8397 8203 1361 4902
internal_value=-1.08472e-10 0.0898133 -0.0477566 0.173625 -0.0206 0.0511527 0.108513 -0.0888905 0.23148 0.0586502 -0.0453626 -0.0651657 0.0158051 -0.128033
internal_weight=121379 42136 79243 13301 47731 28835 6258 31512 7043 27410 28408 19620 19323 11892
internal_count=121379 42136 79243 13301 47731 28835 6258 31512 7043 27410 28408 19620 19323 11892
is_linear=0
shrinkage=0.01


Tree=42
num_leaves=15
num_cat=0
split_feature=20 20 20 1 6 17 6 13 22 1 46 22 14 5
split_gain=5.10865e+06 1.37068e+06 832613 522337 332831 308783 292999 268720 248770 203640 184517 162053 130473 121537
threshold=65.550950570342224 43.928571428571438 92.60963244613437 -118.99998249999999 11.604825500000002 0.0089080611796768742 10.7017845 -3.5988016550849666 53.813307984790882 -118.21337597412109 1.0000000180025095e-35 60.897813688212942 4.3112018969448505 28.500000000000004
decision_type=2 2 2 2 2 2 2 2 2 2 2 2 2 2
left_child=1 4 5 6 8 9 -3 12 -1 -2 -9 -5 -4 -7
right_child=2 3 7 11 -6 13 -8 10 -10 -11 -12 -13 -14 -15
leaf_value=-0.080961870555360402 0.090981210403443175 -0.011610677448074825 0.15629850879285534 0.010966326027371501 -0.12513083275329018 0.066643958049613317 -0.08237082380398647 0.27665944419557859 -0.015477299121898469 0.17233977554538701 0.090017191853793643 0.063728491247239186 -0.064242120204114989 -0.021725212590681955
leaf_weight=19635 11516 20416 918 15487 11719 3804 8203 4305 8234 4198 604 9327 379 2634
leaf_count=19635 11516 20416 918 15487 11719 3804 8203 4305 8234 4198 604 9327 379 2634
internal_value=-4.85794e-11 -0.0358202 0.117499 -0.00277919 -0.0804167 0.0888187 -0.0318925 0.219872 -0.0616142 0.112716 0.253695 0.0307984 0.0918537 0.0304892
internal_weight=121379 93021 28358 53433 39588 22152 28619 6206 27869 15714 4909 24814 1297 6438
internal_count=121379 93021 28358 53433 39588 22152 28619 6206 27869 15714 4909 24814 1297 6438
is_linear=0
shrinkage=0.01


Tree=43
num_leaves=15
num_cat=0
split_feature=25 23 6 7 17 1 25 26 1 2 2 27 5 1
split_gain=4.41508e+06 1.24466e+06 855613 547559 452073 436517 433848 323553 306883 260038 239685 233681 131571 117977
threshold=56.025420715392208 79.170798454319211 10.197528500000002 1003.9001350000001 0.0097971637189239926 -120.84999847412108 35.833397878233122 37.086813248856139 -118.21337597412109 23.025000000000002 19.775000000000002 127.71608040201006 22.500000000000004 -118.99998249999999
decision_type=2 2 2 2 2 2 2 2 2 2 2 2 2 2
left_child=2 4 5 7 8 -1 -7 -3 -2 -6 12 -5 -4 -12
right_child=1 3 10 11 9 6 -8 -9 -10 -11 13 -13 -14 -15
leaf_value=-0.080784171940588012 0.051452972807855261 0.048459432927070972 -0.08796588792338994 0.20788942106037545 -0.049305426158074844 -0.07612068364955922 0.0073233596645527867 0.36714208590933406 0.13060524450022032 0.045550532773710357 -0.079686706457481216 0.39940767356116513 -0.15356214738408797 0.00032698970804855557
leaf_weight=10767 18245 3450 5173 5781 5912 7744 31888 351 6696 5654 9221 716 7478 2303
leaf_count=10767 18245 3450 5173 5781 5912 7744 31888 351 6696 5654 9221 716 7478 2303
internal_value=-6.3559e-11 0.0761281 -0.0477804 0.173222 0.0487397 -0.024321 -0.00898141 0.0778879 0.0727033 -0.00293541 -0.0966876 0.228996 -0.12674 -0.0636965
internal_weight=121379 46805 74574 10298 36507 50399 39632 3801 24941 11566 24175 6497 12651 11524
internal_count=121379 46805 74574 10298 36507 50399 39632 3801 24941 11566 24175 6497 12651 11524
is_linear=0
shrinkage=0.01


Tree=44
num_leaves=15
num_cat=0
split_feature=20 20 20 0 7 0 4 13 4 47 1 0 4 7
split_gain=4.94348e+06 1.47327e+06 686516 505123 395556 330293 302167 237812 214064 206200 205013 194215 181406 181218
threshold=67.255703422053259 52.513783269961984 107.27889447236181 36.742692288818368 1006.3000500000002 35.400001525878913 1.0000000180025095e-35 -4.6849037743654405 1.0000000180025095e-35 1.0000000180025095e-35 -119.7866065258789 34.083213737060554 1.0000000180025095e-35 1003.5992500000001
decision_type=2 2 2 2 2 2 2 2 2 2 2 2 2 2
left_child=1 3 4 9 8 12 -5 -7 -2 -1 -6 -4 -3 -13
right_child=2 5 11 6 10 7 -8 -9 -10 -11 -12 13 -14 -15
leaf_value=-0.043777565743764166 0.083122429600470935 0.047081230049278736 0.068138650228387998 -0.083028701214841585 0.042311644100402175 -0.1264928684891625 -0.19078658259136558 -0.00570295765439046 -0.083460221785077393 0.040532447726338384 0.18754753466305069 0.17298741398646711 -0.081676561165288694 0.33869158577325048
leaf_weight=20839 13543 20166 479 28180 1157 1793 2867 17923 818 3370 6076 977 1157 2034
leaf_count=20839 13543 20166 479 28180 1157 1793 2867 17923 818 3370 6076 977 1157 2034
internal_value=1.91746e-11 -0.0325717 0.12504 -0.066281 0.104008 0.0128152 -0.0929795 -0.0166878 0.0736339 -0.0320412 0.164315 0.255171 0.0400947 0.284924
internal_weight=121379 96295 25084 55256 21594 41039 31047 19716 14361 24209 7233 3490 21323 3011
internal_count=121379 96295 25084 55256 21594 41039 31047 19716 14361 24209 7233 3490 21323 3011
is_linear=0
shrinkage=0.01


Tree=45
num_leaves=15
num_cat=0
split_feature=20 20 0 7 4 6 1 4 20 26 4 22 7 0
split_gain=4.85041e+06 1.27525e+06 858344 474827 409529 338090 319431 297709 280749 273346 248081 238279 124672 47587.6
threshold=59.407319391634992 77.80893536121674 36.742692288818368 1003.9001350000001 1.0000000180025095e-35 10.304415000000002 -118.21337597412109 1.0000000180025095e-35 126.91582914572867 37.086813248856139 1.0000000180025095e-35 69.838191803971284 1006.2002000000001 37.042691525878915
decision_type=2 2 2 2 2 2 2 2 2 2 2 2 2 2
left_child=2 7 6 9 5 -4 10 11 -5 -3 -1 -2 -8 -6
right_child=1 3 4 8 13 -7 12 -9 -10 -11 -12 -13 -14 -15
leaf_value=-0.018247699352078227 0.040607328087406157 0.077600056546040963 -0.047282441809961301 0.19171386593068446 -0.2225057481316344 -0.11179959101163446 0.025319261877596633 -0.091596981073543429 0.3585724926424666 0.39861099734197242 -0.12255016953668099 0.11083069409082084 0.12647535200445698 -0.14617962840260756
leaf_weight=31229 21147 5039 23459 6798 1727 12424 4756 1425 1184 280 2460 6263 1638 1550
leaf_count=31229 21147 5039 23459 6798 1727 12424 4756 1425 1184 280 2460 6263 1638 1550
internal_value=4.90462e-11 0.0866904 -0.046096 0.167691 -0.0793933 -0.0696206 -0.0135655 0.0493265 0.216465 0.0944985 -0.025864 0.0566529 0.0512332 -0.186404
internal_weight=121379 42136 79243 13301 39160 35883 40083 28835 7982 5319 33689 27410 6394 3277
internal_count=121379 42136 79243 13301 39160 35883 40083 28835 7982 5319 33689 27410 6394 3277
is_linear=0
shrinkage=0.01


Tree=46
num_leaves=15
num_cat=0
split_feature=25 23 17 13 17 0 25 27 47 2 2 14 0 13
split_gain=4.19382e+06 1.17703e+06 820330 438049 436627 419939 416508 330634 295578 257395 234457 131789 131718 128691
threshold=56.025420715392208 79.170798454319211 0.010072850549415509 -3.6395112183865925 0.0098824674086915362 37.042691525878915 35.833397878233122 127.71608040201006 1.0000000180025095e-35 23.025000000000002 19.775000000000002 3.963444403430552 36.742692288818368 -1.4399957836446202
decision_type=2 2 2 2 2 2 2 2 2 2 2 2 2 2
left_child=2 4 5 11 8 6 -1 -5 -2 -6 13 -3 -12 -4
right_child=1 3 10 7 9 -7 -8 -9 -10 -11 12 -13 -14 -15
leaf_value=-0.074198062426424419 0.050112771608990477 0.095289227074646252 -0.16207296755594283 0.18055962524980326 -0.050380531842982634 -0.07878889889475979 0.0077464522530788418 0.37514824584514989 0.12758577782701783 0.044557343413132937 -0.019639727538823978 -0.072531935984259818 -0.088538349384729834 -0.097414633666917452
leaf_weight=7713 18350 1880 5191 6793 5805 10760 31678 1002 6731 5621 4545 623 7124 7563
leaf_count=7713 18350 1880 5191 6793 5805 10760 31678 1002 6731 5621 4545 623 7124 7563
internal_value=-6.44257e-11 0.074196 -0.0465678 0.168615 0.047562 -0.0234226 -0.00829879 0.205573 0.0709042 -0.00367602 -0.0940948 0.0535183 -0.0617028 -0.123731
internal_weight=121379 46805 74574 10298 36507 50151 39391 7795 25081 11426 24423 2503 11669 12754
internal_count=121379 46805 74574 10298 36507 50151 39391 7795 25081 11426 24423 2503 11669 12754
is_linear=0
shrinkage=0.01


Tree=47
num_leaves=15
num_cat=0
split_feature=23 0 23 10 1 7 17 26 4 31 0 15 0 5
split_gain=4.07782e+06 1.04738e+06 848734 527371 491417 441309 372431 297967 297842 283672 233716 218142 181020 173006
threshold=61.299834530347844 36.742692288818368 82.64589114067735 1.0000000180025095e-35 -118.21337597412109 1003.9001350000001 0.0078497656500704661 37.086813248856139 1.0000000180025095e-35 52.308196028728361 34.083213737060554 0.066467786364130685 37.042691525878915 31.500000000000004
decision_type=2 2 2 2 2 2 2 2 2 2 2 2 2 2
left_child=1 4 6 9 8 7 12 -4 -1 -3 -7 -5 -2 -8
right_child=2 3 5 11 -6 10 13 -9 -10 -11 -12 -13 -14 -15
leaf_value=-0.0094497609777900986 0.10110989155074478 -0.063792762767533817 0.045961683341922514 0.01504796017656268 0.076053587270816417 0.066269448201330197 0.04969527336943437 0.35839971673869814 -0.11860247522722107 0.013704600407358635 0.25717666512248455 -0.11849780075722186 -0.11015280579049275 -0.030512887485584887
leaf_weight=35026 14816 14587 2709 1308 6640 742 7264 344 2692 6985 4724 18855 417 4270
leaf_count=35026 14816 14587 2709 1308 6640 742 7264 344 2692 6985 4724 18855 417 4270
internal_value=-9.25956e-12 -0.0371073 0.0905368 -0.0730661 -0.00327493 0.177471 0.0628687 0.081166 -0.0172402 -0.0386992 0.231261 -0.109835 0.0953266 0.0200014
internal_weight=121379 86093 35286 41735 44358 8519 26767 3053 37718 21572 5466 20163 15233 11534
internal_count=121379 86093 35286 41735 44358 8519 26767 3053 37718 21572 5466 20163 15233 11534
is_linear=0
shrinkage=0.01


Tree=48
num_leaves=15
num_cat=0
split_feature=20 20 20 0 7 6 22 6 4 4 25 0 7 0
split_gain=4.6254e+06 1.38748e+06 642071 402147 378072 372221 272898 257060 205102 194406 189019 187055 172162 128439
threshold=67.255703422053259 49.469696969696976 107.27889447236181 35.400001525878913 1006.3000500000002 11.604825500000002 53.813307984790882 12.404780500000003 1.0000000180025095e-35 1.0000000180025095e-35 63.698226336229816 34.083213737060554 1003.5992500000001 36.742692288818368
decision_type=2 2 2 2 2 2 2 2 2 2 2 2 2 2
left_child=1 5 4 9 8 6 -1 -5 -2 -3 -6 -4 -13 -7
right_child=2 3 11 7 10 13 -8 -9 -10 -11 -12 12 -14 -15
leaf_value=-0.071058440788022745 0.080203183810941367 0.041780262995519533 0.063245900095059357 -0.0069766271396960421 0.098289842238040034 -0.073543425931990494 -0.0095115976188714906 -0.08980911617394273 -0.082855388579097702 -0.081197208403698581 0.20221497135049282 0.16689430385019666 0.32840491713553527 -0.1367693873400701
leaf_weight=23279 13543 22874 479 19891 2968 5071 10433 4616 818 1362 4265 977 2034 8769
leaf_count=23279 13543 22874 479 19891 2968 5071 10433 4616 818 1362 4265 977 2034 8769
internal_value=-5.60403e-11 -0.0315064 0.12095 0.00598568 0.100611 -0.0699376 -0.0520113 -0.0225785 0.0709154 0.0348692 0.15957 0.246798 0.275998 -0.113603
internal_weight=121379 96295 25084 48743 21594 47552 33712 24507 14361 24236 7233 3490 3011 13840
internal_count=121379 96295 25084 48743 21594 47552 33712 24507 14361 24236 7233 3490 3011 13840
is_linear=0
shrinkage=0.01


Tree=49
num_leaves=15
num_cat=0
split_feature=20 20 20 7 1 4 26 21 6 22 6 21 4 14
split_gain=4.53854e+06 1.19354e+06 793231 449691 383532 283443 281422 254283 249453 225541 225139 174085 146506 90860.4
threshold=59.407319391634992 77.80893536121674 37.243589743589752 1004.8000500000002 -118.99998249999999 1.0000000180025095e-35 37.086813248856139 97.422686945500644 10.197528500000002 69.838191803971284 12.404780500000003 51.23288973384031 1.0000000180025095e-35 8.5970203463174008e-16
decision_type=2 2 2 2 2 2 2 2 2 2 2 2 2 2
left_child=2 5 8 6 10 9 -3 -5 11 -2 -4 -1 -6 -10
right_child=1 3 4 7 12 -7 -8 -9 13 -11 -12 -13 -14 -15
leaf_value=-0.081272003220201436 0.039247850058593728 0.085540622444288963 -0.027873643307192865 0.178475002704435 0.021868189941028984 -0.089795480232071456 0.40043555698538791 0.31067474699629055 -0.10632106515794737 0.10756848885664093 -0.094080049496010232 -0.012420707546666727 -0.084525364106460846 -0.17271796413530921
leaf_weight=13627 21147 5960 23026 4989 18261 1425 298 2054 8586 6263 6611 5027 1393 2712
leaf_count=13627 21147 5960 23026 4989 18261 1425 298 2054 8586 6263 6611 5027 1393 2712
internal_value=-5.31942e-11 0.0838572 -0.0445895 0.16222 -0.0199264 0.04771 0.100536 0.217029 -0.0851768 0.0548587 -0.042642 -0.0627175 0.0143274 -0.122259
internal_weight=121379 42136 79243 13301 49291 28835 6258 7043 29952 27410 29637 18654 19654 11298
internal_count=121379 42136 79243 13301 49291 28835 6258 7043 29952 27410 29637 18654 19654 11298
is_linear=0
shrinkage=0.01


Tree=50
num_leaves=15
num_cat=0
split_feature=20 20 20 0 6 6 13 1 13 22 0 22 11 14
split_gain=4.45086e+06 1.07308e+06 849015 403243 305626 295625 265527 237045 232408 226299 182899 145751 130094 128691
threshold=63.513941698352362 43.928571428571438 90.777566539923967 35.400001525878913 10.497856500000003 11.604825500000002 -3.2019976268060222 -118.21337597412109 -5.7112946267219487 53.813307984790882 34.083213737060554 59.030038022813706 -0.5 5.2199946475589787
decision_type=2 2 2 2 2 2 2 2 2 2 2 2 2 2
left_child=1 5 4 11 7 9 13 -2 -5 -1 -8 -3 -6 -4
right_child=2 3 6 8 12 -7 10 -9 -10 -11 -12 -13 -14 -15
leaf_value=-0.076107234033072596 0.071892591587922522 0.0041587967127675301 0.13813579114078767 -0.1354867265338795 0.062490984287119779 -0.11751538807913965 0.079269132690899302 0.15067364177244186 -0.023261890962076585 -0.013650207404659272 0.25752321019577362 0.055820753330909599 -0.034985837709192072 -0.069679366081666486
leaf_weight=19635 14983 13007 1263 1993 2456 11719 660 5126 24904 8234 4502 9413 3094 390
leaf_count=19635 14983 13007 1263 1993 2456 11719 660 5126 24904 8234 4502 9413 3094 390
internal_value=-4.22058e-11 -0.0365978 0.100195 -0.00547083 0.0738435 -0.0753745 0.19941 0.0919747 -0.0315775 -0.0576541 0.234732 0.025849 0.00814985 0.089105
internal_weight=121379 88905 32474 49317 25659 39588 6815 20109 26897 27869 5162 22420 5550 1653
internal_count=121379 88905 32474 49317 25659 39588 6815 20109 26897 27869 5162 22420 5550 1653
is_linear=0
shrinkage=0.01


Tree=51
num_leaves=15
num_cat=0
split_feature=23 0 23 10 47 17 44 31 17 22 2 5 17 7
split_gain=3.79142e+06 988420 793154 507826 470654 458930 279216 267234 229072 228722 208520 195759 164754 161655
threshold=61.299834530347844 36.742692288818368 90.56223902128535 1.0000000180025095e-35 1.0000000180025095e-35 0.0078497656500704661 1.0000000180025095e-35 52.308196028728361 0.0080451869144957996 73.152471482889752 6.4250000000000016 31.500000000000004 0.0067837024787301579 1006.4001350000001
decision_type=2 2 2 2 2 2 2 2 2 2 2 2 2 2
left_child=1 4 5 7 8 9 12 -3 -1 -2 -5 -7 -4 -6
right_child=2 3 6 10 13 11 -8 -9 -10 -11 -12 -13 -14 -15
leaf_value=0.0054959341833455159 0.076414331148304579 -0.061344065740403186 0.19386484234278292 -0.0015553636391756409 0.046885362102380264 0.051206312667674933 0.27374166143659578 0.01387441029062004 -0.044090565931600038 0.15641045351298316 -0.11662008712773052 -0.030525359336563494 0.04704787179825709 0.16218459402660113
leaf_weight=20925 12046 14587 1833 1722 5037 7781 2532 6985 16793 5082 18441 4701 1311 1603
leaf_count=20925 12046 14587 1833 1722 5037 7781 2532 6985 16793 5082 18441 4701 1311 1603
internal_value=-5.48875e-11 -0.0357805 0.0872995 -0.0707124 -0.00291418 0.0665418 0.195586 -0.0369884 -0.0165812 0.10015 -0.106793 0.0204243 0.132644 0.0747204
internal_weight=121379 86093 35286 41735 44358 29610 5676 21572 37718 17128 20163 12482 3144 6640
internal_count=121379 86093 35286 41735 44358 29610 5676 21572 37718 17128 20163 12482 3144 6640
is_linear=0
shrinkage=0.01


Tree=52
num_leaves=15
num_cat=0
split_feature=22 0 17 22 6 30 27 26 16 1 0 14 11 1
split_gain=3.0582e+06 823372 787164 581155 531942 335514 332693 288328 236543 210873 202525 172800 108234 101525
threshold=59.989543726235745 35.400001525878913 0.010199004844292283 75.453422053231961 11.501556500000001 55.661808196028737 109.92587939698494 37.086813248856139 11.430044881500001 -118.21337597412109 34.083213737060554 8.5970203463174008e-16 1.0000000180025095e-35 -118.21337597412109
decision_type=2 2 2 2 2 2 2 2 2 2 2 2 2 2
left_child=1 5 3 9 7 12 -5 -3 13 -2 -7 -6 -1 -4
right_child=2 4 8 6 11 10 -8 -9 -10 -11 -12 -13 -14 -15
leaf_value=0.0036307282138694479 0.043510730460869847 -0.040837976141132284 -0.075823729699185285 0.1313201676870884 -0.093222832804939135 0.018250669524277369 0.29502356865569984 0.37189806945183695 0.048756449211560138 0.12386940433595096 0.10063811180940073 -0.18114878221547062 -0.056450435602330193 0.017969730154276539
leaf_weight=5377 14665 38641 4031 10385 11939 10895 1410 170 4411 4201 4109 2750 6778 1617
leaf_count=5377 14665 38641 4031 10385 11939 10895 1410 170 4411 4201 4109 2750 6778 1617
internal_value=2.09674e-11 -0.0356647 0.0706454 0.0958287 -0.0584289 0.00917797 0.15089 -0.0390301 -0.00611628 0.0614047 0.0408133 -0.109684 -0.0298724 -0.048971
internal_weight=121379 80659 40720 30661 53500 27159 11795 38811 10059 18866 15004 14689 12155 5648
internal_count=121379 80659 40720 30661 53500 27159 11795 38811 10059 18866 15004 14689 12155 5648
is_linear=0
shrinkage=0.01


Tree=53
num_leaves=15
num_cat=0
split_feature=25 23 6 7 4 0 25 6 26 2 22 0 1 0
split_gain=3.7216e+06 1.04174e+06 746532 492490 396046 385934 381750 300418 295272 219878 211304 114916 106535 100753
threshold=56.025420715392208 79.170798454319211 10.197528500000002 1003.9001350000001 1.0000000180025095e-35 37.042691525878915 35.833397878233122 9.9008180000000028 37.086813248856139 19.925000000000001 107.27889447236181 36.742692288818368 -118.21337597412109 36.742692288818368
decision_type=2 2 2 2 2 2 2 2 2 2 2 2 2 2
left_child=2 4 5 8 7 6 -1 -2 -3 13 -5 -11 -6 -4
right_child=1 3 9 10 12 -7 -8 -9 -10 11 -12 -13 -14 -15
leaf_value=-0.070510530901221266 0.072198010281403144 0.040195559115110281 -0.085563286058531821 0.18200013898570197 -0.13738861654192491 -0.075045743230401224 0.0077632678250738798 0.0075750397462093881 0.34463207876707758 -0.017371867016264936 0.32143228193074197 -0.082719755081352805 0.015689044528469063 -0.14221715176045108
leaf_weight=7744 24170 3450 5493 5117 1428 10767 31888 10242 351 4381 1380 6976 667 7325
leaf_count=7744 24170 3450 5493 5117 1428 10767 31888 10242 351 4381 1380 6976 667 7325
internal_value=5.30587e-12 0.0698941 -0.0438678 0.158721 0.0448375 -0.0219547 -0.00753125 0.0529644 0.0683085 -0.0895511 0.211616 -0.0575116 -0.0886522 -0.117939
internal_weight=121379 46805 74574 10298 36507 50399 39632 34412 3801 24175 6497 11357 2095 12818
internal_count=121379 46805 74574 10298 36507 50399 39632 34412 3801 24175 6497 11357 2095 12818
is_linear=0
shrinkage=0.01


Tree=54
num_leaves=15
num_cat=0
split_feature=25 21 6 7 0 25 4 31 17 10 2 0 0 8
split_gain=3.64754e+06 904327 731676 478285 378254 374154 343925 267139 262140 219194 215839 108301 105969 82461.8
threshold=56.025420715392208 74.692648922686956 10.197528500000002 1005.00003 37.042691525878915 35.833397878233122 1.0000000180025095e-35 52.303971271651889 0.0068637033671697769 -0.24999999999999994 21.025000000000002 36.742692288818368 36.742692288818368 0.25881904510252091
decision_type=2 2 2 2 2 2 2 2 2 2 2 2 2 2
left_child=2 6 4 9 5 -1 8 -5 -2 -3 12 -12 -4 -6
right_child=1 3 10 7 13 -7 -8 -9 -10 -11 11 -13 -14 -15
leaf_value=-0.069805425392083661 0.077690797984980908 0.11946357821250322 -0.082482921773447057 0.11826303615153093 -0.10107183819924329 0.0076856351293495316 -0.10203332347182745 0.24287350656946793 0.018825674286706211 0.0085975018575331335 -0.012495155035661428 -0.079358682264843966 -0.13827003147892308 -0.045692825574169163
leaf_weight=7744 14444 4884 5962 2884 5561 31888 1635 4264 15885 2809 3912 6362 7939 5206
leaf_count=7744 14444 4884 5962 2884 5561 31888 1635 4264 15885 2809 3912 6362 7939 5206
internal_value=-6.14409e-12 0.0691952 -0.0434291 0.133704 -0.0217352 -0.00745594 0.0392438 0.192597 0.0468598 0.0789823 -0.0886556 -0.0538993 -0.114343 -0.0742953
internal_weight=121379 46805 74574 14841 50399 39632 31964 7148 30329 7693 24175 10274 13901 10767
internal_count=121379 46805 74574 14841 50399 39632 31964 7148 30329 7693 24175 10274 13901 10767
is_linear=0
shrinkage=0.01


Tree=55
num_leaves=15
num_cat=0
split_feature=20 20 20 4 22 7 17 1 4 1 5 46 7 1
split_gain=4.14613e+06 1.24792e+06 580540 383247 367831 353447 280404 203405 201240 188827 188754 177747 161455 89378.9
threshold=67.255703422053259 52.513783269961984 107.27889447236181 1.0000000180025095e-35 53.813307984790882 1006.5004000000001 0.0075910442178948037 -118.21337597412109 1.0000000180025095e-35 -119.7866065258789 29.500000000000004 1.0000000180025095e-35 1003.5992500000001 -118.21337597412109
decision_type=2 2 2 2 2 2 2 2 2 2 2 2 2 2
left_child=1 3 5 4 -1 8 7 -3 -2 -7 -8 12 -4 -5
right_child=2 6 11 13 -6 9 10 -9 -10 -11 -12 -13 -14 -15
leaf_value=-0.070589670509897381 0.076487196579353212 0.023526525305528703 0.15698610027933621 -0.15623252721258313 -0.011991693171158332 0.036509434427383643 0.0079094765578144426 0.10832703287907286 -0.083282075786972012 0.17727725719758694 -0.057065478862652952 0.055251910974405752 0.31339378836007026 0.0019443406083787134
leaf_weight=34736 13836 18411 977 4644 15489 1141 12243 3342 836 5781 7043 479 2034 387
leaf_count=34736 13836 18411 977 4644 15489 1141 12243 3342 836 5781 7043 479 2034 387
internal_value=3.4099e-11 -0.0298295 0.114513 -0.0608537 -0.0525185 0.0951723 0.0119423 0.0365548 0.0673837 0.154074 -0.0158185 0.234179 0.262643 -0.144065
internal_weight=121379 96295 25084 55256 50225 21594 41039 21753 14672 6922 19286 3490 3011 5031
internal_count=121379 96295 25084 55256 50225 21594 41039 21753 14672 6922 19286 3490 3011 5031
is_linear=0
shrinkage=0.01


Tree=56
num_leaves=15
num_cat=0
split_feature=25 23 17 7 1 25 17 10 2 1 2 0 0 5
split_gain=3.52246e+06 871152 754111 439804 436485 402551 360805 286957 251595 224964 215972 203976 141970 119990
threshold=57.951385955029814 80.847202319158114 0.010072850549415509 1003.9001350000001 -120.84999847412108 35.833397878233122 0.0098824674086915362 -0.6830127018922193 19.825000000000006 -118.21337597412109 23.025000000000002 34.083213737060554 36.742692288818368 22.500000000000004
decision_type=2 2 2 2 2 2 2 2 2 2 2 2 2 2
left_child=2 6 4 7 -1 -6 9 -3 13 -2 -8 -5 -10 -4
right_child=1 3 8 11 5 -7 10 -9 12 -11 -12 -13 -14 -15
leaf_value=-0.073762341063016851 0.052194367851952028 0.17650948822420928 -0.077293738570094042 0.06700297275120759 -0.068419174659629794 0.011375973149087009 -0.046023865981950324 -0.0096550511477060934 -0.011935222133613525 0.1224551718249436 0.047422963071778339 0.23523943080702078 -0.079620536341536777 -0.13812744449477182
leaf_weight=10953 15918 1432 5497 839 7713 35061 5048 1963 5360 6385 4849 5110 7346 7905
leaf_count=10953 15918 1432 5497 839 7713 35061 5048 1963 5360 6385 4849 5110 7346 7905
internal_value=-1.78022e-11 0.0746782 -0.0388605 0.159685 -0.017436 -0.00301267 0.0500103 0.0688685 -0.0829495 0.0723089 -0.000239924 0.211513 -0.0510676 -0.113176
internal_weight=121379 41544 79835 9344 53727 42774 32200 3395 26108 22303 9897 5949 12706 13402
internal_count=121379 41544 79835 9344 53727 42774 32200 3395 26108 22303 9897 5949 12706 13402
is_linear=0
shrinkage=0.01


Tree=57
num_leaves=15
num_cat=0
split_feature=20 20 20 0 6 5 6 47 20 5 47 0 14 19
split_gain=4.00967e+06 1.20834e+06 562025 404020 307307 280851 269417 196862 185623 181637 176928 172227 149307 124458
threshold=67.255703422053259 52.513783269961984 107.27889447236181 36.742692288818368 11.001790500000002 8.5000000000000018 7.6066910000000005 1.0000000180025095e-35 77.80893536121674 29.500000000000004 1.0000000180025095e-35 34.083213737060554 7.8935935499257051 1.0370196096237989
decision_type=2 2 2 2 2 2 2 2 2 2 2 2 2 2
left_child=1 3 4 10 8 -5 7 -3 -2 -8 -1 -4 -13 -6
right_child=2 6 11 5 13 -7 9 -9 -10 -11 -12 12 -14 -15
leaf_value=-0.040112273308043067 0.080644901909542155 0.023084302494952819 0.054228094117346533 -0.05243859151166861 -0.05902338050589722 -0.1126396711992208 0.0078628414515996732 0.10658393077567228 0.14537465413545267 -0.055879152260694447 0.037984631880671159 0.27942431020935898 0.022811297164996143 0.058044247358715204
leaf_weight=20839 9436 18441 479 14904 1496 16143 12212 3334 8351 7052 3370 2764 247 2311
leaf_count=20839 9436 18441 479 14904 1496 16143 12212 3334 8351 7052 3370 2764 247 2311
internal_value=1.57034e-11 -0.0293345 0.112612 -0.0598628 0.093583 -0.0837404 0.0117695 0.035869 0.111036 -0.0154713 -0.0292408 0.230355 0.258374 0.0120413
internal_weight=121379 96295 25084 55256 21594 31047 41039 21775 17787 19264 24209 3490 3011 3807
internal_count=121379 96295 25084 55256 21594 31047 41039 21775 17787 19264 24209 3490 3011 3807
is_linear=0
shrinkage=0.01


Tree=58
num_leaves=15
num_cat=0
split_feature=25 23 6 13 17 1 25 27 47 19 23 14 11 44
split_gain=3.40092e+06 954771 691590 391915 365419 355203 350184 295747 256980 198859 176775 125306 101526 73994
threshold=56.025420715392208 79.170798454319211 10.197528500000002 -3.6395112183865925 0.0097971637189239926 -120.84999847412108 35.833397878233122 127.71608040201006 1.0000000180025095e-35 1.3544107340769027 43.528217856639912 3.963444403430552 -0.5 1.0000000180025095e-35
decision_type=2 2 2 2 2 2 2 2 2 2 2 2 2 2
left_child=2 4 5 11 8 -1 -7 -5 -2 -6 13 -3 -12 -4
right_child=1 3 10 7 9 6 -8 -9 -10 -11 12 -13 -14 -15
leaf_value=-0.071777349819196007 0.04492598013396841 0.083716749802348209 -0.090478690861752573 0.16315420995592064 -0.045974069314922303 -0.067325825085443713 0.0076419404146666065 0.34719063943465045 0.11735732095674287 0.036973986702756312 -0.025247973296617428 -0.079924936100099098 -0.084377966619524486 -0.13963742482368807
leaf_weight=10767 18245 1880 6920 6793 5662 7744 31888 1002 6696 5904 5222 623 6541 5492
leaf_count=10767 18245 1880 6920 6793 5662 7744 31888 1002 6696 5904 5222 623 6541 5492
internal_value=-3.33304e-11 0.066815 -0.0419352 0.151853 0.0428271 -0.0208439 -0.00700659 0.186811 0.0643719 -0.00363226 -0.0859054 0.0429861 -0.0581281 -0.11223
internal_weight=121379 46805 74574 10298 36507 50399 39632 7795 24941 11566 24175 2503 11763 12412
internal_count=121379 46805 74574 10298 36507 50399 39632 7795 24941 11566 24175 2503 11763 12412
is_linear=0
shrinkage=0.01


Tree=59
num_leaves=15
num_cat=0
split_feature=20 20 20 7 47 4 4 47 4 15 4 21 7 21
split_gain=3.88058e+06 1.02364e+06 700590 393407 334549 320356 279767 212222 198217 182999 152429 131931 116743 62899.7
threshold=59.407319391634992 79.350443599493033 32.272727272727288 1007.6001000000001 1.0000000180025095e-35 1.0000000180025095e-35 1.0000000180025095e-35 1.0000000180025095e-35 1.0000000180025095e-35 0.094593335912399573 1.0000000180025095e-35 89.962452471482905 1006.4001350000001 38.402777777777786
decision_type=2 2 2 2 2 2 2 2 2 2 2 2 2 2
left_child=2 6 9 8 5 -4 7 -2 -3 13 -11 -5 -6 -1
right_child=1 3 4 11 12 -7 -8 -9 -10 10 -12 -13 -14 -15
leaf_value=-0.056395365166091387 0.038502635723506214 0.12851492674949064 -0.024117279755930462 0.18979510746014383 0.025576047140220021 -0.12869720962610789 -0.087982347776091055 0.10373653734156948 -0.075441788600837473 -0.088203543163262593 -0.17246957523343753 0.30821391687072308 0.13320176537946832 0.042439719382718677
leaf_weight=1343 22128 7685 47876 2317 4315 3120 1476 6438 508 17592 2445 1584 1315 1237
leaf_count=1343 22128 7685 47876 2317 4315 3120 1476 6438 508 17592 2445 1584 1315 1237
internal_value=-2.40041e-11 0.0775408 -0.0412309 0.155224 -0.0224394 -0.0305156 0.0462679 0.0532046 0.115869 -0.088279 -0.098486 0.237879 0.0507142 -0.00900816
internal_weight=121379 42136 79243 12094 56626 50996 30042 28566 8193 22617 20037 3901 5630 2580
internal_count=121379 42136 79243 12094 56626 50996 30042 28566 8193 22617 20037 3901 5630 2580
is_linear=0
shrinkage=0.01


Tree=60
num_leaves=15
num_cat=0
split_feature=25 23 6 21 13 6 46 25 1 19 15 1 1 10
split_gain=3.28313e+06 807244 714855 457512 353175 339353 242541 228873 208390 197774 179361 153640 133858 78032.8
threshold=57.951385955029814 80.847202319158114 11.604825500000002 52.1411596958175 -3.6395112183865925 9.9923645000000025 1.0000000180025095e-35 32.119648641036484 -118.21337597412109 1.0113761266832915 0.44897797312071414 -120.84999847412108 -118.99998249999999 -0.6830127018922193
decision_type=2 2 2 2 2 2 2 2 2 2 2 2 2 2
left_child=2 5 3 7 13 8 -6 -1 -2 -4 -7 -5 -11 -3
right_child=1 4 9 11 6 10 -8 -9 -10 12 -12 -13 -14 -15
leaf_value=-0.089085292361141891 0.050492485297675638 0.14542667449188462 -0.12365468197199148 -0.0502696926768793 0.21102987072982848 -0.044725705145258331 0.037570642225822071 -0.028965220133377864 0.11794662045106731 -0.080121309890679587 0.040825427888763491 0.024633687795565289 0.0029275842216099778 0.0097982604404236503
leaf_weight=8132 15967 569 9155 3171 6181 4761 927 28611 6422 8144 5050 20074 2548 1667
leaf_count=8132 15967 569 9155 3171 6181 4761 927 28611 6422 8144 5050 20074 2548 1667
internal_value=-1.48527e-11 0.0720966 -0.0375171 -0.0203053 0.153926 0.0483508 0.188408 -0.0422711 0.0698408 -0.0895403 -0.00069011 0.0144156 -0.06033 0.0443119
internal_weight=121379 41544 79835 59988 9344 32200 7108 36743 22389 19847 9811 23245 10692 2236
internal_count=121379 41544 79835 59988 9344 32200 7108 36743 22389 19847 9811 23245 10692 2236
is_linear=0
shrinkage=0.01


Tree=61
num_leaves=15
num_cat=0
split_feature=25 21 17 17 4 0 25 17 27 5 25 11 2 8
split_gain=3.21956e+06 816886 662258 376495 362891 343822 334847 283001 264180 205031 121922 117008 85144.2 79109.7
threshold=56.025420715392208 79.179657794676828 0.010072850549415509 0.010497897950016382 1.0000000180025095e-35 37.042691525878915 35.833397878233122 0.0068637033671697769 121.80653266331659 34.500000000000007 39.462536086466706 -0.24999999999999994 20.125000000000004 0.25881904510252091
decision_type=2 2 2 2 2 2 2 2 2 2 2 2 2 2
left_child=2 4 5 8 7 6 -1 -2 -3 10 -4 -5 -11 -7
right_child=1 3 9 11 -6 13 -8 -9 -10 12 -12 -13 -14 -15
leaf_value=-0.065408119395033104 0.078664502370273337 0.1452033732860529 -0.10035267046689214 0.12767281157226271 -0.096357079780120578 -0.096335820061680053 0.0080655012591057829 0.020399159032250661 0.30732429218319612 -0.1372810527531754 -0.040654525860613341 -0.032605686531022623 -0.064607003749006506 -0.042076237061685701
leaf_weight=7713 16120 8333 5189 662 1823 5558 31678 17264 1143 7108 10041 1460 2085 5202
leaf_count=7713 16120 8333 5189 662 1823 5558 31678 17264 1143 7108 10041 1460 2085 5202
internal_value=1.37999e-11 0.0650091 -0.0408018 0.137797 0.0410312 -0.0200058 -0.00632109 0.0485335 0.164758 -0.083505 -0.0609942 0.0173964 -0.120798 -0.0701036
internal_weight=121379 46805 74574 11598 35207 50151 39391 33384 9476 24423 15230 2122 9193 10760
internal_count=121379 46805 74574 11598 35207 50151 39391 33384 9476 24423 15230 2122 9193 10760
is_linear=0
shrinkage=0.01


Tree=62
num_leaves=15
num_cat=0
split_feature=20 20 20 0 4 5 0 13 6 47 0 4 4 16
split_gain=3.70967e+06 1.18767e+06 482748 373856 317215 270681 267529 215149 203868 165067 164631 157073 143903 25869.2
threshold=68.171736375158432 52.513783269961984 107.27889447236181 36.742692288818368 1.0000000180025095e-35 8.5000000000000018 35.400001525878913 -4.6849037743654405 11.001790500000002 1.0000000180025095e-35 34.083213737060554 1.0000000180025095e-35 1.0000000180025095e-35 15.754497720750001
decision_type=2 2 2 2 2 2 2 2 2 2 2 2 2 2
left_child=1 3 4 9 8 -5 11 -8 -2 -1 13 -3 -12 -4
right_child=2 6 10 5 -6 -7 7 -9 -10 -11 12 -13 -14 -15
leaf_value=-0.038654662410517938 0.11737324861335698 0.042615060299941901 0.073754552997631478 -0.049849802219664417 -0.083140587151094222 -0.10895085889269743 -0.1170420951262898 -0.0034970400787320169 0.027158110284190764 0.036778911374058358 0.26414387290457669 -0.074421432777619131 -0.068746740340309989 -0.17328608200905174
leaf_weight=20839 15938 21292 432 14904 960 16143 1835 18424 2972 3370 2875 1212 136 47
leaf_count=20839 15938 21292 432 14904 960 16143 1835 18424 2972 3370 2875 1212 136 47
internal_value=4.80962e-11 -0.0269884 0.113244 -0.0576107 0.0941919 -0.0805796 0.01258 -0.0137816 0.103195 -0.028154 0.221714 0.0363118 0.249108 0.0495147
internal_weight=121379 98019 23360 55256 19870 31047 42763 20259 18910 24209 3490 22504 3011 479
internal_count=121379 98019 23360 55256 19870 31047 42763 20259 18910 24209 3490 22504 3011 479
is_linear=0
shrinkage=0.01


Tree=63
num_leaves=15
num_cat=0
split_feature=20 20 20 6 22 6 6 1 21 1 15 14 15 12
split_gain=3.63585e+06 1.16404e+06 473141 342222 267283 265540 263473 190917 148860 145041 127290 122095 111578 101338
threshold=68.171736375158432 52.513783269961984 107.27889447236181 12.404780500000003 53.813307984790882 11.001790500000002 7.6066910000000005 -118.21337597412109 73.264258555133097 -118.99998249999999 0.34314707396284627 7.9200144632346277 0.36385932913692404 1.0000000180025095e-35
decision_type=2 2 2 2 2 2 2 2 2 2 2 2 2 2
left_child=1 3 5 4 -1 8 7 -3 -2 -8 -5 13 -7 -4
right_child=2 6 11 10 -6 12 9 -9 -10 -11 -12 -13 -14 -15
leaf_value=-0.060132753509261679 0.083885759092065054 0.023311189879579128 0.19627936735127649 -0.13305629308344302 -0.0057338683750087121 -0.057317756229778756 -0.040625079737568605 0.10330833361655684 0.14466500853506087 0.013239721517273449 -0.07224247922112717 0.0042382944439138684 0.059536902682715283 0.31487089629823134
leaf_weight=28067 9422 19233 2165 6336 13318 1360 10124 3531 7041 9875 7535 245 2047 1080
leaf_count=28067 9422 19233 2165 6336 13318 1360 10124 3531 7041 9875 7535 245 2047 1080
internal_value=-2.43912e-11 -0.0267185 0.112111 -0.0570346 -0.0426268 0.09325 0.0124542 0.0357198 0.10988 -0.014028 -0.100021 0.219497 0.0128911 0.235749
internal_weight=121379 98019 23360 55256 41385 19870 42763 22764 16463 19999 13871 3490 3407 3245
internal_count=121379 98019 23360 55256 41385 19870 42763 22764 16463 19999 13871 3490 3407 3245
is_linear=0
shrinkage=0.01


Tree=64
num_leaves=15
num_cat=0
split_feature=20 20 20 7 0 26 20 13 17 2 47 22 0 25
split_gain=3.56685e+06 945402 657593 395722 360277 233110 225160 222768 209440 183194 144839 138149 122991 104585
threshold=59.407319391634992 77.80893536121674 31.155555555555555 1003.9001350000001 35.400001525878913 37.086813248856139 126.91582914572867 -4.6849037743654405 0.0070957686564426994 9.1250000000000018 1.0000000180025095e-35 43.928571428571438 35.400001525878913 25.059033645495941
decision_type=2 2 2 2 2 2 2 2 2 2 2 2 2 2
left_child=2 8 9 5 11 -3 -5 -6 10 -1 -2 -4 -10 -11
right_child=1 3 4 6 7 -7 -8 -9 12 13 -12 -13 -14 -15
leaf_value=-0.021917250239093612 0.050725974347984516 0.061659787682697573 -0.033658945424106905 0.16644358460997935 -0.11866648618176771 0.35810480052299265 0.31587258489563358 -0.033617195631463322 0.038074867218418337 -0.16363760262793328 0.12393778906632649 0.024048487549925203 -0.023635531691632169 -0.09103987528598273
leaf_weight=3575 11890 5039 5531 6798 3402 280 1184 32510 8058 2279 3497 16596 5390 15350
leaf_count=3575 11890 5039 5531 6798 3402 280 1184 32510 8058 2279 3497 16596 5390 15350
internal_value=-3.95444e-11 0.0743403 -0.0395291 0.144083 -0.0221172 0.0772651 0.188609 -0.041674 0.0421694 -0.0871886 0.0673648 0.00962359 0.0133411 -0.100425
internal_weight=121379 42136 79243 13301 58039 5319 7982 35912 28835 21204 15387 22127 13448 17629
internal_count=121379 42136 79243 13301 58039 5319 7982 35912 28835 21204 15387 22127 13448 17629
is_linear=0
shrinkage=0.01


Tree=65
num_leaves=15
num_cat=0
split_feature=20 20 20 17 6 48 5 17 6 21 47 2 31 2
split_gain=3.49836e+06 1.06876e+06 492508 359945 243316 228483 225491 205835 196670 193331 133516 129762 106035 93720.3
threshold=67.255703422053259 43.928571428571438 92.60963244613437 0.0075910442178948037 12.404780500000003 1.0000000180025095e-35 45.500000000000007 0.0088681597206579123 11.001790500000002 51.23288973384031 1.0000000180025095e-35 25.275000000000002 28.908730158730162 18.625000000000004
decision_type=2 2 2 2 2 2 2 2 2 2 2 2 2 2
left_child=1 4 7 5 9 -3 -5 10 12 -1 -2 -10 -4 -6
right_child=2 3 8 6 13 -7 -8 -9 11 -11 -12 -13 -14 -15
leaf_value=-0.0692099889859637 0.081294585254707133 0.036221054588857493 0.079206994397012273 -0.0058970240489507313 -0.13818119279209273 -0.04602235884961843 -0.067166607292628661 0.028322366183562823 -0.04781737570852606 -0.012899587027083353 0.15171729857450192 0.24772392184863537 0.21911425468872939 -0.077698741778947006
leaf_weight=20676 9636 25027 610 18989 5342 3905 8786 5506 554 8647 3736 203 4839 4923
leaf_count=20676 9636 25027 610 18989 5342 3905 8786 5506 554 8647 3736 203 4839 4923
internal_value=-3.47012e-11 -0.0274004 0.105187 0.000435266 -0.067273 0.0251205 -0.0252783 0.0797814 0.18247 -0.0526047 0.10097 0.0314361 0.203452 -0.109174
internal_weight=121379 96295 25084 56707 39588 28932 27775 18878 6206 29323 13372 757 5449 10265
internal_count=121379 96295 25084 56707 39588 28932 27775 18878 6206 29323 13372 757 5449 10265
is_linear=0
shrinkage=0.01


Tree=66
num_leaves=15
num_cat=0
split_feature=20 20 20 0 6 4 13 13 22 16 4 4 19 1
split_gain=3.43481e+06 909196 634562 350264 325359 242135 220293 216762 183713 162055 145290 141839 123251 36043.5
threshold=59.407319391634992 77.80893536121674 31.155555555555555 35.400001525878913 11.001790500000002 1.0000000180025095e-35 -2.5200018856373521 -4.6849037743654405 69.838191803971284 0.21083324200000034 1.0000000180025095e-35 1.0000000180025095e-35 1.8381042974951336 -118.21337597412109
decision_type=2 2 2 2 2 2 2 2 2 2 2 2 2 2
left_child=2 5 9 11 6 8 -3 -5 -2 -1 -11 -4 -6 -7
right_child=1 4 3 7 12 13 -8 -9 -10 10 -12 -13 -14 -15
leaf_value=0.089092944925758838 0.033920618513308132 0.09156433822338339 0.016757184186577758 -0.11691687757622306 -0.038481350089236199 -0.11503792142074973 0.18900227940373107 -0.033021916468921317 0.095581442036663522 -0.079989645318814417 -0.16026750006573728 -0.080082497260346788 0.13301014593855442 0.00049352756369208087
leaf_weight=518 21147 3238 20494 3402 1244 1063 8187 32510 6263 18111 2575 1633 632 362
leaf_count=518 21147 3238 20494 3402 1244 1063 8187 32510 6263 18111 2575 1633 632 362
internal_value=-1.43351e-11 0.0729513 -0.0387905 -0.0216862 0.141346 0.0414024 0.161387 -0.0409694 0.0480097 -0.085608 -0.0899827 0.0096103 0.0192919 -0.0856889
internal_weight=121379 42136 79243 58039 13301 28835 11425 35912 27410 21204 20686 22127 1876 1425
internal_count=121379 42136 79243 58039 13301 28835 11425 35912 27410 21204 20686 22127 1876 1425
is_linear=0
shrinkage=0.01


Tree=67
num_leaves=15
num_cat=0
split_feature=20 20 7 0 21 16 17 10 1 20 1 1 0 0
split_gain=3.36714e+06 1.08557e+06 497650 352925 343690 265776 249116 231705 180869 172429 159112 139107 135527 130651
threshold=68.171736375158432 52.513783269961984 1004.8000500000002 36.742692288818368 88.10709759188849 0.2448763050000001 0.0075910442178948037 -0.24999999999999994 -118.21337597412109 98.416349809885944 -118.21337597412109 -118.21337597412109 35.400001525878913 34.083213737060554
decision_type=2 2 2 2 2 2 2 2 2 2 2 2 2 2
left_child=1 3 7 10 11 -5 8 9 -3 -2 -1 -4 -8 -6
right_child=2 6 4 5 13 -7 12 -9 -10 -11 -12 -13 -14 -15
leaf_value=-0.036678034869871402 0.076153958153593937 0.022657621749734073 0.092844594366699063 0.098904450204300831 0.076691353262472409 -0.082163467264631862 0.012703359103821232 0.0053547864369493502 0.10045687595467728 0.20393044230231186 0.037382550063160956 0.18746245928746344 -0.039332821546481121 0.26443019756094488
leaf_weight=20839 6750 19201 5485 833 424 30214 9900 4333 3539 1252 3370 2168 10123 2948
leaf_count=20839 6750 19201 5485 833 424 30214 9900 4333 3539 1252 3370 2168 10123 2948
internal_value=2.42161e-11 -0.0257123 0.107889 -0.0549887 0.15671 -0.0773054 0.0121171 0.0642531 0.0347654 0.096146 -0.0263685 0.119649 -0.0136045 0.240824
internal_weight=121379 98019 23360 55256 11025 31047 42763 12335 22740 8002 24209 7653 20023 3372
internal_count=121379 98019 23360 55256 11025 31047 42763 12335 22740 8002 24209 7653 20023 3372
is_linear=0
shrinkage=0.01


Tree=68
num_leaves=15
num_cat=0
split_feature=25 23 17 7 21 4 26 4 17 22 19 0 0 1
split_gain=2.86864e+06 703776 652051 431484 400091 298729 277490 211039 210092 192061 183913 142133 124479 91928.5
threshold=57.951385955029814 79.170798454319211 0.011229225788052617 1003.8995250000002 52.1411596958175 1.0000000180025095e-35 37.086813248856139 1.0000000180025095e-35 0.0088681597206579123 107.27889447236181 1.0113761266832915 37.042691525878915 35.400001525878913 -118.21337597412109
decision_type=2 2 2 2 2 2 2 2 2 2 2 2 2 2
left_child=2 5 4 6 7 8 -3 -1 -2 -5 -4 -6 -12 -7
right_child=1 3 10 9 11 13 -8 -9 -10 -11 12 -13 -14 -15
leaf_value=-0.032695829542224046 0.071415620208014008 0.026543926294376595 -0.11472326285103197 0.16031793859368987 0.024787455263032988 -0.13089103395070933 0.32258914542040201 -0.13593843048031004 0.015626248900386129 0.29310390403403058 0.0042536183803495763 -0.047633825313339005 -0.073793013669456051 0.017725626636736505
leaf_weight=33827 18959 3412 9713 5115 19669 1208 349 2103 10482 1384 2670 3143 8710 635
leaf_count=33827 18959 3412 9713 5115 19669 1208 349 2103 10482 1384 2670 3143 8710 635
internal_value=-4.05031e-11 0.0673921 -0.035069 0.139263 -0.0179437 0.0438212 0.0540153 -0.0387387 0.0515527 0.188595 -0.0827614 0.0148094 -0.0554815 -0.0796856
internal_weight=121379 41544 79835 10260 58742 31284 3761 35930 29441 6499 21093 22812 11380 1843
internal_count=121379 41544 79835 10260 58742 31284 3761 35930 29441 6499 21093 22812 11380 1843
is_linear=0
shrinkage=0.01


Tree=69
num_leaves=15
num_cat=0
split_feature=20 20 20 7 0 4 13 47 4 2 4 4 13 16
split_gain=3.2593e+06 863980 610205 362643 340567 252085 211397 187649 180443 171230 135591 124467 101461 63751.7
threshold=59.407319391634992 79.350443599493033 30.648148148148156 1007.6001000000001 35.400001525878913 1.0000000180025095e-35 -4.6849037743654405 1.0000000180025095e-35 1.0000000180025095e-35 8.2750000000000021 1.0000000180025095e-35 1.0000000180025095e-35 -1.8000062842739253 0.14703508250000027
decision_type=2 2 2 2 2 2 2 2 2 2 2 2 2 2
left_child=2 5 9 8 10 7 -6 -2 -3 13 -4 -11 -5 -1
right_child=1 3 4 12 6 -7 -8 -9 -10 11 -12 -13 -14 -15
leaf_value=0.12555901601566533 0.035092341810296419 0.11671196137549186 0.016520689143211535 0.12177380301585849 -0.11456236821808548 -0.085103199216108122 -0.032360249213986003 0.096433461927459468 -0.077885496372331345 -0.085896621462650258 -0.077831242385266577 -0.16520996260706106 0.24779396350934108 -0.028191083324328976
leaf_weight=303 22128 7685 20554 805 3456 1476 33011 6438 508 15554 1645 2267 3096 2453
leaf_count=303 22128 7685 20554 805 3456 1476 33011 6438 508 15554 1645 2267 3096 2453
internal_value=-2.10123e-11 0.0710631 -0.0377865 0.142431 -0.021352 0.0423324 -0.0401506 0.048917 0.104646 -0.0846419 0.00952898 -0.095986 0.221789 -0.0112875
internal_weight=121379 42136 79243 12094 58666 30042 36467 28566 8193 20577 22199 17821 3901 2756
internal_count=121379 42136 79243 12094 58666 30042 36467 28566 8193 20577 22199 17821 3901 2756
is_linear=0
shrinkage=0.01


Tree=70
num_leaves=15
num_cat=0
split_feature=20 20 20 0 4 4 22 17 17 4 0 14 44 3
split_gain=3.19788e+06 1.03335e+06 427599 302205 293686 290894 269569 210859 188544 163084 158606 135364 92644.3 35622.3
threshold=68.171736375158432 49.469696969696976 107.27889447236181 35.400001525878913 1.0000000180025095e-35 1.0000000180025095e-35 55.487008871989865 0.012303702494922266 0.011229225788052617 1.0000000180025095e-35 34.083213737060554 7.8935935499257051 1.0000000180025095e-35 24.860023000000002
decision_type=2 2 2 2 2 2 2 2 2 2 2 2 2 2
left_child=1 5 4 9 8 6 -1 -5 -2 -3 13 -12 -7 -4
right_child=2 3 10 7 -6 12 -8 -9 -10 -11 11 -13 -14 -15
leaf_value=-0.064801633733119327 0.10908234198151456 0.036907935635471074 -0.194127568463827 -0.0041955763334673634 -0.083417304778122342 -0.10443272367948696 -0.0067572810878917576 -0.078339944054490213 0.020386409874392317 -0.073494010064737769 0.25416051241786386 0.0098238128466674908 -0.20212872333774112 0.070219029757125642
leaf_weight=32362 16094 24000 58 20322 960 3160 10629 4728 2816 1417 2764 247 1401 421
leaf_count=32362 16094 24000 58 20322 960 3160 10629 4728 2816 1417 2764 247 1401 421
internal_value=4.61051e-11 -0.0250577 0.105142 0.00645958 0.0872118 -0.058507 -0.0504509 -0.0181898 0.0958741 0.030753 0.207229 0.234117 -0.134442 0.0382105
internal_weight=121379 98019 23360 50467 19870 47552 42991 25050 18910 25417 3490 3011 4561 479
internal_count=121379 98019 23360 50467 19870 47552 42991 25050 18910 25417 3490 3011 4561 479
is_linear=0
shrinkage=0.01


Tree=71
num_leaves=15
num_cat=0
split_feature=20 20 20 0 4 4 13 1 13 2 0 4 14 44
split_gain=3.13794e+06 774917 617555 281264 279705 248381 213518 199460 192116 177271 145171 131620 121569 79185.3
threshold=63.309885931558945 43.928571428571438 92.60963244613437 35.400001525878913 1.0000000180025095e-35 1.0000000180025095e-35 -2.9127215660553074 -119.7866065258789 -4.6849037743654405 9.0750000000000011 34.083213737060554 1.0000000180025095e-35 4.3112018969448505 1.0000000180025095e-35
decision_type=2 2 2 2 2 2 2 2 2 2 2 2 2 2
left_child=1 5 4 11 7 9 12 -2 -5 -1 -8 -3 -4 -7
right_child=2 3 6 8 -6 13 10 -9 -10 -11 -12 -13 -14 -15
leaf_value=-2.2658826072178657e-05 -0.0058748807654675243 0.028147445318643487 0.12769341209442553 -0.1102808557356374 -0.080346027376867843 -0.10759342395633108 0.056173175498316658 0.080274660536635969 -0.017671646875242954 -0.06444525030405146 0.22691698177084171 -0.073281091362967676 -0.069702591826008228 -0.20239489405953637
leaf_weight=4964 3056 20856 1055 2468 1303 2708 566 22288 24251 30610 4142 1363 443 1306
leaf_count=4964 3056 20856 1055 2468 1303 2708 566 22288 24251 30610 4142 1363 443 1306
internal_value=-5.56254e-13 -0.0309744 0.0834639 -0.00436404 0.0625405 -0.0638697 0.173304 0.0698867 -0.0262258 -0.0554557 0.20639 0.0219254 0.069318 -0.138438
internal_weight=121379 88526 32853 48938 26647 39588 6206 25344 26719 35574 4708 22219 1498 4014
internal_count=121379 88526 32853 48938 26647 39588 6206 25344 26719 35574 4708 22219 1498 4014
is_linear=0
shrinkage=0.01


Tree=72
num_leaves=15
num_cat=0
split_feature=20 20 20 0 4 4 4 0 17 0 47 4 42 3
split_gain=3.07811e+06 995930 411968 332649 283178 238538 231447 218934 184568 153555 152396 132931 59717.5 34927
threshold=68.171736375158432 52.513783269961984 107.27889447236181 36.742692288818368 1.0000000180025095e-35 1.0000000180025095e-35 1.0000000180025095e-35 35.400001525878913 0.011229225788052617 34.083213737060554 1.0000000180025095e-35 1.0000000180025095e-35 1.0000000180025095e-35 24.860023000000002
decision_type=2 2 2 2 2 2 2 2 2 2 2 2 2 2
left_child=1 3 4 10 8 7 -5 -3 -2 13 -1 -11 -7 -4
right_child=2 5 9 6 -6 12 -8 -9 -10 11 -12 -13 -14 -15
leaf_value=-0.034929283142030386 0.10712892803532267 0.03930002508075283 -0.19300698003892242 -0.06558295603718238 -0.081993955117640627 -0.035337046237926571 -0.15989148257674476 -0.0072521553727288466 0.019373285808621653 0.24426569560487632 0.037551341266296695 -0.075682947667973011 -0.13849938148059493 0.068746968419633972
leaf_weight=20839 16094 21292 58 28180 960 1086 2867 19224 2816 2875 3370 136 1161 421
leaf_count=20839 16094 21292 58 28180 960 1086 2867 19224 2816 2875 3370 136 1161 421
internal_value=-1.16641e-11 -0.0245839 0.103155 -0.0526256 0.0855548 0.01165 -0.0742918 0.017212 0.0940607 0.203358 -0.0248397 0.229814 -0.0886399 0.0370523
internal_weight=121379 98019 23360 55256 19870 42763 31047 40516 18910 3490 24209 3011 2247 479
internal_count=121379 98019 23360 55256 19870 42763 31047 40516 18910 3490 24209 3011 2247 479
is_linear=0
shrinkage=0.01


Tree=73
num_leaves=15
num_cat=0
split_feature=23 1 23 6 17 1 13 5 11 5 44 1 13 13
split_gain=2.59339e+06 691281 562204 434853 352686 285700 247408 240912 199511 191542 187326 168805 144963 123552
threshold=61.299834530347844 -118.99998249999999 90.56223902128535 12.501600000000002 0.006946295837552856 -118.21337597412109 -3.2360804469577764 10.500000000000002 1.0000000180025095e-35 31.500000000000004 1.0000000180025095e-35 -120.84999847412108 -1.7615230958070482 1.0528159138979301
decision_type=2 2 2 2 2 2 2 2 2 2 2 2 2 2
left_child=1 3 4 7 11 8 -4 -1 -3 -6 -8 -2 -7 -5
right_child=2 5 6 13 9 12 10 -9 -10 -11 -12 -13 -14 -15
leaf_value=-0.012495954446251454 -0.11626835416860716 0.030645494630081319 0.050344383031067919 -0.15925432868965736 0.048557501100395854 0.026237043755229124 0.13054144221751457 -0.059345077964651702 -0.030515036952559381 -0.025763113974786523 0.26393517636343483 0.094273967298275071 0.12037164127048622 -0.084500426069208295
leaf_weight=22955 391 8665 1444 2831 8948 3720 1967 21034 13873 5662 2265 14609 2920 10095
leaf_count=22955 391 8665 1444 2831 8948 3720 1967 21034 13873 5662 2265 14609 2920 10095
internal_value=-4.95658e-12 -0.0295924 0.0722013 -0.0498812 0.0547251 0.00998338 0.16337 -0.0348976 -0.00700115 0.0197551 0.201935 0.0887858 0.0676336 -0.100873
internal_weight=121379 86093 35286 56915 29610 29178 5676 43989 22538 14610 4232 15000 6640 12926
internal_count=121379 86093 35286 56915 29610 29178 5676 43989 22538 14610 4232 15000 6640 12926
is_linear=0
shrinkage=0.01


Tree=74
num_leaves=15
num_cat=0
split_feature=20 20 20 7 22 4 21 22 2 4 2 4 1 16
split_gain=2.97968e+06 899406 502391 361883 274084 247288 220662 191252 165007 146731 133578 113774 109475 62302.3
threshold=57.720532319391644 77.80893536121674 30.648148148148156 1003.9001350000001 57.91216730038024 1.0000000180025095e-35 101.31462869905083 69.838191803971284 8.2750000000000021 1.0000000180025095e-35 15.525000000000002 1.0000000180025095e-35 -118.21337597412109 0.14703508250000027
decision_type=2 2 2 2 2 2 2 2 2 2 2 2 2 2
left_child=2 5 8 10 9 7 -5 -2 13 -4 -3 -10 -6 -1
right_child=1 3 4 6 12 -7 -8 -9 11 -11 -12 -13 -14 -15
leaf_value=0.12584516339766119 0.02821714658516946 -0.0056140438869933989 -0.032026451353743116 0.14378318321710834 0.0011389408209968976 -0.08453278699895421 0.26452025733590862 0.087703349222254423 -0.082935728090360483 -0.11269489223584346 0.10212158984509893 -0.15876562451982218 0.072930768281931097 -0.026147173740565046
leaf_weight=303 25232 1684 37040 5952 11704 1651 2030 6878 15554 2401 3635 2267 2595 2453
leaf_count=303 25232 1684 37040 5952 11704 1651 2030 6878 15554 2401 3635 2267 2595 2453
internal_value=-1.53746e-12 0.0622618 -0.0394279 0.13191 -0.0233393 0.0348223 0.174489 0.0409592 -0.0814459 -0.0369372 0.0680124 -0.092582 0.0141678 -0.00943684
internal_weight=121379 47062 74317 13301 53740 33761 7982 32110 20577 39441 5319 17821 14299 2756
internal_count=121379 47062 74317 13301 53740 33761 7982 32110 20577 39441 5319 17821 14299 2756
is_linear=0
shrinkage=0.01


Tree=75
num_leaves=15
num_cat=0
split_feature=20 20 20 7 0 17 6 10 2 1 22 0 25 22
split_gain=2.92146e+06 779413 559261 344985 305669 200950 198375 167854 161724 138963 126167 109968 100284 89087
threshold=59.407319391634992 79.350443599493033 30.648148148148156 1007.6001000000001 35.400001525878913 0.006946295837552856 11.804439000000002 -0.24999999999999994 8.2750000000000021 -118.21337597412109 50.500000000000007 35.400001525878913 25.059033645495941 107.27889447236181
decision_type=2 2 2 2 2 2 2 2 2 2 2 2 2 2
left_child=2 5 8 7 10 9 -6 -3 -1 -2 -4 -7 -10 -5
right_child=1 3 4 13 6 11 -8 -9 12 -11 -12 -13 -14 -15
leaf_value=-0.0093424722579333545 0.048286490940468274 0.13677592460325788 -0.023498807773045444 0.1897113997576606 -0.024150019219805207 0.035603613662914237 -0.077556092167911803 0.04508642055751249 -0.15218147135564561 0.11861392313127972 0.026588299942029967 -0.020936265122927723 -0.082358772278427125 0.31282724820661273
leaf_weight=2756 12071 4747 7700 3180 27112 8556 9355 3446 2373 3662 14499 5753 15448 721
leaf_count=2756 12071 4747 7700 3180 27112 8556 9355 3446 2373 3662 14499 5753 15448 721
internal_value=-9.24438e-12 0.0672793 -0.0357745 0.135065 -0.0200411 0.039991 -0.0378505 0.098211 -0.0806314 0.0646558 0.00921496 0.0128715 -0.0916562 0.212466
internal_weight=121379 42136 79243 12094 58666 30042 36467 8193 20577 15733 22199 14309 17821 3901
internal_count=121379 42136 79243 12094 58666 30042 36467 8193 20577 15733 22199 14309 17821 3901
is_linear=0
shrinkage=0.01


Tree=76
num_leaves=15
num_cat=0
split_feature=20 20 7 1 21 26 10 22 10 5 22 1 46 2
split_gain=2.86846e+06 931311 455710 339225 307579 232091 216604 196858 166515 138089 133740 131032 122874 122500
threshold=68.171736375158432 43.928571428571438 1004.8000500000002 -118.99998249999999 88.10709759188849 37.086813248856139 -1.0000000180025095e-35 53.813307984790882 -0.24999999999999994 1.0000000180025095e-35 70.221166032953121 -118.21337597412109 1.0000000180025095e-35 8.4250000000000025
decision_type=2 2 2 2 2 2 2 2 2 2 2 2 2 2
left_child=1 7 5 6 11 8 -3 -1 -2 -7 -5 -4 -6 -9
right_child=2 3 4 10 12 9 -8 13 -10 -11 -12 -13 -14 -15
leaf_value=-0.075273343346160523 0.078328094588512087 0.00089614474124555309 0.085223411766562604 0.016462329226975287 0.24876348389524605 0.47711275805885661 -0.053402025609448893 0.051675247338894705 0.00056631826362860929 0.05722686849771038 0.073359262593245836 0.17705384028902602 0.066698554283851449 -0.039872223300978338
leaf_weight=28289 7722 17738 5485 23122 2948 207 12541 1725 4280 126 5030 2168 424 9574
leaf_count=28289 7722 17738 5485 23122 2948 207 12541 1725 4280 126 5030 2168 424 9574
internal_value=-2.39398e-11 -0.023732 0.0995798 0.00163988 0.146298 0.057823 -0.0215931 -0.0611803 0.0505977 0.318237 0.0266283 0.111238 0.22587 -0.0258958
internal_weight=121379 98019 23360 58431 11025 12335 30279 39588 12002 333 28152 7653 3372 11299
internal_count=121379 98019 23360 58431 11025 12335 30279 39588 12002 333 28152 7653 3372 11299
is_linear=0
shrinkage=0.01


Tree=77
num_leaves=15
num_cat=0
split_feature=20 20 20 7 22 26 21 17 1 15 17 11 1 0
split_gain=2.81408e+06 849080 475883 374501 262142 218460 204907 189284 150372 149857 140815 132464 106015 100569
threshold=57.720532319391644 74.692648922686956 30.648148148148156 1004.8000500000002 57.720532319391644 37.086813248856139 101.31462869905083 0.0094797666837027356 -118.21337597412109 0.10218380823063249 0.007633752597924183 -0.5 -118.21337597412109 36.742692288818368
decision_type=2 2 2 2 2 2 2 2 2 2 2 2 2 2
left_child=2 7 9 5 10 -3 -5 8 -2 -1 -4 -9 -6 -11
right_child=1 3 4 6 12 -7 -8 11 -10 13 -12 -13 -14 -15
leaf_value=-0.011408968432730416 0.032785978494624217 0.059899770346437141 -0.015593065013504057 0.13996451694134696 0.0010240615264324937 0.32792808573281723 0.25872435841822794 0.033027494692658366 0.096955185320739781 -0.055252029059931526 -0.05357758781384505 -0.042618564729135361 0.071392802253217244 -0.10626834447377519
leaf_weight=2814 17314 7470 18112 6121 11851 317 1905 4321 4628 5681 21164 4986 2613 12082
leaf_count=2814 17314 7470 18112 6121 11851 317 1905 4321 4628 5681 21164 4986 2613 12082
internal_value=2.22383e-13 0.0605069 -0.0383166 0.120217 -0.0226582 0.0708109 0.168153 0.0302916 0.0463205 -0.079211 -0.0360611 -0.00749805 0.0137366 -0.0899522
internal_weight=121379 47062 74317 15813 53740 7787 8026 31249 21942 20577 39276 9307 14464 17763
internal_count=121379 47062 74317 15813 53740 7787 8026 31249 21942 20577 39276 9307 14464 17763
is_linear=0
shrinkage=0.01


Tree=78
num_leaves=15
num_cat=0
split_feature=20 20 20 17 17 17 13 7 5 21 1 27 2 2
split_gain=2.75956e+06 674422 562084 260054 235981 219227 201153 191284 184339 176101 156756 133875 132121 86580.7
threshold=62.940015733578086 43.928571428571438 92.60963244613437 0.0075910442178948037 0.010072850549415509 0.012430625122643752 -3.6395112183865925 1004.9004500000001 20.500000000000004 51.23288973384031 -118.21337597412109 127.71608040201006 23.825000000000006 18.625000000000004
decision_type=2 2 2 2 2 2 2 2 2 2 2 2 2 2
left_child=1 5 4 10 7 9 -4 -2 -5 -1 -3 -8 -6 -7
right_child=2 3 6 8 12 13 11 -9 -10 -11 -12 -13 -14 -15
leaf_value=-0.062005171113125306 0.046398878858652494 0.0093619768949669887 0.047524737436347435 -0.0057298629403115765 -0.036546703499615515 -0.12817289582677974 0.16479642695834457 0.10718788784220129 -0.062509930700849717 -0.0083358351420068609 0.087212174430131364 0.29275724032787082 0.054828932419626865 -0.069800143953991006
leaf_weight=20742 11407 21192 1211 14885 3518 5271 3965 9477 9284 8669 2946 1030 2876 4906
leaf_count=20742 11407 21192 1211 14885 3518 5271 3965 9477 9284 8669 2946 1030 2876 4906
internal_value=-1.70401e-11 -0.0294296 0.0772524 -0.00435351 0.0577098 -0.0600286 0.16315 0.0739845 -0.0275407 -0.0461859 0.0188635 0.191183 0.00455375 -0.100033
internal_weight=121379 87895 33484 48307 27278 39588 6206 20884 24169 29411 24138 4995 6394 10177
internal_count=121379 87895 33484 48307 27278 39588 6206 20884 24169 29411 24138 4995 6394 10177
is_linear=0
shrinkage=0.01


Tree=79
num_leaves=15
num_cat=0
split_feature=20 20 7 4 21 21 4 26 1 10 5 1 46 44
split_gain=2.70987e+06 883753 433266 301312 294404 249730 225066 220928 195486 162598 134484 127741 119840 89594.3
threshold=68.171736375158432 52.513783269961984 1004.8000500000002 1.0000000180025095e-35 88.10709759188849 52.1411596958175 1.0000000180025095e-35 37.086813248856139 -118.99998249999999 -0.24999999999999994 1.0000000180025095e-35 -118.21337597412109 1.0000000180025095e-35 1.0000000180025095e-35
decision_type=2 2 2 2 2 2 2 2 2 2 2 2 2 2
left_child=1 3 7 5 11 -1 8 9 -3 -2 -9 -4 -6 -5
right_child=2 6 4 13 12 -7 -8 10 -10 -11 -12 -13 -14 -15
leaf_value=-0.05672181075068565 0.076425325383530404 -0.0066485739097134934 0.082354476816317204 -0.095837484846455545 0.24279941441544953 -0.0081062189375689705 -0.086350732092634941 0.46693487135108541 0.037340105115822426 -0.00041650327877032739 0.052565770353530612 0.17302422701401338 0.062995795171778154 -0.18819547267802747
leaf_weight=35110 7722 19224 5485 3537 2948 15115 2247 207 21292 4280 126 2168 424 1494
leaf_count=35110 7722 19224 5485 3537 2948 15115 2247 207 21292 4280 126 2168 424 1494
internal_value=-1.76393e-11 -0.0230666 0.0967879 -0.0494819 0.142341 -0.0420912 0.0110657 0.0560724 0.0164684 0.049023 0.310147 0.10804 0.220191 -0.123264
internal_weight=121379 98019 23360 55256 11025 50225 42763 12335 40516 12002 333 7653 3372 5031
internal_count=121379 98019 23360 55256 11025 50225 42763 12335 40516 12002 333 7653 3372 5031
is_linear=0
shrinkage=0.01


Tree=80
num_leaves=15
num_cat=0
split_feature=20 20 0 7 10 1 10 15 47 20 7 17 7 21
split_gain=2.65775e+06 805379 459719 335026 322373 199328 221100 188409 187308 164135 157686 116970 116452 108564
threshold=57.720532319391644 77.80893536121674 36.742692288818368 1007.6001000000001 -1.0000000180025095e-35 -118.21337597412109 0.68301270189221941 0.1148951916223921 1.0000000180025095e-35 136.85125628140707 1006.6000200000002 0.0083455734632948888 1006.3000500000002 90.777566539923967
decision_type=2 2 2 2 2 2 2 2 2 2 2 2 2 2
left_child=2 5 8 9 7 6 -2 -4 11 -3 -6 -1 -7 -5
right_child=1 3 4 13 10 12 -8 -9 -10 -11 -12 -13 -14 -15
leaf_value=-0.0044830031940256932 0.032193685147891817 0.07628449013714185 0.062123603191528549 0.15869219218522057 -0.12097465899320357 0.057106528501854444 -0.04897827047687392 -0.04333974800143528 0.041286450087797348 0.21515706177989122 -0.062616162084746255 -0.043610493008439215 0.15166493846601173 0.26354383496903838
leaf_weight=17460 22560 8173 1878 2577 9170 5558 3942 17284 5588 950 9352 13585 1701 1601
leaf_count=17460 22560 8173 1878 2577 9170 5558 3942 17284 5588 950 9352 13585 1701 1601
internal_value=-2.10495e-11 0.0588023 -0.0372371 0.124709 -0.0617594 0.0328366 0.0201199 -0.0330037 -0.0120114 0.0907456 -0.0915087 -0.0216048 0.0792644 0.198871
internal_weight=121379 47062 74317 13301 37684 33761 26502 19162 36633 9123 18522 31045 7259 4178
internal_count=121379 47062 74317 13301 37684 33761 26502 19162 36633 9123 18522 31045 7259 4178
is_linear=0
shrinkage=0.01


Tree=81
num_leaves=15
num_cat=0
split_feature=20 20 20 0 16 17 17 2 1 0 13 47 2 17
split_gain=2.60766e+06 852641 361292 297938 247988 222722 218007 170537 166437 143672 137937 136996 132321 128564
threshold=68.171736375158432 52.513783269961984 107.27889447236181 36.742692288818368 0.2448763050000001 0.011229225788052617 0.0094797666837027356 23.025000000000002 -118.21337597412109 34.083213737060554 -1.8000062842739253 1.0000000180025095e-35 21.525000000000002 0.0067837024787301579
decision_type=2 2 2 2 2 2 2 2 2 2 2 2 2 2
left_child=1 3 5 11 -5 10 8 -8 -3 -4 -2 -1 -7 -11
right_child=2 6 9 4 -6 12 7 -9 -10 13 -12 -13 -14 -15
leaf_value=-0.031843456292255309 0.057019145808529029 0.016330248818523047 0.027918250241194365 0.10113276862504693 -0.073770850087289563 -0.067211569409556415 -0.053611492779574145 0.01673373269660728 0.082895075807235305 0.27067868426628361 0.11613768421999254 0.036877402876780124 0.06111791037272548 0.13854021671094546
leaf_weight=20839 6442 24424 479 833 30214 1477 7582 6318 4439 1728 10189 3370 1762 1283
leaf_count=20839 6442 24424 479 833 30214 1477 7582 6318 4439 1728 10189 3370 1762 1283
internal_value=-3.69522e-11 -0.0226274 0.094945 -0.0485735 -0.0690781 0.0784631 0.0108987 -0.0216373 0.0265676 0.188783 0.0932382 -0.0222772 0.00259903 0.214374
internal_weight=121379 98019 23360 55256 31047 19870 42763 13900 28863 3490 16631 24209 3239 3011
internal_count=121379 98019 23360 55256 31047 19870 42763 13900 28863 3490 16631 24209 3239 3011
is_linear=0
shrinkage=0.01


Tree=82
num_leaves=15
num_cat=0
split_feature=25 23 4 7 0 10 4 26 22 0 47 47 44 2
split_gain=2.28158e+06 626431 459954 381914 361439 304886 285728 252920 195194 173117 171307 89426.2 84583 54655.1
threshold=56.025420715392208 79.170798454319211 1.0000000180025095e-35 1003.8995250000002 36.742692288818368 1.0000000180025095e-35 1.0000000180025095e-35 37.086813248856139 73.152471482889752 34.083213737060554 1.0000000180025095e-35 1.0000000180025095e-35 1.0000000180025095e-35 7.6250000000000009
decision_type=2 2 2 2 2 2 2 2 2 2 2 2 2 2
left_child=2 6 4 7 10 -6 8 -3 -2 -5 -1 -8 13 -4
right_child=1 3 12 9 5 -7 11 -9 -10 -11 -12 -13 -14 -15
leaf_value=-0.010476386322314317 0.027975855589116191 0.017262471059410669 0.060428081153581545 0.046145540363178493 -0.020942448258679289 -0.07857100689505668 -0.12274008300789327 0.29987060169798768 0.082080392459920257 0.19129526610679762 0.065513404476773215 0.017508139382179329 -0.1828377051713132 -0.1051313273516024
leaf_weight=28748 25366 3419 210 964 19149 17635 1428 349 9046 5566 3308 667 1574 3950
leaf_count=28748 25366 3419 210 964 19149 17635 1428 349 9046 5566 3308 667 1574 3950
internal_value=-9.62773e-13 0.054726 -0.0343477 0.123607 -0.0271802 -0.0485708 0.0352957 0.0434382 0.0421985 0.169867 -0.00263466 -0.0780883 -0.120399 -0.0967738
internal_weight=121379 46805 74574 10298 68840 36784 36507 3768 34412 6530 32056 2095 5734 4160
internal_count=121379 46805 74574 10298 68840 36784 36507 3768 34412 6530 32056 2095 5734 4160
is_linear=0
shrinkage=0.01


Tree=83
num_leaves=15
num_cat=0
split_feature=20 20 20 7 22 4 21 10 22 15 4 4 17 16
split_gain=2.52396e+06 766117 442788 344254 245502 201671 189752 171874 162656 144763 135411 106026 101215 71609
threshold=57.720532319391644 74.692648922686956 30.648148148148156 1004.8000500000002 57.91216730038024 1.0000000180025095e-35 101.31462869905083 -0.24999999999999994 69.838191803971284 0.10702062951438722 1.0000000180025095e-35 1.0000000180025095e-35 0.0086091088395830271 0.14703508250000027
decision_type=2 2 2 2 2 2 2 2 2 2 2 2 2 2
left_child=2 5 9 7 10 8 -5 -3 -2 13 -4 -11 -6 -1
right_child=1 3 4 6 12 -7 -8 -9 -10 11 -12 -13 -14 -15
leaf_value=0.12624125138939901 0.022512153535368746 0.10121950777789344 -0.029335494161460703 0.13285452112282392 0.036712769229409338 -0.084295556763877205 0.24713804547566118 0.0028002895426475043 0.080639509994923489 -0.077756716575842336 -0.1068296790404807 -0.15296375241610205 -0.017288058013060117 -0.029514615266188624
leaf_weight=330 23702 5052 37040 6121 8368 1506 1905 2735 6041 15314 2401 2136 5931 2797
leaf_count=330 23702 5052 37040 6121 8368 1506 1905 2735 6041 15314 2401 2136 5931 2797
internal_value=-7.57536e-12 0.0573031 -0.0362878 0.114021 -0.0211836 0.0286018 0.15998 0.0666521 0.0343182 -0.0757345 -0.034053 -0.0869626 0.0143141 -0.0130773
internal_weight=121379 47062 74317 15813 53740 31249 8026 7787 29743 20577 39441 17450 14299 3127
internal_count=121379 47062 74317 15813 53740 31249 8026 7787 29743 20577 39441 17450 14299 3127
is_linear=0
shrinkage=0.01


Tree=84
num_leaves=15
num_cat=0
split_feature=20 20 20 6 4 4 22 5 7 4 0 0 44 18
split_gain=2.47529e+06 694675 440195 267600 236329 216957 204419 188383 186508 177223 164914 155970 71382.1 33342.3
threshold=65.000000000000014 43.928571428571438 92.60963244613437 7.598170500000001 1.0000000180025095e-35 1.0000000180025095e-35 52.894169835234486 45.500000000000007 1005.3003300000001 1.0000000180025095e-35 37.042691525878915 34.083213737060554 1.0000000180025095e-35 0.47300000000000003
decision_type=2 2 2 2 2 2 2 2 2 2 2 2 2 2
left_child=1 5 4 10 8 6 -1 -5 -2 11 -3 -4 -7 -11
right_child=2 3 9 7 -6 12 -8 -9 -10 13 -12 -13 -14 -15
leaf_value=-0.065007125434943899 0.044374267686043189 0.031281720152912862 0.051710047158497308 -0.0059171650158556044 -0.082199447350141008 -0.097482545736417431 -0.012831197859402786 -0.063386364017323268 0.10444765070886408 0.15225251805782317 -0.040624787243141169 0.18921418316905872 -0.18749182957374302 -0.14604084476745421
leaf_weight=24805 13581 22438 990 18055 1112 2708 10769 8338 8343 45 3718 4947 1306 224
leaf_count=24805 13581 22438 990 18055 1112 2708 10769 8338 8343 45 3718 4947 1306 224
internal_value=-3.23026e-12 -0.0254406 0.0801594 -0.0016079 0.0600212 -0.0570761 -0.0492124 -0.0240727 0.0672347 0.15491 0.0210604 0.166285 -0.126768 -0.0961405
internal_weight=121379 92137 29242 52549 23036 39588 35574 26393 21924 6206 26156 5937 4014 269
internal_count=121379 92137 29242 52549 23036 39588 35574 26393 21924 6206 26156 5937 4014 269
is_linear=0
shrinkage=0.01


Tree=85
num_leaves=15
num_cat=0
split_feature=20 20 20 4 20 22 4 22 2 4 4 17 16 1
split_gain=2.42992e+06 738025 427616 302000 248957 238607 194787 158768 148913 130860 101040 98342 58243.2 37360.2
threshold=57.720532319391644 74.692648922686956 30.648148148148156 1.0000000180025095e-35 126.91582914572867 57.720532319391644 1.0000000180025095e-35 69.838191803971284 8.2750000000000021 1.0000000180025095e-35 1.0000000180025095e-35 0.0086091088395830271 0.14703508250000027 -118.21337597412109
decision_type=2 2 2 2 2 2 2 2 2 2 2 2 2 2
left_child=2 6 8 4 -3 9 7 -2 12 -4 -10 -7 -1 -8
right_child=1 3 5 -5 -6 11 13 -9 10 -11 -12 -13 -14 -15
leaf_value=0.12483742712747933 0.022009269246928413 0.10664195511922296 -0.028897926876240071 -0.08313714198377932 0.23158821940030624 0.035911139008626088 -0.11091609713881947 0.079437711893208085 -0.075859106882191038 -0.10517821674279107 -0.14731962194423578 -0.017013855392172633 -0.022120194201962474 0.0056439473508286056
leaf_weight=303 23702 13244 36881 756 1813 8465 1144 6041 15554 2395 2267 5999 2453 362
leaf_count=303 23702 13244 36881 756 1813 8465 1144 6041 15554 2395 2267 5999 2453 362
internal_value=2.24221e-11 0.0562255 -0.0356054 0.111894 0.121687 -0.0207623 0.0280554 0.0336734 -0.0743705 -0.0335494 -0.0849496 0.0139603 -0.00596339 -0.0828983
internal_weight=121379 47062 74317 15813 15057 53740 31249 29743 20577 39276 17821 14464 2756 1506
internal_count=121379 47062 74317 15813 15057 53740 31249 29743 20577 39276 17821 14464 2756 1506
is_linear=0
shrinkage=0.01


Tree=86
num_leaves=15
num_cat=0
split_feature=20 20 20 17 17 17 5 0 21 0 1 2 17 2
split_gain=2.38337e+06 784436 334362 304710 212982 207260 205142 199289 163081 137066 130289 127848 124170 80384.8
threshold=68.171736375158432 43.928571428571438 107.27889447236181 0.0075910442178948037 0.011229225788052617 0.012430625122643752 45.500000000000007 37.042691525878915 51.018631178707231 34.083213737060554 -118.21337597412109 21.525000000000002 0.0067837024787301579 18.625000000000004
decision_type=2 2 2 2 2 2 2 2 2 2 2 2 2 2
left_child=1 5 4 7 10 8 -5 -3 -1 -4 -2 -6 -11 -7
right_child=2 3 9 6 11 13 -8 -9 -10 12 -12 -13 -14 -15
leaf_value=-0.057955489411622478 0.071171160144581663 0.034039095339589653 0.023920391000076226 -0.0034766431307736447 -0.067893064444529666 -0.1220126769155175 -0.061135683576169324 -0.042047053236853635 -0.0065682692814560441 0.26137322050936712 0.13242731555345674 0.058249037672533518 0.13151215666122532 -0.065767349527394756
leaf_weight=20589 11692 25950 479 19481 1477 5271 9031 3969 8822 1728 4939 1762 1283 4906
leaf_count=20589 11692 25950 479 19481 1477 5271 9031 3969 8822 1728 4939 1762 1283 4906
internal_value=8.83853e-13 -0.0216324 0.0907701 0.00165297 0.0749144 -0.0560012 -0.0217398 0.0239456 -0.0425416 0.181043 0.0893627 0.000727616 0.206039 -0.0948986
internal_weight=121379 98019 23360 58431 19870 39588 28512 29919 29411 3490 16631 3239 3011 10177
internal_count=121379 98019 23360 58431 19870 39588 28512 29919 29411 3490 16631 3239 3011 10177
is_linear=0
shrinkage=0.01


Tree=87
num_leaves=15
num_cat=0
split_feature=20 20 20 7 22 4 1 4 2 17 13 4 1 16
split_gain=2.34095e+06 711049 412739 313405 232479 216259 172550 164891 145426 127850 104434 98383.9 96841.6 56999.5
threshold=57.720532319391644 77.80893536121674 30.648148148148156 1007.6001000000001 57.91216730038024 1.0000000180025095e-35 -119.7866065258789 1.0000000180025095e-35 8.2750000000000021 0.0096337798515393671 -1.8000062842739253 1.0000000180025095e-35 -118.21337597412109 0.14703508250000027
decision_type=2 2 2 2 2 2 2 2 2 2 2 2 2 2
left_child=2 5 8 7 9 6 -2 -3 13 -4 -5 -10 -6 -1
right_child=1 3 4 10 12 -7 -8 -9 11 -11 -12 -13 -14 -15
leaf_value=0.12396593082806852 -0.012079003232203036 0.095084529652615934 -0.018683241220345675 0.091564669467056478 0.0019244790028516256 -0.08082698242533512 0.047583269150865692 -0.082776491486291223 -0.074516584238729672 -0.055708027052805205 0.21453819936760313 -0.14503155230216266 0.069446896190757765 -0.021414238497248671
leaf_weight=303 5950 8568 24309 873 11704 1651 26160 555 15554 15132 3305 2267 2595 2453
leaf_count=303 5950 8568 24309 873 11704 1651 26160 555 15554 15132 3305 2267 2595 2453
internal_value=-1.82971e-11 0.0551866 -0.0349475 0.117114 -0.0203648 0.0307889 0.0365278 0.0842643 -0.0730323 -0.0328882 0.188843 -0.0834868 0.0141785 -0.00543086
internal_weight=121379 47062 74317 13301 53740 33761 32110 9123 20577 39441 4178 17821 14299 2756
internal_count=121379 47062 74317 13301 53740 33761 32110 9123 20577 39441 4178 17821 14299 2756
is_linear=0
shrinkage=0.01


Tree=88
num_leaves=15
num_cat=0
split_feature=20 20 20 7 1 6 17 10 5 2 1 3 1 25
split_gain=2.29562e+06 618263 457923 297410 259881 178682 177775 155478 151898 142569 121740 103421 100004 93335
threshold=59.407319391634992 79.350443599493033 30.648148148148156 1007.6001000000001 -118.99998249999999 11.804439000000002 0.006946295837552856 -0.24999999999999994 29.500000000000004 9.1250000000000018 -118.21337597412109 22.990378500000002 -118.21337597412109 25.059033645495941
decision_type=2 2 2 2 2 2 2 2 2 2 2 2 2 2
left_child=2 6 9 7 5 -4 10 -3 -8 -1 -2 -5 -6 -11
right_child=1 3 4 11 12 -7 8 -9 -10 13 -12 -13 -14 -15
leaf_value=-0.013998935853393117 0.043212681797565447 0.12290935112965849 -0.020894018906686671 -0.095907665449233084 -0.003079069867203806 -0.071579951507562592 0.036192051873293461 0.034664651470744497 -0.030436896620190321 -0.14445079532550315 0.10903790116326142 0.20109039215784441 0.045311237910526492 -0.07512495537088415
leaf_weight=3484 12071 4747 27112 121 16428 9355 8647 3446 5662 2234 3662 3780 5771 14859
leaf_count=3484 12071 4747 27112 121 16428 9355 8647 3446 5662 2234 3662 3780 5771 14859
internal_value=-2.7466e-12 0.0596392 -0.031712 0.120012 -0.0174752 -0.0338966 0.0353351 0.0857934 0.00982731 -0.0723019 0.0585341 0.191878 0.0095008 -0.0841856
internal_weight=121379 42136 79243 12094 58666 36467 30042 8193 14309 20577 15733 3901 22199 17093
internal_count=121379 42136 79243 12094 58666 36467 30042 8193 14309 20577 15733 3901 22199 17093
is_linear=0
shrinkage=0.01


Tree=89
num_leaves=15
num_cat=0
split_feature=20 20 4 20 6 4 22 0 6 0 0 42 1 15
split_gain=2.25263e+06 708806 349382 357976 279677 204544 195023 179994 164038 145652 142396 56873.8 26940.5 19869
threshold=67.255703422053259 43.928571428571438 1.0000000180025095e-35 107.27889447236181 7.598170500000001 1.0000000180025095e-35 52.894169835234486 37.042691525878915 11.001790500000002 35.400001525878913 34.083213737060554 1.0000000180025095e-35 -118.21337597412109 0.1164727951960388
decision_type=2 2 2 2 2 2 2 2 2 2 2 2 2 2
left_child=1 5 3 8 7 6 -1 -3 -2 -6 -5 -7 13 -4
right_child=2 4 12 10 9 11 -8 -9 -10 -11 -12 -13 -14 -15
leaf_value=-0.062250411585111132 0.089535120902734286 0.032633332844236106 -0.020047449328196354 0.027102194462529518 0.0041743889732694765 -0.081943114122485311 -0.011287771851827631 -0.040668248436704524 0.012911201569929961 -0.04172884416874429 0.21502380665240084 -0.15738707073266342 -0.021800290313810949 -0.14710881996021238
leaf_weight=24805 17221 24721 156 469 12255 1876 10769 3875 3335 15856 2875 2138 445 583
leaf_count=24805 17221 24721 156 469 12255 1876 10769 3875 3335 15856 2875 2138 445 583
internal_value=2.3277e-11 -0.0219872 0.0844066 0.0927133 0.000681463 -0.0544584 -0.0468229 0.0227003 0.0771037 -0.0217173 0.188668 -0.122127 -0.0832711 -0.120287
internal_weight=121379 96295 25084 23900 56707 39588 35574 28596 20556 28111 3344 4014 1184 739
internal_count=121379 96295 25084 23900 56707 39588 35574 28596 20556 28111 3344 4014 1184 739
is_linear=0
shrinkage=0.01


Tree=90
num_leaves=15
num_cat=0
split_feature=25 23 6 7 25 1 17 26 2 1 22 2 11 1
split_gain=2.0049e+06 544987 492529 357948 265754 248539 248453 244346 190790 184182 164610 157781 133269 68549.5
threshold=56.025420715392208 79.170798454319211 11.700692500000001 1003.8995250000002 31.485591818053798 -120.84999847412108 0.0098824674086915362 37.086813248856139 23.025000000000002 -118.21337597412109 107.27889447236181 18.625000000000004 0.93301270189221952 -118.99998249999999
decision_type=2 2 2 2 2 2 2 2 2 2 2 2 2 2
left_child=2 6 4 7 12 -6 9 -3 -8 -2 -5 -4 -1 -13
right_child=1 3 11 10 5 -7 8 -9 -10 -11 -12 13 -14 -15
leaf_value=-0.081076467798501292 0.034372929925546976 0.012207124626624766 -0.10845907983095276 0.1342956105137231 -0.056110151164979277 0.0021670640004750204 -0.045683626756458193 0.28998409739345909 0.036052957117238826 0.095528738241674155 0.2571474663392207 -0.063700798410989648 0.09178827604023497 0.00060348055210842754
leaf_weight=7545 18350 3419 8600 5146 8994 39273 5805 349 5621 6731 1384 7565 474 2123
leaf_count=7545 18350 3419 8600 5146 8994 39273 5805 349 5621 6731 1384 7565 474 2123
internal_value=-4.13407e-11 0.0513006 -0.0321979 0.115548 -0.017549 -0.00869222 0.0331774 0.0379354 -0.00547346 0.0507853 0.160333 -0.0772837 -0.0708585 -0.0496093
internal_weight=121379 46805 74574 10298 56286 48267 36507 3768 11426 25081 6530 18288 8019 9688
internal_count=121379 46805 74574 10298 56286 48267 36507 3768 11426 25081 6530 18288 8019 9688
is_linear=0
shrinkage=0.01


Tree=91
num_leaves=15
num_cat=0
split_feature=20 20 0 5 7 16 21 21 1 17 5 2 1 17
split_gain=2.18025e+06 663580 397813 328515 317636 247131 205049 199628 166416 161806 157476 138776 128484 101530
threshold=57.720532319391644 74.692648922686956 36.742692288818368 3.5000000000000004 1003.9001350000001 0.21083324200000034 72.487959442332084 101.31462869905083 -118.21337597412109 0.0094797666837027356 40.500000000000007 25.025000000000002 -118.21337597412109 0.0083455734632948888
decision_type=2 2 2 2 2 2 2 2 2 2 2 2 2 2
left_child=2 9 8 6 10 -5 -4 -6 13 12 -3 -11 -2 -1
right_child=1 4 3 5 7 -7 -8 -9 -10 11 -12 -13 -14 -15
leaf_value=-0.0033515392315230214 0.028856182545479114 0.093189315068392509 -0.030202419446355596 0.095364213524998839 0.11860461315758514 -0.090154889503217261 0.17356431485583718 0.22934584636119548 0.039976920124719859 -0.038998533028155494 -0.0063512371620840008 0.040325988044215881 0.088171508002918536 -0.039805161052522305
leaf_weight=17460 17314 3953 16586 745 7089 19844 509 2113 5588 5716 2658 3591 4628 13585
leaf_count=17460 17314 3953 16586 745 7089 19844 509 2113 5588 5716 2658 3591 4628 13585
internal_value=2.39441e-11 0.0532587 -0.0337266 -0.0565381 0.106045 -0.083442 -0.0241353 0.144033 -0.0102607 0.026547 0.0531683 -0.00839207 0.041367 -0.0193033
internal_weight=121379 47062 74317 37684 15813 20589 17095 9202 36633 31249 6611 9307 21942 31045
internal_count=121379 47062 74317 37684 15813 20589 17095 9202 36633 31249 6611 9307 21942 31045
is_linear=0
shrinkage=0.01


Tree=92
num_leaves=15
num_cat=0
split_feature=20 20 7 6 25 4 22 13 26 22 2 2 0 25
split_gain=2.13791e+06 712563 377163 268254 255621 197059 187126 178709 177974 165203 137360 121397 117542 93803.2
threshold=68.171736375158432 52.513783269961984 1003.9001350000001 10.197528500000002 99.253969599794516 1.0000000180025095e-35 58.126425855513318 -2.5199936990504201 37.086813248856139 61.824714828897349 14.625000000000002 19.625000000000004 36.742692288818368 125.85672951532679
decision_type=2 2 2 2 2 2 2 2 2 2 2 2 2 2
left_child=1 3 8 6 7 9 -1 -4 10 -3 -2 -5 -6 -10
right_child=2 5 4 11 12 -7 -8 -9 13 -11 -12 -13 -14 -15
leaf_value=-0.039755642303926308 -0.032610084966041203 0.0019015580215197491 0.03681229398597903 -0.096135073802407142 0.14227286793723826 -0.080993499503531879 0.016011802817879322 0.12889330516879247 0.34774478487003208 0.045840708477645854 0.054567811425363315 -0.046981467201847309 0.31451749559678543 -0.14566464661227332
leaf_weight=27349 2339 28239 2823 10788 697 2247 7714 8318 268 12277 7952 9405 918 45
leaf_count=27349 2339 28239 2823 10788 697 2247 7714 8318 268 12277 7952 9405 918 45
internal_value=9.15883e-12 -0.0204882 0.085969 -0.0442075 0.122605 0.0101605 -0.0274866 0.105561 0.0418982 0.0152158 0.0347535 -0.0732415 0.24018 0.276807
internal_weight=121379 98019 23360 55256 12756 42763 35063 11141 10604 40516 10291 20193 1615 313
internal_count=121379 98019 23360 55256 12756 42763 35063 11141 10604 40516 10291 20193 1615 313
is_linear=0
shrinkage=0.01


Tree=93
num_leaves=15
num_cat=0
split_feature=20 20 20 1 4 13 7 13 6 46 21 4 10 20
split_gain=2.09737e+06 530932 441377 255832 223045 193104 185494 181379 158691 125808 121085 121033 66324.6 58032.2
threshold=62.940015733578086 37.243589743589752 92.60963244613437 -118.99998249999999 1.0000000180025095e-35 -4.6849037743654405 1005.29975 -3.6395112183865925 10.197528500000002 1.0000000180025095e-35 51.018631178707231 1.0000000180025095e-35 -0.6830127018922193 22.847222222222221
decision_type=2 2 2 2 2 2 2 2 2 2 2 2 2 2
left_child=1 8 4 5 6 -3 -2 12 10 -9 -1 -5 -4 -10
right_child=2 3 7 11 -6 -7 -8 9 13 -11 -12 -13 -14 -15
leaf_value=-0.057583226093095748 0.035787092070869657 -0.10123658132090509 0.15092196980896203 0.022286281410538056 -0.076322462819810991 -0.018365281200782145 0.091010307546416119 0.18903032587918586 -0.11687129315059937 0.037137151266983373 -0.00046582602108279547 -0.066826485010541919 -0.013039181833187717 -0.070707900422726053
leaf_weight=13541 16215 3101 345 23061 1329 30149 9734 4372 4579 623 5113 1632 866 6719
leaf_count=13541 16215 3101 345 23061 1329 30149 9734 4372 4579 623 5113 1632 866 6719
internal_value=-1.47036e-12 -0.0256568 0.0673487 -0.00798623 0.0500311 -0.0260941 0.0565024 0.143467 -0.059841 0.170085 -0.0419275 0.0163967 0.0336715 -0.0894176
internal_weight=121379 87895 33484 57943 27278 33250 25949 6206 29952 4995 18654 24693 1211 11298
internal_count=121379 87895 33484 57943 27278 33250 25949 6206 29952 4995 18654 24693 1211 11298
is_linear=0
shrinkage=0.01


Tree=94
num_leaves=15
num_cat=0
split_feature=20 20 20 7 22 20 4 5 22 15 17 1 4 16
split_gain=2.05926e+06 629554 373909 303689 217370 202637 174368 153836 147485 130640 112222 96016.9 89909.5 66411.6
threshold=57.720532319391644 74.692648922686956 30.055555555555561 1003.4999000000001 56.250604908399595 136.85125628140707 1.0000000180025095e-35 40.500000000000007 69.838191803971284 0.10702062951438722 0.012303702494922266 -118.21337597412109 1.0000000180025095e-35 0.14703508250000027
decision_type=2 2 2 2 2 2 2 2 2 2 2 2 2 2
left_child=2 6 9 7 10 -5 8 -3 -2 13 -4 -6 -11 -1
right_child=1 3 4 5 11 -7 -8 -9 -10 12 -12 -13 -14 -15
leaf_value=0.12589476209445266 0.019815354112020126 0.088374735805390736 -0.022910449378976575 0.12345009307621102 -0.00023848572768738315 0.28272448458643057 -0.079235405416375054 -0.01450786090732787 0.075165639904552217 -0.072107085899495688 -0.063404201632855331 0.063252695788771032 -0.14242920682922561 -0.025726712467411098
leaf_weight=323 23702 3680 28417 8853 14101 878 1506 2402 6041 14787 9015 2866 2073 2735
leaf_count=323 23702 3680 28417 8853 14101 878 1506 2402 6041 14787 9015 2866 2073 2735
internal_value=-2.98923e-11 0.0517598 -0.0327774 0.103175 -0.0192047 0.137821 0.025742 0.0477427 0.0310574 -0.0698465 -0.0326628 0.0104862 -0.0807535 -0.00971176
internal_weight=121379 47062 74317 15813 54399 9731 31249 6082 29743 19918 37432 16967 16860 3058
internal_count=121379 47062 74317 15813 54399 9731 31249 6082 29743 19918 37432 16967 16860 3058
is_linear=0
shrinkage=0.01


Tree=95
num_leaves=15
num_cat=0
split_feature=25 21 17 7 4 0 25 17 0 10 15 0 13 8
split_gain=1.84424e+06 507495 462051 290076 284519 243419 228572 205407 156124 140060 128809 81446.4 79394.9 66088.3
threshold=56.025420715392208 84.210076045627389 0.010072850549415509 1004.7999000000001 1.0000000180025095e-35 37.042691525878915 35.833397878233122 0.006946295837552856 34.083213737060554 -0.24999999999999994 0.34314707396284627 36.742692288818368 -1.4399957836446202 0.25881904510252091
decision_type=2 2 2 2 2 2 2 2 2 2 2 2 2 2
left_child=2 4 5 9 7 6 -1 -2 -5 -3 12 -12 -4 -7
right_child=1 3 10 8 -6 13 -8 -9 -10 -11 11 -13 -14 -15
leaf_value=-0.050813917436556812 0.063591380385768406 0.10077028119383589 -0.12065445543713478 0.042165998932793151 -0.083781300217268234 -0.0796398381212403 0.0098903630771473502 0.015594383489895048 0.19246675844780797 -0.017973522125750194 -0.014268491360451043 -0.06530899560243264 -0.067421365964863492 -0.030046416249682805
leaf_weight=7713 17715 2548 5069 829 1978 5558 31678 17952 4155 1628 5162 7928 6264 5202
leaf_count=7713 17715 2548 5069 829 1978 5558 31678 17952 4155 1628 5162 7928 6264 5202
internal_value=-6.18427e-12 0.0492022 -0.0308809 0.115956 0.0329593 -0.0135104 -0.00199591 0.0394334 0.167467 0.0544784 -0.0665499 -0.0451813 -0.0912313 -0.0556635
internal_weight=121379 46805 74574 9160 37645 50151 39391 35667 4984 4176 24423 13090 11333 10760
internal_count=121379 46805 74574 9160 37645 50151 39391 35667 4984 4176 24423 13090 11333 10760
is_linear=0
shrinkage=0.01


Tree=96
num_leaves=15
num_cat=0
split_feature=20 20 7 21 17 21 17 26 1 11 24 11 44 1
split_gain=1.99323e+06 665849 355839 261954 253348 194023 184528 172408 141796 136895 130123 127161 121570 117183
threshold=68.171736375158432 52.513783269961984 1003.9001350000001 88.666032953105216 0.012303702494922266 52.1411596958175 0.0094797666837027356 37.086813248856139 -118.21337597412109 -0.5 21.914086702007442 -0.5 1.0000000180025095e-35 -118.21337597412109
decision_type=2 2 2 2 2 2 2 2 2 2 2 2 2 2
left_child=1 4 7 13 5 -1 8 11 -3 -8 -9 -2 -5 -4
right_child=2 6 3 12 -6 -7 9 10 -10 -11 -12 -13 -14 -15
leaf_value=-0.044799074522762092 0.071705173201989811 0.014810674595195084 0.066643695556758517 0.13664994129386412 -0.079453276021714384 0.0020600496850603973 0.013308201908533214 -0.042190040686438161 0.076250674948126693 -0.04957820371039956 0.40397536917708138 0.0011044865963724885 0.25165694002655936 0.14594044492044769
leaf_weight=28425 4674 24424 6431 2001 14009 12822 6518 93 4439 7382 220 5617 1700 2624
leaf_count=28425 4674 24424 6431 2001 14009 12822 6518 93 4439 7382 220 5617 1700 2624
internal_value=-4.13123e-11 -0.0197828 0.0830091 0.118594 -0.0427114 -0.0302325 0.00984424 0.0402023 0.0242599 -0.0200895 0.271409 0.0331701 0.189477 0.0896227
internal_weight=121379 98019 23360 12756 55256 41247 42763 10604 28863 13900 313 10291 3701 9055
internal_count=121379 98019 23360 12756 55256 41247 42763 10604 28863 13900 313 10291 3701 9055
is_linear=0
shrinkage=0.01


Tree=97
num_leaves=15
num_cat=0
split_feature=20 20 6 7 21 1 10 10 20 15 21 7 20 16
split_gain=1.95523e+06 677329 312786 291410 223209 171368 199003 148045 143376 106271 105197 104994 92768.4 86458.2
threshold=56.045944233206605 74.692648922686956 9.9923645000000025 1007.6001000000001 52.1411596958175 -118.21337597412109 0.25000000000000011 -0.24999999999999994 24.523809523809529 0.090541616431584551 77.922053231939188 1006.3000500000002 37.243589743589752 11.150158118000002
decision_type=2 2 2 2 2 2 2 2 2 2 2 2 2 2
left_child=2 5 4 7 12 6 -2 -3 -4 -6 -5 -7 -1 -10
right_child=1 3 8 10 9 11 -8 -9 13 -11 -12 -13 -14 -15
leaf_value=-0.054265179201226692 0.02762388013759717 0.103139595282355 -0.10920909385171142 0.11467314331950214 0.086449149938244818 0.04501235246774659 -0.030449832377279138 0.028962521609141281 -0.069693139636326423 0.0022791674596142181 0.20975605554043936 0.13509372619647525 -0.017659024742942227 -0.027911396186099547
leaf_weight=13814 21373 6553 5322 2129 1680 5675 8151 4565 10955 14003 2566 1676 13878 9039
leaf_count=13814 21373 6553 5322 2129 1680 5675 8151 4565 10955 14003 2566 1676 13878 9039
internal_value=1.7733e-11 0.045827 -0.0351506 0.100579 -0.0188482 0.0223477 0.0115909 0.0726828 -0.0630823 0.0112957 0.16664 0.0655506 -0.0359198 -0.0508042
internal_weight=121379 52688 68691 15813 43375 36875 29524 11118 25316 15683 4695 7351 27692 19994
internal_count=121379 52688 68691 15813 43375 36875 29524 11118 25316 15683 4695 7351 27692 19994
is_linear=0
shrinkage=0.01


Tree=98
num_leaves=15
num_cat=0
split_feature=20 20 4 20 6 4 5 22 1 6 12 44 1 15
split_gain=1.91705e+06 642123 319667 296558 262008 189438 188721 177541 171407 160303 126744 67715.1 23311.9 17896.3
threshold=68.171736375158432 43.928571428571438 1.0000000180025095e-35 114.91206030150757 7.6066910000000005 1.0000000180025095e-35 45.500000000000007 52.894169835234486 -120.84999847412108 11.001790500000002 1.0000000180025095e-35 1.0000000180025095e-35 -118.21337597412109 0.1164727951960388
decision_type=2 2 2 2 2 2 2 2 2 2 2 2 2 2
left_child=1 5 3 9 8 7 -6 -1 -3 -2 -5 -7 13 -4
right_child=2 4 12 10 6 11 -8 -9 -10 -11 -12 -13 -14 -15
leaf_value=-0.057868007954450323 0.088519346400353985 -0.03916088138468625 -0.023870560782583983 0.13919829815952672 -0.0025021874666922945 -0.087095139056688003 -0.057813749525983636 -0.0092431849765332152 0.031623690351397345 0.0095872865502159375 0.28525485909881187 -0.17476203959212733 -0.026854322817923375 -0.14826950487045182
leaf_weight=24805 16568 3939 148 1737 19444 2708 9035 10769 26013 3046 903 1306 429 529
leaf_count=24805 16568 3939 148 1737 19444 2708 9035 10769 26013 3046 903 1306 429 529
internal_value=6.36769e-12 -0.0194011 0.0814074 0.0896542 0.00166645 -0.0504963 -0.0200499 -0.0431482 0.0223148 0.0762614 0.189156 -0.115619 -0.084528 -0.121074
internal_weight=121379 98019 23360 22254 58431 39588 28479 35574 29952 19614 2640 4014 1106 677
internal_count=121379 98019 23360 22254 58431 39588 28479 35574 29952 19614 2640 4014 1106 677
is_linear=0
shrinkage=0.01


Tree=99
num_leaves=15
num_cat=0
split_feature=21 0 10 6 23 1 13 0 2 4 2 13 5 26
split_gain=1.72619e+06 538523 386290 366762 364029 248389 234315 230664 181334 172105 137794 131989 108746 84557.4
threshold=63.309885931558945 36.742692288818368 1.0000000180025095e-35 11.001790500000002 72.502721257498607 -118.21337597412109 -2.8800020252941878 37.042691525878915 24.525000000000002 1.0000000180025095e-35 6.4250000000000016 -1.4399957836446202 19.500000000000004 40.72839735990835
decision_type=2 2 2 2 2 2 2 2 2 2 2 2 2 2
left_child=1 5 7 4 12 9 -6 -3 -5 -1 -4 -7 -2 -10
right_child=3 2 10 8 6 11 -8 -9 13 -11 -12 -13 -14 -15
leaf_value=-0.0047230707119873825 0.073700136827234738 0.005189547810697726 0.0076831763849380874 -0.046713899123449226 0.043850012359061157 0.019798706905861566 0.1499615397950752 -0.061899371203130632 0.052798760567990995 -0.089354122337473085 -0.088945883967898778 0.10289729270640545 0.020497270454321148 0.4297925778295173
leaf_weight=36148 7729 13591 1606 4023 2798 5246 8121 8227 2412 2574 18197 3007 7639 61
leaf_count=36148 7729 13591 1606 4023 2798 5246 8121 8227 2412 2574 18197 3007 7639 61
internal_value=6.49228e-13 -0.0229398 -0.049132 0.0619948 0.078622 0.000267144 0.12277 -0.0201079 -0.00528973 -0.0103488 -0.0811094 0.0500759 0.0472545 0.0620978
internal_weight=121379 88596 41621 32783 26287 46975 10919 21818 6496 38722 19803 8253 15368 2473
internal_count=121379 88596 41621 32783 26287 46975 10919 21818 6496 38722 19803 8253 15368 2473
is_linear=0
shrinkage=0.01


Tree=100
num_leaves=15
num_cat=0
split_feature=20 20 0 7 13 4 20 15 26 0 47 4 15 26
split_gain=1.85778e+06 641612 312549 283288 240461 195386 191536 189774 164014 145333 142282 108240 91660 43381.7
threshold=56.045944233206605 74.692648922686956 36.742692288818368 1003.4999000000001 -5.766195764336687 1.0000000180025095e-35 136.85125628140707 0.086484379132584471 37.086813248856139 35.400001525878913 1.0000000180025095e-35 1.0000000180025095e-35 0.14494471706441561 14.71424517910611
decision_type=2 2 2 2 2 2 2 2 2 2 2 2 2 2
left_child=2 5 10 8 13 9 -5 -6 -3 -2 11 -1 -12 -4
right_child=1 3 4 6 7 -7 -8 -9 -10 -11 12 -13 -14 -15
leaf_value=-0.014893976496781312 0.044281683263682592 0.032949709129508682 -0.096158771038352367 0.11744985140066147 0.036132667698258375 -0.080120957999994136 0.27230012015832045 -0.053254122532964195 0.2794932163941144 0.003025014200711963 0.1371103594068685 -0.088259214544950629 0.018981047961808006 -0.16647809580179662
leaf_weight=25796 20403 5799 1667 8853 2581 1789 878 29780 283 14683 784 2181 4050 1852
leaf_count=25796 20403 5799 1667 8853 2581 1789 878 29780 283 14683 784 2181 4050 1852
internal_value=-2.92417e-12 0.0446704 -0.0342635 0.0979596 -0.0546617 0.0218186 0.131422 -0.0461249 0.0444216 0.0270163 -0.0119573 -0.0206133 0.0381398 -0.133167
internal_weight=121379 52688 68691 15813 35880 36875 9731 32361 6082 35086 32811 27977 4834 3519
internal_count=121379 52688 68691 15813 35880 36875 9731 32361 6082 35086 32811 27977 4834 3519
is_linear=0
shrinkage=0.01


Tree=101
num_leaves=15
num_cat=0
split_feature=20 20 20 7 6 4 1 22 5 10 2 8 4 19
split_gain=1.82094e+06 499402 386292 243068 220358 188545 169050 159957 149859 145906 130869 94638.4 81728.2 54748.3
threshold=59.407319391634992 82.393536121673023 30.648148148148156 1007.6001000000001 9.5021360000000019 1.0000000180025095e-35 -120.84999847412108 69.838191803971284 46.500000000000007 -0.24999999999999994 9.1250000000000018 0.37940952255126054 1.0000000180025095e-35 0.014004374526993603
decision_type=2 2 2 2 2 2 2 2 2 2 2 2 2 2
left_child=2 5 10 9 6 7 -4 -2 -6 -3 13 -5 -12 -1
right_child=1 3 4 11 8 -7 -8 -9 -10 -11 12 -13 -14 -15
leaf_value=0.1833566380181211 0.025807999138984905 0.11810081983582685 -0.045996904284979739 0.12747238934704613 -0.022907577618074805 -0.074067385184032275 0.0099590152698930887 0.079365511417066922 -0.079556723188629233 0.025308932762093918 -0.068633133870765875 0.23209163762148827 -0.13467970374149874 -0.017805613269327385
leaf_weight=141 22781 4032 6584 1670 15374 1553 30001 7384 6707 2923 14951 1793 2142 3343
leaf_count=141 22781 4032 6584 1670 15374 1553 30001 7384 6707 2923 14951 1793 2142 3343
internal_value=-2.09014e-11 0.0531166 -0.0282438 0.113187 -0.0151678 0.0333861 -0.000111062 0.0389182 -0.0401145 0.0791029 -0.0655241 0.18164 -0.0769097 -0.00966443
internal_weight=121379 42136 79243 10418 58666 31718 36585 30165 22081 6955 20577 3463 17093 3484
internal_count=121379 42136 79243 10418 58666 31718 36585 30165 22081 6955 20577 3463 17093 3484
is_linear=0
shrinkage=0.01


Tree=102
num_leaves=15
num_cat=0
split_feature=20 20 0 5 7 16 20 21 47 10 26 1 7 15
split_gain=1.78779e+06 617454 303309 281842 275382 221901 186649 175193 162860 191852 160230 139451 101841 89772.7
threshold=56.045944233206605 74.692648922686956 36.742692288818368 3.5000000000000004 1003.4999000000001 0.21083324200000034 136.85125628140707 72.487959442332084 1.0000000180025095e-35 0.68301270189221941 37.086813248856139 -118.21337597412109 1006.3000500000002 0.14494471706441561
decision_type=2 2 2 2 2 2 2 2 2 2 2 2 2 2
left_child=2 8 11 7 10 -5 -6 -4 9 -2 -3 -1 -10 -13
right_child=1 4 3 5 6 -7 -8 -9 12 -11 -12 13 -14 -15
leaf_value=-0.020207295710347663 0.021959684424536285 0.031972685164251946 -0.028342057811100007 0.095715421248786153 0.11529663814561156 -0.085583498461203819 0.2681585761622986 0.17285736007440125 0.043292545006793255 -0.04792836203384148 0.27565558190098816 0.13590471370573326 0.13201111674617735 0.018997903629557882
leaf_weight=27977 24859 5799 15755 700 8853 18980 878 445 5675 4665 283 784 1676 4050
leaf_count=27977 24859 5799 15755 700 8853 18980 878 445 5675 4665 283 784 1676 4050
internal_value=6.40336e-12 0.0438208 -0.0336118 -0.0537063 0.0960972 -0.0791349 0.129089 -0.0228153 0.0214033 0.0109169 0.0433114 -0.0116378 0.06352 0.0379584
internal_weight=121379 52688 68691 35880 15813 19680 9731 16200 36875 29524 6082 32811 7351 4834
internal_count=121379 52688 68691 35880 15813 19680 9731 16200 36875 29524 6082 32811 7351 4834
is_linear=0
shrinkage=0.01


Tree=103
num_leaves=15
num_cat=0
split_feature=25 17 17 23 47 4 2 7 2 22 24 0 17 31
split_gain=1.61975e+06 448113 418006 365942 269115 227070 226600 179222 164738 132783 91232.8 85311.3 72924.9 68218.5
threshold=57.951385955029814 0.011229225788052617 0.010199004844292283 79.170798454319211 1.0000000180025095e-35 1.0000000180025095e-35 23.025000000000002 1004.4999700000002 18.625000000000004 74.692648922686956 32.778463531331859 36.742692288818368 0.012742807951617649 57.524081115335882
decision_type=2 2 2 2 2 2 2 2 2 2 2 2 2 2
left_child=1 4 3 9 5 -1 12 -5 -3 -2 -8 -10 -4 -6
right_child=2 8 6 7 13 -7 10 -9 11 -11 -12 -13 -14 -15
leaf_value=-0.01269132282929661 0.03297979145910835 -0.096446143906606455 -0.0034248227242890329 0.061417756459901468 0.059764719434182365 -0.103123893960421 0.039304533003767378 0.16045840410539977 -0.0085818070019075959 0.086619561832970218 0.28794866307687605 -0.063724787884517048 -0.074012080519483395 0.21553049772399141
leaf_weight=52380 15633 9607 2567 2756 3121 2932 5062 5421 4873 6548 152 6613 3405 309
leaf_count=52380 15633 9607 2567 2756 3121 2932 5062 5421 4873 6548 152 6613 3405 309
internal_value=-8.88979e-12 -0.0263518 0.0506402 0.0698949 -0.012155 -0.017485 -0.00161585 0.127077 -0.0658886 0.0488147 0.0465531 -0.0403301 -0.0436709 0.0737973
internal_weight=121379 79835 41544 30358 58742 55312 11186 8177 21093 22181 5214 11486 5972 3430
internal_count=121379 79835 41544 30358 58742 55312 11186 8177 21093 22181 5214 11486 5972 3430
is_linear=0
shrinkage=0.01


Tree=104
num_leaves=15
num_cat=0
split_feature=20 20 0 7 4 15 4 4 1 1 4 3 15 0
split_gain=1.72946e+06 596288 294094 268381 199997 200101 185736 159804 138540 134452 102507 100100 87839.6 39317.6
threshold=56.045944233206605 74.692648922686956 36.742692288818368 1007.6001000000001 1.0000000180025095e-35 0.094593335912399573 1.0000000180025095e-35 1.0000000180025095e-35 -119.7866065258789 -118.21337597412109 1.0000000180025095e-35 21.999717000000004 0.14494471706441561 37.042691525878915
decision_type=2 2 2 2 2 2 2 2 2 2 2 2 2 2
left_child=2 6 9 7 5 -4 8 -3 -2 10 -1 -5 -11 -6
right_child=1 3 4 11 13 -7 -8 -9 -10 12 -12 -13 -14 -15
leaf_value=-0.014270074801967238 -0.012687102012813169 0.077400471629530274 0.03038988339084327 -0.10846535259572258 -0.16314147340395721 -0.053589562415276744 -0.078320030376331784 -0.080487856483223305 0.036308186320031841 0.13416380387236726 -0.08566601059224041 0.16587419324164832 0.018522490002286843 -0.092241168647958657
leaf_weight=25796 7283 10435 3138 137 1632 29608 1789 683 27803 784 2181 4558 4050 1502
leaf_count=25796 7283 10435 3138 137 1632 29608 1789 683 27803 784 2181 4558 4050 1502
internal_value=-6.95647e-12 0.0431001 -0.033059 0.0944726 -0.0528459 -0.0455419 0.0210702 0.0677011 0.026138 -0.0114214 -0.0198359 0.157869 0.0372777 -0.129162
internal_weight=121379 52688 68691 15813 35880 32746 36875 11118 35086 32811 27977 4695 4834 3134
internal_count=121379 52688 68691 15813 35880 32746 36875 11118 35086 32811 27977 4695 4834 3134
is_linear=0
shrinkage=0.01


Tree=105
num_leaves=15
num_cat=0
split_feature=20 21 20 20 5 0 7 1 13 0 21 6 0 10
split_gain=1.69607e+06 470843 356912 232697 195585 173899 173430 192146 167388 153806 128076 119216 115292 96926
threshold=63.513941698352362 52.513783269961984 92.60963244613437 30.055555555555561 15.500000000000002 36.742692288818368 1006.3000500000002 -119.7866065258789 -2.9127215660553074 35.400001525878913 83.651140684410663 7.598170500000001 34.083213737060554 -0.6830127018922193
decision_type=2 2 2 2 2 2 2 2 2 2 2 2 2 2
left_child=1 3 6 -1 10 -6 9 -8 13 -2 -3 -5 -10 -4
right_child=2 4 8 11 5 -7 7 -9 12 -11 -12 -13 -14 -15
leaf_value=-0.074102495181346331 0.047331121197168376 0.020327149134389967 0.16558820057153142 -0.0081890144469204812 0.0020148422217800221 -0.065569007810420271 -0.0070310534297800386 0.11095477185551268 0.025482847129814194 -0.016529008122006861 0.14364251309282713 -0.044810907428267266 0.17764459810668193 -0.012721024934565579
leaf_weight=15811 12981 19141 426 16397 11593 5669 1776 6195 566 5316 881 19413 4142 1072
leaf_count=15811 12981 19141 426 16397 11593 5669 1776 6195 566 5316 881 19413 4142 1072
internal_value=-1.23825e-11 -0.022592 0.0618509 -0.04215 0.0044866 -0.0201803 0.0457368 0.0846666 0.130057 0.0287772 0.0257532 -0.0280422 0.159352 0.0379864
internal_weight=121379 88905 32474 51621 37284 17262 26268 7971 6206 18297 20022 35810 4708 1498
internal_count=121379 88905 32474 51621 37284 17262 26268 7971 6206 18297 20022 35810 4708 1498
is_linear=0
shrinkage=0.01


Tree=106
num_leaves=15
num_cat=0
split_feature=20 20 6 7 22 20 6 26 2 20 0 1 1 1
split_gain=1.66563e+06 573920 287456 261509 232295 180726 157544 155324 152406 119909 103341 100978 100402 62161.6
threshold=56.045944233206605 74.692648922686956 12.404780500000003 1003.4999000000001 58.126425855513318 136.85125628140707 6.7962330000000009 37.086813248856139 19.625000000000004 30.055555555555561 35.400001525878913 -118.21337597412109 -118.21337597412109 -118.21337597412109
decision_type=2 2 2 2 2 2 2 2 2 2 2 2 2 2
left_child=2 6 4 7 9 -5 11 -3 13 -1 -8 -2 -6 -4
right_child=1 3 8 5 12 -7 10 -9 -10 -11 -12 -13 -14 -15
leaf_value=-0.059238115454359905 0.030033176237407672 0.030094124741338484 -0.10632408309618453 0.11127525102124773 0.0051922894854360612 0.26169194990183509 0.021361850781449487 0.27001789336490972 -0.038422796860806588 -0.02127224381064188 -0.025557487038144401 0.089188401616422525 0.085613302873813274 0.0011813514668874727
leaf_weight=11868 14209 5799 7743 8853 10491 878 10652 283 8371 27818 8393 3621 1822 578
leaf_count=11868 14209 5799 7743 8853 10491 878 10652 283 8371 27818 8393 3621 1822 578
internal_value=-6.35394e-12 0.0422971 -0.0324431 0.0926969 -0.0208529 0.124847 0.0206843 0.041258 -0.0685491 -0.0326258 0.000684823 0.0420467 0.0170925 -0.0988565
internal_weight=121379 52688 68691 15813 51999 9731 36875 6082 16692 39686 19045 17830 12313 8321
internal_count=121379 52688 68691 15813 51999 9731 36875 6082 16692 39686 19045 17830 12313 8321
is_linear=0
shrinkage=0.01


Tree=107
num_leaves=15
num_cat=0
split_feature=25 17 6 25 25 0 0 28 2 2 11 0 0 12
split_gain=1.51257e+06 430078 402643 315202 220877 207095 156433 146603 137228 133022 129058 119826 65882.8 61706
threshold=56.025420715392208 0.0067837024787301579 11.700692500000001 75.638842153545767 31.485591818053798 37.042691525878915 34.083213737060554 104.22576762137686 25.525000000000002 18.625000000000004 0.93301270189221952 37.042691525878915 36.742692288818368 1.0000000180025095e-35
decision_type=2 2 2 2 2 2 2 2 2 2 2 2 2 2
left_child=2 3 4 11 10 -6 -5 8 -3 -4 -1 -2 -11 -9
right_child=1 7 9 6 5 -7 -8 13 -10 12 -12 -13 -14 -15
leaf_value=-0.073377279625227332 0.058124178464777687 -0.0029942475105304372 -0.097356212897687408 0.025524589239671363 0.0032654373395600749 -0.049931471313690662 0.1586342802033468 0.10836628493617731 0.052020339333289589 -0.010577017147194327 0.09673397660078599 -0.083267239085510744 -0.064089496842738361 0.34054938964406894
leaf_weight=7545 15813 17407 8600 1063 39273 8994 5211 396 6131 3760 474 623 5928 161
leaf_count=7545 15813 17407 8600 1063 39273 8994 5211 396 6131 3760 474 623 5928 161
internal_value=-3.03264e-11 0.0445588 -0.0279665 0.0757824 -0.0147216 -0.00664719 0.136082 0.01513 0.0113355 -0.0687312 -0.0633221 0.0527648 -0.0433208 0.175478
internal_weight=121379 46805 74574 22710 56286 48267 6274 24095 23538 18288 8019 16436 9688 557
internal_count=121379 46805 74574 22710 56286 48267 6274 24095 23538 18288 8019 16436 9688 557
is_linear=0
shrinkage=0.01


Tree=108
num_leaves=15
num_cat=0
split_feature=20 20 7 0 25 13 4 13 2 26 2 4 0 7
split_gain=1.61133e+06 553839 310820 221813 221703 197998 168402 163651 154576 144533 142276 120023 108991 70265.5
threshold=68.171736375158432 43.928571428571438 1003.9001350000001 35.400001525878913 99.253969599794516 -4.3300917366011875 1.0000000180025095e-35 -2.5199936990504201 15.425000000000002 37.086813248856139 9.0750000000000011 1.0000000180025095e-35 36.742692288818368 992.80700000000013
decision_type=2 2 2 2 2 2 2 2 2 2 2 2 2 2
left_child=1 6 8 11 7 -5 10 -4 13 -10 -1 -3 -6 -2
right_child=2 3 4 5 12 -7 -8 -9 9 -11 -12 -13 -14 -15
leaf_value=0.0099234140797161349 -0.40039857119321826 0.027160365784091943 0.026230989491974121 -0.093191742524683874 0.1231110580160765 -0.0084247538805744017 -0.10806572886721214 0.11434732830514122 0.049436996871544549 0.28534339426590832 -0.04779097221877987 -0.060395632784622233 0.28897213249522097 -0.022150855130787545
leaf_weight=4964 50 26488 2823 3066 697 27213 4014 8318 7519 269 30610 1664 918 2766
leaf_count=4964 50 26488 2823 3066 697 27213 4014 8318 7519 269 30610 1664 918 2766
internal_value=1.75781e-11 -0.017787 0.0746345 0.00177879 0.107892 -0.0170081 -0.0466656 0.0920197 0.034627 0.0575853 -0.0397375 0.0219851 0.21739 -0.0288669
internal_weight=121379 98019 23360 58431 12756 30279 39588 11141 10604 7788 35574 28152 1615 2816
internal_count=121379 98019 23360 58431 12756 30279 39588 11141 10604 7788 35574 28152 1615 2816
is_linear=0
shrinkage=0.01


Tree=109
num_leaves=15
num_cat=0
split_feature=21 0 5 17 21 16 1 26 2 0 4 7 31 26
split_gain=1.47975e+06 464104 334994 332911 307136 243067 217527 175423 168743 168073 150487 149666 131505 75002
threshold=63.309885931558945 36.742692288818368 3.5000000000000004 0.010982218634444171 88.666032953105216 0.60303142750000038 -118.21337597412109 20.916878459151089 24.525000000000002 34.083213737060554 1.0000000180025095e-35 1006.4001350000001 52.678284748626965 40.72839735990835
decision_type=2 2 2 2 2 2 2 2 2 2 2 2 2 2
left_child=1 6 7 4 12 -4 10 -3 -5 -6 -1 -8 -2 -10
right_child=3 2 5 8 9 -7 11 -9 13 -11 -12 -13 -14 -15
leaf_value=-0.0043694810781958792 0.027078530328574851 -0.023514189062336262 0.029177420035644684 -0.046348709897838285 0.025407257331623304 -0.082611004221514503 0.023460598557346213 0.09160414256150036 0.049448635905814518 0.15847733646145576 -0.083506872685267353 0.12423120085289509 0.078519169838638256 0.39893545756264337
leaf_weight=36148 9487 17812 2152 4044 1163 20227 6332 1430 2427 5162 2574 1921 10437 63
leaf_count=36148 9487 17812 2152 4044 1163 20227 6332 1430 2427 5162 2574 1921 10437 63
internal_value=2.20511e-11 -0.0212393 -0.0455545 0.0573992 0.0732983 -0.0718613 0.000304544 -0.014959 -0.00647221 0.134009 -0.00963005 0.0469164 0.0540252 0.0582911
internal_weight=121379 88596 41621 32783 26249 22379 46975 19242 6534 6325 38722 8253 19924 2490
internal_count=121379 88596 41621 32783 26249 22379 46975 19242 6534 6325 38722 8253 19924 2490
is_linear=0
shrinkage=0.01


Tree=110
num_leaves=15
num_cat=0
split_feature=21 1 17 6 23 4 5 46 2 5 25 2 26 1
split_gain=1.45031e+06 449745 326286 318025 306293 217968 198883 185871 165385 154718 152295 86288 73509.4 51571.1
threshold=63.309885931558945 -118.99998249999999 0.010982218634444171 12.905510000000001 90.56223902128535 1.0000000180025095e-35 10.500000000000002 1.0000000180025095e-35 24.525000000000002 1.5000000000000002 37.325012908979964 24.975000000000005 40.72839735990835 -118.21337597412109
decision_type=2 2 2 2 2 2 2 2 2 2 2 2 2 2
left_child=1 3 4 6 9 10 -1 -6 13 -2 -3 -5 -10 -4
right_child=2 5 8 11 7 -7 -8 -9 12 -11 -12 -13 -14 -15
leaf_value=-0.0054493049833145004 0.092661829161349796 -0.063835134097216958 -0.069937079108405881 -0.10093449547158484 0.17200703367976924 -0.089103351080680432 -0.047696822715210099 -0.022104992246468298 0.048954149596635819 0.037065840842685258 0.022327002795920148 -0.041983719274037733 0.39494610657473839 0.0071355890443699109
leaf_weight=23281 7810 2216 2782 8480 3935 2116 21372 564 2427 13940 27620 3511 63 1262
leaf_count=23281 7810 2216 2782 8480 3935 2116 21372 564 2427 13940 27620 3511 63 1262
internal_value=-9.05698e-12 -0.0210269 0.0568252 -0.0379488 0.0725653 0.00897191 -0.02567 0.147673 -0.00640749 0.0570293 0.0159275 -0.0836735 0.0577082 -0.0458852
internal_weight=121379 88596 32783 56644 26249 31952 44653 4499 6534 21750 29836 11991 2490 4044
internal_count=121379 88596 32783 56644 26249 31952 44653 4499 6534 21750 29836 11991 2490 4044
is_linear=0
shrinkage=0.01


Tree=111
num_leaves=15
num_cat=0
split_feature=21 0 10 17 21 47 0 7 0 2 7 4 31 24
split_gain=1.42145e+06 448027 354990 319793 298235 211312 210269 179323 162467 162094 146600 144584 128733 52513.4
threshold=63.309885931558945 36.742692288818368 1.0000000180025095e-35 0.010982218634444171 88.666032953105216 1.0000000180025095e-35 37.042691525878915 1006.6000200000002 34.083213737060554 24.525000000000002 1006.4001350000001 1.0000000180025095e-35 52.678284748626965 32.778463531331859
decision_type=2 2 2 2 2 2 2 2 2 2 2 2 2 2
left_child=1 5 6 4 12 11 -3 -4 -6 -5 -7 -1 -2 -11
right_child=3 2 7 9 8 10 -8 -9 -10 13 -12 -13 -14 -15
leaf_value=-0.0042845183133029766 0.026186667082398214 0.0072696161396922174 -0.10629966355202493 -0.045426370397154393 0.024888937128507566 0.023077746105071264 -0.05678469275260703 -0.04609237745088815 0.15572091195584592 0.04887271826752812 0.1228106007642122 -0.081854360782548666 0.077082438223307431 0.31250508202956273
leaf_weight=36148 9487 13591 9627 4044 1163 6332 8227 10176 5162 2412 1921 2574 10437 78
leaf_count=36148 9487 13591 9627 4044 1163 6332 8227 10176 5162 2412 1921 2574 10437 78
internal_value=1.81455e-11 -0.0208166 -0.044707 0.056257 0.0718397 0.000350773 -0.0168836 -0.0753615 0.131664 -0.00634341 0.0462919 -0.00944088 0.0528479 0.0571311
internal_weight=121379 88596 41621 32783 26249 46975 21818 19803 6325 6534 8253 38722 19924 2490
internal_count=121379 88596 41621 32783 26249 46975 21818 19803 6325 6534 8253 38722 19924 2490
is_linear=0
shrinkage=0.01


Tree=112
num_leaves=15
num_cat=0
split_feature=20 20 17 7 21 5 4 4 13 13 21 15 4 0
split_gain=1.51973e+06 522976 268519 247943 180613 176304 172861 150970 132146 108130 95429.6 95341.1 91407.3 61651.9
threshold=56.045944233206605 74.692648922686956 0.0091902312141039118 1007.6001000000001 52.1411596958175 32.500000000000007 1.0000000180025095e-35 1.0000000180025095e-35 9.8053688719229193 -1.8000062842739253 136.85125628140707 0.090541616431584551 1.0000000180025095e-35 36.742692288818368
decision_type=2 2 2 2 2 2 2 2 2 2 2 2 2 2
left_child=2 6 4 7 12 10 8 -3 -2 -5 -4 -6 -1 -7
right_child=1 3 5 9 11 13 -8 -9 -10 -11 -12 -13 -14 -15
leaf_value=-0.025613925964961967 0.029040647374491205 0.072208719795047449 -0.036497040085486564 0.05783871747700739 0.087041351150345253 -0.058997857869995569 -0.076112490074620953 -0.081253756460874169 -0.061317248522421174 0.17458822590741668 0.40998116941191259 0.0048839109927440753 -0.10651252348144587 -0.10762208197830077
leaf_weight=23997 33385 10435 17968 1011 1585 4584 1789 683 1701 3684 48 12978 1483 6048
leaf_count=23997 33385 10435 17968 1011 1585 4584 1789 683 1701 3684 48 12978 1483 6048
internal_value=2.84716e-11 0.0404023 -0.0309897 0.0885132 -0.0142665 -0.0543649 0.019771 0.0627812 0.02466 0.149448 -0.0353075 0.0138257 -0.0303224 -0.0866577
internal_weight=121379 52688 68691 15813 40043 28648 36875 11118 35086 4695 18016 14563 25480 10632
internal_count=121379 52688 68691 15813 40043 28648 36875 11118 35086 4695 18016 14563 25480 10632
is_linear=0
shrinkage=0.01


Tree=113
num_leaves=15
num_cat=0
split_feature=20 20 17 7 22 20 4 22 2 2 1 21 21 1
split_gain=1.48949e+06 512569 263176 244328 191763 170129 169421 149234 135639 134851 111205 86487.8 86436.1 74509.3
threshold=56.045944233206605 74.692648922686956 0.0091902312141039118 1003.4999000000001 58.126425855513318 136.85125628140707 1.0000000180025095e-35 70.586026615969601 14.625000000000002 20.925000000000001 -118.21337597412109 27.247474747474758 136.85125628140707 -118.21337597412109
decision_type=2 2 2 2 2 2 2 2 2 2 2 2 2 2
left_child=2 6 4 8 11 -5 7 -2 -3 10 -4 -1 -11 -6
right_child=1 3 9 5 13 -7 -8 -9 -10 12 -12 -13 -14 -15
leaf_value=-0.055365996785504523 0.014718573078664785 -0.044996729092100556 -0.079835147814154364 0.10553621418899552 0.013120834743110862 0.25147669238842396 -0.075351364874994706 0.068286022626626211 0.064808260213525606 -0.029751421390996475 0.017871922357487923 -0.016623735858754755 0.52650018357804851 0.091614676152661723
leaf_weight=7733 28736 1490 15278 8853 8285 878 1789 6350 4592 12081 1261 22609 28 1416
leaf_count=7733 28736 1490 15278 8853 8285 878 1789 6350 4592 12081 1261 22609 28 1416
internal_value=1.48408e-11 0.0399983 -0.0306798 0.0876281 -0.0141238 0.118704 0.0195733 0.0244134 0.0379077 -0.0538212 -0.0723856 -0.0264976 -0.0284652 0.0245781
internal_weight=121379 52688 68691 15813 40043 9731 36875 35086 6082 28648 16539 30342 12109 9701
internal_count=121379 52688 68691 15813 40043 9731 36875 35086 6082 28648 16539 30342 12109 9701
is_linear=0
shrinkage=0.01


Tree=114
num_leaves=15
num_cat=0
split_feature=20 20 17 7 21 4 1 26 0 14 4 8 21 19
split_gain=1.45985e+06 502719 258703 231069 189156 186790 140938 134580 119750 111841 96452.3 92938 83743.9 52970.5
threshold=56.045944233206605 77.80893536121674 0.010280565218928599 1007.6001000000001 52.1411596958175 1.0000000180025095e-35 -118.21337597412109 37.086813248856139 36.742692288818368 8.5970203463174008e-16 1.0000000180025095e-35 0.37940952255126054 89.30259822560204 1.2784050427487357
decision_type=2 2 2 2 2 2 2 2 2 2 2 2 2 2
left_child=2 5 4 7 10 6 -2 -3 13 -10 -1 -5 -6 -4
right_child=1 3 8 11 12 -7 -8 -9 9 -11 -12 -13 -14 -15
leaf_value=-0.027058819846001409 0.016837894235246727 0.057047834070940412 -0.050710254916008807 0.10629032295935265 0.0065312126434660615 -0.074185134647787296 0.065157819346054052 0.26126468482835968 -0.062246406262804706 -0.13413591304468556 -0.10442266043068031 0.20063515715822719 0.12540665899542489 -0.0050936807971255415
leaf_weight=26954 29889 8788 6119 2050 15607 1934 7564 335 10603 2719 1714 2128 616 4359
leaf_count=26954 29889 8788 6119 2050 15607 1934 7564 335 10603 2719 1714 2128 616 4359
internal_value=-1.96407e-11 0.0395983 -0.030373 0.0927529 -0.0162425 0.0216479 0.0265966 0.0645468 -0.0570258 -0.0769189 -0.0316842 0.154343 0.011045 -0.0317331
internal_weight=121379 52688 68691 13301 44891 39387 37453 9123 23800 13322 28668 4178 16223 10478
internal_count=121379 52688 68691 13301 44891 39387 37453 9123 23800 13322 28668 4178 16223 10478
is_linear=0
shrinkage=0.01


Tree=115
num_leaves=15
num_cat=0
split_feature=21 0 10 7 0 10 0 47 7 31 7 23 4 0
split_gain=1.33031e+06 425659 340651 306219 240596 218960 203459 200644 173906 172398 141830 141689 135835 106427
threshold=63.309885931558945 36.742692288818368 1.0000000180025095e-35 1006.5004000000001 37.042691525878915 -0.24999999999999994 37.042691525878915 1.0000000180025095e-35 1006.6000200000002 54.167089142374323 1006.4001350000001 90.56223902128535 1.0000000180025095e-35 35.400001525878913
decision_type=2 2 2 2 2 2 2 2 2 2 2 2 2 2
left_child=1 7 6 5 9 11 -3 12 -4 -5 -9 -2 -1 -7
right_child=3 2 8 4 -6 13 -8 10 -10 -11 -12 -13 -14 -15
leaf_value=-0.0040493388334060052 0.046403000336352751 0.0075899850276063639 -0.10392087346621366 0.069399061796213676 -0.060735317328004738 0.01680741714568814 -0.055418560957684389 0.022427096059567386 -0.044629909844559751 0.15568798123141508 0.12052399634420949 0.14229692987355883 -0.079235680346325096 -0.060491281017240113
leaf_weight=36148 12179 13591 9627 4396 852 6201 8227 6332 10176 4892 1921 1764 2574 2499
leaf_count=36148 12179 13591 9627 4396 852 6201 8227 6332 10176 4892 1921 1764 2574 2499
internal_value=-6.03596e-12 -0.0201382 -0.0434246 0.0544235 0.100094 0.0339712 -0.0161689 0.000494025 -0.0734535 0.114848 0.0452605 0.058535 -0.00904726 -0.00539597
internal_weight=121379 88596 41621 32783 10140 22643 21818 46975 19803 9288 8253 13943 38722 8700
internal_count=121379 88596 41621 32783 10140 22643 21818 46975 19803 9288 8253 13943 38722 8700
is_linear=0
shrinkage=0.01


Tree=116
num_leaves=15
num_cat=0
split_feature=20 21 7 20 21 6 10 0 19 1 20 6 24 0
split_gain=1.4119e+06 481082 292656 220444 218308 178970 141301 134697 128263 125640 119783 117815 88647.3 81602.3
threshold=67.255703422053259 52.513783269961984 1003.9001350000001 29.465811965811969 79.924904942965796 11.001790500000002 -0.24999999999999994 37.042691525878915 1.4727318317982636 -118.21337597412109 130.42462311557793 7.598170500000001 26.786362697526823 35.400001525878913
decision_type=2 2 2 2 2 2 2 2 2 2 2 2 2 2
left_child=1 3 6 -1 9 7 12 -3 -7 -4 -6 -5 -2 -8
right_child=2 5 4 11 10 8 13 -9 -10 -11 -12 -13 -14 -15
leaf_value=-0.069552803216873182 0.045935804636756207 0.026206051364556386 0.042274436416534646 -0.0054776686458105871 0.1271034267153707 -0.057193571364437867 0.0086667517001000911 -0.04323677050371879 0.010466382500774323 0.12956676690238919 0.25352702381093439 -0.040929498978202999 0.17944758763240878 -0.094282541337243925
leaf_weight=15335 7059 28817 5963 17390 4337 6237 2965 3093 5087 2279 906 20336 535 1040
leaf_count=15335 7059 28817 5963 17390 4337 6237 2965 3093 5087 2279 906 20336 535 1040
internal_value=-5.29251e-12 -0.0174071 0.0668241 -0.037583 0.0985026 0.00735474 0.0299947 0.019475 -0.0267992 0.0664117 0.14895 -0.0245878 0.0553418 -0.0180666
internal_weight=121379 96295 25084 53061 13485 43234 11599 31910 11324 8242 5243 37726 7594 4005
internal_count=121379 96295 25084 53061 13485 43234 11599 31910 11324 8242 5243 37726 7594 4005
is_linear=0
shrinkage=0.01


Tree=117
num_leaves=15
num_cat=0
split_feature=20 20 6 4 22 7 4 22 2 1 20 1 21 1
split_gain=1.38734e+06 476786 250499 233522 204592 199037 160622 142759 134858 104943 98537.7 55249.8 54231.1 33506.5
threshold=56.045944233206605 74.692648922686956 12.404780500000003 1.0000000180025095e-35 54.749524714828901 1004.9004500000001 1.0000000180025095e-35 70.586026615969601 19.625000000000004 -118.21337597412109 28.950617283950621 -118.21337597412109 145.93718592964828 -118.21337597412109
decision_type=2 2 2 2 2 2 2 2 2 2 2 2 2 2
left_child=2 6 4 5 10 -3 7 -2 11 -6 -1 -4 -10 -8
right_child=1 3 8 -5 9 -7 13 -9 12 -11 -12 -13 -14 -15
leaf_value=-0.058343282947275296 0.014133828037044627 0.056014084403729431 -0.098863738228107748 -0.086960797978850909 0.00046891048264869001 0.12874607047337749 -0.097083936582278943 0.066526206047876596 -0.036281990510619908 0.075158764523652638 -0.021652268387326146 0.0024887508581550371 0.46086422286250378 0.0059709742283198097
leaf_weight=10331 28736 7369 7743 756 14394 7688 1380 6350 8349 2164 25110 578 22 409
leaf_count=10331 28736 7369 7743 756 14394 7688 1380 6350 8349 2164 25110 578 22 409
internal_value=-2.50561e-11 0.0386024 -0.0296092 0.0845396 -0.0187896 0.0931505 0.0189033 0.023616 -0.0633143 0.0102303 -0.0323476 -0.0918235 -0.0349754 -0.0735236
internal_weight=121379 52688 68691 15813 51999 15057 36875 35086 16692 16558 35441 8321 8371 1789
internal_count=121379 52688 68691 15813 51999 15057 36875 35086 16692 16558 35441 8321 8371 1789
is_linear=0
shrinkage=0.01


Tree=118
num_leaves=15
num_cat=0
split_feature=20 20 17 17 4 22 22 7 20 2 0 2 47 2
split_gain=1.35973e+06 468125 246705 216966 188563 169017 152126 148800 145582 101732 79858.6 78728.5 63845.8 38424
threshold=56.045944233206605 79.350443599493033 0.0083455734632948888 0.011073520014354401 1.0000000180025095e-35 58.126425855513318 69.838191803971284 1007.6001000000001 24.523809523809529 24.525000000000002 37.042691525878915 25.275000000000002 1.0000000180025095e-35 8.9250000000000025
decision_type=2 2 2 2 2 2 2 2 2 2 2 2 2 2
left_child=2 4 5 7 6 10 -2 -3 13 -5 -1 -10 -7 -4
right_child=1 3 8 9 -6 12 -8 -9 11 -11 -12 -13 -14 -15
leaf_value=-0.01287237891976426 0.016718439627717744 0.081273910950032474 -0.022676056092208161 -0.071518522937765588 -0.073105332345753948 0.016224292129288883 0.065786792990530238 0.15984792292329097 -0.048884436314016164 0.093943797893313155 -0.051642333035291206 -0.010094341968136796 0.093284762441821031 -0.098507706957996502
leaf_weight=19597 30650 6685 751 1071 1985 7397 7959 3769 19138 569 7289 7201 1258 6060
leaf_count=19597 30650 6685 751 1071 1985 7397 7959 3769 19138 569 7289 7201 1258 6060
internal_value=-1.40464e-11 0.0382164 -0.0293131 0.0928262 0.0219467 -0.0110103 0.0268336 0.109602 -0.0489359 -0.0141112 -0.0233832 -0.0382793 0.027425 -0.0901463
internal_weight=121379 52688 68691 12094 40594 35541 38609 10454 33150 1640 26886 26339 8655 6811
internal_count=121379 52688 68691 12094 40594 35541 38609 10454 33150 1640 26886 26339 8655 6811
is_linear=0
shrinkage=0.01


Tree=119
num_leaves=15
num_cat=0
split_feature=21 0 13 6 23 15 0 31 5 2 25 0 42 26
split_gain=1.24296e+06 461798 317053 271062 221696 198595 174832 170253 149688 135540 126275 105624 76282.8 71084.6
threshold=66.111956062526417 35.400001525878913 -5.766195764336687 11.001790500000002 90.56223902128535 0.094593335912399573 34.083213737060554 52.308196028728361 1.5000000000000002 24.525000000000002 51.334659437637903 34.083213737060554 1.0000000180025095e-35 40.72839735990835
decision_type=2 2 2 2 2 2 2 2 2 2 2 2 2 2
left_child=1 7 12 4 8 -4 -6 10 -2 -5 -1 -9 -3 -11
right_child=3 2 5 9 6 -7 -8 11 -10 13 -12 -13 -14 -15
leaf_value=-0.032588103007654599 0.099806248510271922 -0.080591215785888487 0.027561225121686874 -0.044560022083415779 -0.02812664811411043 -0.033890186864759905 0.1627352336048839 0.028440154508540819 0.037882886423265871 0.052038925020071035 0.014694450776917334 0.10730741470801131 -0.1619997885019174 0.41702965831756594
leaf_weight=9494 6005 3074 5904 3225 548 48139 3864 10309 11156 1789 13944 2033 1840 55
leaf_count=9494 6005 3074 5904 3225 548 48139 3864 10309 11156 1789 13944 2033 1840 55
internal_value=-1.93671e-11 -0.0169699 -0.0341696 0.0603439 0.0758056 -0.0271768 0.139029 0.011371 0.0595512 -0.00545903 -0.00445823 0.0414313 -0.111074 0.0629253
internal_weight=121379 94737 58957 26642 21573 54043 4412 35780 17161 5069 23438 12342 4914 1844
internal_count=121379 94737 58957 26642 21573 54043 4412 35780 17161 5069 23438 12342 4914 1844
is_linear=0
shrinkage=0.01


Tree=120
num_leaves=15
num_cat=0
split_feature=20 22 7 1 0 20 5 5 0 26 0 17 25 16
split_gain=1.31566e+06 372179 296928 255826 228560 207653 199795 163679 201360 196208 152332 101983 85702.2 60653
threshold=62.940015733578086 53.813307984790882 1005.00003 -119.7866065258789 34.083213737060554 29.465811965811969 14.500000000000002 32.500000000000007 35.400001525878913 37.086813248856139 36.742692288818368 0.007633752597924183 74.923633058539366 0.14703508250000027
decision_type=2 2 2 2 2 2 2 2 2 2 2 2 2 2
left_child=1 5 7 -4 -5 13 12 9 -9 -2 -8 -7 -3 -1
right_child=2 6 3 4 -6 11 10 8 -10 -11 -12 -13 -14 -15
leaf_value=0.097120565753690699 0.045312536726354047 0.022591741810255628 -0.01072126516326735 0.033963292815127215 0.13279139737489717 -0.0076909596843234597 0.0011552747487181513 0.021816593973180056 -0.095506408521156105 0.31471556456080413 -0.064093154410665418 -0.040050737494990982 0.11589563638198465 -0.072122389269904885
leaf_weight=215 11245 17258 2210 3193 8761 18238 10886 5847 1951 277 5330 20899 1044 14025
leaf_count=215 11245 17258 2210 3193 8761 18238 10886 5847 1951 277 5330 20899 1044 14025
internal_value=-1.56291e-11 -0.0203206 0.0533413 0.0881203 0.106394 -0.0368684 0.00526807 0.0278439 -0.00753672 0.0517892 -0.0202911 -0.024971 0.0279141 -0.0695671
internal_weight=121379 87895 33484 14164 11954 53377 34518 19320 7798 11522 16216 39137 18302 14240
internal_count=121379 87895 33484 14164 11954 53377 34518 19320 7798 11522 16216 39137 18302 14240
is_linear=0
shrinkage=0.01


Tree=121
num_leaves=15
num_cat=0
split_feature=20 20 7 17 20 5 5 1 2 13 20 1 24 12
split_gain=1.29203e+06 461330 267905 212936 189535 164237 154215 153880 151902 142532 140408 135714 129276 101736
threshold=68.171736375158432 43.928571428571438 1003.9001350000001 0.0075587618104804829 126.91582914572867 45.500000000000007 32.500000000000007 -118.99998249999999 7.4250000000000016 -2.5199936990504201 18.958333333333332 -120.84999847412108 32.778463531331859 1.0000000180025095e-35
decision_type=2 2 2 2 2 2 2 2 2 2 2 2 2 2
left_child=1 8 6 11 9 -5 12 -8 -1 -4 -10 -3 -2 -6
right_child=2 3 4 5 13 -7 7 -9 10 -11 -12 -13 -14 -15
leaf_value=0.02090304164093168 0.051748904316272624 -0.033781929343181541 0.025529180888093791 -0.0011767365379052245 0.14563614908377426 -0.052536549931358499 -0.11464288626493996 0.019919815597648691 -0.08783629857892418 0.10595852083781634 -0.038509579213821872 0.029104239447814376 0.27661778859068614 0.33660304137649172
leaf_weight=3471 6018 3960 2961 19627 734 9119 1163 3156 7210 8611 28907 25725 267 450
leaf_count=3471 6018 3960 2961 19627 734 9119 1163 3156 7210 8611 28907 25725 267 450
internal_value=-1.80404e-11 -0.0159274 0.0668317 0.00192969 0.0977085 -0.0174694 0.0296887 -0.0163146 -0.0422841 0.0853786 -0.0483566 0.0207152 0.0613018 0.218216
internal_weight=121379 98019 23360 58431 12756 28746 10604 4319 39588 11572 36117 29685 6285 1184
internal_count=121379 98019 23360 58431 12756 28746 10604 4319 39588 11572 36117 29685 6285 1184
is_linear=0
shrinkage=0.01


Tree=122
num_leaves=15
num_cat=0
split_feature=20 20 4 21 17 4 1 7 17 15 19 42 19 1
split_gain=1.2695e+06 438225 240180 211069 207677 181369 141516 141265 116219 109517 94598.2 90110.2 44061.1 33493.7
threshold=56.045944233206605 79.350443599493033 1.0000000180025095e-35 52.513783269961984 0.011073520014354401 1.0000000180025095e-35 -118.21337597412109 1007.6001000000001 0.0075159217209960546 0.090541616431584551 1.8381042974951336 1.0000000180025095e-35 0.13122350761037008 -118.21337597412109
decision_type=2 2 2 2 2 2 2 2 2 2 2 2 2 2
left_child=2 5 3 8 7 6 -2 -3 -1 -5 -6 12 -4 -7
right_child=1 4 11 9 10 13 -8 -9 -10 -11 -12 -13 -14 -15
leaf_value=-0.017162376077837806 0.016258915636283806 0.078574916822307106 0.041774216120607326 0.078483112671808422 -0.067779443053791452 -0.094628392000428441 0.0636914193626157 0.15513366599981251 -0.050793245518948947 -0.0038346179647596817 0.094139007253610574 -0.12753630582397377 -0.066192351253419102 0.002650496989464359
leaf_weight=18600 30698 6685 450 1762 1104 1524 7911 3769 22959 19531 536 3027 2362 461
leaf_count=18600 30698 6685 450 1762 1104 1524 7911 3769 22959 19531 536 3027 2362 461
internal_value=-2.17834e-11 0.0369266 -0.0283238 -0.0226244 0.0897637 0.0211851 0.0259779 0.106177 -0.0357415 0.00297719 -0.0148598 -0.0896729 -0.0489146 -0.0720362
internal_weight=121379 52688 68691 62852 12094 40594 38609 10454 41559 21293 1640 5839 2812 1985
internal_count=121379 52688 68691 62852 12094 40594 38609 10454 41559 21293 1640 5839 2812 1985
is_linear=0
shrinkage=0.01


Tree=123
num_leaves=15
num_cat=0
split_feature=20 20 20 13 4 6 0 1 14 0 16 25 2 26
split_gain=1.24443e+06 388148 266315 191869 167309 151720 145865 143304 118174 115022 111745 81649.2 77650 59346.9
threshold=57.720532319391644 82.393536121673023 30.055555555555561 -2.8936744454746184 1.0000000180025095e-35 7.598170500000001 34.083213737060554 -119.7866065258789 3.5655606295224822 37.042691525878915 0.21083324200000034 25.840230836032486 26.025000000000002 19.209388874987958
decision_type=2 2 2 2 2 2 2 2 2 2 2 2 2 2
left_child=2 4 10 8 7 9 -5 -2 -3 -4 13 -12 -7 -1
right_child=1 3 5 6 -6 12 -8 -9 -10 -11 11 -13 -14 -15
leaf_value=-0.016962990985518105 -0.013936466255512831 0.069161345260115081 0.014985093423207486 0.018890623221943272 -0.069670496886079639 -0.038785540961480854 0.14007688497383028 0.039159014497448151 -0.066786873492686416 -0.037519641008758327 -0.10829730340645637 -0.051739697764368694 -0.00084149995069499192 0.20225681521454636
leaf_weight=249 6178 1995 19890 1179 1779 22094 6303 28687 941 5280 3023 16401 7135 245
leaf_count=249 6178 1995 19890 1179 1779 22094 6303 28687 941 5280 3023 16401 7135 245
internal_value=-3.08236e-11 0.0402367 -0.0254803 0.0940974 0.0249239 -0.0140257 0.120981 0.0297506 0.0255894 0.00397099 -0.0567646 -0.0605419 -0.0295231 0.0917594
internal_weight=121379 47062 74317 10418 36644 54399 7482 34865 2936 25170 19918 19424 29229 494
internal_count=121379 47062 74317 10418 36644 54399 7482 34865 2936 25170 19918 19424 29229 494
is_linear=0
shrinkage=0.01


Tree=124
num_leaves=15
num_cat=0
split_feature=20 20 7 25 1 10 5 26 0 4 1 25 7 0
split_gain=1.22234e+06 437699 258766 194875 180580 212239 150035 171621 150726 143707 116891 114550 107411 100583
threshold=68.171736375158432 43.928571428571438 1003.9001350000001 99.253969599794516 -118.21337597412109 0.25000000000000011 32.500000000000007 37.086813248856139 35.400001525878913 1.0000000180025095e-35 -119.7866065258789 31.485591818053798 1006.4001350000001 36.742692288818368
decision_type=2 2 2 2 2 2 2 2 2 2 2 2 2 2
left_child=1 9 6 10 5 -3 7 -2 -8 11 -4 -1 -6 -5
right_child=2 4 3 13 12 -7 8 -9 -10 -11 -12 -13 -14 -15
leaf_value=-0.068943291656169303 0.049383312469741619 0.0087757693082942557 -0.01019862362877137 0.10743965276317882 0.026277509792160737 -0.035433716629604088 0.018986027295213117 0.32482301225782706 -0.11419053801391449 -0.097884499394543897 0.092040520310831403 -0.025343403252531531 0.11383437591685283 0.26677418741827141
leaf_weight=7687 6050 34210 1261 697 6528 15909 3156 235 1163 4014 9880 27887 1784 918
leaf_count=7687 6050 34210 1261 697 6528 15909 3156 235 1163 4014 9880 27887 1784 918
internal_value=3.09636e-11 -0.0154919 0.0650044 0.09535 0.0019018 -0.00525741 0.0285004 0.0596822 -0.0168751 -0.0411647 0.0804685 -0.0347647 0.0450698 0.198009
internal_weight=121379 98019 23360 12756 58431 50119 10604 6285 4319 39588 11141 35574 8312 1615
internal_count=121379 98019 23360 12756 58431 50119 10604 6285 4319 39588 11141 35574 8312 1615
is_linear=0
shrinkage=0.01


Tree=125
num_leaves=15
num_cat=0
split_feature=20 20 6 4 22 20 4 22 21 16 1 21 42 1
split_gain=1.19935e+06 415141 233209 216701 188012 167172 145073 131412 98249.5 93885.9 84427.2 55892.5 47095.8 31283.9
threshold=56.045944233206605 74.692648922686956 12.404780500000003 1.0000000180025095e-35 58.126425855513318 126.91582914572867 1.0000000180025095e-35 70.586026615969601 27.247474747474758 8.6177333400000027 -118.21337597412109 145.93718592964828 1.0000000180025095e-35 -118.21337597412109
decision_type=2 2 2 2 2 2 2 2 2 2 2 2 2 2
left_child=2 6 4 5 8 -3 7 -2 -1 12 -6 -11 -4 -8
right_child=1 3 9 -5 10 -7 13 -9 -10 11 -12 -13 -14 -15
leaf_value=-0.05459729964679727 0.012891452392672897 0.07472323547832288 -0.060171910941385624 -0.086451710626463257 0.0061345394450052102 0.17710960742217133 -0.093094591168700253 0.063158532495292879 -0.018484020122646053 -0.039590786332415077 0.079880864852696909 0.47690723441895982 -0.11003252119764571 0.0064836327176003711
leaf_weight=10108 28736 13244 3653 756 10491 1813 1380 6350 29578 9083 1822 21 3935 409
leaf_count=10108 28736 13244 3653 756 10491 1813 1380 6350 29578 9083 1822 21 3935 409
internal_value=-1.5547e-11 0.0358917 -0.02753 0.0787565 -0.0170905 0.0870515 0.0175101 0.021989 -0.0276821 -0.0600512 0.0170471 -0.0383994 -0.0860287 -0.0703291
internal_weight=121379 52688 68691 15813 51999 15057 36875 35086 39686 16692 12313 9104 7588 1789
internal_count=121379 52688 68691 15813 51999 15057 36875 35086 39686 16692 12313 9104 7588 1789
is_linear=0
shrinkage=0.01


Tree=126
num_leaves=15
num_cat=0
split_feature=20 20 4 0 6 6 5 4 9 0 43 1 16 18
split_gain=1.17567e+06 330650 284450 244581 186294 182452 169764 129688 118021 116381 102860 98381.1 53815 29523.9
threshold=59.407319391634992 92.60963244613437 1.0000000180025095e-35 35.400001525878913 5.5034705000000015 13.201363000000002 25.500000000000004 1.0000000180025095e-35 0.37940952255126048 34.083213737060554 1.0000000180025095e-35 -118.21337597412109 0.87209417 0.47300000000000003
decision_type=2 2 2 2 2 2 2 2 2 2 2 2 2 2
left_child=2 4 3 8 11 -5 -6 9 -1 -3 -4 -2 -12 -9
right_child=1 7 10 5 6 -7 -8 13 -10 -11 12 -13 -14 -15
leaf_value=0.028390769869868687 0.043689358926268566 0.020842117151057327 -0.12559526133969556 -0.020577157338844781 0.03697010838848365 -0.069635074455707213 -0.019746566898143487 0.12906171605322098 -0.015910577706483863 0.1396199807756387 0.066148340095646116 0.10385633795374501 -0.060901740031300118 -0.15163193311425857
leaf_weight=13562 10813 990 3299 39126 12167 9403 9320 45 10804 4947 381 3630 2668 224
leaf_count=13562 10813 990 3299 39126 12167 9403 9320 45 10804 4947 381 3630 2668 224
internal_value=-4.1508e-12 0.04268 -0.0226943 -0.0171033 0.0310378 -0.0300826 0.0123692 0.110083 0.00874734 0.119814 -0.086897 0.0588113 -0.0450257 -0.104676
internal_weight=121379 42136 79243 72895 35930 48529 21487 6206 24366 5937 6348 14443 3049 269
internal_count=121379 42136 79243 72895 35930 48529 21487 6206 24366 5937 6348 14443 3049 269
is_linear=0
shrinkage=0.01


Tree=127
num_leaves=15
num_cat=0
split_feature=20 20 7 17 25 2 13 2 20 0 2 0 25 7
split_gain=1.15595e+06 417674 251536 199880 188383 146612 146497 138136 134138 121735 112482 98125.3 76110.2 65454
threshold=68.171736375158432 43.928571428571438 1003.9001350000001 0.0067392153872045677 99.253969599794516 8.4250000000000025 -2.5199936990504201 15.225000000000001 22.291666666666668 37.042691525878915 25.025000000000002 36.742692288818368 125.85672951532679 992.80700000000013
decision_type=2 2 2 2 2 2 2 2 2 2 2 2 2 2
left_child=1 5 7 9 6 -1 -4 13 -7 -3 -5 -6 -9 -2
right_child=2 3 4 10 11 8 -8 12 -10 -11 -12 -13 -14 -15
leaf_value=0.012129828078962528 -0.39654226180394087 0.031764295245320269 0.016256352777226972 -0.02621094522675688 0.1046115029365936 -0.07902580279557947 0.099626595774241364 0.052880011917600549 -0.035128255434173514 -0.031251206080642288 0.014426797605792897 0.26198765826733145 -0.16547253740711448 -0.027707132503321366
leaf_weight=4725 49 21924 2823 23322 697 9610 8318 7731 25253 3564 9621 918 163 2661
leaf_count=4725 49 21924 2823 23322 697 9610 8318 7731 25253 3564 9621 918 163 2661
internal_value=-2.06243e-11 -0.0150653 0.0632144 0.00192586 0.093133 -0.0401439 0.0785015 0.0272241 -0.0472286 0.0229528 -0.0143427 0.194067 0.0483713 -0.0343761
internal_weight=121379 98019 23360 58431 12756 39588 11141 10604 34863 25488 32943 1615 7894 2710
internal_count=121379 98019 23360 58431 12756 39588 11141 10604 34863 25488 32943 1615 7894 2710
is_linear=0
shrinkage=0.01


Tree=128
num_leaves=15
num_cat=0
split_feature=20 20 5 0 13 16 17 5 21 0 13 1 14 17
split_gain=1.13449e+06 394263 227873 210805 182863 174500 173261 163072 155980 140034 134134 120555 114366 75304
threshold=56.045944233206605 82.393536121673023 20.500000000000004 36.742692288818368 -2.8936744454746184 0.21083324200000034 0.0071764298069670468 20.500000000000004 72.099809885931577 34.083213737060554 7.5599997627063606 -118.21337597412109 3.5655606295224822 0.0082939415942853926
decision_type=2 2 2 2 2 2 2 2 2 2 2 2 2 2
left_child=2 6 8 13 12 -5 11 -8 10 -6 -1 -2 -3 -4
right_child=1 4 3 5 9 -7 7 -9 -10 -11 -12 -13 -14 -15
leaf_value=-0.002178887880684841 0.028300421400755421 0.065992357915101621 0.00081693072359064964 0.094499719484225156 0.016224853378405402 -0.078167290473704618 0.024240092421412746 -0.033859754058740983 0.099228751250878669 0.13496447908600895 -0.044376503594840626 0.084915108212954768 -0.067747269951155473 -0.045723673519616544
leaf_weight=26397 17674 1995 8157 608 1179 15676 11474 8344 1253 6303 10541 4778 941 6059
leaf_count=26397 17674 1995 8157 608 1179 15676 11474 8344 1253 6303 10541 4778 941 6059
internal_value=1.53217e-11 0.0349079 -0.0267754 -0.0471564 0.0900091 -0.0717204 0.0213274 -0.000221766 -0.0104987 0.116254 -0.0142208 0.0403486 0.0231283 -0.0190191
internal_weight=121379 52688 68691 30500 10418 16284 42270 19818 38191 7482 36938 22452 2936 14216
internal_count=121379 52688 68691 30500 10418 16284 42270 19818 38191 7482 36938 22452 2936 14216
is_linear=0
shrinkage=0.01


Tree=129
num_leaves=15
num_cat=0
split_feature=20 21 17 20 20 17 2 2 1 46 31 17 17 20
split_gain=1.11361e+06 423707 214310 186924 185793 164509 150555 136137 125038 108717 102368 102287 55521.1 53508.2
threshold=68.171736375158432 52.513783269961984 0.011073520014354401 107.27889447236181 29.465811965811969 0.010199004844292283 22.525000000000002 23.975000000000005 -120.84999847412108 1.0000000180025095e-35 30.000000000000007 0.0075159217209960546 0.013075316571797601 136.85125628140707
decision_type=2 2 2 2 2 2 2 2 2 2 2 2 2 2
left_child=1 4 3 10 12 8 -7 -4 -3 -5 -2 -6 -1 -9
right_child=2 5 7 9 11 6 -8 13 -10 -11 -12 -13 -14 -15
leaf_value=-0.052374856879416377 -0.0071660706918900254 -0.040349403223128605 -0.060117778628770768 0.17076129894269948 -0.0041788100353676852 -0.052027342816859438 0.015082174004825605 0.050261726420377378 0.027093856636824679 -0.0011779375580211434 0.070970710985073571 -0.037105418117630483 -0.096640627719442054 0.36472693671073231
leaf_weight=11584 1894 3046 2116 2650 17468 7300 6167 1603 28188 427 14614 20515 3751 56
leaf_count=11584 1894 3046 2116 2650 17468 7300 6167 1603 28188 427 14614 20515 3751 56
internal_value=1.46118e-11 -0.0147869 0.0620459 0.0753438 -0.0338239 0.00791995 -0.0212956 -0.00694436 0.0205167 0.146901 0.0620059 -0.0219628 -0.0632024 0.0608766
internal_weight=121379 98019 23360 19585 53318 44701 13467 3775 31234 3077 16508 37983 15335 1659
internal_count=121379 98019 23360 19585 53318 44701 13467 3775 31234 3077 16508 37983 15335 1659
is_linear=0
shrinkage=0.01


Tree=130
num_leaves=15
num_cat=0
split_feature=25 31 6 23 0 47 4 47 0 6 5 2 0 45
split_gain=1.04658e+06 357764 304692 231384 227394 188671 184051 166045 157439 127832 122225 102927 47080.6 44619.5
threshold=55.68089349484125 53.051277989015638 12.404780500000003 90.56223902128535 34.083213737060554 1.0000000180025095e-35 1.0000000180025095e-35 1.0000000180025095e-35 37.042691525878915 5.0006400000000015 15.500000000000002 19.925000000000001 36.742692288818368 1.0000000180025095e-35
decision_type=2 2 2 2 2 2 2 2 2 2 2 2 2 2
left_child=2 5 6 7 -5 10 8 -3 -1 -7 -2 -4 -13 -8
right_child=1 3 11 4 -6 9 13 -9 -10 -11 -12 12 -14 -15
leaf_value=4.8015693372898724e-06 0.016268662112407781 0.039369415339136064 -0.086666477677536963 -0.046326891736023577 0.17559230855561711 0.098288567936035937 -0.10151359981815153 0.12407771659563324 -0.042163368842161562 0.021915064063369145 -0.039530687873811018 -0.0038262817890145524 -0.055136246620364163 0.0049484896028418428
leaf_weight=43330 8272 15250 8322 547 2962 3110 2766 2728 11128 7421 7471 2871 4742 459
leaf_count=43330 8272 15250 8322 547 2962 3110 2766 2728 11128 7421 7471 2871 4742 459
internal_value=2.44918e-11 0.0364561 -0.0236516 0.0667209 0.140998 0.0117055 -0.0129588 0.0522231 -0.00861188 0.0444696 -0.0102115 -0.0623583 -0.0357863 -0.0863613
internal_weight=121379 47761 73618 21487 3509 26274 57683 17978 54458 10531 15743 15935 7613 3225
internal_count=121379 47761 73618 21487 3509 26274 57683 17978 54458 10531 15743 15935 7613 3225
is_linear=0
shrinkage=0.01


Tree=131
num_leaves=15
num_cat=0
split_feature=21 0 6 5 17 5 4 24 31 0 15 21 10 26
split_gain=1.04225e+06 409445 283504 243229 272898 210196 187062 164811 136782 120352 106498 95756.7 80516.9 74162.4
threshold=67.255703422053259 35.400001525878913 13.102098750000001 1.0000000180025095e-35 0.0053866137942757053 10.500000000000002 1.0000000180025095e-35 37.230202386214891 52.308196028728361 34.083213737060554 0.082011790544482488 101.31462869905083 -0.6830127018922193 14.126601054644398
decision_type=2 2 2 2 2 2 2 2 2 2 2 2 2 2
left_child=1 6 5 7 11 -3 8 9 -1 -2 -6 -5 -9 -4
right_child=3 2 13 4 10 -7 -8 12 -10 -11 -12 -13 -14 -15
leaf_value=0.002453831820439175 0.030943104472769413 -0.0001446355579182244 -0.056758114845477631 0.066979198753917848 0.10989110480847961 -0.042157395154425591 -0.074899006399293977 0.58119492816693574 0.044155152802525945 0.12044039321117181 -0.0063425260986011665 0.16235066525593378 0.18283745433390142 -0.10934416300029973
leaf_weight=22142 2059 24957 7871 5705 861 22777 2353 103 12199 5560 9333 1291 100 4068
leaf_count=22142 2059 24957 7871 5705 861 22777 2353 103 12199 5560 9333 1291 100 4068
internal_value=-5.27399e-12 -0.0149288 -0.0310925 0.057518 0.0364824 -0.0201917 0.0113573 0.103747 0.0172674 0.0962542 0.00347473 0.0845785 0.38496 -0.0746759
internal_weight=121379 96367 59673 25012 17190 47734 36694 7822 34341 7619 10194 6996 203 11939
internal_count=121379 96367 59673 25012 17190 47734 36694 7822 34341 7619 10194 6996 203 11939
is_linear=0
shrinkage=0.01


Tree=132
num_leaves=15
num_cat=0
split_feature=20 20 4 4 22 7 5 17 20 22 42 16 19 10
split_gain=1.06359e+06 426720 203162 185215 190956 172312 160249 168235 89265.1 80752.2 75673.4 73576.6 39637 29513.8
threshold=53.817965779467691 74.692648922686956 1.0000000180025095e-35 1.0000000180025095e-35 54.749524714828901 1003.4999000000001 3.5000000000000004 0.0053866137942757053 28.950617283950621 61.446768060836511 1.0000000180025095e-35 0.2448763050000001 0.081743260547642929 0.68301270189221941
decision_type=2 2 2 2 2 2 2 2 2 2 2 2 2 2
left_child=3 6 5 4 8 -3 9 -8 -1 -2 12 -6 -5 -12
right_child=1 2 -4 10 11 -7 7 -9 -10 -11 13 -13 -14 -15
leaf_value=-0.058027063123333909 0.020543942300054848 0.038741328176901471 -0.085690335926437183 0.10490867599155065 0.12242401029799105 0.1085746761859317 0.030512307043864682 -0.023551151528008268 -0.025699942563398252 0.062848509351203299 -0.091736074833436987 0.0010409997856017203 -0.056689602902149812 -0.15690871765128617
leaf_weight=12544 13525 5664 756 162 516 9393 9200 15375 26772 6771 1513 15496 2407 1285
leaf_count=12544 13525 5664 756 162 516 9393 9200 15375 26772 6771 1513 15496 2407 1285
internal_value=-2.86786e-11 0.0296043 0.0742738 -0.029599 -0.0241583 0.0823054 0.0138624 -0.00331173 -0.0360141 0.0346573 -0.0856868 0.00495267 -0.0464993 -0.121667
internal_weight=121379 60684 15813 60695 55328 15057 44871 24575 39316 20296 5367 16012 2569 2798
internal_count=121379 60684 15813 60695 55328 15057 44871 24575 39316 20296 5367 16012 2569 2798
is_linear=0
shrinkage=0.01


Tree=133
num_leaves=15
num_cat=0
split_feature=20 20 4 22 7 4 22 10 2 20 3 43 3 47
split_gain=1.04324e+06 363122 209425 220978 175499 172857 150570 126634 113657 106876 97653.2 83580.6 43279.6 31680.2
threshold=56.045944233206605 82.393536121673023 1.0000000180025095e-35 54.749524714828901 1007.6001000000001 1.0000000180025095e-35 69.838191803971284 -0.24999999999999994 7.6250000000000009 28.950617283950621 29.000156500000003 1.0000000180025095e-35 92.000135000000014 1.0000000180025095e-35
decision_type=2 2 2 2 2 2 2 2 2 2 2 2 2 2
left_child=2 5 3 9 7 6 -2 -3 -5 -1 -6 -4 -13 -7
right_child=1 4 11 8 10 13 -8 -9 -10 -11 -12 12 -14 -15
leaf_value=-0.057446792495092644 0.014899246201911708 0.093724438292618228 -0.11942841367543157 0.081467510737332549 -0.097548116289500927 -0.090856888857503829 0.062018653009660987 0.0072776749445101719 -0.00015450705693660665 -0.022862290548536314 0.15616970624104215 -0.056754982743763893 0.07426528726884031 0.00097674336058166844
leaf_weight=12544 31571 4032 3027 1892 159 1568 8637 2923 17355 31061 3304 2532 280 494
leaf_count=12544 31571 4032 3027 1892 159 1568 8637 2923 17355 31061 3304 2532 280 494
internal_value=-1.20718e-12 0.0334745 -0.0256759 -0.0203539 0.0863548 0.0204414 0.0250209 0.0573932 0.00786902 -0.0328113 0.144521 -0.0829627 -0.0437089 -0.068856
internal_weight=121379 52688 68691 62852 10418 42270 40208 6955 19247 43605 3463 5839 2812 2062
internal_count=121379 52688 68691 62852 10418 42270 40208 6955 19247 43605 3463 5839 2812 2062
is_linear=0
shrinkage=0.01


Tree=134
num_leaves=15
num_cat=0
split_feature=20 22 4 20 5 0 7 20 0 21 17 17 1 15
split_gain=1.02408e+06 344298 243835 234035 197639 179342 158966 156997 109114 99385.2 84853.7 49493.9 20381.7 19189.2
threshold=65.000000000000014 52.513783269961984 1.0000000180025095e-35 107.27889447236181 14.500000000000002 36.742692288818368 1006.5004000000001 29.465811965811969 34.083213737060554 126.91582914572867 0.0067837024787301579 0.012972811549054572 -118.21337597412109 0.1164727951960388
decision_type=2 2 2 2 2 2 2 2 2 2 2 2 2 2
left_child=1 7 3 6 9 -6 -2 11 -5 -3 -9 -1 13 -4
right_child=2 4 12 8 5 -7 -8 10 -10 -11 -12 -13 -14 -15
leaf_value=-0.052115103694805626 0.029959649662672835 0.023487908620557368 -0.011462992699871286 -0.0049637034179559397 0.0026031279169552537 -0.062135823361524602 0.084710055788928124 -0.0044442546308335312 0.15953676357851729 0.29268344880014224 -0.035530716166888625 -0.096357671969201225 -0.026420117843053977 -0.1293214984671556
leaf_weight=10154 16759 22186 171 469 13181 6336 7758 14490 2875 138 22285 3367 491 719
leaf_count=10154 16759 22186 171 469 13181 6336 7758 14490 2875 138 22285 3367 491 719
internal_value=-1.72223e-11 -0.0163637 0.0515594 0.0579884 0.00483048 -0.0184137 0.0472845 -0.033995 0.136465 0.025152 -0.0232821 -0.0631324 -0.0781424 -0.106677
internal_weight=121379 92137 29242 27861 41841 19517 24517 50296 3344 22324 36775 13521 1381 890
internal_count=121379 92137 29242 27861 41841 19517 24517 50296 3344 22324 36775 13521 1381 890
is_linear=0
shrinkage=0.01


Tree=135
num_leaves=15
num_cat=0
split_feature=20 20 7 1 20 25 1 26 2 7 14 15 11 11
split_gain=1.00699e+06 403440 193498 175284 143884 137947 131565 126806 126446 104945 94846.2 78618.1 51370.1 40272.4
threshold=53.817965779467691 74.692648922686956 1003.4999000000001 -118.21337597412109 136.85125628140707 25.840230836032486 -118.21337597412109 37.086813248856139 7.4250000000000016 1006.3000500000002 10.128805841939615 0.13255862016072431 0.93301270189221952 -0.5
decision_type=2 2 2 2 2 2 2 2 2 2 2 2 2 2
left_child=3 6 7 5 -4 12 10 -3 -7 -8 -2 -5 -1 -13
right_child=1 2 4 11 -6 8 9 -9 -10 -11 -12 13 -14 -15
leaf_value=-0.093600599577945684 0.0080245507504198097 0.017905403385579634 0.08778518292671883 0.14865590135546039 0.2219976506421262 0.024991374330270901 0.03023348120838661 0.23468743855061253 -0.033181260278209543 0.11525950240976611 -0.091256336861707213 -0.025070473483985615 0.0735849943663925 0.046025191691734912
leaf_weight=4296 35578 5799 8853 536 878 4050 6429 283 48276 1875 989 1309 192 2036
leaf_count=4296 35578 5799 8853 536 878 4050 6429 283 48276 1875 989 1309 192 2036
internal_value=-1.60923e-12 0.0288058 0.0722397 -0.0288006 0.0998948 -0.0332422 0.0134993 0.0279924 -0.0286787 0.0494319 0.00533938 0.0362199 -0.0864483 0.0182033
internal_weight=121379 60684 15813 60695 9731 56814 44871 6082 52326 8304 36567 3881 4488 3345
internal_count=121379 60684 15813 60695 9731 56814 44871 6082 52326 8304 36567 3881 4488 3345
is_linear=0
shrinkage=0.01


Tree=136
num_leaves=15
num_cat=0
split_feature=21 0 10 5 17 0 7 24 4 22 10 25 15 10
split_gain=963916 385632 332110 234818 260823 196783 178637 160373 144751 138002 118043 105357 102348 78816.7
threshold=67.255703422053259 36.742692288818368 1.0000000180025095e-35 1.0000000180025095e-35 0.0053866137942757053 37.042691525878915 1006.6000200000002 37.230202386214891 1.0000000180025095e-35 37.243589743589752 -0.93301270189221908 93.401447058910961 0.082011790544482488 -0.6830127018922193
decision_type=2 2 2 2 2 2 2 2 2 2 2 2 2 2
left_child=1 8 5 7 11 -3 -4 10 9 -1 -2 -5 -6 -9
right_child=3 2 6 4 12 -7 -8 13 -10 -11 -12 -13 -14 -15
leaf_value=-0.02610522688359054 -0.024729861744873231 0.011439222353267721 -0.096175074665193525 0.063901477367617185 0.10669855012565499 -0.048942155001456149 -0.03693679198315937 0.57229013497678982 -0.059587931335547885 0.016349981457013212 0.10646721627640894 0.16644094885337679 -0.007247512250900992 0.178160978513211
leaf_weight=9478 762 14823 9933 5784 861 8488 10442 103 3366 39837 6857 1212 9333 100
leaf_count=9478 762 14823 9933 5784 861 8488 10442 103 3366 39837 6857 1212 9333 100
internal_value=6.70885e-12 -0.0143568 -0.0363242 0.0553144 0.0346457 -0.0105468 -0.065816 0.100737 0.00385976 0.00819039 0.0933458 0.0816656 0.00237654 0.378138
internal_weight=121379 96367 43686 25012 17190 23311 20375 7822 52681 49315 7619 6996 10194 203
internal_count=121379 96367 43686 25012 17190 23311 20375 7822 52681 49315 7619 6996 10194 203
is_linear=0
shrinkage=0.01


Tree=137
num_leaves=15
num_cat=0
split_feature=20 20 4 17 5 17 20 5 22 26 22 1 0 1
split_gain=974237 390416 192476 176910 154242 161432 146876 141843 124520 101225 75872.8 58563.8 52289.9 44475.2
threshold=53.817965779467691 74.692648922686956 1.0000000180025095e-35 0.0083455734632948888 3.5000000000000004 0.0053866137942757053 126.91582914572867 34.500000000000007 58.126425855513318 37.086813248856139 61.446768060836511 -120.84999847412108 36.742692288818368 -118.21337597412109
decision_type=2 2 2 2 2 2 2 2 2 2 2 2 2 2
left_child=3 4 6 8 10 -6 -3 9 11 -5 -2 -1 -9 -10
right_child=1 2 -4 7 5 -7 -8 12 13 -11 -12 -13 -14 -15
leaf_value=-0.047668018998621053 0.019997172937211847 0.067322380571988527 -0.084639935246496295 -0.031053433660244458 0.029560014806676443 -0.023399076736475972 0.16329253814046019 -0.048221860276843866 0.015122242230158909 0.24478119114886468 0.061003713248123717 -0.012804261597956296 -0.092662774151098887 0.087994724193211152
leaf_weight=6697 13525 13244 756 18612 9200 15375 1813 4495 6172 134 6771 17174 6442 969
leaf_count=6697 13525 13244 756 18612 9200 15375 1813 4495 6172 134 6771 17174 6442 969
internal_value=6.99497e-12 0.0283335 0.0710605 -0.0283283 0.013276 -0.00357309 0.0788781 -0.045779 -0.0116256 -0.0290817 0.0336775 -0.0225853 -0.074398 0.0250107
internal_weight=121379 60684 15813 60695 44871 24575 15057 29683 31012 18746 20296 23871 10937 7141
internal_count=121379 60684 15813 60695 44871 24575 15057 29683 31012 18746 20296 23871 10937 7141
is_linear=0
shrinkage=0.01


Tree=138
num_leaves=15
num_cat=0
split_feature=21 6 21 4 0 2 6 31 0 25 42 26 0 15
split_gain=931972 292688 291225 253126 223456 175539 173064 136064 135396 111912 75990.3 68608.4 53389.1 43252.5
threshold=58.126425855513318 11.001790500000002 88.666032953105216 1.0000000180025095e-35 35.400001525878913 25.125000000000004 13.002460500000002 53.797000422475719 34.083213737060554 37.325012908979964 1.0000000180025095e-35 40.72839735990835 35.400001525878913 0.042514369484174121
decision_type=2 2 2 2 2 2 2 2 2 2 2 2 2 2
left_child=3 2 7 4 9 12 -6 -2 -4 -1 13 -7 -3 -5
right_child=1 5 8 10 6 11 -8 -9 -10 -11 -12 -13 -14 -15
leaf_value=-0.059424814680362953 0.015808153685237927 -0.020139455615784261 0.012705861317985763 0.40373339369183497 -0.019434387581157089 0.036100149321390176 -0.067678395653405166 0.05855876793713103 0.13209124780253897 0.016468705511375647 -0.12232949050302683 0.35677057177814492 -0.079678537628528334 -0.051888292191495669
leaf_weight=2146 16172 3510 1164 21 37825 3546 9255 13796 5166 20537 2876 68 2638 2659
leaf_count=2146 16172 3510 1164 21 37825 3546 9255 13796 5166 20537 2876 68 2638 2659
internal_value=-1.74936e-11 0.035434 0.0485068 -0.021669 -0.0164955 -0.0131745 -0.0289182 0.0354887 0.110138 0.00928855 -0.0866293 0.0421338 -0.0456866 -0.0483181
internal_weight=121379 46060 36298 75319 69763 9762 47080 29968 6330 22683 5556 3614 6148 2680
internal_count=121379 46060 36298 75319 69763 9762 47080 29968 6330 22683 5556 3614 6148 2680
is_linear=0
shrinkage=0.01


Tree=139
num_leaves=15
num_cat=0
split_feature=20 22 7 4 20 25 0 2 17 17 0 25 1 7
split_gain=941638 367553 226810 182350 177647 170032 145443 131304 122567 97148.9 91805.4 79166.5 68719.3 63495.9
threshold=68.171736375158432 53.813307984790882 1003.9001350000001 1.0000000180025095e-35 30.055555555555561 99.253969599794516 37.042691525878915 15.225000000000001 0.011229225788052617 0.0071764298069670468 36.742692288818368 125.85672951532679 -118.21337597412109 992.80700000000013
decision_type=2 2 2 2 2 2 2 2 2 2 2 2 2 2
left_child=1 4 7 6 -1 8 -3 13 -4 -6 -7 -9 -5 -2
right_child=2 3 5 12 9 10 -8 11 -10 -11 -12 -13 -14 -15
leaf_value=-0.060088444730666241 -0.39388651729846785 0.02084096134178735 0.081120621741685606 -0.087475326824829766 -0.0022975607408986642 0.094829619997895853 -0.050482695323428119 0.04809466910715935 -0.043553121090349707 -0.033021073893199776 0.24705344841257551 -0.17459883751724761 0.029446045679958229 -0.030610397514998802
leaf_weight=14692 49 35179 10287 2519 18196 697 3112 7731 854 23693 918 163 628 2661
leaf_count=14692 49 35179 10287 2519 18196 697 3112 7731 854 23693 918 163 628 2661
internal_value=8.89374e-12 -0.0135973 0.0570544 0.00903045 -0.030169 0.0854645 0.0150443 0.0228787 0.0715639 -0.0196752 0.181357 0.0434964 -0.0641431 -0.0371789
internal_weight=121379 98019 23360 41438 56581 12756 38291 10604 11141 41889 1615 7894 3147 2710
internal_count=121379 98019 23360 41438 56581 12756 38291 10604 11141 41889 1615 7894 3147 2710
is_linear=0
shrinkage=0.01


Tree=140
num_leaves=15
num_cat=0
split_feature=20 20 4 5 7 0 16 5 17 21 13 22 17 21
split_gain=926439 370425 186201 171402 159139 158358 158676 150701 156044 126930 105157 72547.5 54603.4 53235
threshold=53.817965779467691 74.692648922686956 1.0000000180025095e-35 22.500000000000004 1007.6001000000001 36.742692288818368 0.2448763050000001 3.5000000000000004 0.0053866137942757053 72.099809885931577 7.5599997627063606 61.446768060836511 0.0082939415942853926 126.91582914572867
decision_type=2 2 2 2 2 2 2 2 2 2 2 2 2 2
left_child=3 7 4 9 -3 12 -7 11 -9 10 -1 -2 -5 -11
right_child=1 2 -4 5 -6 6 -8 8 -10 13 -12 -13 -14 -15
leaf_value=-0.0045634795514163714 0.019751519065954192 0.055300926265422351 -0.083892895411601456 -0.00044355754861958837 0.12578597472482139 0.088486404842201369 -0.07491130634411064 0.028883759066114793 -0.023184042181405542 0.07449847313506533 -0.043731701256956412 0.05984939138936244 -0.043960382833464172 0.33163995141671465
leaf_weight=23193 13525 10435 756 6719 4622 620 14348 9200 15375 946 9730 6771 5051 88
leaf_count=23193 13525 10435 756 6719 4622 620 14348 9200 15375 946 9730 6771 5051 88
internal_value=-1.0543e-11 0.0276297 0.0692484 -0.0276247 0.0769375 -0.0465626 -0.0681431 0.0129628 -0.00369172 -0.0127129 -0.0161392 0.0331287 -0.0191185 0.0963829
internal_weight=121379 60684 15813 60695 15057 26738 14968 44871 24575 33957 32923 20296 11770 1034
internal_count=121379 60684 15813 60695 15057 26738 14968 44871 24575 33957 32923 20296 11770 1034
is_linear=0
shrinkage=0.01


Tree=141
num_leaves=15
num_cat=0
split_feature=20 20 4 5 7 16 5 17 21 13 13 22 21 11
split_gain=908003 363053 182496 167991 156264 151588 147702 152939 124405 103792 103064 71103.8 52175.7 18649.2
threshold=53.817965779467691 74.692648922686956 1.0000000180025095e-35 22.500000000000004 1003.4999000000001 0.21083324200000034 3.5000000000000004 0.0053866137942757053 72.099809885931577 -4.3300917366011875 7.5599997627063606 61.446768060836511 126.91582914572867 0.93301270189221952
decision_type=2 2 2 2 2 2 2 2 2 2 2 2 2 2
left_child=3 6 4 8 -3 13 11 -8 10 -7 -1 -2 -10 -5
right_child=1 2 -4 5 -6 9 7 -9 12 -11 -12 -13 -14 -15
leaf_value=-0.0045178448074150923 0.019554003865825308 0.034682224804019737 -0.083053966588463896 0.052450524082614899 0.10118421579698585 -0.08366988593107394 0.02859492138030359 -0.022952201759907059 0.073753488247047014 -0.038468354890714665 -0.043294384260212572 0.059250897552321248 0.3283235530622981 0.15475487041514085
leaf_weight=23193 13525 5664 756 709 9393 6956 9200 15375 946 18835 9730 6771 88 238
leaf_count=23193 13525 5664 756 709 9393 6956 9200 15375 946 18835 9730 6771 88 238
internal_value=-4.37175e-11 0.0273534 0.0685559 -0.0273484 0.0761681 -0.0460969 0.0128332 -0.0036548 -0.0125857 -0.0506595 -0.0159778 0.0327974 0.095419 0.0781616
internal_weight=121379 60684 15813 60695 15057 26738 44871 24575 33957 25791 32923 20296 1034 947
internal_count=121379 60684 15813 60695 15057 26738 44871 24575 33957 25791 32923 20296 1034 947
is_linear=0
shrinkage=0.01


Tree=142
num_leaves=15
num_cat=0
split_feature=20 0 10 7 1 0 10 15 7 26 1 4 0 7
split_gain=890932 280297 259182 240111 215962 195090 175099 161643 156889 142717 140066 98613.5 98442.4 96092.9
threshold=62.940015733578086 36.742692288818368 1.0000000180025095e-35 1005.00003 -119.7866065258789 34.083213737060554 -0.24999999999999994 0.1148951916223921 1006.6000200000002 37.086813248856139 -118.21337597412109 1.0000000180025095e-35 35.400001525878913 1006.4001350000001
decision_type=2 2 2 2 2 2 2 2 2 2 2 2 2 2
left_child=1 10 7 6 -5 -6 9 -3 -4 -2 11 -1 -8 -12
right_child=3 2 8 4 5 -7 12 -9 -10 -11 13 -13 -14 -15
leaf_value=-0.0034405505675271816 0.037901512787996888 0.069951697260040413 -0.090487801037527099 -0.015644745857235704 0.025042145256042911 0.11634775964511659 0.0029909505736195325 -0.020901656522505575 -0.034079610050793158 0.25587014723375634 0.018989054369433451 -0.066279333333871579 -0.083116916529141327 0.10062041782228817
leaf_weight=35735 12159 2177 9720 2210 3193 8761 5052 19491 10007 308 6201 2685 1801 1879
leaf_count=35735 12159 2177 9720 2210 3193 8761 5052 19491 10007 308 6201 2685 1801 1879
internal_value=-6.8552e-12 -0.016722 -0.0356489 0.0438949 0.07517 0.0919594 0.0209663 -0.0117736 -0.0618734 0.0432865 0.000127071 -0.00783207 -0.0196386 0.0379724
internal_weight=121379 87895 41395 33484 14164 11954 19320 21668 19727 12467 46500 38420 6853 8080
internal_count=121379 87895 41395 33484 14164 11954 19320 21668 19727 12467 46500 38420 6853 8080
is_linear=0
shrinkage=0.01


Tree=143
num_leaves=15
num_cat=0
split_feature=20 20 4 5 17 5 20 19 22 13 48 2 26 6
split_gain=876143 359939 177870 165163 144539 162289 140822 139191 118956 94607.2 75986.6 68162.7 48150.7 46252.2
threshold=53.254372623574156 74.692648922686956 1.0000000180025095e-35 20.500000000000004 0.0055645443581392728 9.5000000000000018 126.91582914572867 0.05573552236098845 51.585551330798488 -4.3300917366011875 1.0000000180025095e-35 7.4250000000000016 19.460110057862138 13.60318975
decision_type=2 2 2 2 2 2 2 2 2 2 2 2 2 2
left_child=3 4 6 8 10 -6 -3 12 13 -9 -2 -10 -5 -1
right_child=1 2 -4 7 5 -7 -8 9 11 -11 -12 -13 -14 -15
leaf_value=-0.020042435869825313 0.042845372885198581 0.063501763161006461 -0.082374666659999138 0.01335276005109574 0.020905709870290071 -0.025958772738905109 0.15747309433665665 -0.083842822501930814 0.086637297802431817 -0.040052558559058565 -0.023570242140607055 0.0039457260413948477 0.14171168779556886 -0.0573445041977826
leaf_weight=15142 15129 13244 756 1175 15635 14011 1813 6780 1088 18117 1944 11897 389 4259
leaf_count=15142 15129 13244 756 1175 15635 14011 1813 6780 1088 18117 1944 11897 389 4259
internal_value=2.48561e-11 0.0260631 0.0673016 -0.0276952 0.0121051 -0.00124292 0.0748168 -0.0462292 -0.012552 -0.0519776 0.035283 0.0108744 0.0452784 -0.0282312
internal_weight=121379 62532 15813 58847 46719 29646 15057 26461 32386 24897 17073 12985 1564 19401
internal_count=121379 62532 15813 58847 46719 29646 15057 26461 32386 24897 17073 12985 1564 19401
is_linear=0
shrinkage=0.01


Tree=144
num_leaves=15
num_cat=0
split_feature=25 31 17 27 1 1 0 7 17 2 31 12 0 8
split_gain=833795 315478 263960 192347 180005 165992 142798 200369 113017 104388 91786.9 74235.9 62598 55629.7
threshold=55.68089349484125 53.051277989015638 0.010072850549415509 130.60929648241208 -119.7866065258789 -118.21337597412109 37.042691525878915 1008.7002800000001 0.0048833997448883377 24.425000000000001 15.138888888888891 1.0000000180025095e-35 36.742692288818368 0.37940952255126054
decision_type=2 2 2 2 2 2 2 2 2 2 2 2 2 2
left_child=2 5 6 4 -3 10 7 -1 -7 12 -2 -5 -4 -8
right_child=1 3 9 11 -6 8 13 -9 -10 -11 -12 -13 -14 -15
leaf_value=-0.0098740133319336915 -0.11766419888535662 -0.041688787787949461 -0.039429413971361807 0.11909224961527864 0.0622917980742786 0.091088046067789641 -0.059928242128330929 0.048395670368778725 0.019010793213856288 -0.015896224770292473 -0.0057804305568190514 0.2669701969443774 -0.078145573408431743 -0.01382392426235165
leaf_weight=31532 771 1833 7290 985 18151 3071 6128 7260 7460 7063 14972 518 9777 4568
leaf_count=31532 771 1833 7290 985 18151 3071 6128 7260 7460 7063 14972 518 9777 4568
internal_value=1.26277e-13 0.0325397 -0.0211107 0.0609596 0.0527543 0.00929772 -0.00788843 0.00103127 0.0400296 -0.0482281 -0.0112598 0.170058 -0.0616083 -0.0402382
internal_weight=121379 47761 73618 21487 19984 26274 49488 38792 10531 24130 15743 1503 17067 10696
internal_count=121379 47761 73618 21487 19984 26274 49488 38792 10531 24130 15743 1503 17067 10696
is_linear=0
shrinkage=0.01


Tree=145
num_leaves=15
num_cat=0
split_feature=21 0 13 5 6 2 4 24 31 15 25 15 1 3
split_gain=840110 343071 275843 220189 231472 171946 158331 154004 124391 112472 99891.4 96753.6 74753.8 68688.3
threshold=67.255703422053259 35.400001525878913 -5.766195764336687 1.0000000180025095e-35 5.4014995000000008 7.8250000000000002 1.0000000180025095e-35 37.230202386214891 52.308196028728361 0.15686618381618123 93.401447058910961 0.082011790544482488 -119.7866065258789 39.004759000000007
decision_type=2 2 2 2 2 2 2 2 2 2 2 2 2 2
left_child=1 6 12 7 10 -4 8 9 -1 -2 -5 -6 -3 -9
right_child=3 2 5 4 11 -7 -8 13 -10 -11 -12 -13 -14 -15
leaf_value=0.001968819200486941 0.16313909506085961 -0.069458092228864066 0.029152206068822819 0.058472185273944155 0.10234270169999697 -0.027900311221527741 -0.068697932334379305 0.59321333896966633 0.041736563726255733 0.068635301760956696 0.15811968485111336 -0.0083516468168627206 -0.14957719327894239 0.21757757171072431
leaf_weight=22142 1592 3098 5924 5825 863 48785 2353 81 12199 6027 1216 9286 1866 122
leaf_count=22142 1592 3098 5924 5825 863 48785 2353 81 12199 6027 1216 9286 1866 122
internal_value=-2.67118e-11 -0.0134031 -0.0281989 0.05164 0.0316255 -0.0217226 0.0106582 0.0956248 0.0160956 0.088382 0.0756816 0.00106103 -0.0995754 0.367462
internal_weight=121379 96367 59673 25012 17190 54709 36694 7822 34341 7619 7041 10149 4964 203
internal_count=121379 96367 59673 25012 17190 54709 36694 7822 34341 7619 7041 10149 4964 203
is_linear=0
shrinkage=0.01


Tree=146
num_leaves=15
num_cat=0
split_feature=20 20 7 4 22 17 13 26 11 21 48 44 16 47
split_gain=836497 342774 174042 156037 155713 139066 131986 117738 86209.7 84416.6 72431.8 67700 60811.3 29146.7
threshold=53.254372623574156 74.692648922686956 1003.4999000000001 1.0000000180025095e-35 58.126425855513318 0.0055645443581392728 -2.4969567032169024 40.72839735990835 -0.5 32.800925925925931 1.0000000180025095e-35 1.0000000180025095e-35 0.28003104500000014 1.0000000180025095e-35
decision_type=2 2 2 2 2 2 2 2 2 2 2 2 2 2
left_child=3 5 7 4 9 10 -4 -3 -7 -1 -2 13 -6 -5
right_child=1 2 6 11 12 8 -8 -9 -10 -11 -12 -13 -14 -15
leaf_value=-0.048791797866897371 0.041963665297825858 0.015343730523816488 0.02935359799508876 -0.065946832293412777 0.12636068973922573 0.019936457863442527 0.1136101309080749 0.25414115247325364 -0.014974691624350021 -0.019705984510933253 -0.022879815135295311 -0.13499678992945155 0.0065408395208876261 0.022964329833546317
leaf_weight=16046 15129 5868 2503 3305 441 11657 7228 214 17989 26389 1944 1533 10718 415
leaf_count=16046 15129 5868 2503 3305 441 11657 7228 214 17989 26389 1944 1533 10718 415
internal_value=-1.48479e-11 0.0254666 0.0657098 -0.0270613 -0.0219634 0.0118455 0.0919377 0.023746 -0.0012474 -0.0307042 0.0345803 -0.0790737 0.0112761 -0.056028
internal_weight=121379 62532 15813 58847 53594 46719 9731 6082 29646 42435 17073 5253 11159 3720
internal_count=121379 62532 15813 58847 53594 46719 9731 6082 29646 42435 17073 5253 11159 3720
is_linear=0
shrinkage=0.01


Tree=147
num_leaves=15
num_cat=0
split_feature=20 20 17 5 5 17 31 19 26 21 11 1 14 21
split_gain=819850 335953 170884 159185 140466 145068 137255 134210 112063 104567 103931 82986.3 65484.3 63300.8
threshold=53.254372623574156 74.692648922686956 0.011073520014354401 20.500000000000004 3.5000000000000004 0.0053866137942757053 29.463244613434728 0.05573552236098845 20.746625957469558 32.800925925925931 -0.24999999999999994 -118.99998249999999 -2.1531048708370419 126.91582914572867
decision_type=2 2 2 2 2 2 2 2 2 2 2 2 2 2
left_child=3 4 6 8 12 -6 -3 -5 9 -1 -4 -9 -2 -10
right_child=1 2 10 7 5 -7 -8 11 13 -11 -12 -13 -14 -15
leaf_value=-0.044922782209925391 0.014558976660668327 -0.011373499326348622 0.067524953314800407 0.044869154421834437 0.026874467655967696 -0.022454536273361907 0.089836737423737462 -0.062659382734942148 0.042860075996064721 -0.0046422339186901404 -0.070155516757096414 -0.022920191970697643 0.049819279485821495 0.32699351432882706
leaf_weight=9412 11476 1508 915 1564 9499 16009 12022 17361 2451 20442 1368 7536 9735 81
leaf_count=9412 11476 1508 915 1564 9499 16009 12022 17361 2451 20442 1368 7536 9735 81
internal_value=7.11828e-12 0.025212 0.0650527 -0.0267907 0.011727 -0.00408476 0.0785562 -0.0449862 -0.0119241 -0.0173414 -0.0149748 -0.0506308 0.030742 0.0519497
internal_weight=121379 62532 15813 58847 46719 25508 13530 26461 32386 29854 2283 24897 21211 2532
internal_count=121379 62532 15813 58847 46719 25508 13530 26461 32386 29854 2283 24897 21211 2532
is_linear=0
shrinkage=0.01


Tree=148
num_leaves=15
num_cat=0
split_feature=20 22 6 13 22 27 14 47 10 7 8 19 47 21
split_gain=804088 290699 183280 154850 147896 141657 132290 124463 195777 120727 90821 80599.9 72262.9 46113.8
threshold=56.045944233206605 69.838191803971284 12.404780500000003 -2.4969567032169024 58.126425855513318 127.71608040201006 5.7778117458617873 1.0000000180025095e-35 0.68301270189221941 1005.00003 0.60355339059327384 0.97291762980996221 1.0000000180025095e-35 145.93718592964828
decision_type=2 2 2 2 2 2 2 2 2 2 2 2 2 2
left_child=2 7 4 6 10 -5 -3 8 -2 -9 -1 -4 -6 -13
right_child=1 3 11 5 12 -7 -8 9 -10 -11 -12 13 -14 -15
leaf_value=-0.031943152487554152 0.016412654385407548 0.047139068872969134 -0.076016600004767357 0.077313132466193868 0.0068945571488508439 0.20270474233923788 -0.077358444608903038 0.021565477889223909 -0.053208123290846662 0.10790049330129692 0.0020265933925103646 -0.0328632839253803 0.075121678534344288 0.42550889286127958
leaf_weight=28865 25174 4912 7393 8628 10491 1006 1033 4634 4811 2490 10821 9277 1822 22
leaf_count=28865 25174 4912 7393 8628 10491 1006 1033 4634 4811 2490 10821 9277 1822 22
internal_value=-1.10668e-11 0.0293883 -0.0225417 0.0656406 -0.0132869 0.0904068 0.0255064 0.0141689 0.00524222 0.0517415 -0.0226808 -0.051372 0.0169904 -0.0317788
internal_weight=121379 52688 68691 15579 51999 9634 5945 37109 29985 7124 39686 16692 12313 9299
internal_count=121379 52688 68691 15579 51999 9634 5945 37109 29985 7124 39686 16692 12313 9299
is_linear=0
shrinkage=0.01


Tree=149
num_leaves=15
num_cat=0
split_feature=20 21 4 20 20 17 2 17 12 0 4 25 47 15
split_gain=790195 325687 201353 169633 149099 139395 133585 122316 121475 114308 89629.8 50288.9 16919 16479.2
threshold=68.171736375158432 52.513783269961984 1.0000000180025095e-35 126.91582914572867 29.465811965811969 0.011999020326224094 22.625000000000004 0.011229225788052617 1.0000000180025095e-35 37.042691525878915 1.0000000180025095e-35 25.059033645495941 1.0000000180025095e-35 0.1164727951960388
decision_type=2 2 2 2 2 2 2 2 2 2 2 2 2 2
left_child=1 4 3 7 11 9 -7 -2 -5 -3 -6 -1 13 -4
right_child=2 5 12 8 10 6 -8 -9 -10 -11 -12 -13 -14 -15
leaf_value=-0.09404158928609159 0.060669897903109761 0.022695224094106212 -0.017287946800525124 0.091125970049055205 -0.014534076782512244 -0.061182674820778223 0.012530352223846034 -0.0087648669553258545 0.26246592767606602 -0.039169104386320909 -0.077709347551881275 -0.04696361604542542 -0.030296340602643284 -0.13666041508429669
leaf_weight=2769 17473 31553 148 1174 35586 5117 4732 2968 639 3299 2397 12566 429 529
leaf_count=2769 17473 31553 148 1174 35586 5117 4732 2968 639 3299 2397 12566 429 529
internal_value=-4.55222e-12 -0.0124559 0.0522654 0.0588105 -0.0291463 0.00745186 -0.0257669 0.0505881 0.151516 0.0168393 -0.0185209 -0.0554644 -0.0794296 -0.110564
internal_weight=121379 98019 23360 22254 53318 44701 9849 20441 1813 34852 37983 15335 1106 677
internal_count=121379 98019 23360 22254 53318 44701 9849 20441 1813 34852 37983 15335 1106 677
is_linear=0
shrinkage=0.01


Tree=150
num_leaves=15
num_cat=0
split_feature=21 20 5 17 1 10 24 7 10 8 25 15 4 11
split_gain=777287 332154 220451 243092 166451 176266 151246 116531 114560 102863 95762.9 94143.8 86814.2 79173.4
threshold=66.111956062526417 43.928571428571438 1.0000000180025095e-35 0.0053866137942757053 -118.21337597412109 0.25000000000000011 37.230202386214891 1005.3003300000001 -0.93301270189221908 0.60355339059327384 93.401447058910961 0.082011790544482488 1.0000000180025095e-35 0.25000000000000017
decision_type=2 2 2 2 2 2 2 2 2 2 2 2 2 2
left_child=1 9 6 10 5 -3 8 -6 -2 12 -4 -5 -1 -11
right_child=2 4 3 11 7 -7 -8 -9 -10 13 -12 -13 -14 -15
leaf_value=-0.039945460343298829 -0.027730384816640332 0.0079654424485279089 0.056450878621751903 0.095930438107891466 0.018544807810793113 -0.032404234451408651 0.3571143528595927 0.10171152834170391 0.096012721797525957 -0.027058182089662989 0.15343242594328771 -0.010759888732632885 -0.096735929825843642 0.036781251275773107
leaf_weight=25319 833 33481 6180 902 5399 15977 207 2449 7345 6289 1219 9956 3012 2811
leaf_count=25319 833 33481 6180 902 5399 15977 207 2449 7345 6289 1219 9956 3012 2811
internal_value=-3.0267e-11 -0.0134197 0.0477194 0.028225 0.00171332 -0.00507565 0.0901654 0.0444973 0.0834084 -0.036588 0.0724288 -0.00189687 -0.0459831 -0.00733811
internal_weight=121379 94737 26642 18257 57306 49458 8385 7848 8178 37431 7399 10858 28331 9100
internal_count=121379 94737 26642 18257 57306 49458 8385 7848 8178 37431 7399 10858 28331 9100
is_linear=0
shrinkage=0.01


Tree=151
num_leaves=15
num_cat=0
split_feature=21 0 5 5 17 19 11 1 0 25 13 31 25 2
split_gain=762218 320582 295790 208691 222440 203597 196118 161309 140102 146422 118214 102321 91275.4 80657.8
threshold=67.255703422053259 36.742692288818368 3.5000000000000004 1.0000000180025095e-35 0.0053866137942757053 0.05573552236098845 0.25000000000000017 -118.21337597412109 34.083213737060554 74.195507312297323 -1.7615230958070482 55.287213068581906 93.401447058910961 6.8250000000000002
decision_type=2 2 2 2 2 2 2 2 2 2 2 2 2 2
left_child=1 7 6 8 12 -4 -3 11 -2 -10 -9 -1 -5 -6
right_child=3 2 5 4 13 -7 -8 10 9 -11 -12 -13 -14 -15
leaf_value=-0.013496973008043176 0.021760348766718902 -0.024056004611129653 0.056676744658166626 0.056591136409552142 0.09481954623615757 -0.064569319130229688 0.045516888700672366 0.01343458906829543 0.072846083829433278 0.17463437910326346 0.084875970415798627 0.022190879930237765 0.15203241325086889 -0.0084334596041842902
leaf_weight=32089 2083 14600 1478 5784 823 22000 5608 6165 3221 2518 3710 10717 1212 9371
leaf_count=32089 2083 14600 1478 5784 823 22000 5608 6165 3221 2518 3710 10717 1212 9371
internal_value=8.1452e-12 -0.0127667 -0.0327958 0.0491878 0.0297029 -0.0569366 -0.00474856 0.00384255 0.0920089 0.117506 0.0402748 -0.00456209 0.0731256 -9.74557e-05
internal_weight=121379 96367 43686 25012 17190 23478 20208 52681 7822 5739 9875 42806 6996 10194
internal_count=121379 96367 43686 25012 17190 23478 20208 52681 7822 5739 9875 42806 6996 10194
is_linear=0
shrinkage=0.01


Tree=152
num_leaves=15
num_cat=0
split_feature=21 17 21 17 2 1 2 0 0 10 7 0 44 26
split_gain=748532 252571 243932 219157 166170 156970 136042 124719 123895 111398 80868.6 65497.5 61567.2 57522.5
threshold=58.126425855513318 0.011229225788052617 88.666032953105216 0.010072850549415509 25.125000000000004 -118.21337597412109 18.525000000000002 34.083213737060554 37.042691525878915 0.25000000000000011 1006.3000500000002 35.400001525878913 1.0000000180025095e-35 40.72839735990835
decision_type=2 2 2 2 2 2 2 2 2 2 2 2 2 2
left_child=3 2 8 5 -3 9 12 -4 -2 -1 -7 -8 -5 -6
right_child=1 4 7 6 13 10 11 -9 -10 -11 -12 -13 -14 -15
leaf_value=0.0002424981011852217 0.036560276537689923 -0.047363741064723498 0.0063251066917411735 -0.052682820860028574 0.034113469324089526 0.022970140823821365 0.0091719694124460013 0.12058541179670229 -0.052962337734914107 -0.031775678688667076 0.12379296719301226 -0.036904044405326179 -0.10227610700825303 0.33438512290441075
leaf_weight=28275 28680 5835 1169 7649 3451 2372 4463 5226 1634 17649 1197 9993 3721 65
leaf_count=28275 28680 5835 1169 7649 3451 2372 4463 5226 1634 17649 1197 9993 3721 65
internal_value=-1.04138e-11 0.0317559 0.0435746 -0.0194197 -0.0146409 -0.00709771 -0.0430337 0.0996987 0.0317348 -0.0120624 0.0567849 -0.022679 -0.068913 0.0396646
internal_weight=121379 46060 36709 75319 9351 49493 25826 6395 30314 45924 3569 14456 11370 3516
internal_count=121379 46060 36709 75319 9351 49493 25826 6395 30314 45924 3569 14456 11370 3516
is_linear=0
shrinkage=0.01


Tree=153
num_leaves=15
num_cat=0
split_feature=20 22 6 5 5 16 20 6 11 22 26 13 2 26
split_gain=743049 310200 152131 150881 130988 128439 121165 117355 109234 108594 97184.7 90906.6 68318.2 45828.4
threshold=53.254372623574156 69.838191803971284 11.001790500000002 20.500000000000004 3.5000000000000004 0.21083324200000034 126.91582914572867 5.4014995000000008 -0.24999999999999994 43.383838383838388 23.983896399370817 -4.3300917366011875 7.4250000000000016 19.326126873158707
decision_type=2 2 2 2 2 2 2 2 2 2 2 2 2 2
left_child=3 4 6 9 10 13 -3 -6 -4 -1 -2 -7 -11 -5
right_child=1 2 8 5 7 11 -8 -9 -10 12 -12 -13 -14 -15
leaf_value=-0.030848591619031467 0.02390138604097667 0.065117777631361645 0.065018107485511928 0.027506489446472795 0.022659987174517355 -0.078461311601399533 0.16735159071052219 -0.021854165403666029 -0.061739491170135365 0.074277780206828417 0.11843630242500483 -0.035939775600255935 0.00017059591426164309 0.18274172877245426
leaf_weight=14916 19699 12576 1202 649 9599 6882 1277 15463 1565 1348 1151 18661 16122 269
leaf_count=14916 19699 12576 1202 649 9599 6882 1277 15463 1565 1348 1151 18661 16122 269
internal_value=-3.77537e-12 0.024002 0.0610204 -0.025505 0.0106015 -0.0432196 0.0745419 -0.00480479 -0.00667529 -0.0110313 0.0291201 -0.0473963 0.00588877 0.0729948
internal_weight=121379 62532 16620 58847 45912 26461 13853 25062 2767 32386 20850 25543 17470 918
internal_count=121379 62532 16620 58847 45912 26461 13853 25062 2767 32386 20850 25543 17470 918
is_linear=0
shrinkage=0.01


Tree=154
num_leaves=15
num_cat=0
split_feature=22 20 17 20 4 17 11 7 0 2 0 4 44 0
split_gain=731716 308424 240603 158054 123237 107205 101898 95309.4 89624.9 84299.7 65477 63975.4 58509.2 57482.5
threshold=63.147528517110281 53.080481622306728 0.0089080611796768742 112.86013400335007 1.0000000180025095e-35 0.005460894238509686 -0.24999999999999994 1006.4001350000001 36.742692288818368 10.625000000000002 34.083213737060554 1.0000000180025095e-35 1.0000000180025095e-35 37.042691525878915
decision_type=2 2 2 2 2 2 2 2 2 2 2 2 2 2
left_child=1 4 3 7 8 13 -4 -2 -1 -8 -5 -7 -6 -3
right_child=2 5 6 10 12 11 9 -9 -10 -11 -12 -13 -14 -15
leaf_value=-0.010380780742336709 0.034125549035626861 0.037636581552769506 0.038191485060262889 -0.0078410671476789092 -0.058941932967646056 -0.0017850572571086751 0.03625851131243877 0.078543489975726161 -0.038485277395300999 -0.047548946322066382 0.16942461586289273 -0.070963183383800615 -0.14042252718684403 -0.023573440369850651
leaf_weight=19928 13030 11518 4242 239 3077 23085 1630 7677 26351 4552 1626 1419 1235 1770
leaf_count=19928 13030 11518 4242 239 3077 23085 1630 7677 26351 4552 1626 1419 1235 1770
internal_value=-2.4686e-11 -0.0150019 0.040184 0.0585347 -0.0311474 0.00661167 0.000447702 0.0505932 -0.0263833 -0.0254515 0.146708 -0.00579109 -0.0822788 0.0294832
internal_weight=121379 88383 32996 22572 50591 37792 10424 20707 46279 6182 1865 24504 4312 13288
internal_count=121379 88383 32996 22572 50591 37792 10424 20707 46279 6182 1865 24504 4312 13288
is_linear=0
shrinkage=0.01


Tree=155
num_leaves=15
num_cat=0
split_feature=20 22 4 5 20 0 20 12 6 21 6 25 1 2
split_gain=719759 299810 191563 157918 156915 151450 149033 119100 111567 85386.5 83815.3 45158.1 16334.4 14197.3
threshold=68.171736375158432 53.813307984790882 1.0000000180025095e-35 14.500000000000002 126.91582914572867 36.742692288818368 28.950617283950621 1.0000000180025095e-35 11.302114500000002 126.91582914572867 11.900899000000001 25.059033645495941 -118.21337597412109 10.575000000000001
decision_type=2 2 2 2 2 2 2 2 2 2 2 2 2 2
left_child=1 6 4 9 8 -5 11 -6 -2 -3 -8 -1 13 -4
right_child=2 3 12 5 7 -7 10 -9 -10 -11 -12 -13 -14 -15
leaf_value=-0.091987333146986858 0.057898643744816729 0.025379978613412044 -0.03420499587674504 0.0062691993737626229 0.085631502163318815 -0.054250959360371456 -0.0095875569152344547 0.25528775768328305 -0.0088472302077869745 0.26639153180492892 -0.041945332268557491 -0.046486968898267207 -0.030294824661977377 -0.13714033726927718
leaf_weight=2717 17519 21726 184 13628 1174 5936 32142 639 2922 148 10660 11062 429 493
leaf_count=2717 17519 21726 184 13628 1174 5936 32142 639 2922 148 10660 11062 429 493
internal_value=-4.61209e-11 -0.0118878 0.0498816 0.00854854 0.0562656 -0.0120935 -0.0268548 0.145428 0.0483575 0.0270107 -0.0176464 -0.0554589 -0.0785718 -0.109164
internal_weight=121379 98019 23360 41438 22254 19564 56581 1813 20441 21874 42802 13779 1106 677
internal_count=121379 98019 23360 41438 22254 19564 56581 1813 20441 21874 42802 13779 1106 677
is_linear=0
shrinkage=0.01


Tree=156
num_leaves=15
num_cat=0
split_feature=22 21 17 17 1 21 2 5 7 1 26 1 16 25
split_gain=707127 238738 234034 169064 167098 151936 149755 125154 86329.5 84298.6 80211.9 71942.7 61386.1 56318.9
threshold=63.147528517110281 32.800925925925931 0.0089080611796768742 0.012303702494922266 -120.84999847412108 88.666032953105216 24.025000000000002 9.5000000000000018 1004.89998 -118.21337597412109 45.22162611477458 -118.99998249999999 0.11719567800000021 31.158371180115477
decision_type=2 2 2 2 2 2 2 2 2 2 2 2 2 2
left_child=1 12 5 4 -3 9 -5 10 -7 -2 -4 -9 -1 -14
right_child=2 3 7 6 -6 8 -8 11 -10 -11 -12 -13 13 -15
leaf_value=0.10607554190534398 0.031090189849576073 -0.039677508484194643 0.030510149719025995 -0.061827178647953424 0.010631040638985748 0.051827415712790738 0.0032297886441269488 -0.077073554779468229 0.13961647793471138 0.080637761786596887 0.32385422730445862 -0.0026913424140259852 -0.066502038735269886 -0.032980114745298175
leaf_weight=271 13097 7762 4960 8691 44184 1770 5968 2210 3051 4654 95 3159 7952 13555
leaf_count=271 13097 7762 4960 8691 44184 1770 5968 2210 3051 4654 95 3159 7952 13555
internal_value=-4.48757e-12 -0.0147477 0.0395031 -0.00534974 0.00311372 0.0576015 -0.0353411 0.00031293 0.107385 0.0440807 0.036023 -0.0333087 -0.0434899 -0.0453745
internal_weight=121379 88383 32996 66605 51946 22572 14659 10424 4821 17751 5055 5369 21778 21507
internal_count=121379 88383 32996 66605 51946 22572 14659 10424 4821 17751 5055 5369 21778 21507
is_linear=0
shrinkage=0.01


Tree=157
num_leaves=15
num_cat=0
split_feature=22 4 0 23 6 31 31 25 47 2 42 6 24 15
split_gain=693055 250965 234305 235538 228083 139123 134836 102820 97548.4 84781.9 73844.1 69546 42983.5 39836.4
threshold=63.147528517110281 1.0000000180025095e-35 35.400001525878913 102.00771920438696 9.4110505000000018 52.117659484579647 51.006548373468533 95.457947025073722 1.0000000180025095e-35 24.325000000000006 1.0000000180025095e-35 12.600642500000001 41.565554452864454 0.048002520918608654
decision_type=2 2 2 2 2 2 2 2 2 2 2 2 2 2
left_child=1 2 5 -4 6 -1 8 -8 -2 11 13 -6 -11 -3
right_child=4 10 3 -5 9 -7 7 -9 -10 12 -12 -13 -14 -15
leaf_value=-0.0045190624924647009 0.0053294141336591066 0.34208844467445659 -0.023852784348875417 0.37297785922586918 0.0083985845388134129 0.040047978345659548 0.065806810949969541 0.14598403691634226 0.0669897560283748 0.036073637565560319 -0.11021849729951159 -0.058221471654705821 0.36604370618052784 -0.043835038086490745
leaf_weight=18455 6545 27 52448 150 3243 11289 11021 1871 4220 3024 3158 3032 40 2856
leaf_count=18455 6545 27 52448 150 3243 11289 11021 1871 4220 3024 3158 3032 40 2856
internal_value=-1.89364e-11 -0.0146002 -0.010036 -0.0227211 0.039108 0.0123959 0.0556271 0.0774428 0.029501 -0.00273717 -0.0768129 -0.0237914 0.0403813 -0.0402208
internal_weight=121379 88383 82342 52598 32996 29744 23657 12892 10765 9339 6041 6275 3064 2883
internal_count=121379 88383 82342 52598 32996 29744 23657 12892 10765 9339 6041 6275 3064 2883
is_linear=0
shrinkage=0.01


Tree=158
num_leaves=15
num_cat=0
split_feature=22 4 0 23 17 5 0 25 17 19 42 26 1 15
split_gain=679263 245971 229642 230851 225740 132943 137324 107655 97828.7 95800.8 72374.6 63354 42100.7 39172.5
threshold=63.147528517110281 1.0000000180025095e-35 35.400001525878913 102.00771920438696 0.010199004844292283 1.0000000180025095e-35 34.083213737060554 37.325012908979964 0.0053866137942757053 1.3746841221378512 1.0000000180025095e-35 45.22162611477458 -118.21337597412109 0.079781256598138908
decision_type=2 2 2 2 2 2 2 2 2 2 2 2 2 2
left_child=1 2 7 -4 5 6 -2 -1 -7 12 13 -11 -6 -3
right_child=4 10 3 -5 9 8 -8 -9 -10 11 -12 -13 -14 -15
leaf_value=-0.054392205714289696 0.020654755263277941 0.141849061167031 -0.023614256532512031 0.36924808205962178 -0.058350846906732902 0.060509243089318883 0.11152842024479838 0.017701201514816106 0.012318835819439105 0.026797605509573774 -0.10911631204936496 0.35471760658423107 0.0075818383914767933 -0.047297836319687647
leaf_weight=2240 2306 114 52448 150 3132 8724 5963 27504 8146 3263 3158 60 1402 2769
leaf_count=2240 2306 114 52448 150 3132 8724 5963 27504 8146 3263 3158 60 1402 2769
internal_value=-7.85841e-12 -0.0144542 -0.00993561 -0.0224939 0.0387169 0.0533397 0.0861862 0.0122719 0.0372396 -0.00806942 -0.0760447 0.0327185 -0.0379632 -0.0398186
internal_weight=121379 88383 82342 52598 32996 25139 8269 29744 16870 7857 6041 3323 4534 2883
internal_count=121379 88383 82342 52598 32996 25139 8269 29744 16870 7857 6041 3323 4534 2883
is_linear=0
shrinkage=0.01


Tree=159
num_leaves=15
num_cat=0
split_feature=22 31 7 47 10 4 1 8 17 11 7 17 47 44
split_gain=665985 256577 218188 186505 177744 156445 142550 162822 138086 154057 121312 107971 68107 56577
threshold=65.362945039751153 52.308196028728361 1007.6001000000001 1.0000000180025095e-35 -1.0000000180025095e-35 1.0000000180025095e-35 -119.7866065258789 0.37940952255126054 0.0079955251776222969 -0.24999999999999994 1004.5003 0.0082939415942853926 1.0000000180025095e-35 1.0000000180025095e-35
decision_type=2 2 2 2 2 2 2 2 2 2 2 2 2 2
left_child=1 5 8 4 -3 11 -4 -8 12 -10 -5 -1 -2 -7
right_child=2 3 6 10 -6 13 7 -9 9 -11 -12 -13 -14 -15
leaf_value=-0.0067975385356971807 0.032093410075803304 0.023180733567339722 -0.0070631743045508457 0.033660238326191479 -0.028974376903112747 -0.058140999122252554 0.064014892389041414 0.17153165647156066 0.045985599793195713 -0.036874551627383699 0.18329353521509772 -0.034267760934842996 0.082115039092260173 -0.13456515124463603
leaf_weight=30261 8288 17745 1217 1229 10343 3898 3145 2551 3828 5422 969 27141 4053 1289
leaf_count=30261 8288 17745 1217 1229 10343 3898 3145 2551 3828 5422 969 27141 4053 1289
internal_value=2.80128e-14 -0.0129767 0.0422821 0.0109173 0.00397537 -0.0245387 0.0911772 0.112167 0.0266269 -0.00258389 0.0996269 -0.0197861 0.0485214 -0.0771329
internal_weight=121379 92875 28504 30286 28088 62589 6913 5696 21591 9250 2198 57402 12341 5187
internal_count=121379 92875 28504 30286 28088 62589 6913 5696 21591 9250 2198 57402 12341 5187
is_linear=0
shrinkage=0.01


Tree=160
num_leaves=15
num_cat=0
split_feature=21 1 13 7 11 1 4 8 5 24 17 25 5 29
split_gain=665558 280575 248269 197947 178338 141843 135230 134759 132414 175327 158119 110801 72906.8 33167.8
threshold=67.255703422053259 -118.99998249999999 -4.3300917366011875 1007.6001000000001 0.25000000000000017 -119.7866065258789 1.0000000180025095e-35 0.37940952255126054 6.5000000000000009 37.230202386214891 0.0053866137942757053 37.325012908979964 1.0000000180025095e-35 98.857443109081558
decision_type=2 2 2 2 2 2 2 2 2 2 2 2 2 2
left_child=1 2 12 8 -4 13 11 -7 9 -2 -10 -3 -1 -5
right_child=3 6 4 5 -6 7 -8 -9 10 -11 -12 -13 -14 -15
leaf_value=0.010641045160543032 0.053431745368373508 -0.053030441725313862 -0.031764064400966817 -0.031944042727890268 0.0065014751989855291 0.069046778419274438 -0.063508987811307357 0.16971272704834672 0.057285849153480055 0.36416547524555015 -0.022192276136936525 0.019607828046740387 -0.092695936907226648 0.17558251708745956
leaf_weight=767 7644 2247 33580 926 19111 2946 2353 2424 3941 186 6861 32094 6215 84
leaf_count=767 7644 2247 33580 926 19111 2946 2353 2424 3941 186 6861 32094 6215 84
internal_value=-1.19796e-11 -0.0119297 -0.0253101 0.0459633 -0.0178852 0.0940383 0.00982988 0.114487 0.0295014 0.0608132 0.00680451 0.014855 -0.081344 -0.0146844
internal_weight=121379 96367 59673 25012 52691 6380 36694 5370 18632 7830 10802 34341 6982 1010
internal_count=121379 96367 59673 25012 52691 6380 36694 5370 18632 7830 10802 34341 6982 1010
is_linear=0
shrinkage=0.01


Tree=161
num_leaves=15
num_cat=0
split_feature=20 20 5 0 16 5 0 7 21 26 22 26 15 7
split_gain=660187 274727 152176 158762 141676 163748 146732 141127 100705 90911.8 80914.9 76088.7 59441.8 18586.8
threshold=53.254372623574156 82.393536121673023 3.5000000000000004 35.400001525878913 0.21083324200000034 20.500000000000004 36.742692288818368 1007.6001000000001 32.800925925925931 37.086813248856139 64.060456273764274 19.460110057862138 0.44897797312071414 1000.2997800000002
decision_type=2 2 2 2 2 2 2 2 2 2 2 2 2 2
left_child=4 2 10 -4 11 8 -7 9 -6 -3 -2 -1 -9 -13
right_child=1 7 3 -5 5 6 -8 12 -10 -11 -12 13 -14 -15
leaf_value=0.025511630945583605 0.020529640441431678 0.035631885566533947 0.017381335934736931 -0.030367442131970637 -0.037331756113667479 -0.018119169691254294 -0.06642164275171944 0.13213667301299731 0.0007847083396642497 0.20897649801867993 0.061873539353554413 0.38606704462406249 -0.042230576770021941 0.16682852381277674
leaf_weight=857 16677 6638 17062 11765 10147 11200 14343 3255 21873 317 6610 43 208 384
leaf_count=857 16677 6638 17062 11765 10147 11200 14343 3255 21873 317 6610 43 208 384
internal_value=1.95875e-12 0.0226242 0.0132526 -0.0021061 -0.0240409 -0.0263583 -0.0452422 0.0695038 -0.0112942 0.0435327 0.0322651 0.0798493 0.121664 0.188906
internal_weight=121379 62532 52114 28827 58847 57563 25543 10418 32020 6955 23287 1284 3463 427
internal_count=121379 62532 52114 28827 58847 57563 25543 10418 32020 6955 23287 1284 3463 427
is_linear=0
shrinkage=0.01


Tree=162
num_leaves=15
num_cat=0
split_feature=22 4 1 23 6 31 31 25 1 19 43 26 1 15
split_gain=635571 232032 215422 223317 213640 152998 132884 103990 102947 98250.9 70511.3 50683.4 39230.6 38351.7
threshold=63.147528517110281 1.0000000180025095e-35 -118.99998249999999 102.00771920438696 11.001790500000002 51.006548373468533 52.117659484579647 95.457947025073722 -118.21337597412109 1.3746841221378512 1.0000000180025095e-35 45.22162611477458 -118.21337597412109 0.048002520918608654
decision_type=2 2 2 2 2 2 2 2 2 2 2 2 2 2
left_child=1 2 3 -1 5 8 -4 -7 -2 12 -3 -11 -6 -12
right_child=4 10 6 -5 9 7 -8 -9 -10 11 13 -13 -14 -15
leaf_value=-0.022858103081477253 0.00092145676522184126 -0.10644461608794119 -0.0046152850212345508 0.36354019580086078 -0.068895942337476923 0.061296790511869287 0.038941101431879267 0.13763387905986693 0.060994633443580568 0.024910469092746034 0.3370725777855626 0.35592831071386949 0.00052772563303706032 -0.041591006089233426
leaf_weight=52448 7398 3158 18455 150 2562 12141 11289 2092 4643 2920 27 47 1193 2856
leaf_count=52448 7398 3158 18455 150 2562 12141 11289 2092 4643 2920 27 47 1193 2856
internal_value=-1.52784e-11 -0.0139816 -0.00959291 -0.0217562 0.037451 0.0503216 0.0119161 0.072517 0.0240856 -0.0128555 -0.0738015 0.0301541 -0.0468394 -0.0380447
internal_weight=121379 88383 82342 52598 32996 26274 29744 14233 12041 6722 6041 2967 3755 2883
internal_count=121379 88383 82342 52598 32996 26274 29744 14233 12041 6722 6041 2967 3755 2883
is_linear=0
shrinkage=0.01


Tree=163
num_leaves=15
num_cat=0
split_feature=20 21 4 20 5 20 12 17 17 5 21 8 41 15
split_gain=639097 267354 178328 145281 138039 129905 116408 106380 104929 83948.3 80601 45645.4 15140.1 16209
threshold=68.171736375158432 52.513783269961984 1.0000000180025095e-35 126.91582914572867 15.500000000000002 29.465811965811969 1.0000000180025095e-35 0.0088681597206579123 0.011229225788052617 53.500000000000007 126.91582914572867 0.60355339059327384 51.559569074778217 0.1164727951960388
decision_type=2 2 2 2 2 2 2 2 2 2 2 2 2 2
left_child=1 5 3 8 10 11 -5 -6 -2 -7 -3 -1 13 -4
right_child=2 4 12 6 7 9 -8 -9 -10 -11 -12 -13 -14 -15
leaf_value=-0.059782373444941847 0.054891471338226618 0.021706746378568492 0.081245914013994919 0.079839465641868779 0.0045555363103781691 -0.0060787521449514673 0.24756775320245245 -0.042880310445363057 -0.0094191326937969506 -0.0378072114900002 0.24349235470005962 -0.01741805289290746 -0.11515659214033981 -0.064318428646540277
leaf_weight=12116 17473 23722 91 1174 13554 25620 639 7260 2968 12363 165 3219 535 480
leaf_count=12116 17473 23722 91 1174 13554 25620 639 7260 2968 12363 165 3219 535 480
internal_value=1.94197e-11 -0.0112019 0.0470035 0.053163 0.00683516 -0.0263239 0.138956 -0.0119903 0.0455537 -0.016406 0.0232387 -0.0508896 -0.0769333 -0.0411199
internal_weight=121379 98019 23360 22254 44701 53318 1813 20814 20441 37983 23887 15335 1106 571
internal_count=121379 98019 23360 22254 44701 53318 1813 20814 20441 37983 23887 15335 1106 571
is_linear=0
shrinkage=0.01


Tree=164
num_leaves=15
num_cat=0
split_feature=20 20 31 16 5 0 5 17 4 21 26 22 5 8
split_gain=628260 260560 160226 138823 157740 139258 124915 123854 121710 95280.9 71414.2 56054.4 39133.6 32707.2
threshold=53.254372623574156 74.692648922686956 30.000000000000007 0.28003104500000014 22.500000000000004 36.742692288818368 3.5000000000000004 0.0053866137942757053 1.0000000180025095e-35 32.800925925925931 19.326126873158707 61.446768060836511 1.0000000180025095e-35 0.25881904510252091
decision_type=2 2 2 2 2 2 2 2 2 2 2 2 2 2
left_child=3 6 12 10 9 -6 11 -8 -4 -5 -1 -2 -3 -12
right_child=1 2 8 4 5 -7 7 -9 -10 -11 13 -13 -14 -15
leaf_value=0.021230876777474813 0.016781186299199283 0.055919043420879444 0.074978051053402411 -0.036725144770375542 -0.018121095207536211 -0.065879013006931345 0.023889874104955144 -0.021689939024683712 -0.082580822047234048 0.00016092686425033776 0.094190881230248519 0.051420245650541443 -0.05096829495595518 0.25166925922312722
leaf_weight=1133 14264 441 13329 10252 10832 13993 9499 16009 509 22097 311 6947 1534 229
leaf_count=1133 14264 441 13329 10252 10832 13993 9499 16009 509 22097 311 6947 1534 229
internal_value=-1.49051e-11 0.0220703 0.057157 -0.0234524 -0.0260797 -0.0450406 0.0101945 -0.00471634 0.0691826 -0.011529 0.066336 0.0281261 -0.0271013 0.160973
internal_weight=121379 62532 15813 58847 57174 24825 46719 25508 13838 32349 1673 21211 1975 540
internal_count=121379 62532 15813 58847 57174 24825 46719 25508 13838 32349 1673 21211 1975 540
is_linear=0
shrinkage=0.01


Tree=165
num_leaves=15
num_cat=0
split_feature=21 20 5 6 1 10 0 10 13 25 2 25 26 2
split_gain=616075 281660 189787 186619 174626 180015 130815 135672 113489 82589.3 79241.2 77894.6 76129.1 74895.5
threshold=67.255703422053259 37.243589743589752 1.0000000180025095e-35 5.4014995000000008 -118.21337597412109 0.25000000000000011 34.083213737060554 -0.93301270189221908 -1.4399957836446202 93.401447058910961 9.1250000000000018 25.059033645495941 21.298802039316644 6.8250000000000002
decision_type=2 2 2 2 2 2 2 2 2 2 2 2 2 2
left_child=1 10 6 9 5 -3 12 -8 -6 -4 -1 -12 -2 -5
right_child=2 4 3 13 8 -7 7 -9 -10 -11 11 -13 -14 -15
leaf_value=0.002448342755340061 0.04168444771103065 0.0056975069831237844 0.049550035769122258 0.089521469157256867 0.014645319048844314 -0.031434655378207006 -0.042892551273808442 0.12518770683560193 0.089498832571523995 0.14015756381798145 -0.096753775540892817 -0.038568712726391181 -0.13195213964538408 -0.0098842468908440315
leaf_weight=4174 1789 39377 5825 825 5767 19532 529 5210 3122 1216 2572 21823 294 9324
leaf_count=4174 1789 39377 5825 825 5767 19532 529 5210 3122 1216 2572 21823 294 9324
internal_value=-9.03674e-12 -0.0114777 0.0442217 0.0256402 -0.000379894 -0.00661412 0.0850572 0.109695 0.0409354 0.0651982 -0.0378143 -0.0447032 0.0171769 -0.00180368
internal_weight=121379 96367 25012 17190 67798 58909 7822 5739 8889 7041 28569 24395 2083 10149
internal_count=121379 96367 25012 17190 67798 58909 7822 5739 8889 7041 28569 24395 2083 10149
is_linear=0
shrinkage=0.01


Tree=166
num_leaves=15
num_cat=0
split_feature=22 31 7 47 10 17 11 17 8 44 7 2 48 31
split_gain=600221 235924 205520 176306 168446 128343 147780 119845 119769 155741 117199 99087.7 76083.5 64982.9
threshold=65.362945039751153 52.308196028728361 1007.6001000000001 1.0000000180025095e-35 1.0000000180025095e-35 0.0079955251776222969 -0.24999999999999994 0.0083455734632948888 0.60355339059327384 1.0000000180025095e-35 1004.5003 22.125000000000004 1.0000000180025095e-35 25.046296296296298
decision_type=2 2 2 2 2 2 2 2 2 2 2 2 2 2
left_child=1 7 5 4 -3 13 -7 12 -4 -10 -5 -9 -1 -2
right_child=2 3 8 10 -6 6 -8 11 9 -11 -12 -13 -14 -15
leaf_value=-0.0021420113391122839 -0.023070061160213484 0.022539621447859332 0.054364266155668362 0.032004147419862093 -0.028232933222228862 0.044354670343895286 -0.036799996460895351 -0.051493897219343873 0.07758695670312947 0.23286109736827423 0.17907875866818043 -0.014008841362325568 -0.04000128215191083 0.053671839739045706
leaf_weight=25582 1225 17745 4222 1229 10343 3828 5422 19145 1614 1077 969 11164 6698 11116
leaf_count=25582 1225 17745 4222 1229 10343 3828 5422 19145 1614 1077 969 11164 6698 11116
internal_value=3.30894e-11 -0.0123193 0.0401403 0.0105928 0.00384336 0.0249463 -0.00321512 -0.0234062 0.0875948 0.139731 0.0968428 -0.0376867 -0.00999769 0.0460542
internal_weight=121379 92875 28504 30286 28088 21591 9250 62589 6913 2691 2198 30309 32280 12341
internal_count=121379 92875 28504 30286 28088 21591 9250 62589 6913 2691 2198 30309 32280 12341
is_linear=0
shrinkage=0.01


Tree=167
num_leaves=15
num_cat=0
split_feature=20 20 17 5 13 2 20 0 1 14 26 0 8 10
split_gain=597718 250279 144031 143963 140937 133496 150223 117308 103381 100431 85347.4 84684.2 58865.1 42783.7
threshold=53.254372623574156 82.393536121673023 0.0070957686564426994 29.500000000000004 -2.8936744454746184 7.4250000000000016 22.291666666666668 34.083213737060554 -118.21337597412109 3.5655606295224822 19.209388874987958 35.400001525878913 0.37940952255126054 0.68301270189221941
decision_type=2 2 2 2 2 2 2 2 2 2 2 2 2 2
left_child=5 2 8 -4 9 10 13 -6 -2 -3 -1 -8 -12 -7
right_child=1 4 3 -5 7 6 11 -9 -10 -11 12 -13 -14 -15
leaf_value=-0.0011289556125918042 0.019197404070947069 0.047724856830734227 0.014297026063866241 -0.034549037209433309 -0.0022398925733936601 -0.048157825175949423 0.00087355815298281151 0.10643802455624508 0.069049481451990913 -0.07760230536797795 0.039805426607655299 -0.028882998809984742 0.16720122314851824 -0.092463333254282534
leaf_weight=3256 21392 1995 15794 9764 1179 6876 14051 6303 5164 941 929 29949 595 3191
leaf_count=3256 21392 1995 15794 9764 1179 6876 14051 6303 5164 941 929 29949 595 3191
internal_value=-2.10582e-11 0.0215272 0.0125823 -0.00436378 0.0662724 -0.0228752 -0.0273536 0.0893128 0.0288915 0.00755699 0.0277799 -0.0193805 0.0895433 -0.0622016
internal_weight=121379 62532 52114 25558 10418 58847 54067 7482 26556 2936 4780 44000 1524 10067
internal_count=121379 62532 52114 25558 10418 58847 54067 7482 26556 2936 4780 44000 1524 10067
is_linear=0
shrinkage=0.01


Tree=168
num_leaves=15
num_cat=0
split_feature=21 6 21 6 2 0 0 0 10 0 25 26 2 0
split_gain=587842 208792 193055 193028 137823 119118 114686 113170 124230 106340 79024.1 58602.4 50244.1 44774.9
threshold=58.669835234474029 11.001790500000002 88.666032953105216 7.598170500000001 25.125000000000004 37.042691525878915 34.083213737060554 36.742692288818368 0.25000000000000011 37.042691525878915 34.497699854480594 40.72839735990835 26.525000000000002 36.742692288818368
decision_type=2 2 2 2 2 2 2 2 2 2 2 2 2 2
left_child=3 2 9 5 13 10 -4 12 -9 -2 -1 -6 -5 -3
right_child=1 4 6 7 11 -7 -8 8 -10 -11 -12 -13 -14 -15
leaf_value=-0.030870518243401382 0.033918928769476844 -0.02351135079562524 0.00079661994932469019 -0.021633122539997905 0.031781129424204496 -0.033742382121536352 0.11067289452114208 -0.026909334659226763 -0.075598027063451395 -0.053351921903229335 0.016808949556342215 0.3304849124043735 0.019421769544997511 -0.082960164351268448
leaf_weight=4060 26790 3987 1164 16067 3334 8009 5166 12602 8971 1473 24172 67 3660 1857
leaf_count=4060 26790 3987 1164 16067 3334 8009 5166 12602 8971 1473 24172 67 3660 1857
internal_value=1.32194e-13 0.0292684 0.0405505 -0.016547 -0.0129471 0.000296043 0.0904682 -0.0313268 -0.0471562 0.0293706 0.00995224 0.0376656 -0.0140161 -0.0424019
internal_weight=121379 43838 34593 77541 9245 36241 6330 41300 21573 28263 28232 3401 19727 5844
internal_count=121379 43838 34593 77541 9245 36241 6330 41300 21573 28263 28232 3401 19727 5844
is_linear=0
shrinkage=0.01


Tree=169
num_leaves=15
num_cat=0
split_feature=20 22 7 5 25 0 20 5 0 24 1 0 21 5
split_gain=578939 246540 182028 141125 135894 134854 127286 121838 137800 103013 92101.8 80517.1 77660.2 67086.3
threshold=68.171736375158432 53.813307984790882 1003.9001350000001 14.500000000000002 99.253969599794516 36.742692288818368 28.950617283950621 32.500000000000007 35.400001525878913 32.778463531331859 -119.7866065258789 36.742692288818368 126.91582914572867 44.500000000000007
decision_type=2 2 2 2 2 2 2 2 2 2 2 2 2 2
left_child=1 6 7 12 10 -5 -1 9 -9 -2 -4 -6 -3 -8
right_child=2 3 4 5 11 -7 13 8 -10 -11 -12 -13 -14 -15
leaf_value=-0.050668929275740168 0.033691850498979638 0.023768155025813809 -0.022719939790852958 0.0056842008446829342 0.074881904039189887 -0.051423864574598355 -0.0065332428103270692 0.007519110585072473 -0.11981872578170244 0.23442444358411688 0.068032865326975098 0.21744025914702558 0.25361710520209491 -0.032777768225773121
leaf_weight=13779 6018 21726 1261 13628 697 5936 27813 3156 1163 267 9880 918 148 14989
leaf_count=13779 6018 21726 1261 13628 697 5936 27813 3156 1163 267 9880 918 148 14989
internal_value=-1.66765e-11 -0.0106617 0.0447366 0.00787042 0.070188 -0.0116432 -0.024234 0.0141201 -0.0267698 0.0422194 0.057761 0.155915 0.0253233 -0.0157239
internal_weight=121379 98019 23360 41438 12756 19564 56581 10604 4319 6285 11141 1615 21874 42802
internal_count=121379 98019 23360 41438 12756 19564 56581 10604 4319 6285 11141 1615 21874 42802
is_linear=0
shrinkage=0.01


Tree=170
num_leaves=15
num_cat=0
split_feature=20 17 5 25 2 20 26 0 26 13 0 0 13 25
split_gain=568353 240593 225590 172348 130857 144320 124828 88886.1 83128.4 81941.9 80755.6 72033.9 40995.9 37353
threshold=53.254372623574156 0.0053866137942757053 29.500000000000004 75.638842153545767 7.4250000000000016 22.291666666666668 27.238525809559807 34.083213737060554 19.209388874987958 -1.0799987089119187 35.400001525878913 37.042691525878915 -0.75538719918585884 25.840230836032486
decision_type=2 2 2 2 2 2 2 2 2 2 2 2 2 2
left_child=4 3 6 11 8 13 -3 -5 -1 -4 -7 -2 -10 -6
right_child=1 2 9 7 5 10 -8 -9 12 -11 -12 -13 -14 -15
leaf_value=-0.00068482967856007171 0.039818620070562243 0.019630852021335347 -0.043052844188730066 -0.00085015564993728521 -0.10025921302273448 0.00085341377094115989 0.11237389433634291 0.12017651507285948 0.015126078520099274 0.0024114851390775334 -0.028204729306580825 -0.023732506713050494 0.12531298465888319 -0.051470293361794303
leaf_weight=3256 16550 21757 8938 719 1945 14051 1555 3890 505 7124 29949 1999 1019 8122
leaf_count=3256 16550 21757 8938 719 1945 14051 1555 3890 505 7124 29949 1999 1019 8122
internal_value=-2.20111e-11 0.0209917 0.00594867 0.0465685 -0.0223062 -0.0267401 0.0258172 0.101296 0.0278458 -0.022888 -0.0189253 0.0329698 0.0888009 -0.0608966
internal_weight=121379 62532 39374 23158 58847 54067 23312 4609 4780 16062 44000 18549 1524 10067
internal_count=121379 62532 39374 23158 58847 54067 23312 4609 4780 16062 44000 18549 1524 10067
is_linear=0
shrinkage=0.01


Tree=171
num_leaves=15
num_cat=0
split_feature=20 1 10 1 44 4 27 1 2 12 26 10 41 15
split_gain=559597 239692 252685 188651 186727 165909 138087 120063 101354 95632.3 39340 35776.1 14755.6 15869.4
threshold=68.171736375158432 -118.21337597412109 0.25000000000000011 -120.84999847412108 1.0000000180025095e-35 1.0000000180025095e-35 137.50376884422113 -119.7866065258789 12.525000000000002 1.0000000180025095e-35 9.8269913953113406 0.93301270189221952 51.559569074778217 0.1164727951960388
decision_type=2 2 2 2 2 2 2 2 2 2 2 2 2 2
left_child=1 2 3 -1 -4 6 7 -2 11 -8 -10 -3 13 -7
right_child=5 8 4 -5 -6 12 9 -9 10 -11 -12 -13 -14 -15
leaf_value=-0.041995229618209104 -0.040467426524609426 0.07905614488592487 -0.022304994634750244 0.0060978927892861613 -0.074486570731490648 0.080872593977294141 0.091007009378905782 0.050780647398864842 -0.01361596839006287 0.28170314838420085 0.034184949030516477 0.18728384940791384 -0.11329516574812652 -0.063158770330250275
leaf_weight=9970 1557 1591 23281 44836 9721 91 779 19521 2450 397 5792 378 535 480
leaf_count=9970 1557 1591 23281 44836 9721 91 779 19521 2450 397 5792 378 535 480
internal_value=-7.73998e-12 -0.0104821 -0.0158147 -0.00265094 -0.0376755 0.043983 0.0499241 0.0440403 0.0353748 0.155383 0.0199757 0.0998332 -0.0755603 -0.0402046
internal_weight=121379 98019 87808 54806 33002 23360 22254 21078 10211 1176 8242 1969 1106 571
internal_count=121379 98019 87808 54806 33002 23360 22254 21078 10211 1176 8242 1969 1106 571
is_linear=0
shrinkage=0.01


Tree=172
num_leaves=15
num_cat=0
split_feature=25 0 2 10 9 4 0 8 0 8 2 25 44 2
split_gain=530262 322698 234712 237998 148921 143280 120139 149074 108699 93069.8 82128.7 65983.1 34413.2 17478
threshold=69.333519095265103 35.400001525878913 7.8250000000000002 0.25000000000000011 0.60355339059327384 1.0000000180025095e-35 34.083213737060554 0.60355339059327384 34.083213737060554 0.60355339059327384 21.775000000000002 82.979644182967789 1.0000000180025095e-35 9.8750000000000018
decision_type=2 2 2 2 2 2 2 2 2 2 2 2 2 2
left_child=1 4 9 -4 8 6 11 -8 -1 -3 -6 -2 13 -7
right_child=5 2 3 -5 10 12 7 -9 -10 -11 -12 -13 -14 -15
leaf_value=0.013938271977399202 0.034131828116454266 0.005780229087953245 -0.014414737817174103 -0.05760522033348054 -0.040918468831885692 0.10327704176749335 0.051429875404362758 0.12755999340324178 0.058000332494662327 0.082558851234665442 0.011820128822236927 -0.059753472161004136 -0.13851726617567708 -0.036477861217430733
leaf_weight=21477 3170 4786 35849 19808 6403 101 8598 3670 7573 2356 5480 980 343 785
leaf_count=21477 3170 4786 35849 19808 6403 101 8598 3670 7573 2356 5480 980 343 785
internal_value=-3.30457e-12 -0.0086209 -0.0228606 -0.029786 0.0132256 0.0506751 0.0584711 0.0742044 0.0254247 0.0311079 -0.0165974 0.0119613 -0.0534708 -0.0205464
internal_weight=121379 103732 62799 55657 40933 17647 16418 12268 29050 7142 11883 4150 1229 886
internal_count=121379 103732 62799 55657 40933 17647 16418 12268 29050 7142 11883 4150 1229 886
is_linear=0
shrinkage=0.01


Tree=173
num_leaves=15
num_cat=0
split_feature=22 20 7 1 8 17 11 5 17 5 13 31 25 0
split_gain=542226 253662 195303 126890 150606 119479 143339 105209 99079.4 98005.5 92717.3 63073.6 59044.7 53453.2
threshold=65.362945039751153 53.080481622306728 1007.6001000000001 -119.7866065258789 0.37940952255126054 0.0079955251776222969 -0.24999999999999994 21.500000000000004 0.0054987556876060712 34.500000000000007 -4.3300917366011875 25.046296296296298 31.485591818053798 37.042691525878915
decision_type=2 2 2 2 2 2 2 2 2 2 2 2 2 2
left_child=1 7 5 -4 -5 11 -7 12 13 -10 -9 -2 -1 -3
right_child=2 8 3 4 -6 6 -8 10 9 -11 -12 -13 -14 -15
leaf_value=-0.045428936241392465 -0.024394963031976809 0.034952204625036128 -0.0082754594039542318 0.05790440409703089 0.16130922726755439 0.043018249301985535 -0.036907512977133065 -0.076214287108807829 0.010048955211631494 -0.030025385185827799 -0.03043074323532622 0.051211137175620744 -0.0073123101821726622 -0.022693949032218112
leaf_weight=4886 1225 12836 1217 3145 2551 3828 5422 5985 16557 9665 16951 11116 24156 1839
leaf_count=4886 1225 12836 1217 3145 2551 3828 5422 5985 16557 9665 16951 11116 24156 1839
internal_value=-3.79264e-11 -0.0117091 0.0381518 0.0844117 0.104215 0.0233403 -0.00383121 -0.0263684 0.00692221 -0.00472179 -0.0423777 0.0437063 -0.013725 0.0277283
internal_weight=121379 92875 28504 6913 5696 21591 9250 51978 40897 26222 22936 12341 29042 14675
internal_count=121379 92875 28504 6913 5696 21591 9250 51978 40897 26222 22936 12341 29042 14675
is_linear=0
shrinkage=0.01


Tree=174
num_leaves=15
num_cat=0
split_feature=21 17 5 17 2 0 7 24 10 15 44 25 10 0
split_gain=537605 247880 180035 177288 173320 171364 201187 136151 102237 81360.5 80678 73768 72427.6 63642
threshold=67.255703422053259 0.010072850549415509 1.0000000180025095e-35 0.0053866137942757053 23.025000000000002 37.042691525878915 1008.7002800000001 37.230202386214891 -0.93301270189221908 0.082011790544482488 1.0000000180025095e-35 93.401447058910961 -0.6830127018922193 35.400001525878913
decision_type=2 2 2 2 2 2 2 2 2 2 2 2 2 2
left_child=1 5 7 11 10 6 -1 8 -2 -5 -3 -4 -9 -6
right_child=2 4 3 9 13 -7 -8 12 -10 -11 -12 -13 -14 -15
leaf_value=-0.00096516993791388045 -0.035614491010774074 -0.038763100267769718 0.047113227763600149 0.089620242925657165 0.025736581819258308 -0.035218131031418479 0.050112713641099871 0.52279360161822974 0.086483404910067882 -0.011973518386728322 -0.083101800576065199 0.13291442385753277 0.14497657145559789 -0.021419527148682317
leaf_weight=44091 762 13575 5784 861 4493 11096 9346 103 6857 9333 5882 1212 100 7884
leaf_count=44091 762 13575 5784 861 4493 11096 9346 103 6857 9333 5882 1212 100 7884
internal_value=1.29254e-11 -0.0107219 0.0413095 0.0232117 -0.0335569 0.000542633 0.00796823 0.0810821 0.074272 -0.00339276 -0.052167 0.0619776 0.336677 -0.00430129
internal_weight=121379 96367 25012 17190 31834 64533 53437 7822 7619 10194 19457 6996 203 12377
internal_count=121379 96367 25012 17190 31834 64533 53437 7822 7619 10194 19457 6996 203 12377
is_linear=0
shrinkage=0.01


Tree=175
num_leaves=15
num_cat=0
split_feature=21 31 17 7 0 2 4 0 2 17 2 25 0 45
split_gain=527368 201046 178826 153396 240427 112508 111469 109868 96762.6 88026.2 71420.1 63980.8 54580.3 39111.8
threshold=58.126425855513318 53.426066751161819 0.010072850549415509 1004.8000500000002 37.042691525878915 24.425000000000001 1.0000000180025095e-35 37.042691525878915 15.625000000000002 0.0053637420257554198 25.425000000000001 75.638842153545767 36.742692288818368 1.0000000180025095e-35
decision_type=2 2 2 2 2 2 2 2 2 2 2 2 2 2
left_child=2 9 6 8 -5 12 7 -1 -3 11 -11 -2 -4 -8
right_child=1 3 5 4 -6 -7 13 -9 -10 10 -12 -13 -14 -15
leaf_value=0.0059114313968522359 0.019169060207996892 -0.023486616438480028 -0.032907259114855751 0.096898739539830608 -0.057320546351272511 -0.0068212443500686032 -0.086812396916412543 -0.032428974628312408 0.041912957595236257 -0.017392191144466957 0.032528223863165937 0.086574754739314738 -0.068115976881739607 0.022834587206355842
leaf_weight=37655 6469 3067 8218 8519 1147 8124 2129 9325 8623 12737 3698 1800 9484 384
leaf_count=37655 6469 3067 8218 8519 1147 8124 2129 9325 8623 12737 3698 1800 9484 384
internal_value=-1.23875e-11 0.0266548 -0.0163003 0.0491251 0.0785986 -0.0376311 -0.00516963 -0.00169871 0.0247547 0.00722977 -0.00615972 0.033842 -0.0517706 -0.0700577
internal_weight=121379 46060 75319 21356 9666 25826 49493 46980 11690 24704 16435 8269 17702 2513
internal_count=121379 46060 75319 21356 9666 25826 49493 46980 11690 24704 16435 8269 17702 2513
is_linear=0
shrinkage=0.01


Tree=176
num_leaves=15
num_cat=0
split_feature=22 20 7 1 8 17 11 4 17 16 10 20 0 42
split_gain=518210 242649 188064 122508 147317 114758 139307 100993 95228.3 82082.5 62069.5 61941.3 50376.9 47799.9
threshold=65.362945039751153 53.080481622306728 1007.6001000000001 -119.7866065258789 0.37940952255126054 0.0079955251776222969 -0.24999999999999994 1.0000000180025095e-35 0.0054987556876060712 0.17545730500000015 0.68301270189221941 114.91206030150757 37.042691525878915 1.0000000180025095e-35
decision_type=2 2 2 2 2 2 2 2 2 2 2 2 2 2
left_child=1 7 5 -4 -5 11 -7 9 12 -1 -10 -2 -3 -9
right_child=2 8 3 4 -6 6 -8 13 10 -11 -12 -13 -14 -15
leaf_value=0.074549351259012395 0.036457779584423269 0.034186195156995794 -0.0083807994494667689 0.056348140086634795 0.15861749628801899 0.042319506608667935 -0.036474150934648931 -0.037699177140171396 0.0029559652915064679 -0.023319284293021436 -0.035802505742987767 0.12284049212258288 -0.021776555696941147 -0.10330737505400459
leaf_weight=873 11446 12836 1217 3145 2551 3828 5422 2164 21083 46660 5139 895 1839 2281
leaf_count=873 11446 12836 1217 3145 2551 3828 5422 2164 21083 46660 5139 895 1839 2281
internal_value=1.8289e-11 -0.0114468 0.0372973 0.0826918 0.10215 0.0227629 -0.00386635 -0.0257844 0.00677552 -0.0215218 -0.00463994 0.0427225 0.0271732 -0.0713667
internal_weight=121379 92875 28504 6913 5696 21591 9250 51978 40897 47533 26222 12341 14675 4445
internal_count=121379 92875 28504 6913 5696 21591 9250 51978 40897 47533 26222 12341 14675 4445
is_linear=0
shrinkage=0.01


Tree=177
num_leaves=15
num_cat=0
split_feature=21 20 7 47 4 7 48 8 31 7 8 4 15 23
split_gain=510975 239231 171565 155123 128797 117678 115474 118645 112653 98435.2 81013.8 52058.7 50657.4 35053.1
threshold=67.255703422053259 37.243589743589752 1007.6001000000001 1.0000000180025095e-35 1.0000000180025095e-35 1006.4001350000001 1.0000000180025095e-35 0.37940952255126054 25.046296296296298 992.80700000000013 0.60355339059327384 1.0000000180025095e-35 0.11346150051784613 64.361075904802163
decision_type=2 2 2 2 2 2 2 2 2 2 2 2 2 2
left_child=1 10 8 4 -3 -5 7 -4 -2 -10 11 -1 -12 -8
right_child=2 3 6 5 -6 -7 13 -9 9 -11 12 -13 -14 -15
leaf_value=-0.038468478518879211 -0.047766036484721719 -0.002570540206919551 0.055931454688056104 0.019040571160252415 -0.068031437683107113 0.10600418097460906 -0.020577684896336584 0.14583233667394102 -0.25702873342766841 0.035290844239688014 0.052816778987952853 -0.086867786554593693 -0.01752846830827447 -0.22985325946969895
leaf_weight=19393 1912 55732 3220 6878 3177 2011 359 2698 116 16604 1263 2510 5403 103
leaf_count=19393 1912 55732 3220 6878 3177 2011 359 2698 116 16604 1263 2510 5403 103
internal_value=-1.45787e-11 -0.0104529 0.0402734 -0.000225106 -0.00610089 0.0387148 0.0850302 0.096917 0.0249477 0.0332628 -0.0347249 -0.0440149 -0.00420023 -0.0672344
internal_weight=121379 96367 25012 67798 58909 8889 6380 5918 18632 16720 28569 21903 6666 462
internal_count=121379 96367 25012 67798 58909 8889 6380 5918 18632 16720 28569 21903 6666 462
is_linear=0
shrinkage=0.01


Tree=178
num_leaves=15
num_cat=0
split_feature=21 17 6 21 1 2 5 0 31 44 11 11 10 26
split_gain=500932 191799 179112 168561 140451 133447 126627 107248 103172 101452 80159.6 68823.8 59669.2 50786.6
threshold=58.669835234474029 0.011229225788052617 13.102098750000001 88.666032953105216 -118.21337597412109 25.125000000000004 8.5000000000000018 34.083213737060554 53.426066751161819 1.0000000180025095e-35 -0.5 0.25000000000000017 0.68301270189221941 40.72839735990835
decision_type=2 2 2 2 2 2 2 2 2 2 2 2 2 2
left_child=2 3 4 8 6 -3 -1 -5 -2 11 -6 -4 -11 -7
right_child=1 5 9 7 10 13 -8 -9 -10 12 -12 -13 -14 -15
leaf_value=0.0030759171480297803 0.0091663418322268028 -0.044513184440130915 -0.013483622013038866 -0.0026309623076700766 -0.012385801763347288 0.030211794985416939 -0.026655868113641731 0.10332444441851438 0.047219935349183437 -0.063003950655893204 0.075889707407479245 -0.068819066030382806 -0.14410910354750037 0.3146739622950554
leaf_weight=28472 15066 5550 7954 1169 1563 3246 28829 5226 13517 3335 3009 3133 1246 64
leaf_count=28472 15066 5550 7954 1169 1563 3246 28829 5226 13517 3335 3009 3133 1246 64
internal_value=8.40822e-12 0.0270183 -0.0152749 0.0375456 -0.00762677 -0.0145419 -0.0118826 0.0839559 0.027162 -0.0454772 0.0457115 -0.0291205 -0.085064 0.035712
internal_weight=121379 43838 77541 34978 61873 8860 57301 6395 28583 15668 4572 11087 4581 3310
internal_count=121379 43838 77541 34978 61873 8860 57301 6395 28583 15668 4572 11087 4581 3310
is_linear=0
shrinkage=0.01


Tree=179
num_leaves=15
num_cat=0
split_feature=20 17 7 0 7 2 13 0 11 7 1 31 0 8
split_gain=494731 219152 167695 162230 202314 159171 128541 126666 116325 90060.8 71095.5 68521 63974.1 49440.4
threshold=68.171736375158432 0.010280565218928599 1003.9001350000001 37.042691525878915 1008.3002700000001 22.525000000000002 -2.5199936990504201 34.083213737060554 -0.5 999.6001500000001 -118.21337597412109 66.37614420504157 35.400001525878913 0.25881904510252091
decision_type=2 2 2 2 2 2 2 2 2 2 2 2 2 2
left_child=1 3 8 4 -1 10 -4 -8 11 -10 -3 -2 -7 -5
right_child=2 5 6 13 -6 12 7 -9 9 -11 -12 -13 -14 -15
leaf_value=-0.001741809994985343 0.023868817946340163 -0.056628392033494741 0.011223550644949754 -0.053888696724019837 0.047084569063244132 0.024190638745543547 0.011978165381749447 0.10264324652951415 -0.092830853936393801 0.0025988519021397827 0.0075333232997012427 0.1064739561876462 -0.021768227236476468 -0.011921547951382946
leaf_weight=44590 3435 16866 3226 5953 10481 4863 1933 7597 1269 4481 1924 1419 8030 5312
leaf_count=44590 3435 16866 3226 5953 10481 4863 1933 7597 1269 4481 1924 1419 8030 5312
internal_value=-8.11997e-12 -0.00985585 0.0413553 0.000477861 0.00755073 -0.031492 0.0657841 0.0842534 0.011969 -0.0184621 -0.0500586 0.0480173 -0.0044334 -0.0340991
internal_weight=121379 98019 23360 66336 55071 31683 12756 9530 10604 5750 18790 4854 12893 11265
internal_count=121379 98019 23360 66336 55071 31683 12756 9530 10604 5750 18790 4854 12893 11265
is_linear=0
shrinkage=0.01


Tree=180
num_leaves=15
num_cat=0
split_feature=22 20 7 8 5 44 5 16 1 6 11 26 21 20
split_gain=490381 261129 161835 118442 112272 110354 106313 100332 98123.6 96752.3 130306 82143.9 69296.9 62587
threshold=69.838191803971284 53.080481622306728 1007.6001000000001 0.60355339059327384 3.5000000000000004 1.0000000180025095e-35 34.500000000000007 0.14703508250000027 -118.99998249999999 6.3959505000000005 -0.24999999999999994 23.983896399370817 32.800925925925931 107.27889447236181
decision_type=2 2 2 2 2 2 2 2 2 2 2 2 2 2
left_child=1 6 9 -4 11 -5 12 -8 -6 13 -11 -3 -1 -2
right_child=2 4 3 5 8 -7 7 -9 -10 10 -12 -13 -14 -15
leaf_value=-0.033381765229368268 0.045330018079535038 0.02049346413281573 0.052966351886764913 0.082315006741072894 -0.028370494123184341 0.22520000831617581 0.089834532507381534 -0.044983748624131598 0.011328218098095469 0.056666847157479383 -0.02347980103600977 0.10723068436148105 -0.0024369640421259713 0.14262369876557221
leaf_weight=10850 5939 19971 3293 1175 11043 1001 567 20869 14274 3187 5581 1155 21730 744
leaf_count=10850 5939 19971 3293 1175 11043 1001 567 20869 14274 3187 5581 1155 21730 744
internal_value=-6.11528e-12 -0.00917237 0.0440462 0.090796 0.00821502 0.148045 -0.0241221 -0.0414177 -0.00598793 0.0274988 0.00565197 0.0252356 -0.0127424 0.0561615
internal_weight=121379 100459 20920 5469 46443 2176 54016 21436 25317 15451 8768 21126 32580 6683
internal_count=121379 100459 20920 5469 46443 2176 54016 21436 25317 15451 8768 21126 32580 6683
is_linear=0
shrinkage=0.01


Tree=181
num_leaves=15
num_cat=0
split_feature=21 20 5 6 47 24 5 7 0 2 25 25 2 3
split_gain=478362 226912 173595 159504 147529 132939 131284 113328 94212.3 71363.5 71126.9 70455.5 66727.7 64184.8
threshold=67.255703422053259 37.243589743589752 1.0000000180025095e-35 5.4014995000000008 1.0000000180025095e-35 37.230202386214891 43.500000000000007 1005.4001500000001 34.083213737060554 9.1250000000000018 93.401447058910961 25.059033645495941 6.8250000000000002 39.004759000000007
decision_type=2 2 2 2 2 2 2 2 2 2 2 2 2 2
left_child=1 9 5 10 6 8 -3 -6 -2 -1 -4 -11 -5 -7
right_child=2 4 3 12 7 13 -8 -9 -10 11 -12 -13 -14 -15
leaf_value=0.0044562846861751475 0.01350756410996717 0.0051483679552147667 0.043245505687035134 0.082025539651603405 0.01411263543429162 0.54880954771866031 -0.026085263469107015 0.091594977375815859 0.092691510688330092 -0.089792879235389034 0.12733065712559774 -0.034455943025259665 -0.011803338044276182 0.18569669821711837
leaf_weight=4174 2059 38103 5825 825 6169 81 20806 2720 5560 2572 1216 21823 9324 122
leaf_count=4174 2059 38103 5825 825 6169 81 20806 2720 5560 2572 1216 21823 9324 122
internal_value=1.33367e-11 -0.0101138 0.0389669 0.0211958 -0.000152844 0.0780217 -0.005883 0.0378219 0.0712924 -0.0337526 0.0577672 -0.0402902 -0.0041761 0.330584
internal_weight=121379 96367 25012 17190 67798 7822 58909 8889 7619 28569 7041 24395 10149 203
internal_count=121379 96367 25012 17190 67798 7822 58909 8889 7619 28569 7041 24395 10149 203
is_linear=0
shrinkage=0.01


Tree=182
num_leaves=15
num_cat=0
split_feature=22 17 7 21 0 8 5 0 24 11 44 23 8 7
split_gain=474735 189700 179528 138509 133831 141222 115888 177222 133199 112879 80714.2 76308 75489.8 54106.3
threshold=63.147528517110281 0.012303702494922266 1007.6001000000001 52.1411596958175 37.042691525878915 0.37940952255126054 3.5000000000000004 35.400001525878913 37.230202386214891 -0.5 1.0000000180025095e-35 90.56223902128535 0.60355339059327384 1016.6595500000001
decision_type=2 2 2 2 2 2 2 2 2 2 2 2 2 2
left_child=1 3 6 12 5 -4 8 -8 -2 -3 -11 -5 -1 -6
right_child=2 9 4 11 13 -7 7 -9 -10 10 -12 -13 -14 -15
leaf_value=-0.025774335496223558 0.040551713625521686 -0.013756299617730203 0.048085510254727001 0.0090423738156758891 -0.093324752854903326 0.13847662730515778 0.023121627105904607 -0.053648761733198928 0.32869966228132597 -0.044873899562086879 -0.10718951013963406 0.11320680359619049 0.0062262745249425482 0.089025934267098011
leaf_weight=27276 10152 9321 3866 30293 617 3126 10663 4188 163 7843 2828 720 10102 221
leaf_count=27276 10152 9321 3866 30293 617 3126 10663 4188 163 7843 2828 720 10102 221
internal_value=-2.39058e-11 -0.0120837 0.0323674 -0.00416273 0.0741852 0.0884978 0.0193564 0.00147228 0.0451051 -0.0391807 -0.0613886 0.0114607 -0.0171257 -0.0452347
internal_weight=121379 88383 32996 68391 7830 6992 25166 14851 10315 19992 10671 31013 37378 838
internal_count=121379 88383 32996 68391 7830 6992 25166 14851 10315 19992 10671 31013 37378 838
is_linear=0
shrinkage=0.01


Tree=183
num_leaves=15
num_cat=0
split_feature=21 4 17 7 1 5 10 0 7 25 1 13 5 29
split_gain=462396 181823 167586 163094 218480 132692 131858 94575.6 90510.4 65280 63226.7 59157.2 26621.1 23180.7
threshold=58.126425855513318 1.0000000180025095e-35 0.0075159217209960546 1006.5004000000001 -119.7866065258789 48.500000000000007 -0.24999999999999994 37.042691525878915 1008.7002800000001 31.158371180115477 -118.21337597412109 -0.75538719918585884 8.5000000000000018 37.916825095057042
decision_type=2 2 2 2 2 2 2 2 2 2 2 2 2 2
left_child=2 3 7 6 -5 9 -2 8 -1 -4 -3 -7 -9 -12
right_child=1 10 5 4 -6 11 -8 12 -10 -11 13 -13 -14 -15
leaf_value=0.00020766859071000572 0.032856112114024547 -0.084320798869683036 -0.057046912437212924 -0.011693654416604962 0.083335499884763659 -0.075358160902950735 -0.010725272798817329 -0.0069378578704529679 0.045053437260300956 -0.010780108891158114 0.10470420526438638 -0.03251115054861714 -0.044483312845767883 -0.012602469887873231
leaf_weight=21329 19491 1955 3495 3219 9739 6955 10783 3121 5704 23929 228 6004 4782 645
leaf_count=21329 19491 1955 3495 3219 9739 6955 10783 3121 5704 23929 228 6004 4782 645
internal_value=-1.39067e-12 0.0249589 -0.0152632 0.0300405 0.0597286 -0.0291372 0.0173333 0.000774041 0.00967019 -0.0166765 -0.0527239 -0.0555068 -0.0296561 0.0180343
internal_weight=121379 46060 75319 43232 12958 40383 30274 34936 27033 27424 2828 12959 7903 873
internal_count=121379 46060 75319 43232 12958 40383 30274 34936 27033 27424 2828 12959 7903 873
is_linear=0
shrinkage=0.01


Tree=184
num_leaves=15
num_cat=0
split_feature=22 31 1 5 7 7 8 0 13 31 1 1 1 32
split_gain=461321 239305 179391 152892 149323 122672 114017 108437 100408 95604.3 88143.1 84110 68587.3 41844.4
threshold=70.221166032953121 52.308196028728361 -118.21337597412109 11.500000000000002 1007.6001000000001 1004.5003 0.60355339059327384 36.742692288818368 7.2831912608990326 25.046296296296298 -118.21337597412109 -119.7866065258789 -119.7866065258789 81.065417250668332
decision_type=2 2 2 2 2 2 2 2 2 2 2 2 2 2
left_child=1 3 11 8 9 -4 -6 -5 -1 13 -11 -3 -8 -2
right_child=4 2 5 7 6 -7 12 -9 -10 10 -12 -13 -14 -15
leaf_value=0.0057983133476672286 -0.023435614411108977 -0.020019394647541516 0.031479477451694132 -0.018481505888612561 0.050970929503535392 0.16839383242850026 0.017669154529277732 -0.054724800309890818 -0.03296846938490345 0.019775004921000646 0.075994555213711776 0.016491739792993527 0.17017940187996275 -0.18624939290429815
leaf_weight=24601 1803 8792 1485 18195 3224 1170 353 15111 9172 9152 4011 22346 1791 173
leaf_count=24601 1803 8792 1485 18195 3224 1170 353 15111 9172 9152 4011 22346 1791 173
internal_value=1.03024e-11 -0.00879013 0.0129104 -0.0197224 0.0432378 0.0918146 0.0885542 -0.0349252 -0.00472989 0.0271695 0.0369061 0.0061826 0.145069 -0.0376901
internal_weight=121379 100872 33793 67079 20507 2655 5368 33306 33773 15139 13163 31138 2144 1976
internal_count=121379 100872 33793 67079 20507 2655 5368 33306 33773 15139 13163 31138 2144 1976
is_linear=0
shrinkage=0.01


Tree=185
num_leaves=15
num_cat=0
split_feature=22 20 17 27 4 20 11 17 1 4 12 19 1 26
split_gain=452202 242832 146814 105739 104370 99193.9 89549.4 89235.1 82366.1 60739.3 59058.2 54502.4 48882.7 44845.7
threshold=69.838191803971284 53.080481622306728 0.010982218634444171 127.71608040201006 1.0000000180025095e-35 22.291666666666668 -0.24999999999999994 0.0047842255662023823 -118.21337597412109 1.0000000180025095e-35 1.0000000180025095e-35 0.014004374526993603 -118.21337597412109 40.72839735990835
decision_type=2 2 2 2 2 2 2 2 2 2 2 2 2 2
left_child=1 5 3 8 7 11 13 -3 -2 -7 -5 -1 -8 -4
right_child=2 4 6 10 -6 9 12 -9 -10 -11 -12 -13 -14 -15
leaf_value=0.17187085712174757 0.032102381115235661 0.032727685454098383 0.038477234023250255 0.096376824379281342 -0.060619596850918035 -0.013191483154911421 -0.083039620775411355 0.0018686643862603483 0.080430404732517835 -0.058650474039647106 0.24738367997549282 -0.052895563044955532 0.011371473857926244 0.35569076557522239
leaf_weight=109 10563 13455 1431 771 2118 40209 1587 30870 5294 3171 390 10527 838 46
leaf_count=109 10563 13455 1431 771 2118 40209 1587 30870 5294 3171 390 10527 838 46
internal_value=-1.36587e-11 -0.00880807 0.0422969 0.0549819 0.0079591 -0.0232245 -0.0130271 0.011236 0.0482371 -0.0165145 0.147103 -0.0505921 -0.0504143 0.0483566
internal_weight=121379 100459 20920 17018 46443 54016 3902 44325 15857 43380 1161 10636 2425 1477
internal_count=121379 100459 20920 17018 46443 54016 3902 44325 15857 43380 1161 10636 2425 1477
is_linear=0
shrinkage=0.01


Tree=186
num_leaves=15
num_cat=0
split_feature=31 1 47 10 20 5 11 6 13 44 13 10 25 26
split_gain=447154 287499 264639 239903 175716 171261 119349 113827 96049.7 88908.5 74131.4 57780.2 57125.2 49974.8
threshold=53.051277989015638 -118.21337597412109 1.0000000180025095e-35 0.68301270189221941 126.91582914572867 11.500000000000002 1.0000000180025095e-35 7.1001550000000009 7.5714925989184403 1.0000000180025095e-35 -2.8489698547005009 0.68301270189221941 97.31196762881676 13.972793628185551
decision_type=2 2 2 2 2 2 2 2 2 2 2 2 2 2
left_child=1 5 3 4 -2 8 11 -7 -1 -5 -3 -4 -8 -12
right_child=2 10 6 9 -6 7 12 -9 -10 -11 13 -13 -14 -15
leaf_value=0.0041534741850809149 0.02508935052863457 0.0069455396268232293 0.0062102717422567915 -0.012441757009322922 0.15707111448420649 -0.018092383769036994 0.16355997253490956 -0.055177748252762705 -0.033786996753570164 -0.093681362019262443 0.009479183672765212 0.14181408020803363 0.010177131862867447 0.07268938628441092
leaf_weight=24358 29877 7127 1324 4131 1044 15235 2196 18120 9190 1999 1758 412 273 4335
leaf_count=24358 29877 7127 1324 4131 1044 15235 2196 18120 9190 1999 1758 412 273 4335
internal_value=1.93406e-12 -0.0137728 0.026748 0.0182157 0.0295455 -0.0221932 0.101928 -0.0382389 -0.00623978 -0.0389341 0.0288407 0.0383927 0.1466 0.0544515
internal_weight=121379 80123 41256 37051 30921 66903 4205 33355 33548 6130 13220 1736 2469 6093
internal_count=121379 80123 41256 37051 30921 66903 4205 33355 33548 6130 13220 1736 2469 6093
is_linear=0
shrinkage=0.01


Tree=187
num_leaves=15
num_cat=0
split_feature=20 47 10 48 7 31 7 7 26 3 31 10 5 27
split_gain=438696 223641 247977 173463 167168 151192 123874 108573 103593 102494 71067.5 47851.9 33521.7 31130.4
threshold=71.727186311787094 1.0000000180025095e-35 0.25000000000000011 1.0000000180025095e-35 1006.4001350000001 30.000000000000007 1004.9004500000001 1006.4001350000001 37.086813248856139 19.000189000000002 52.491972961554723 0.93301270189221952 1.0000000180025095e-35 74.709162627671546
decision_type=2 2 2 2 2 2 2 2 2 2 2 2 2 2
left_child=1 2 3 -1 -4 12 8 11 -7 -8 -9 -3 -2 -14
right_child=5 7 4 -5 -6 6 9 10 -10 -11 -12 -13 13 -15
leaf_value=0.0073417498164097227 0.038720868560249658 0.011609412814172982 -0.055889658570105354 -0.038353525619202203 -0.011402783533746836 0.021387191416197507 -0.14482762408209965 0.063542469052584052 0.20654094942507281 0.089040412333574376 0.1917592782487246 0.11782712691299194 -0.033588889396721028 -0.14805948963405313
leaf_weight=47461 533 8292 17785 10070 16087 8027 192 2020 314 7811 550 447 1508 282
leaf_count=47461 533 8292 17785 10070 16087 8027 192 2020 314 7811 550 447 1508 282
internal_value=-1.50815e-11 -0.0081047 -0.013295 -0.000656571 -0.0347613 0.0445947 0.0553241 0.0338454 0.0283574 0.0834297 0.0909819 0.0170425 -0.0308939 -0.0516228
internal_weight=121379 102712 91403 57531 33872 18667 16344 11309 8341 8003 2570 8739 2323 1790
internal_count=121379 102712 91403 57531 33872 18667 16344 11309 8341 8003 2570 8739 2323 1790
is_linear=0
shrinkage=0.01


Tree=188
num_leaves=15
num_cat=0
split_feature=22 4 31 6 31 1 44 1 5 1 2 26 1 37
split_gain=434278 192314 165227 165092 136533 129857 102431 97042.2 88100.3 83460 60353.7 58900.9 45038.5 20993.5
threshold=59.989543726235745 1.0000000180025095e-35 52.308196028728361 13.201363000000002 55.287213068581906 -118.21337597412109 1.0000000180025095e-35 -119.7866065258789 8.5000000000000018 -118.21337597412109 21.025000000000002 37.086813248856139 -118.21337597412109 42.268624137445435
decision_type=2 2 2 2 2 2 2 2 2 2 2 2 2 2
left_child=3 2 9 4 8 -6 10 -4 -1 -2 -5 -8 -3 -14
right_child=1 12 7 6 5 -7 11 -9 -10 -11 -12 -13 13 -15
leaf_value=-0.00071318795536683436 -0.0022704472668305668 -0.080352271114314519 -0.016773152451304004 -0.050072329184392042 0.012183404704014999 0.1369811792077448 -0.08507107818769212 0.062018444742984617 -0.027540596535135946 0.040763087423694229 -0.00370771436535642 0.42226825682365376 0.072586792009797965 -0.029878507041720584
leaf_weight=23599 12990 1926 1729 5463 14959 883 4522 16296 25434 6901 5776 23 308 570
leaf_count=23599 12990 1926 1729 5463 14959 883 4522 16296 25434 6901 5776 23 308 570
internal_value=-6.38297e-12 0.0266216 0.0325315 -0.0134397 -0.00638292 0.0191394 -0.0424443 0.0544606 -0.0146289 0.0126596 -0.0262444 -0.0825037 -0.0532926 0.00606604
internal_weight=121379 40720 37916 80659 64875 15842 15784 18025 49033 19891 11239 4545 2804 878
internal_count=121379 40720 37916 80659 64875 15842 15784 18025 49033 19891 11239 4545 2804 878
is_linear=0
shrinkage=0.01


Tree=189
num_leaves=15
num_cat=0
split_feature=31 1 1 10 20 5 7 19 13 44 7 40 41 31
split_gain=425890 273666 253345 231188 169513 164768 142822 110634 92683.7 86923.8 77178.3 49000.7 41165.4 39556.6
threshold=53.051277989015638 -118.21337597412109 -118.21337597412109 0.68301270189221941 126.91582914572867 11.500000000000002 1004.4003000000001 0.059658924994271341 7.5714925989184403 1.0000000180025095e-35 1008.7002800000001 153.34835479256085 55.115547106041411 85.875226894930947
decision_type=2 2 2 2 2 2 2 2 2 2 2 2 2 2
left_child=1 5 3 4 -2 8 -4 -7 -1 -5 11 -3 -12 -8
right_child=2 10 6 9 -6 7 13 -9 -10 -11 12 -13 -14 -15
leaf_value=0.0042009360322951628 0.02450133422575107 0.017261162931965376 0.041562664062720932 -0.012151156739330994 0.15413255421180275 0.028070553381249419 0.16238599199623135 -0.042461821086430353 -0.033068804232777457 -0.092478894201089151 0.071102116916833907 0.21476260363116978 0.20780410802794083 -0.28447932577133178
leaf_weight=24358 29877 11567 2109 4131 1044 2396 2076 30959 9190 1999 1259 127 267 20
leaf_count=24358 29877 11567 2109 4131 1044 2396 2076 30959 9190 1999 1259 127 267 20
internal_value=2.33798e-11 -0.0134413 0.0261043 0.017756 0.0288781 -0.0216566 0.0996622 -0.0373952 -0.00600858 -0.0383461 0.0281343 0.0194061 0.0950205 0.158122
internal_weight=121379 80123 41256 37051 30921 66903 4205 33355 33548 6130 13220 11694 1526 2096
internal_count=121379 80123 41256 37051 30921 66903 4205 33355 33548 6130 13220 11694 1526 2096
is_linear=0
shrinkage=0.01


Tree=190
num_leaves=15
num_cat=0
split_feature=31 1 1 10 5 20 16 13 13 13 25 26 31 16
split_gain=417717 281289 240369 210309 167336 155290 111636 104191 90696.1 73563.4 64637.8 49164.4 47653.4 34303.8
threshold=53.797000422475719 -118.21337597412109 -118.21337597412109 1.0000000180025095e-35 11.500000000000002 126.91582914572867 0.44810591000000027 -2.1205265752495621 7.5714925989184403 -2.8489698547005009 102.24348231534161 13.259066145762723 85.875226894930947 14.133670585000003
decision_type=2 2 2 2 2 2 2 2 2 2 2 2 2 2
left_child=1 4 3 5 8 -2 -6 -4 -1 13 -5 -11 -9 -3
right_child=2 9 7 10 6 -7 -8 12 -10 11 -12 -13 -14 -15
leaf_value=0.0045011235689642335 0.030533285372835697 -0.0037079244216713264 0.041902742125626696 -0.020329999985528265 0.025408626679699339 0.16283560048316567 -0.041734968649444072 0.15257379803053758 -0.03181443494398483 0.0049687848050617477 0.16620505933802596 0.069923918308476857 -0.31520350001075054 0.049587679172983991
leaf_weight=25287 22855 5819 1617 10856 2686 923 31712 2157 9446 1545 189 4741 22 1524
leaf_count=25287 22855 5819 1617 10856 2686 923 31712 2157 9446 1545 189 4741 22 1524
internal_value=-2.54151e-11 -0.0126724 0.0271568 0.0189198 -0.0208582 0.0356689 -0.036492 0.10272 -0.00537527 0.0288489 -0.017138 0.053959 0.147851 0.00735329
internal_weight=121379 82760 38619 34823 69131 23778 34398 3796 34733 13629 11045 6286 2179 7343
internal_count=121379 82760 38619 34823 69131 23778 34398 3796 34733 13629 11045 6286 2179 7343
is_linear=0
shrinkage=0.01


Tree=191
num_leaves=15
num_cat=0
split_feature=21 17 7 0 0 10 1 8 7 10 26 1 2 8
split_gain=412151 208782 149409 133369 127717 127308 112128 112675 109490 98508 104807 73914.1 71462.1 53694.3
threshold=67.255703422053259 0.0075159217209960546 1007.6001000000001 37.042691525878915 36.742692288818368 0.25000000000000011 -119.7866065258789 0.60355339059327384 1009.4003500000001 -0.24999999999999994 37.086813248856139 -118.21337597412109 26.675000000000001 0.25881904510252091
decision_type=2 2 2 2 2 2 2 2 2 2 2 2 2 2
left_child=1 3 9 8 12 -6 -4 -8 -1 10 -2 -11 -3 -5
right_child=2 4 6 13 5 -7 7 -9 -10 11 -12 -13 -14 -15
leaf_value=0.0068398120835014529 0.035448429755207761 -0.016447434053649318 -0.018728943769073133 -0.052179941489783353 -0.021289056026223135 -0.068185119752201553 0.060829879683815494 0.15557817992406897 0.053837903354867475 -0.029629240853786612 0.20668821424568024 0.03395633165825114 0.024867127370241462 -0.0027750880334527872
leaf_weight=31376 10513 20939 1010 4680 14438 9663 3370 2000 5887 4794 370 2955 5233 4151
leaf_count=31376 10513 20939 1010 4680 14438 9663 3370 2000 5887 4794 370 2955 5233 4151
internal_value=-7.82436e-12 -0.00938785 0.0361698 0.00598404 -0.0234819 -0.0400915 0.0779368 0.0961179 0.0142648 0.0218679 0.0412702 -0.00538155 -0.00818673 -0.0289573
internal_weight=121379 96367 25012 46094 50273 24101 6380 5370 37263 18632 10883 7749 26172 8831
internal_count=121379 96367 25012 46094 50273 24101 6380 5370 37263 18632 10883 7749 26172 8831
is_linear=0
shrinkage=0.01


Tree=192
num_leaves=15
num_cat=0
split_feature=22 20 7 5 0 20 31 2 7 5 15 24 22 17
split_gain=410403 220149 139675 105870 102585 93643.8 90535.3 84296.9 82425.4 62108.8 57160.8 54314.9 41189.3 40362
threshold=70.221166032953121 52.887632579547734 1007.6001000000001 3.5000000000000004 36.742692288818368 22.291666666666668 25.046296296296298 11.075000000000001 992.80700000000013 44.500000000000007 0.11346150051784613 18.499303024806963 112.44974874371862 0.0049960244152195367
decision_type=2 2 2 2 2 2 2 2 2 2 2 2 2 2
left_child=1 5 6 11 -5 10 -2 12 -8 -7 -1 -3 -4 -9
right_child=2 3 7 4 -6 9 8 13 -10 -11 -12 -13 -14 -15
leaf_value=0.00035918047167744836 -0.037875345488378648 0.018922112999242954 0.10178776413761932 0.0065172759274864543 -0.037336289468119024 -0.0067577350214373874 -0.22507966375547991 0.07714911654198757 0.037126617392508762 -0.032011297780392238 -0.059660192963718314 0.076009639356373601 0.19567960691843822 -0.0056238539835083848
leaf_weight=1940 1976 19776 2403 18293 7530 27811 121 1323 13042 14987 8715 1820 580 1062
leaf_count=1940 1976 19776 2403 18293 7530 27811 121 1323 13042 14987 8715 1820 580 1062
internal_value=-1.1599e-11 -0.00829085 0.0407819 0.00739407 -0.00627045 -0.0222052 0.0252414 0.0846099 0.0347163 -0.015601 -0.0487322 0.0237332 0.120044 0.0402917
internal_weight=121379 100872 20507 47419 25823 53453 15139 5368 13163 42798 10655 21596 2983 2385
internal_count=121379 100872 20507 47419 25823 53453 15139 5368 13163 42798 10655 21596 2983 2385
is_linear=0
shrinkage=0.01


Tree=193
num_leaves=15
num_cat=0
split_feature=22 4 21 27 1 5 0 26 12 19 1 8 37 27
split_gain=403532 184258 148578 139723 123670 106474 133655 110496 66599.3 45410.9 42534.7 36237.5 20616.9 14932.2
threshold=59.989543726235745 1.0000000180025095e-35 30.648148148148156 127.71608040201006 -119.7866065258789 12.500000000000002 36.742692288818368 34.040941044548184 1.0000000180025095e-35 0.014004374526993603 -118.21337597412109 0.60355339059327384 42.268624137445435 92.60963244613437
decision_type=2 2 2 2 2 2 2 2 2 2 2 2 2 2
left_child=2 3 9 4 -2 7 -7 -4 -5 -1 13 -11 -12 -3
right_child=1 10 5 8 -6 6 -8 -9 -10 11 12 -13 -14 -15
leaf_value=0.13285389339731585 -0.021443587693268828 -0.071396977865346017 0.0051493489943840141 0.076078832933293275 0.034323166022678202 -0.0011260839703877746 -0.044796846782933109 0.21830700759893776 0.20992178721516686 -0.046529260429857867 0.071046003936850413 -0.013086803081855999 -0.030496098073746751 -0.18278054699532745
leaf_weight=155 4547 1797 32924 1110 31700 16588 12135 245 559 14434 308 4178 570 129
leaf_count=155 4547 1797 32924 1110 31700 16588 12135 245 559 14434 308 4178 570 129
internal_value=-1.22912e-11 0.0256619 -0.0129552 0.0314467 0.0273275 -0.00548159 -0.0195763 0.00672382 0.120907 -0.0376026 -0.0525605 -0.0390221 0.00512459 -0.0788572
internal_weight=121379 40720 80659 37916 36247 61892 28723 33169 1669 18767 2804 18612 878 1926
internal_count=121379 40720 80659 37916 36247 61892 28723 33169 1669 18767 2804 18612 878 1926
is_linear=0
shrinkage=0.01


Tree=194
num_leaves=15
num_cat=0
split_feature=31 47 47 10 23 7 15 10 44 7 9 8 31 23
split_gain=399596 254295 239993 218917 159209 137660 128639 136046 84485.3 73700.6 59314.1 57233.2 38103 35359
threshold=53.051277989015638 1.0000000180025095e-35 1.0000000180025095e-35 0.68301270189221941 92.517674717058057 1004.4003000000001 0.086484379132584471 0.68301270189221941 1.0000000180025095e-35 1008.7002800000001 0.25881904510252057 0.60355339059327384 85.875226894930947 126.28291960853888
decision_type=2 2 2 2 2 2 2 2 2 2 2 2 2 2
left_child=1 6 3 4 -2 -4 11 -8 -5 10 -3 -1 -7 -11
right_child=2 9 5 8 -6 12 7 -9 -10 13 -12 -13 -14 -15
leaf_value=0.0065397118744251791 0.021276829125243948 0.038754570580621532 0.03983905383678385 -0.011607592954654071 0.1047587323100411 0.15845755344482862 -0.017175092917796217 -0.05343738223708986 -0.090800607854646248 0.10061582758556738 -0.0065488458055113809 0.081696529637767898 -0.28012023639678957 -0.19026973325152732
leaf_weight=3531 28437 6473 2109 4131 2484 2076 48823 13128 1999 1483 5221 1421 20 43
leaf_count=3531 28437 6473 2109 4131 2484 2076 48823 13128 1999 1483 5221 1421 20 43
internal_value=7.97542e-12 -0.0130198 0.0252856 0.0171604 0.0279832 0.096879 -0.020939 -0.0248594 -0.0374325 0.0270574 0.018528 0.0281063 0.154273 0.0924192
internal_weight=121379 80123 41256 37051 30921 4205 66903 61951 6130 13220 11694 4952 2096 1526
internal_count=121379 80123 41256 37051 30921 4205 66903 61951 6130 13220 11694 4952 2096 1526
is_linear=0
shrinkage=0.01


Tree=195
num_leaves=15
num_cat=0
split_feature=31 47 47 10 42 7 10 7 16 7 0 40 41 26
split_gain=391806 261488 227810 199173 141095 134361 128415 134308 127073 73237.4 52602.3 45409.3 43998.3 38916.4
threshold=53.797000422475719 1.0000000180025095e-35 1.0000000180025095e-35 1.0000000180025095e-35 1.0000000180025095e-35 1004.4003000000001 0.68301270189221941 1007.6001000000001 0.44810591000000027 1008.7002800000001 36.742692288818368 153.34835479256085 56.032024972035622 24.594112130366621
decision_type=2 2 2 2 2 2 2 2 2 2 2 2 2 2
left_child=1 6 3 4 -2 13 8 -8 -1 11 -5 -3 -11 -4
right_child=2 9 5 10 -6 -7 7 -9 -10 12 -12 -13 -14 -15
leaf_value=0.057451326683683697 -0.016970688048847802 0.017300355458054237 0.059977756458941989 0.0048792033351657636 0.046092127793200134 0.15811660341151496 -0.06948086592412217 -0.0097778389814737882 -0.016175564822966199 0.069117528391382951 -0.038768164867750712 0.20380044072330225 0.21484693181514739 -0.06123155863879947
leaf_weight=2457 4340 11910 1538 5557 19438 1938 9327 6322 51025 1342 5488 132 245 320
leaf_count=2457 4340 11910 1538 5557 19438 1938 9327 6322 51025 1342 5488 132 245 320
internal_value=-6.06264e-12 -0.0122731 0.0263011 0.0182822 0.0345818 0.0998635 -0.0201655 -0.0453616 -0.0127931 0.0277601 -0.0168081 0.0193447 0.0916151 0.0391021
internal_weight=121379 82760 38619 34823 23778 3796 69131 15649 53482 13629 11045 12042 1587 1858
internal_count=121379 82760 38619 34823 23778 3796 69131 15649 53482 13629 11045 12042 1587 1858
is_linear=0
shrinkage=0.01


Tree=196
num_leaves=15
num_cat=0
split_feature=22 20 17 5 0 2 20 31 11 26 5 39 15 26
split_gain=386361 206455 131312 101835 94855.9 94790.9 91165.2 87591.3 85064.8 74633.1 60434.3 57998.1 55360.6 43616
threshold=70.221166032953121 53.080481622306728 0.010982218634444171 3.5000000000000004 36.742692288818368 8.8250000000000011 22.291666666666668 28.908730158730162 -0.24999999999999994 23.983896399370817 44.500000000000007 70.960898174862493 0.11346150051784613 40.72839735990835
decision_type=2 2 2 2 2 2 2 2 2 2 2 2 2 2
left_child=1 6 5 9 -5 11 12 -7 13 -3 -8 -2 -1 -4
right_child=2 3 8 4 -6 7 10 -9 -10 -11 -12 -13 -14 -15
leaf_value=0.00075908548698386117 0.1310295483506389 0.018998942829098763 0.037450779813919602 0.0061911316322368183 -0.036336766231660371 -0.01746849964574318 -0.0062695978092105866 0.051447121896821137 -0.050132297567411471 0.10125999250900139 -0.030995251216207966 0.037753709439352877 -0.05830757189809109 0.35377345939146149
leaf_weight=1940 2117 20085 1391 18108 7383 2200 28275 11406 2375 1167 15199 973 8715 45
leaf_count=1940 2117 20085 1391 18108 7383 2200 28275 11406 2375 1167 15199 973 8715 45
internal_value=-8.28519e-13 -0.00804434 0.0395694 0.00735081 -0.00612629 0.051659 -0.0213388 0.0403039 -0.0133955 0.0235161 -0.014914 0.101658 -0.0475531 0.0473634
internal_weight=121379 100872 20507 46743 25491 16696 54129 13606 3811 21252 43474 3090 10655 1436
internal_count=121379 100872 20507 46743 25491 16696 54129 13606 3811 21252 43474 3090 10655 1436
is_linear=0
shrinkage=0.01


Tree=197
num_leaves=15
num_cat=0
split_feature=31 1 1 10 4 20 7 15 7 0 1 22 26 31
split_gain=380199 242126 229626 210732 145879 144551 131937 104300 70640.9 54182.2 46547.8 45730.4 39096.2 37373.2
threshold=53.051277989015638 -118.21337597412109 -118.21337597412109 1.0000000180025095e-35 1.0000000180025095e-35 126.91582914572867 1004.4003000000001 0.086484379132584471 1008.7002800000001 36.742692288818368 -119.7866065258789 155.03075822603722 24.594112130366621 85.875226894930947
decision_type=2 2 2 2 2 2 2 2 2 2 2 2 2 2
left_child=1 4 3 5 7 -2 12 -1 11 -5 -6 -3 -4 -8
right_child=2 8 6 9 10 -7 13 -9 -10 -11 -12 -13 -14 -15
leaf_value=0.030055554925533121 0.028481982633604758 0.016173917046979729 0.0581899164205157 0.0033651238529159677 -0.034680795246112221 0.15559728560502067 0.15502673027429081 -0.019623156771027647 0.09039733371327828 -0.039190080163464154 -0.092666173072302668 0.22581018849355833 -0.057013482801658286 -0.27933055973052978
leaf_weight=4567 24154 11589 1755 6013 2356 929 2076 56623 1526 5955 3357 105 354 20
leaf_count=4567 24154 11589 1755 6013 2356 929 2076 56623 1526 5955 3357 105 354 20
internal_value=2.52558e-11 -0.0126999 0.0246643 0.0167165 -0.0204273 0.03319 0.0946943 -0.0159153 0.0264067 -0.0178094 -0.0687534 0.0180562 0.0388528 0.150882
internal_weight=121379 80123 41256 37051 66903 25083 4205 61190 13220 11968 5713 11694 2109 2096
internal_count=121379 80123 41256 37051 66903 25083 4205 61190 13220 11968 5713 11694 2109 2096
is_linear=0
shrinkage=0.01


Tree=198
num_leaves=15
num_cat=0
split_feature=22 4 17 31 31 44 27 2 5 26 26 11 37 22
split_gain=375212 175731 152430 143636 118297 97014.1 95394.1 79662.6 77357.8 67451.2 62948.7 58795.9 34405.7 25124.5
threshold=59.989543726235745 1.0000000180025095e-35 0.013075316571797601 52.308196028728361 55.287213068581906 1.0000000180025095e-35 127.71608040201006 7.8250000000000002 8.5000000000000018 37.086813248856139 20.746625957469558 0.25000000000000017 42.268624137445435 120.82160804020101
decision_type=2 2 2 2 2 2 2 2 2 2 2 2 2 2
left_child=2 3 4 7 8 11 -5 -2 -1 -7 -6 -4 13 -3
right_child=1 12 5 6 10 9 -8 -9 -10 -11 -12 -13 -14 -15
leaf_value=-0.00026629230682586452 0.077162583888381195 0.0027843626223681937 -0.010288286372480098 0.043821690849662066 0.011040870403485418 -0.081137744978771756 0.12624194675723413 0.0057328868866911567 -0.025454607710615675 0.43967994170188901 0.074280655308465338 -0.06137645055471453 -0.06904699079057644 0.3003310098648071
leaf_weight=23487 1708 525 8228 16490 14024 4664 1535 18183 25356 25 1773 3102 2249 30
leaf_count=23487 1708 525 8228 16490 14024 4664 1535 18183 25356 25 1773 3102 2249 30
internal_value=-1.43543e-11 0.0247451 -0.0124924 0.0303944 -0.0056489 -0.0401071 0.0508406 0.0118664 -0.0133424 -0.0783609 0.0181387 -0.0242755 -0.0516458 0.018868
internal_weight=121379 40720 80659 37916 64640 16019 18025 19891 48843 4689 15797 11330 2804 555
internal_count=121379 40720 80659 37916 64640 16019 18025 19891 48843 4689 15797 11330 2804 555
is_linear=0
shrinkage=0.01


Tree=199
num_leaves=15
num_cat=0
split_feature=22 4 17 1 17 0 27 42 1 12 19 24 16 0
split_gain=369235 202388 177934 143539 127037 112857 89901.1 68019.5 67804.2 57119.5 52566.8 40603 30654.7 27365.6
threshold=70.221166032953121 1.0000000180025095e-35 0.006946295837552856 -120.84999847412108 0.010982218634444171 35.400001525878913 127.71608040201006 1.0000000180025095e-35 -118.21337597412109 1.0000000180025095e-35 1.7023102019277523 41.565554452864454 0.99600000000000055 35.400001525878913
decision_type=2 2 2 2 2 2 2 2 2 2 2 2 2 2
left_child=1 2 3 -1 6 -4 8 12 -2 -8 13 -12 -3 -6
right_child=4 7 5 -5 10 -7 9 -9 -10 -11 11 -13 -14 -15
leaf_value=-0.027274858107985245 0.02949648069863434 0.044910073541703198 0.0036159520068572227 0.020041822692755999 -0.01212915775066622 -0.027294316518565488 0.086016818391858277 -0.090549301839375818 0.073775927200063929 0.23571558258406253 0.031943166200148927 0.43136493302308593 -0.040401303221983521 -0.07843393166915634
leaf_weight=7885 10360 498 18190 34302 1533 33688 762 3578 5191 383 1204 26 2731 1048
leaf_count=7885 10360 498 18190 34302 1533 33688 762 3578 5191 383 1204 26 2731 1048
internal_value=-2.87018e-11 -0.00786403 -0.00405363 0.0111981 0.0386824 -0.0164562 0.0505737 -0.0605195 0.0442772 0.136091 -0.0134132 0.0403862 -0.027244 -0.0390518
internal_weight=121379 100872 94065 42187 20507 51878 16696 6807 15551 1145 3811 1230 3229 2581
internal_count=121379 100872 94065 42187 20507 51878 16696 6807 15551 1145 3811 1230 3229 2581
is_linear=0
shrinkage=0.01


Tree=200
num_leaves=15
num_cat=0
split_feature=21 6 21 11 5 20 1 7 26 1 7 5 15 25
split_gain=365477 208256 170777 131833 116293 98827.1 92167.6 88465.7 85771.7 72261.9 64515.6 61173.4 40783.2 30533.3
threshold=52.327471482889742 11.001790500000002 88.666032953105216 -0.5 19.500000000000004 24.523809523809529 -118.99998249999999 1004.89998 40.72839735990835 -118.21337597412109 1006.6000200000002 53.500000000000007 0.018561584618176193 25.059033645495941
decision_type=2 2 2 2 2 2 2 2 2 2 2 2 2 2
left_child=5 2 4 8 -2 12 -5 -4 -3 11 -11 -7 -1 -14
right_child=1 3 7 6 -6 9 -8 -9 -10 10 -12 -13 13 -15
leaf_value=0.25075393137724505 0.033932663650896616 0.01211689257655512 0.027526805298470368 -0.077876975836507184 0.001735976106880218 -0.0074410496420401952 -0.011736406705081763 0.10408257293923527 0.33749634120340749 0.0070271216800860637 0.11035511632348995 -0.033394911417092235 -0.080075853560397384 -0.038819823425933979
leaf_weight=46 23483 6742 2485 4003 21480 27318 4448 3845 82 2362 812 13604 2282 8387
leaf_count=46 23483 6742 2485 4003 21480 27318 4448 3845 82 2362 812 13604 2282 8387
internal_value=5.01571e-12 0.0157456 0.0253978 -0.0166663 0.0185515 -0.019123 -0.0430653 0.0740287 0.0160268 -0.0125039 0.0334614 -0.0160691 -0.0463631 -0.0476441
internal_weight=121379 66568 51293 15275 44963 54811 8451 6330 6824 44096 3174 40922 10715 10669
internal_count=121379 66568 51293 15275 44963 54811 8451 6330 6824 44096 3174 40922 10715 10669
is_linear=0
shrinkage=0.01


Tree=201
num_leaves=15
num_cat=0
split_feature=31 1 1 10 27 5 7 16 44 7 2 9 41 26
split_gain=360439 229312 221246 204323 148532 146546 128110 101749 80963.3 68244.5 63514.2 56938.6 38547.1 38476.5
threshold=53.051277989015638 -118.21337597412109 -118.21337597412109 0.68301270189221941 127.71608040201006 19.500000000000004 1004.4003000000001 0.21083324200000034 1.0000000180025095e-35 1008.7002800000001 7.4250000000000016 0.25881904510252057 55.115547106041411 24.594112130366621
decision_type=2 2 2 2 2 2 2 2 2 2 2 2 2 2
left_child=1 5 3 4 -2 10 13 -7 -5 11 -1 -3 -11 -4
right_child=2 9 6 8 -6 7 -8 -9 -10 12 -12 -13 -14 -15
leaf_value=0.042127093527522544 0.02103930852092439 0.03730202024173495 0.05691258963005235 -0.011247555152857459 0.11199181816386199 0.04980269193379791 0.14812203425977591 -0.039705017994240609 -0.088772319004187958 0.065442885423983091 -0.0098267650738425721 -0.0070849083559394056 0.1977261186628306 -0.057374094772536709
leaf_weight=2531 29007 6473 1755 4131 1914 1327 2096 29573 1999 1259 33472 5221 267 354
leaf_count=2531 29007 6473 1755 4131 1914 1327 2096 29573 1999 1259 33472 5221 267 354
internal_value=3.42026e-12 -0.0123654 0.0240148 0.0162133 0.0266692 -0.0198856 0.092755 -0.0358611 -0.0365285 0.0256922 -0.00617442 0.0174847 0.0885881 0.0377293
internal_weight=121379 80123 41256 37051 30921 66903 4205 30900 6130 13220 36003 11694 1526 2109
internal_count=121379 80123 41256 37051 30921 66903 4205 30900 6130 13220 36003 11694 1526 2109
is_linear=0
shrinkage=0.01


Tree=202
num_leaves=15
num_cat=0
split_feature=21 17 22 2 8 11 6 0 7 0 5 17 0 5
split_gain=353882 203379 170414 159837 104149 101104 95814.4 91228.4 74193.4 59210.8 57083.5 56143.4 50520.1 45888
threshold=52.327471482889742 0.010199004844292283 75.453422053231961 22.625000000000004 0.60355339059327384 0.6830127018922193 6.6006815000000012 37.042691525878915 1007.6001000000001 37.042691525878915 69.500000000000014 0.013207927028471659 37.042691525878915 3.5000000000000004
decision_type=2 2 2 2 2 2 2 2 2 2 2 2 2 2
left_child=4 2 7 11 6 13 9 -2 -4 -1 -8 -3 -7 -6
right_child=1 3 8 -5 5 12 10 -9 -10 -11 -12 -13 -14 -15
leaf_value=0.0034658561010396929 0.020953727015630787 -0.015551422690095039 0.043313093715448829 0.01933326811913234 0.0092932415941794806 0.086596034041044018 -0.029279699396487495 -0.033680694086237591 0.099861622810154538 -0.041394870415454844 -0.062340571466471276 -0.063768866873052762 -0.014772971072693515 -0.03062128833274317
leaf_weight=11813 34754 4598 7278 8095 6596 1936 17294 3351 3406 3918 7482 5086 659 5113
leaf_count=11813 34754 4598 7278 8095 6596 1936 17294 3351 3406 3918 7482 5086 659 5113
internal_value=1.52358e-12 0.0154938 0.0260453 -0.0134614 -0.0188172 0.00437962 -0.0270086 0.0161491 0.0613405 -0.00770726 -0.0392636 -0.040875 0.0608534 -0.00813634
internal_weight=121379 66568 48789 17779 54811 14304 40507 38105 10684 15731 24776 9684 2595 11709
internal_count=121379 66568 48789 17779 54811 14304 40507 38105 10684 15731 24776 9684 2595 11709
is_linear=0
shrinkage=0.01


Tree=203
num_leaves=15
num_cat=0
split_feature=31 1 1 27 5 7 14 1 15 22 17 25 31 26
split_gain=350239 233876 209494 175782 147713 124987 107749 102582 67405.2 67277.1 63675.5 60883.2 37701.2 36881.8
threshold=53.797000422475719 -118.21337597412109 -118.21337597412109 127.71608040201006 11.500000000000002 1004.4003000000001 5.7778117458617873 -119.7866065258789 0.10538694082136611 37.243589743589752 0.0048833997448883377 75.638842153545767 85.875226894930947 24.594112130366621
decision_type=2 2 2 2 2 2 2 2 2 2 2 2 2 2
left_child=1 4 3 7 9 13 -6 -2 -3 -1 -10 -5 -7 -4
right_child=2 8 5 11 6 12 -8 -9 10 -11 -12 -13 -14 -15
leaf_value=-0.025290744926104655 -0.021142222637954202 0.11496045283649699 0.057129258627092561 0.05486348367549633 -0.024790385406806725 0.15609835531701441 -0.068692776310227951 0.021236132931944117 0.055846001513488133 0.0048049282763861743 0.0065598891679625494 0.16779515503586687 -0.28033239412307742 -0.060869100853451527
leaf_weight=10763 7356 806 1538 970 27373 1918 7025 25557 3674 23970 9149 940 20 320
leaf_count=10763 7356 806 1538 970 27373 1918 7025 25557 3674 23970 9149 940 20 320
internal_value=-2.72806e-14 -0.0116038 0.0248668 0.017177 -0.0190679 0.0954101 -0.0337564 0.0117646 0.0262567 -0.00452107 0.0206812 0.110442 0.151594 0.0368066
internal_weight=121379 82760 38619 34823 69131 3796 34398 32913 13629 34733 12823 1910 1938 1858
internal_count=121379 82760 38619 34823 69131 3796 34398 32913 13629 34733 12823 1910 1938 1858
is_linear=0
shrinkage=0.01


Tree=204
num_leaves=15
num_cat=0
split_feature=21 17 21 2 48 20 46 6 26 47 44 15 10 15
split_gain=342474 198104 159882 157706 102936 95089.6 93532.7 72428.4 55155.6 48036.3 41563.9 38343.4 30560.5 27596.9
threshold=52.327471482889742 0.011229225788052617 88.666032953105216 22.625000000000004 1.0000000180025095e-35 22.847222222222221 1.0000000180025095e-35 6.7102676500000014 40.72839735990835 1.0000000180025095e-35 1.0000000180025095e-35 0.11346150051784613 0.25000000000000011 0.018561584618176193
decision_type=2 2 2 2 2 2 2 2 2 2 2 2 2 2
left_child=5 2 4 10 -2 11 -4 9 -5 -7 -3 13 -9 -1
right_child=1 3 6 8 -6 7 -8 12 -10 -11 -12 -13 -14 -15
leaf_value=0.24092181522316403 0.022229206908713387 -0.034665523972326986 0.089312412959470566 0.014012579369913016 -0.033534446567364096 -0.0010301385654473076 -0.0096362922983674274 -0.01367629506913789 0.2645612322078662 0.065832302061576656 -0.08763292374932892 -0.056372967320245264 -0.035024212326219301 -0.010176189377348984
leaf_weight=45 41934 5674 5226 6877 3594 16571 1169 16025 89 1149 2005 7889 11531 1601
leaf_count=45 41934 5674 5226 6877 3594 16571 1169 16025 89 1149 2005 7889 11531 1601
internal_value=1.81195e-12 0.0152421 0.0244038 -0.0172404 0.0178272 -0.0185115 0.0712247 -0.012467 0.0172137 0.00330535 -0.0484954 -0.0472131 -0.0226095 -0.00331142
internal_weight=121379 66568 51923 14645 45528 54811 6395 45276 6966 17720 7679 9535 27556 1646
internal_count=121379 66568 51923 14645 45528 54811 6395 45276 6966 17720 7679 9535 27556 1646
is_linear=0
shrinkage=0.01


Tree=205
num_leaves=15
num_cat=0
split_feature=31 1 10 1 5 1 7 13 13 7 0 9 31 41
split_gain=340630 226416 205486 198701 139252 134221 129909 95929.2 76820.6 60744.5 55642.7 52966.2 36494.2 35510.8
threshold=52.308196028728361 -118.21337597412109 1.0000000180025095e-35 -118.21337597412109 19.500000000000004 -119.7866065258789 1004.9004500000001 -4.3300917366011875 7.5714925989184403 1008.7002800000001 36.742692288818368 0.25881904510252057 85.875226894930947 55.115547106041411
decision_type=2 2 2 2 2 2 2 2 2 2 2 2 2 2
left_child=3 2 5 4 8 -2 -3 -6 -1 11 -4 -5 -8 -11
right_child=1 6 10 9 7 -7 12 -9 -10 13 -12 -13 -14 -15
leaf_value=0.0029058076752473032 -0.014707066519205185 0.040931746676539094 0.0023014344776320617 0.034929577811209346 -0.065039023426245082 0.041483721605621984 0.15132810852795758 -0.024704928928277504 -0.030660689014764323 0.061096700809061301 -0.039221903912762202 -0.0086605530474706625 -0.27791907310485842 0.19019006537028063
leaf_weight=25259 5312 2595 6484 6245 8088 21283 2048 21764 9339 1224 6425 5035 20 258
leaf_count=25259 5312 2595 6484 6245 8088 21283 2048 21764 9339 1224 6425 5035 20 258
internal_value=-2.37949e-12 0.0221495 0.0143706 -0.01267 -0.0198085 0.0302604 0.0880505 -0.0356329 -0.00615476 0.0233804 -0.0183653 0.0154725 0.147177 0.0835704
internal_weight=121379 44167 39504 77212 64450 26595 4663 29852 34598 12762 12909 11280 2068 1482
internal_count=121379 44167 39504 77212 64450 26595 4663 29852 34598 12762 12909 11280 2068 1482
is_linear=0
shrinkage=0.01


Tree=206
num_leaves=15
num_cat=0
split_feature=22 6 31 2 7 5 0 31 2 7 9 42 0 27
split_gain=335262 187872 156396 135487 125653 107632 96723.9 82170.7 80550 78456.5 54770.4 42864.2 39750.5 37495.5
threshold=70.221166032953121 13.102098750000001 55.287213068581906 24.975000000000005 1007.6001000000001 8.5000000000000018 37.042691525878915 25.046296296296298 11.075000000000001 992.80700000000013 -0.70710678118654757 1.0000000180025095e-35 35.400001525878913 109.92587939698494
decision_type=2 2 2 2 2 2 2 2 2 2 2 2 2 2
left_child=1 2 5 11 7 -1 -4 -2 10 -9 -6 -3 -5 -10
right_child=4 3 6 12 8 -7 -8 9 13 -11 -12 -13 -14 -15
leaf_value=0.0048818059621728834 -0.03801026530597295 -0.035372831847286568 0.029883475434399297 0.028172663979224286 0.05326737254924277 -0.021980546316120911 -0.035898658285316347 -0.22231739437284551 0.019330702188983154 0.033498301565008243 0.14377098759809223 -0.071933800383908522 -0.021157967891744907 0.13475489139925415
leaf_weight=28517 1976 6181 19126 3017 1012 31274 2531 121 2059 13042 1971 6664 3562 326
leaf_count=28517 1976 6181 19126 3017 1012 31274 2531 121 2059 13042 1971 6664 3562 326
internal_value=-2.97774e-11 -0.00749353 -0.000828913 -0.0354394 0.03686 -0.00916869 0.0221957 0.0221201 0.0784298 0.0311467 0.113067 -0.0543407 0.00146409 0.0351078
internal_weight=121379 100872 81448 19424 20507 59791 21657 15139 5368 13163 2983 12845 6579 2385
internal_count=121379 100872 81448 19424 20507 59791 21657 15139 5368 13163 2983 12845 6579 2385
is_linear=0
shrinkage=0.01


Tree=207
num_leaves=15
num_cat=0
split_feature=22 4 6 2 17 31 1 2 5 9 42 1 13 37
split_gain=329298 162015 138858 137043 124790 105420 109515 82555.3 69400.4 49134.1 45779.7 37180.7 32500.5 19997
threshold=59.989543726235745 1.0000000180025095e-35 13.201363000000002 7.8250000000000002 0.0053866137942757053 55.287213068581906 -118.21337597412109 24.975000000000005 8.5000000000000018 -0.5 1.0000000180025095e-35 -118.21337597412109 -6.1199972025115352 42.268624137445435
decision_type=2 2 2 2 2 2 2 2 2 2 2 2 2 2
left_child=2 3 5 9 -5 8 -7 10 -1 -2 -4 -3 -9 -13
right_child=1 11 7 4 -6 6 -8 12 -10 -11 -12 13 -14 -15
leaf_value=-0.00012610481217845815 0.055750447936043994 -0.07475358584803371 -0.032945351647431863 0.046014826022523166 0.0067477116724119247 0.010807335144264666 0.12541394864402011 0.028810047013958125 -0.0239367531133769 0.12786150582132347 -0.074224580546726635 0.068687721403291477 -0.024044877412743765 -0.031316046126840406
leaf_weight=23599 2380 1926 5279 13303 20666 14959 883 1825 25434 1567 5471 308 3209 570
leaf_count=23599 2380 1926 5279 13303 20666 14959 883 1825 25434 1567 5471 308 3209 570
internal_value=7.07398e-12 0.0231817 -0.0117031 0.0286061 0.0221256 -0.00523123 0.0171953 -0.0383035 -0.012477 0.0843793 -0.0539536 -0.0501675 -0.00488313 0.003765
internal_weight=121379 40720 80659 37916 33969 64875 15842 15784 49033 3947 10750 2804 5034 878
internal_count=121379 40720 80659 37916 33969 64875 15842 15784 49033 3947 10750 2804 5034 878
is_linear=0
shrinkage=0.01


Tree=208
num_leaves=15
num_cat=0
split_feature=1 10 31 13 19 20 31 1 1 25 26 31 3 20
split_gain=326078 303203 304773 164357 143842 126076 118907 101595 94251.1 51158.6 48243.9 42095.3 37456.5 29695.1
threshold=-118.21337597412109 0.68301270189221941 59.571820870299966 -2.5200018856373521 0.05573552236098845 126.91582914572867 52.303971271651889 -119.7866065258789 -118.99998249999999 47.710103917288656 26.404151728124358 85.875226894930947 42.000980000000006 97.422686945500644
decision_type=2 2 2 2 2 2 2 2 2 2 2 2 2 2
left_child=1 2 4 12 -1 -4 10 9 -9 -3 -5 -8 13 -2
right_child=3 7 5 6 -6 -7 11 8 -10 -11 -12 -13 -14 -15
leaf_value=0.063715077891038724 0.045521624419278782 0.0060644692968733569 0.031709875951660006 0.032056737475713956 -0.011376366749361273 0.14768989084429446 0.12886786945914952 -0.084845534993378491 -0.03039914838725348 -0.043790363717386621 0.1087245293090017 -0.31030592051419342 0.00078027044094353961 0.26542761805001647
leaf_weight=2661 1515 5174 17289 4687 61696 991 2749 6515 6210 3418 995 22 7393 64
leaf_count=2661 1515 5174 17289 4687 61696 991 2749 6515 6210 3418 995 22 7393 64
internal_value=1.20863e-11 -0.0067105 0.00196355 0.0400335 -0.00827152 0.0379974 0.0716742 -0.0403361 -0.0582748 -0.0137684 0.0454824 0.125381 0.010223 0.0544349
internal_weight=121379 103954 82637 17425 64357 18280 8453 21317 12725 8592 5682 2771 8972 1579
internal_count=121379 103954 82637 17425 64357 18280 8453 21317 12725 8592 5682 2771 8972 1579
is_linear=0
shrinkage=0.01


Tree=209
num_leaves=15
num_cat=0
split_feature=31 1 10 1 1 7 4 15 7 25 11 1 40 31
split_gain=320058 215324 196783 188032 129262 125293 123918 95613.2 58726.1 54656.4 44241.4 43808.1 43308.8 35112.9
threshold=52.308196028728361 -118.21337597412109 1.0000000180025095e-35 -118.21337597412109 -119.7866065258789 1004.9004500000001 1.0000000180025095e-35 0.086484379132584471 1008.7002800000001 102.24348231534161 1.0000000180025095e-35 -119.7866065258789 153.34835479256085 85.875226894930947
decision_type=2 2 2 2 2 2 2 2 2 2 2 2 2 2
left_child=3 2 4 6 -2 10 7 -1 12 -4 -3 -8 -5 -7
right_child=1 5 9 8 -6 13 11 -9 -10 -11 -12 -13 -14 -15
leaf_value=0.029800725037501717 -0.014695035473255904 0.0097838441089932188 -0.020705837907857277 0.012954873581463675 0.040447967387072813 0.14787518158006605 -0.030757411910295133 -0.018576359022927567 0.081969285972027406 0.14756727161665201 0.09690667561322823 -0.087540863789798792 0.20163073547229901 -0.27317012786865236
leaf_weight=4417 5312 1711 12713 11157 21283 2048 2311 54425 1482 196 884 3297 123 20
leaf_count=4417 5312 1711 12713 11157 21283 2048 2311 54425 1482 196 884 3297 123 20
internal_value=-1.14703e-12 0.0214702 0.0138843 -0.0122814 0.0294339 0.0857368 -0.0192256 -0.0149449 0.0227877 -0.0181509 0.0394627 -0.064141 0.0150122 0.143803
internal_weight=121379 44167 39504 77212 26595 4663 64450 58842 12762 12909 2595 5608 11280 2068
internal_count=121379 44167 39504 77212 26595 4663 64450 58842 12762 12909 2595 5608 11280 2068
is_linear=0
shrinkage=0.01


Tree=210
num_leaves=15
num_cat=0
split_feature=20 6 7 0 13 0 7 13 0 11 38 11 25 14
split_gain=313640 175475 124204 118933 157656 116627 109237 103438 112551 92601.7 80984.7 55741.3 49842.1 46354.7
threshold=71.727186311787094 7.2011247500000009 1003.9001350000001 36.742692288818368 -2.191943377811842 37.042691525878915 1012.1294800000002 -2.4969567032169024 34.083213737060554 -0.24999999999999994 64.982699619771878 -0.68301270189221952 110.46251076177123 4.0240478596484666
decision_type=2 2 2 2 2 2 2 2 2 2 2 2 2 2
left_child=1 5 9 11 -5 6 -1 13 -9 12 -11 -3 -2 -4
right_child=2 3 7 4 -6 -7 -8 8 -10 10 -12 -13 -14 -15
leaf_value=0.011009189402628043 0.050579342508597261 0.016065523461700811 0.031658527902435771 -0.082630251276673033 -0.021855690418712027 -0.025855978813747828 0.086672701748249786 -0.0021526860249125295 0.096079177010567882 0.0042812567646310909 -0.092305812535706327 -0.013909728748256888 -0.11179429070303339 -0.062195627469276538
leaf_weight=35959 3779 8759 1978 5371 20793 8550 2015 1422 6489 2831 1252 21265 199 717
leaf_count=35959 3779 8759 1978 5371 20793 8550 2015 1422 6489 2831 1252 21265 199 717
internal_value=5.44523e-13 -0.00685284 0.0377066 -0.0187464 -0.0343316 0.00751131 0.0150241 0.0601945 0.078422 0.0081188 -0.0253359 -0.00516495 0.0424566 0.0066888
internal_weight=121379 102712 18667 56188 26164 46524 37974 10606 7911 8061 4083 30024 3978 2695
internal_count=121379 102712 18667 56188 26164 46524 37974 10606 7911 8061 4083 30024 3978 2695
is_linear=0
shrinkage=0.01


Tree=211
num_leaves=15
num_cat=0
split_feature=22 17 5 0 7 7 0 13 31 13 7 44 23 32
split_gain=312970 177240 151875 128154 119152 108356 88089.2 85029.8 79255.7 77106.8 75965.4 75061.9 54794.8 39336.8
threshold=70.221166032953121 0.0071764298069670468 45.500000000000007 37.042691525878915 1007.6001000000001 1006.5004000000001 36.742692288818368 9.8053688719229193 25.046296296296298 -1.8000062842739253 992.80700000000013 1.0000000180025095e-35 64.361075904802163 81.065417250668332
decision_type=2 2 2 2 2 2 2 2 2 2 2 2 2 2
left_child=1 3 7 5 8 -1 -4 -3 13 -6 -10 -11 -5 -2
right_child=4 2 6 12 9 -7 -8 -9 10 11 -12 -13 -14 -15
leaf_value=0.0030222617189218683 -0.023973538622888205 0.00028751673657598914 -0.021821748158415692 -0.023416993359281674 0.0069062672427098494 0.038958469849907792 -0.065833557313223351 -0.036865901477516838 -0.21928275909305606 0.056422347534788912 0.032438922861870667 0.14181665919774006 -0.18364094119093735 -0.18183352602182787
leaf_weight=24621 1803 28839 9463 8414 1239 12728 8755 7833 121 2174 13042 1955 219 173
leaf_count=24621 1803 28839 9463 8414 1239 12728 8755 7833 121 2174 13042 1955 219 173
internal_value=-8.74038e-12 -0.00724011 -0.0193724 0.00724254 0.0356134 0.0152688 -0.0429724 -0.00764831 0.0212599 0.0760936 0.030125 0.0968549 -0.0274815 -0.0377943
internal_weight=121379 100872 54890 45982 20507 37349 18218 36672 15139 5368 13163 4129 8633 1976
internal_count=121379 100872 54890 45982 20507 37349 18218 36672 15139 5368 13163 4129 8633 1976
is_linear=0
shrinkage=0.01


Tree=212
num_leaves=15
num_cat=0
split_feature=21 17 22 2 8 6 5 26 15 2 8 2 4 10
split_gain=309591 181118 149984 148472 100782 86179.8 83573 72692.8 71352.2 64891.9 55180.7 50444.9 41354.8 39270.8
threshold=52.327471482889742 0.010199004844292283 75.453422053231961 22.625000000000004 0.60355339059327384 6.4048087000000011 19.500000000000004 40.72839735990835 0.094593335912399573 10.425000000000002 0.60355339059327384 25.675000000000001 1.0000000180025095e-35 0.25000000000000011
decision_type=2 2 2 2 2 2 2 2 2 2 2 2 2 2
left_child=4 2 6 10 5 12 -2 -5 13 -4 -3 -7 -1 -6
right_child=1 3 9 7 8 11 -8 -9 -10 -11 -12 -13 -14 -15
leaf_value=-0.0027249258962028168 0.029291935092457037 -0.055652925930477722 0.097270122065516995 0.015193002711723762 0.16465934310592503 -0.044101576315839185 -0.00036017010962156621 0.26950858211683992 -0.0020297916284161043 0.042265513376714983 -0.0045070924667008636 -0.0095569835100914845 -0.076793709685119227 0.042244113935675696
leaf_weight=14218 19951 6579 2971 7981 354 20143 18154 114 12941 7713 3105 5350 796 1009
leaf_count=14218 19951 6579 2971 7981 354 20143 18154 114 12941 7713 3105 5350 796 1009
internal_value=-3.82752e-12 0.0144918 0.0244491 -0.0128329 -0.0176003 -0.0256582 0.0151651 0.0187745 0.00521855 0.0575612 -0.0392539 -0.036852 -0.00665184 0.0740379
internal_weight=121379 66568 48789 17779 54811 40507 38105 8095 14304 10684 9684 25493 15014 1363
internal_count=121379 66568 48789 17779 54811 40507 38105 8095 14304 10684 9684 25493 15014 1363
is_linear=0
shrinkage=0.01


Tree=213
num_leaves=15
num_cat=0
split_feature=1 10 15 44 13 4 44 7 14 11 5 3 20 39
split_gain=307086 289641 233022 181473 156484 154431 145381 134311 73892.7 61111.6 37970.2 36526.7 28956.4 24479.9
threshold=-118.21337597412109 0.68301270189221941 0.1164727951960388 1.0000000180025095e-35 -2.5200018856373521 1.0000000180025095e-35 1.0000000180025095e-35 1006.6000200000002 -2.1531048708370419 -0.68301270189221952 1.0000000180025095e-35 42.000980000000006 97.422686945500644 81.928002655864901
decision_type=2 2 2 2 2 2 2 2 2 2 2 2 2 2
left_child=1 2 6 10 11 -4 -1 -5 -6 -10 -3 12 -2 -13
right_child=4 3 5 7 8 -7 -8 -9 9 -11 -12 13 -14 -15
leaf_value=0.0066113212183079272 0.044620360765225034 0.0098871427544668742 -0.00089616373817459367 -0.11721245494698079 0.0059131166619938134 -0.069753045861003934 0.084685961311084329 -0.022464546072036764 0.0057383863928694087 0.09472729375849559 -0.028597295314232576 -0.0034956995712485208 0.26177410995587708 0.084622080343098122
leaf_weight=4464 1515 3299 69635 4187 1494 3417 5121 2328 884 6075 11503 7063 64 330
leaf_count=4464 1515 3299 69635 4187 1494 3417 5121 2328 884 6075 11503 7063 64 330
internal_value=-4.18876e-12 -0.00651215 0.0019657 -0.0393772 0.0388501 -0.00411694 0.0483244 -0.0833563 0.0697238 0.0834231 -0.0200201 0.00976243 0.053422 0.000437598
internal_weight=121379 103954 82637 21317 17425 73052 9585 6515 8453 6959 14802 8972 1579 7393
internal_count=121379 103954 82637 21317 17425 73052 9585 6515 8453 6959 14802 8972 1579 7393
is_linear=0
shrinkage=0.01


Tree=214
num_leaves=15
num_cat=0
split_feature=31 1 1 23 44 4 11 2 4 40 25 13 1 23
split_gain=305846 205248 175973 150473 196760 115641 108912 86838.9 86135.3 56724.3 49235.3 45825.8 43176.8 30317.7
threshold=52.308196028728361 -118.21337597412109 -118.21337597412109 92.517674717058057 1.0000000180025095e-35 1.0000000180025095e-35 1.0000000180025095e-35 7.4250000000000016 1.0000000180025095e-35 153.34835479256085 97.31196762881676 -2.8800020252941878 -119.7866065258789 113.68542871431315
decision_type=2 2 2 2 2 2 2 2 2 2 2 2 2 2
left_child=2 3 5 8 -5 7 13 -1 -2 11 -8 -4 -7 -3
right_child=1 6 9 4 -6 12 10 -9 -10 -11 -12 -13 -14 -15
leaf_value=0.026285436732361642 0.011534773692781886 0.022453917642033493 0.0014952102426582081 -0.081482739272691757 0.13262636893703589 -0.028970752104432559 0.1409397212646368 -0.018198843656430298 -0.066583597897707167 0.21394682910097274 0.0028707109435365118 0.039671899870922192 -0.085343578895777109 0.28786767765879634
leaf_weight=4776 35456 1968 6628 544 2034 2311 2361 54066 1470 152 290 5982 3297 44
leaf_count=4776 35456 1968 6628 544 2034 2311 2361 54066 1470 152 290 5982 3297 44
internal_value=5.95815e-12 0.0209881 -0.0120057 0.0135818 0.0874459 -0.0187235 0.0837329 -0.0145882 0.00842493 0.0219203 0.125836 0.0196057 -0.0621129 0.0282582
internal_weight=121379 44167 77212 39504 2578 64450 4663 58842 36926 12762 2651 12610 5608 2012
internal_count=121379 44167 77212 39504 2578 64450 4663 58842 36926 12762 2651 12610 5608 2012
is_linear=0
shrinkage=0.01


Tree=215
num_leaves=15
num_cat=0
split_feature=31 1 1 10 5 20 7 14 21 7 25 22 26 41
split_gain=299906 187427 186848 181066 127705 122617 112456 96277.3 65016.9 60499.4 51484.8 41429.4 37660.1 35743.8
threshold=53.051277989015638 -118.21337597412109 -118.21337597412109 1.0000000180025095e-35 11.500000000000002 126.91582914572867 1004.4003000000001 4.3200103485797721 32.800925925925931 1008.7002800000001 102.24348231534161 155.03075822603722 24.594112130366621 55.115547106041411
decision_type=2 2 2 2 2 2 2 2 2 2 2 2 2 2
left_child=1 4 3 5 8 -2 12 -6 -1 11 -5 -3 -4 -11
right_child=2 9 6 10 7 -7 -8 -9 -10 13 -12 -13 -14 -15
leaf_value=-0.027590384143989066 0.025670157946879817 0.01360803566602254 0.052500888761798946 -0.019929674234529241 -0.021543360698962923 0.1427448908489827 0.1369508797792853 -0.059713152287022897 0.0040198547077038198 0.060059108238264464 0.14431352573725367 0.21314271370853696 -0.060566935307967168 0.18744147681100956
leaf_weight=8832 24154 11589 1755 11774 24275 929 2096 9080 24716 1259 194 105 354 267
leaf_count=8832 24154 11589 1755 11774 24275 929 2096 9080 24716 1259 194 105 354 267
internal_value=1.00058e-11 -0.0112794 0.0219056 0.0147362 -0.0180782 0.0300063 0.0850767 -0.0319341 -0.004302 0.0231274 -0.0172673 0.0153997 0.0335222 0.0823468
internal_weight=121379 80123 41256 37051 66903 25083 4205 33355 33548 13220 11968 11694 2109 1526
internal_count=121379 80123 41256 37051 66903 25083 4205 33355 33548 13220 11968 11694 2109 1526
is_linear=0
shrinkage=0.01


Tree=216
num_leaves=15
num_cat=0
split_feature=31 1 1 27 4 11 1 16 17 26 44 25 1 23
split_gain=294070 192732 178031 159405 119410 96889.6 90853.9 87644.9 58379.3 61408.5 54804.1 52291.7 45689 33491.1
threshold=53.797000422475719 -118.21337597412109 -118.21337597412109 127.71608040201006 1.0000000180025095e-35 1.0000000180025095e-35 -119.7866065258789 0.21083324200000034 0.0049960244152195367 13.259066145762723 1.0000000180025095e-35 97.31196762881676 -119.7866065258789 113.68542871431315
decision_type=2 2 2 2 2 2 2 2 2 2 2 2 2 2
left_child=1 4 3 6 7 13 -2 -1 9 -3 -5 -7 -6 -4
right_child=2 8 5 10 12 11 -8 -9 -10 -11 -12 -13 -14 -15
leaf_value=0.054950706260580573 -0.02042585686388473 0.003737218843375161 0.018411413931862259 0.05489505189663009 -0.027295873728495543 0.14572747616659881 0.019456390577703715 -0.015445096830119026 0.010416112106061842 0.085387313217611283 0.16234153566744744 -0.0075331424005329606 -0.084165327003735663 0.32711575677825344
leaf_weight=1821 7356 1442 1477 1028 2404 2033 25557 61480 9637 2550 882 250 3426 36
leaf_count=1821 7356 1442 1477 1028 2404 2033 25557 61480 9637 2550 882 250 3426 36
internal_value=5.35409e-12 -0.0106327 0.0227857 0.0156969 -0.0174085 0.0878163 0.0105428 -0.01342 0.0237366 0.0558935 0.104512 0.128945 -0.0607152 0.0257567
internal_weight=121379 82760 38619 34823 69131 3796 32913 63301 13629 3992 1910 2283 5830 1513
internal_count=121379 82760 38619 34823 69131 3796 32913 63301 13629 3992 1910 2283 5830 1513
is_linear=0
shrinkage=0.01


Tree=217
num_leaves=15
num_cat=0
split_feature=17 5 1 7 25 9 44 13 44 13 25 23 2 7
split_gain=291444 218833 191407 154227 133711 124951 119537 108697 225155 88862.6 75004.4 66680.5 60979.5 41496.8
threshold=0.006946295837552856 34.500000000000007 -120.84999847412108 1006.5004000000001 69.333519095265103 0.25881904510252057 1.0000000180025095e-35 -1.4399957836446202 1.0000000180025095e-35 9.8053688719229193 62.657138273751528 64.361075904802163 9.8750000000000018 1015.9011700000001
decision_type=2 2 2 2 2 2 2 2 2 2 2 2 2 2
left_child=2 4 11 5 9 -4 -6 8 -3 -2 -5 13 -9 -1
right_child=1 7 3 10 6 -7 -8 12 -10 -11 -12 -13 -14 -15
leaf_value=-0.034980789331698674 0.001722024566998421 -0.035652552667284627 0.02450524807923812 0.033570315010799968 0.013281913164398114 -0.020498080585391026 0.12216246677419525 0.02940636813941442 -0.13612528232545282 -0.036551215621952564 0.077848685828910733 -0.19004136634143914 -0.026940172470894065 0.015678252979922862
leaf_weight=6148 29246 10486 21158 10741 2825 8709 1568 2427 2833 7654 5942 242 9206 2194
leaf_count=6148 29246 10486 21158 10741 2825 8709 1568 2427 2833 7654 5942 242 9206 2194
internal_value=-1.92924e-11 -0.0141364 0.0169853 0.0249865 -7.95586e-06 0.0113826 0.0521448 -0.0375175 -0.0570235 -0.00621682 0.049341 -0.0264042 -0.0151846 -0.0216571
internal_weight=121379 66245 55134 46550 41293 29867 4393 24952 13319 36900 16683 8584 11633 8342
internal_count=121379 66245 55134 46550 41293 29867 4393 24952 13319 36900 16683 8584 11633 8342
is_linear=0
shrinkage=0.01


Tree=218
num_leaves=15
num_cat=0
split_feature=21 17 2 22 8 11 5 17 13 1 26 2 1 5
split_gain=287382 170545 143385 138710 98250.9 94820.7 91493.4 81746.4 74317.8 54788.4 51688.7 48561.7 46080.2 42060.1
threshold=52.327471482889742 0.011229225788052617 22.625000000000004 75.453422053231961 0.60355339059327384 0.6830127018922193 19.500000000000004 0.0064128620274433133 -2.4969567032169024 -120.84999847412108 40.72839735990835 25.675000000000001 -120.84999847412108 3.5000000000000004
decision_type=2 2 2 2 2 2 2 2 2 2 2 2 2 2
left_child=4 3 -3 6 7 13 -2 9 -5 -1 -4 -9 -7 -6
right_child=1 2 10 8 5 12 -8 11 -10 -11 -12 -13 -14 -15
leaf_value=-0.038827438419967275 0.028079316423855808 -0.045978180310954644 0.01357739019578452 0.015296958905172799 0.010139156106467524 -0.011962888985193916 -0.0019594021163427513 -0.043011445191967423 0.070824286991231319 0.0047272611120910074 0.2561238263463706 -0.0091088068703235898 0.084849444530434789 -0.028074339324939589
leaf_weight=3890 21434 7679 6877 3499 6596 659 19243 20050 7747 11214 89 5353 1936 5113
leaf_count=3890 21434 7679 6877 3499 6596 659 19243 20050 7747 11214 89 5353 1936 5113
internal_value=-8.16553e-12 0.0139624 -0.0161761 0.022463 -0.0169573 0.00557318 0.013869 -0.0249134 0.0535479 -0.00649015 0.0166762 -0.0358674 0.060264 -0.00654763
internal_weight=121379 66568 14645 51923 54811 14304 40677 40507 11246 15104 6966 25403 2595 11709
internal_count=121379 66568 14645 51923 54811 14304 40677 40507 11246 15104 6966 25403 2595 11709
is_linear=0
shrinkage=0.01


Tree=219
num_leaves=15
num_cat=0
split_feature=31 1 1 23 44 5 7 19 17 22 40 7 31 26
split_gain=283870 192433 162855 140480 190440 121892 114139 87374.6 82105.3 63673.8 54333.9 49427.7 34732.2 33717.5
threshold=52.308196028728361 -118.21337597412109 -118.21337597412109 92.517674717058057 1.0000000180025095e-35 19.500000000000004 1004.9004500000001 0.05573552236098845 0.0040882571409169731 37.243589743589752 153.34835479256085 1008.5001850000001 85.875226894930947 24.97747245375859
decision_type=2 2 2 2 2 2 2 2 2 2 2 2 2 2
left_child=2 3 5 8 -5 9 13 -7 -2 -1 11 -4 -8 -3
right_child=1 6 10 4 -6 7 12 -9 -10 -11 -12 -13 -14 -15
leaf_value=-0.025276435933667608 0.035107638929298302 0.052309393826714762 0.011363696385576758 -0.081775381663704627 0.12886671280815798 0.03020275385311379 0.14044595594757994 -0.037477306796931939 -0.00015657454930443024 0.0039373387669926832 0.20900740134627804 0.071478245753775815 -0.27831052947044371 -0.047012878836868444
leaf_weight=10886 8610 2190 11049 544 2034 2048 2048 27804 28316 23712 152 1561 20 405
leaf_count=10886 8610 2190 11049 544 2034 2048 2048 27804 28316 23712 152 1561 20 405
internal_value=9.73416e-12 0.02022 -0.0115663 0.0130486 0.0844178 -0.0180289 0.0809746 -0.0328341 0.00806595 -0.00525456 0.0210707 0.0188053 0.136396 0.0368082
internal_weight=121379 44167 77212 39504 2578 64450 4663 29852 36926 34598 12762 12610 2068 2595
internal_count=121379 44167 77212 39504 2578 64450 4663 29852 36926 34598 12762 12610 2068 2595
is_linear=0
shrinkage=0.01


Tree=220
num_leaves=15
num_cat=0
split_feature=17 5 0 7 0 26 0 13 10 13 32 2 25 8
split_gain=279603 204834 185040 148876 139638 126326 112082 125836 103812 93965.7 65719.7 55746.5 45889.7 43535.1
threshold=0.0071764298069670468 34.500000000000007 37.042691525878915 1006.5004000000001 34.083213737060554 28.109316909031744 36.742692288818368 -2.1205265752495621 0.25000000000000011 9.8053688719229193 119.34422110552765 26.525000000000002 60.456250293385921 0.37940952255126054
decision_type=2 2 2 2 2 2 2 2 2 2 2 2 2 2
left_child=2 5 3 8 -5 9 11 -8 -1 -2 -7 -3 13 -4
right_child=1 6 12 4 -6 10 7 -9 -10 -11 -12 -13 -14 -15
leaf_value=0.021382366938972341 0.0037602350351447801 -0.023623029097438117 -0.04102082116838443 0.0035108253158999056 0.065551842756355394 0.060524557793917605 -0.099851287616132961 -0.031483276530444859 -0.020202822563926654 -0.035073562353468722 0.24454256718862902 0.054170338770165624 -0.14951027333301162 0.0046035358299970899
leaf_weight=23180 30494 11963 4970 5161 12212 1374 4746 6221 8101 7831 226 998 291 3611
leaf_count=23180 30494 11963 4970 5161 12212 1374 4746 6221 8101 7831 226 998 291 3611
internal_value=2.42183e-13 -0.0144059 0.0159904 0.023649 0.0471213 -0.00054024 -0.0375415 -0.0610697 0.0106128 -0.00417473 0.0865171 -0.0176329 -0.0260096 -0.0218215
internal_weight=121379 63853 57526 48654 17373 39925 23928 10967 31281 38325 1600 12961 8872 8581
internal_count=121379 63853 57526 48654 17373 39925 23928 10967 31281 38325 1600 12961 8872 8581
is_linear=0
shrinkage=0.01


Tree=221
num_leaves=15
num_cat=0
split_feature=31 23 0 0 0 15 5 5 0 11 11 0 8 11
split_gain=276674 147982 165446 131885 130781 150571 131091 120388 96133.8 81700.2 66255.8 95576.4 79030.3 52773
threshold=52.308196028728361 90.56223902128535 34.083213737060554 35.400001525878913 36.742692288818368 0.090541616431584551 1.5000000000000002 5.5000000000000009 34.083213737060554 -0.68301270189221952 -0.24999999999999994 34.083213737060554 -0.37940952255126059 0.25000000000000017
decision_type=2 2 2 2 2 2 2 2 2 2 2 2 2 2
left_child=4 3 -3 8 10 13 -7 -5 -2 -4 12 -12 -1 -6
right_child=1 2 9 7 5 6 -8 -9 -10 -11 11 -13 -14 -15
leaf_value=0.039243144627836749 0.022568562003470401 -0.077945020756324881 0.51949174835657086 0.020398951474216984 -0.038767264498905704 -0.0092308924972097448 -0.052304833277443834 -0.02621248547523515 0.078833520236782834 0.10364495587935758 -0.032074359831475545 0.0066670537388910925 -0.0023420867553513047 0.059095451382538952
leaf_weight=7398 14516 552 48 11589 704 12260 16676 10618 3840 3004 11677 14006 11955 2536
leaf_count=7398 14516 552 48 11589 704 12260 16676 10618 3840 3004 11677 14006 11955 2536
internal_value=1.64379e-11 0.0199621 0.0813705 0.014506 -0.0114188 -0.026816 -0.0340547 -0.00188773 0.034339 0.110185 -0.000418163 -0.0109471 0.0135545 0.0378315
internal_weight=121379 44167 3604 40563 77212 32176 28936 22207 18356 3052 45036 25683 19353 3240
internal_count=121379 44167 3604 40563 77212 32176 28936 22207 18356 3052 45036 25683 19353 3240
is_linear=0
shrinkage=0.01


Tree=222
num_leaves=15
num_cat=0
split_feature=17 5 20 26 0 13 0 7 13 13 31 20 15 7
split_gain=273395 204861 179722 128402 110217 129581 102904 101769 92309.8 81582.8 75043.9 61308.7 48252.1 35575.7
threshold=0.006946295837552856 34.500000000000007 71.727186311787094 22.803546654308668 36.742692288818368 -1.8336876993822806 37.042691525878915 1012.1294800000002 9.8053688719229193 -2.191943377811842 29.463244613434728 114.91206030150757 0.45473943324337535 1015.9011700000001
decision_type=2 2 2 2 2 2 2 2 2 2 2 2 2 2
left_child=2 3 6 8 12 -6 7 -1 -2 -5 -4 -12 -3 -8
right_child=1 4 10 9 5 -7 13 -9 -10 -11 11 -13 -14 -15
leaf_value=0.010853274084192756 0.0026156216300476532 -0.025305587861226258 -0.022042662207342665 -0.016019253111843018 -0.09765067993717913 -0.02967942358016825 -0.036256452731793461 0.084831619913294215 -0.036226415010040355 0.092366689455135043 0.051584872457633678 0.12165526813225504 0.025973446314927401 0.010820596811288979
leaf_weight=34041 30325 11347 1183 993 4958 6458 6192 1967 7665 2310 8108 1476 2189 2167
leaf_count=34041 30325 11347 1183 993 4958 6458 6192 1967 7665 2310 8108 1476 2189 2167
internal_value=-9.91944e-12 -0.0136917 0.0164509 -2.17182e-05 -0.0363141 -0.0591995 0.00755671 0.0148945 -0.00522129 0.059782 0.0531009 0.0623762 -0.0170129 -0.0240521
internal_weight=121379 66245 55134 41293 24952 11416 44367 36008 37990 3303 10767 9584 13536 8359
internal_count=121379 66245 55134 41293 24952 11416 44367 36008 37990 3303 10767 9584 13536 8359
is_linear=0
shrinkage=0.01


Tree=223
num_leaves=15
num_cat=0
split_feature=22 5 20 2 24 8 0 13 26 10 1 31 19 8
split_gain=269479 141168 117622 94891.5 95346.6 91766 87951.1 131392 73103 125564 68981.4 60017.8 44725.2 36867.4
threshold=59.989543726235745 19.500000000000004 30.055555555555561 13.325000000000001 37.230202386214891 0.37940952255126054 35.400001525878913 -2.9127215660553074 37.086813248856139 -0.6830127018922193 -118.21337597412109 28.908730158730162 0.014004374526993603 0.60355339059327384
decision_type=2 2 2 2 2 2 2 2 2 2 2 2 2 2
left_child=2 3 12 5 -5 -2 11 -8 10 -10 -4 -3 -1 -14
right_child=1 6 8 4 -6 -7 7 -9 9 -11 -12 -13 13 -15
leaf_value=0.14522814103982587 0.026613763186664117 -0.023388726739947855 -0.0085695237987901754 0.023579225154816204 0.25770030706274238 0.10898038385569805 -0.094099182253694263 0.00051236994765192496 0.42615685706105189 -0.0042175289271651093 0.026221843592170405 0.029505994389514269 -0.043359650477720994 -0.0073803957199099933
leaf_weight=138 2321 2737 57158 14934 176 3242 2020 5370 107 185 6330 9920 13102 3639
leaf_count=138 2321 2737 57158 14934 176 3242 2020 5370 107 185 6330 9920 13102 3639
internal_value=1.17442e-11 0.0209707 -0.0105869 0.039306 0.0263062 0.0746153 0.00206293 -0.025349 -0.00437463 0.153488 -0.00510069 0.0180678 -0.0340609 -0.0355388
internal_weight=121379 40720 80659 20673 15110 5563 20047 7390 63780 292 63488 12657 16879 16741
internal_count=121379 40720 80659 20673 15110 5563 20047 7390 63780 292 63488 12657 16879 16741
is_linear=0
shrinkage=0.01


Tree=224
num_leaves=15
num_cat=0
split_feature=21 4 22 8 11 7 26 4 20 32 15 44 43 26
split_gain=265246 142761 146334 94889.8 92282.9 85338.4 82272.1 73103.5 60209 58536.5 69696.3 44695.5 29756.4 26163.9
threshold=52.327471482889742 1.0000000180025095e-35 72.829531051964537 0.60355339059327384 0.6830127018922193 1007.6001000000001 37.086813248856139 1.0000000180025095e-35 31.155555555555555 43.89459231094213 0.090541616431584551 1.0000000180025095e-35 1.0000000180025095e-35 29.164984449574717
decision_type=2 2 2 2 2 2 2 2 2 2 2 2 2 2
left_child=3 2 6 7 13 -4 -2 8 -1 10 -3 -6 -9 -5
right_child=1 9 5 4 11 -7 -8 12 -10 -11 -12 -13 -14 -15
leaf_value=-0.039010415014703537 0.0074904820162524435 0.36475799556131783 0.029963421136250955 -0.0078097578919484522 0.0351972021360707 0.084136643050003332 0.15314205340450376 -0.095612750378802458 -0.011436979673048743 -0.069713736509445137 -0.0028106599830032891 0.12979869889352055 -0.037118754854984358 0.12511481921871503
leaf_weight=11478 47578 54 10594 11559 1920 4008 391 1834 25541 2789 1154 675 1654 150
leaf_count=11478 47578 54 10594 11559 1920 4008 391 1834 25541 2789 1154 675 1654 150
internal_value=-5.77907e-12 0.0134139 0.0171152 -0.0162912 0.0058506 0.044833 0.0086777 -0.0241099 -0.0199863 -0.0445279 0.0136204 0.0598045 -0.0678751 -0.00610691
internal_weight=121379 66568 62571 54811 14304 14602 47969 40507 37019 3997 1208 2595 3488 11709
internal_count=121379 66568 62571 54811 14304 14602 47969 40507 37019 3997 1208 2595 3488 11709
is_linear=0
shrinkage=0.01


Tree=225
num_leaves=15
num_cat=0
split_feature=17 5 0 7 0 26 10 0 13 13 13 23 15 7
split_gain=265519 198067 172344 145436 127935 122953 107311 106497 125705 89584.1 79458.1 65858.4 47001 39725.5
threshold=0.006946295837552856 34.500000000000007 37.042691525878915 1005.00003 34.083213737060554 22.803546654308668 0.25000000000000011 36.742692288818368 -1.8336876993822806 9.8053688719229193 -2.191943377811842 64.361075904802163 0.45473943324337535 1015.9011700000001
decision_type=2 2 2 2 2 2 2 2 2 2 2 2 2 2
left_child=2 5 3 6 -5 9 -1 12 -9 -2 -7 13 -3 -4
right_child=1 7 11 4 -6 10 -8 8 -10 -11 -12 -13 -14 -15
leaf_value=0.018646169693504321 0.0025806914554176792 -0.02494893514816391 -0.033278364284112037 0.0085281434094349427 0.059743155977619866 -0.016338407534989646 -0.030706031893226904 -0.096104830215463788 -0.02915788676674164 -0.035683600426054347 0.090626845696473349 -0.18758520632535836 0.025660957913982346 0.016287728230006876
leaf_weight=18923 30325 11347 6148 7338 14546 993 5743 4958 6458 7665 2310 242 2189 2194
leaf_count=18923 30325 11347 6148 7338 14546 993 5743 4958 6458 7665 2310 242 2189 2194
internal_value=-1.54928e-11 -0.013493 0.0162122 0.0238045 0.0425701 -5.16154e-05 0.00715547 -0.0357371 -0.0582331 -0.00513965 0.0584693 -0.0249599 -0.0167645 -0.0202422
internal_weight=121379 66245 55134 46550 21884 41293 24666 24952 11416 37990 3303 8584 13536 8342
internal_count=121379 66245 55134 46550 21884 41293 24666 24952 11416 37990 3303 8584 13536 8342
is_linear=0
shrinkage=0.01


Tree=226
num_leaves=15
num_cat=0
split_feature=31 1 1 10 5 1 7 16 13 15 17 19 10 31
split_gain=262922 170935 162641 155654 116989 113092 104690 87324.3 67599.9 60093.1 52344.9 47980.9 35630.2 34696
threshold=53.797000422475719 -118.21337597412109 -118.21337597412109 1.0000000180025095e-35 11.500000000000002 -119.7866065258789 1004.4003000000001 0.21083324200000034 7.5714925989184403 0.10538694082136611 0.0048833997448883377 0.028828253431896548 0.93301270189221952 85.875226894930947
decision_type=2 2 2 2 2 2 2 2 2 2 2 2 2 2
left_child=1 4 3 5 8 -2 -4 -6 -1 12 -11 -5 -3 -8
right_child=2 9 6 11 7 -7 13 -9 -10 10 -12 -13 -14 -15
leaf_value=0.0050374804756254865 -0.016974969441815781 0.067236821663359841 0.0300669499199669 0.08607371778058058 0.046690911661812849 0.039483948041133775 0.13944268205728214 -0.03283861287046206 -0.026314983067111407 0.048932239935919941 0.0042458290294204813 -0.02049643765317655 0.21990980939276333 -0.27923229384422305
leaf_weight=25287 4340 601 1858 440 1441 19438 1918 32957 9446 3674 9149 10605 205 20
leaf_count=25287 4340 601 1858 440 1441 19438 1918 32957 9446 3674 9149 10605 205 20
internal_value=-1.19801e-11 -0.0100538 0.0215453 0.0147697 -0.016435 0.029179 0.0837015 -0.029507 -0.00348915 0.0223137 0.0170492 -0.016251 0.106068 0.135122
internal_weight=121379 82760 38619 34823 69131 23778 3796 34398 34733 13629 12823 11045 806 1938
internal_count=121379 82760 38619 34823 69131 23778 3796 34398 34733 13629 12823 11045 806 1938
is_linear=0
shrinkage=0.01


Tree=227
num_leaves=15
num_cat=0
split_feature=17 5 22 26 10 1 15 44 13 4 20 39 23 19
split_gain=258043 187129 171869 117618 115859 105095 96032.4 95140.3 192396 73104.3 63112.7 53268.6 52335.6 49445.3
threshold=0.0071764298069670468 34.500000000000007 69.838191803971284 37.086813248856139 -0.6830127018922193 -120.84999847412108 0.092552284281756755 1.0000000180025095e-35 -2.1205265752495621 1.0000000180025095e-35 114.91206030150757 70.795627376425884 64.361075904802163 1.9501552152444341
decision_type=2 2 2 2 2 2 2 2 2 2 2 2 2 2
left_child=2 3 5 6 -5 12 -2 13 -9 -7 -4 -12 -1 -3
right_child=1 7 10 4 -6 9 -8 8 -10 -11 11 -13 -14 -15
leaf_value=-0.020881158335317927 0.060268633170728982 -0.028147210766346884 0.041295044900359068 0.31499427038904421 -0.0080781012084686528 0.016683702667351193 -0.0062895834329458498 -0.13467312303786794 -0.026581042686888445 -0.05687792166836024 0.1690701286464871 0.039417220972817989 -0.1778205482308847 0.034609545389296677
leaf_weight=8403 2302 15515 10441 233 212 35756 37178 2623 4424 1404 761 543 218 1366
leaf_count=8403 2302 15515 10441 233 212 35756 37178 2623 4424 1404 761 543 218 1366
internal_value=-1.76432e-11 -0.0138394 0.0153615 -0.000586465 0.161081 0.0066066 -0.00240871 -0.0359524 -0.0668146 0.0139044 0.0494872 0.115081 -0.0248497 -0.023069
internal_weight=121379 63853 57526 39925 445 45781 39480 23928 7047 37160 11745 1304 8621 16881
internal_count=121379 63853 57526 39925 445 45781 39480 23928 7047 37160 11745 1304 8621 16881
is_linear=0
shrinkage=0.01


Tree=228
num_leaves=15
num_cat=0
split_feature=31 1 10 1 1 5 7 19 13 7 0 9 11 23
split_gain=256491 175832 171549 145449 111875 108296 107299 80898.8 62369.8 50449.2 50340.7 47245.6 41263.8 33958
threshold=52.308196028728361 -118.21337597412109 1.0000000180025095e-35 -118.21337597412109 -119.7866065258789 19.500000000000004 1004.9004500000001 0.05573552236098845 7.2831912608990326 1008.7002800000001 36.742692288818368 0.25881904510252057 1.0000000180025095e-35 126.28291960853888
decision_type=2 2 2 2 2 2 2 2 2 2 2 2 2 2
left_child=3 2 4 5 -2 8 12 -7 -1 11 -4 -5 -3 -11
right_child=1 6 10 9 -6 7 -8 -9 -10 13 -12 -13 -14 -15
leaf_value=0.0034497859995061414 -0.014170262198978933 0.0058098154653719401 0.0021118643921623288 0.031018891506584542 0.037130177543089185 0.029598901510762516 0.13103008311326531 -0.035524822995482243 -0.026242330416692522 0.082976630847471353 -0.037383665493907633 -0.010150030643269494 0.089949721249691694 -0.20221093122349229
leaf_weight=24681 5312 1711 6484 6245 21283 2048 2068 27804 9917 1439 6425 5035 884 43
leaf_count=24681 5312 1711 6484 6245 21283 2048 2068 27804 9917 1439 6425 5035 884 43
internal_value=-1.9369e-11 0.0192202 0.0123651 -0.0109944 0.0268836 -0.0171019 0.077295 -0.031057 -0.00506102 0.0198492 -0.0175456 0.0126425 0.0344725 0.074702
internal_weight=121379 44167 39504 77212 26595 64450 4663 29852 34598 12762 12909 11280 2595 1482
internal_count=121379 44167 39504 77212 26595 64450 4663 29852 34598 12762 12909 11280 2595 1482
is_linear=0
shrinkage=0.01


Tree=229
num_leaves=15
num_cat=0
split_feature=31 1 1 27 4 24 16 26 12 26 17 1 31 27
split_gain=251420 163063 155574 145560 101196 82572.1 78935.7 64406.5 55400.5 51554.4 64524.6 44223.8 40083.6 10448.2
threshold=53.797000422475719 -118.21337597412109 -118.21337597412109 127.71608040201006 1.0000000180025095e-35 37.230202386214891 0.21083324200000034 11.164735161090238 1.0000000180025095e-35 10.281992715046011 0.0048833997448883377 -119.7866065258789 85.875226894930947 62.472736234333205
decision_type=2 2 2 2 2 2 2 2 2 2 2 2 2 2
left_child=1 4 3 5 6 -2 -1 13 -5 -3 -11 -6 -9 -4
right_child=2 9 7 8 11 -7 -8 12 -10 10 -12 -13 -14 -15
leaf_value=0.0524926628152311 0.0080417566331957343 -0.014151855854791352 -0.037380517537627105 0.060720183189822551 -0.023052177186932352 0.17959493631743845 -0.014314065914474499 0.1039773321483872 0.17447143592141615 0.070675449119880801 0.016354070382434787 -0.07900233220887494 -0.23632298864637105 0.051383400006440316
leaf_weight=1821 32630 3088 439 1262 2404 283 61480 3132 648 3096 7445 3426 35 190
leaf_count=1821 32630 3088 439 1262 2404 283 61480 3132 648 3096 7445 3426 35 190
internal_value=1.74858e-11 -0.00983147 0.0210687 0.014442 -0.016064 0.00951684 -0.0123922 0.0818595 0.0993122 0.021782 0.0323088 -0.0559313 0.100217 -0.0105679
internal_weight=121379 82760 38619 34823 69131 32913 63301 3796 1910 13629 10541 5830 3167 629
internal_count=121379 82760 38619 34823 69131 32913 63301 3796 1910 13629 10541 5830 3167 629
is_linear=0
shrinkage=0.01


Tree=230
num_leaves=15
num_cat=0
split_feature=17 0 8 2 2 7 0 9 26 0 23 26 26 8
split_gain=249219 160923 144065 214803 162285 141306 130537 119067 72320.2 70499.9 63655.8 56043.9 39809.3 39038
threshold=0.006946295837552856 37.042691525878915 0.60355339059327384 25.675000000000001 7.8250000000000002 1006.5004000000001 34.083213737060554 0.25881904510252057 45.22162611477458 36.742692288818368 64.361075904802163 23.362090245095931 18.737657585108614 0.37940952255126054
decision_type=2 2 2 2 2 2 2 2 2 2 2 2 2 2
left_child=1 5 3 9 12 7 -7 -1 -5 -2 13 -6 -4 -3
right_child=2 10 4 8 11 6 -8 -9 -10 -11 -12 -13 -14 -15
leaf_value=0.022831576314452064 -0.022772113985327615 -0.038013428645332602 0.053348892048669508 0.011451869557546511 -0.0054457932459305537 0.0034558029510899724 0.06459444988184565 -0.021099342835110401 0.35113392757991002 -0.051637867327038997 -0.18396059610596127 0.0603837542066544 0.14169690421780451 0.0057555227659650586
leaf_weight=21158 19215 4802 1115 12259 16129 4977 11706 8709 63 15118 242 1406 940 3540
leaf_count=21158 19215 4802 1115 12259 16129 4977 11706 8709 63 15118 242 1406 940 3540
internal_value=8.96721e-13 0.0157067 -0.0130723 -0.0226282 0.00968573 0.0230431 0.0463551 0.0100216 0.0131886 -0.0354827 -0.0240779 -0.000167416 0.0937611 -0.0194397
internal_weight=121379 55134 66245 46655 19590 46550 16683 29867 12322 34333 8584 17535 2055 8342
internal_count=121379 55134 66245 46655 19590 46550 16683 29867 12322 34333 8584 17535 2055 8342
is_linear=0
shrinkage=0.01


Tree=231
num_leaves=15
num_cat=0
split_feature=31 25 0 0 15 13 10 0 13 42 25 11 0 8
split_gain=245390 145032 123999 114408 141039 110561 108597 96388.5 106072 70070.2 65409.6 64870 87466.3 76918.7
threshold=52.308196028728361 68.970423766605663 35.400001525878913 36.742692288818368 0.090541616431584551 -4.4999998777574133 1.0000000180025095e-35 34.083213737060554 -3.6395112183865925 1.0000000180025095e-35 82.979644182967789 -0.24999999999999994 34.083213737060554 -0.37940952255126059
decision_type=2 2 2 2 2 2 2 2 2 2 2 2 2 2
left_child=3 2 9 11 -5 -6 -4 10 -9 -2 -3 13 -13 -1
right_child=1 7 6 4 5 -7 -8 8 -10 -11 -12 12 -14 -15
leaf_value=0.038704032074402164 0.079151690288785867 0.030919699820420705 0.011327515335427911 0.037412647905138631 -0.081496681993944886 -0.02441624281002797 -0.037098479701235559 -0.015308801427701489 0.089058012440008411 0.021057350960628159 -0.07993242124725379 -0.031094140668522226 0.0059671605286895357 -0.0023218598120292454
leaf_weight=7398 2500 2109 11890 3240 3926 25010 7585 1164 5960 12247 712 11677 14006 11955
leaf_count=7398 2500 2109 11890 3240 3926 25010 7585 1164 5960 12247 712 11677 14006 11955
internal_value=1.69115e-11 0.0187997 0.00903106 -0.0107538 -0.0251551 -0.0321608 -0.00753314 0.0524147 0.0720054 0.0309059 0.00294143 -0.000464864 -0.0108831 0.013361
internal_weight=121379 44167 34222 77212 32176 28936 19475 9945 7124 14747 2821 45036 25683 19353
internal_count=121379 44167 34222 77212 32176 28936 19475 9945 7124 14747 2821 45036 25683 19353
is_linear=0
shrinkage=0.01


Tree=232
num_leaves=15
num_cat=0
split_feature=17 5 20 25 0 13 0 0 13 31 8 25 4 23
split_gain=242834 184718 158589 114764 102800 99998.3 122899 90075.3 76481.2 70771.8 63631.2 56238.8 54067.6 40233.5
threshold=0.006946295837552856 34.500000000000007 72.085633989089118 69.333519095265103 36.742692288818368 -1.4399957836446202 36.742692288818368 37.042691525878915 9.8053688719229193 29.463244613434728 0.37940952255126054 95.457947025073722 1.0000000180025095e-35 62.253696662441918
decision_type=2 2 2 2 2 2 2 2 2 2 2 2 2 2
left_child=2 3 7 8 -5 6 -3 12 -2 -4 -7 -11 -1 -9
right_child=1 5 9 4 -6 10 -8 13 -10 11 -12 -13 -14 -15
leaf_value=0.016616819334170922 0.0016896655415789383 -0.02932531084325278 -0.023546527151815648 0.012067408894593441 0.11281246199090307 -0.032986786853331715 -0.09191519205202893 -0.018650203558875117 -0.033817255782830999 0.048644007790829023 0.014354498232547308 0.11496397185004481 -0.044901553111538393 -0.15362354819010532
leaf_weight=34700 29246 8261 1155 2809 1584 6713 5058 8148 7654 7888 4920 1526 1490 227
leaf_count=34700 29246 8261 1155 2809 1584 6713 5058 8148 7654 7888 4920 1526 1490 227
internal_value=-5.86817e-12 -0.0129037 0.0155042 7.6792e-05 0.0483934 -0.0343852 -0.0530943 0.00724483 -0.00567537 0.0503305 -0.0129645 0.0593944 0.014084 -0.0223086
internal_weight=121379 66245 55134 41293 4393 24952 13319 44565 36900 10569 11633 9414 36190 8375
internal_count=121379 66245 55134 41293 4393 24952 13319 44565 36900 10569 11633 9414 36190 8375
is_linear=0
shrinkage=0.01


Tree=233
num_leaves=15
num_cat=0
split_feature=17 22 8 2 11 0 7 14 11 26 20 25 0 26
split_gain=238090 159610 132621 208722 163618 102546 97050.3 84837.6 74702.5 69493.6 51347.1 50283.1 46566.1 40511.5
threshold=0.0071764298069670468 72.829531051964537 0.60355339059327384 25.675000000000001 0.6830127018922193 37.042691525878915 1007.10008 4.6799866604479954 -0.24999999999999994 45.22162611477458 112.86013400335007 60.456250293385921 34.083213737060554 30.434242246311666
decision_type=2 2 2 2 2 2 2 2 2 2 2 2 2 2
left_child=1 5 3 8 13 6 -1 -6 -2 -5 -3 -7 -12 -4
right_child=2 10 4 9 7 11 -8 -9 -10 -11 12 -13 -14 -15
leaf_value=0.0037619468720590118 -0.015601367721102172 0.042331081433930072 -0.009654635136951974 0.011212197527559215 0.11090097993462894 -0.020132044784565588 0.038275396655596906 0.021372680102311321 -0.046936053351747956 0.34686638945533382 -0.055633836648001374 -0.17713932414536931 0.13107368172854122 0.095244083211180705
leaf_weight=27252 11906 8646 14145 12038 2005 8488 11622 2242 21077 62 151 209 1158 378
leaf_count=27252 11906 8646 14145 12038 2005 8488 11622 2242 21077 62 151 209 1158 378
internal_value=-1.81482e-11 0.0147556 -0.0132935 -0.0225926 0.00904163 0.00713574 0.0140803 0.0636388 -0.0356251 0.0129321 0.051168 -0.0239051 0.109536 -0.00692436
internal_weight=121379 57526 63853 45083 18770 47571 38874 4247 32983 12100 9955 8697 1309 14523
internal_count=121379 57526 63853 45083 18770 47571 38874 4247 32983 12100 9955 8697 1309 14523
is_linear=0
shrinkage=0.01


Tree=234
num_leaves=15
num_cat=0
split_feature=31 47 27 47 5 11 24 16 13 12 40 31 9 13
split_gain=236222 164160 140472 134896 103157 95531.9 81630.8 76457.9 61349 53579.9 51590.2 47167.4 40193.2 26667
threshold=52.308196028728361 1.0000000180025095e-35 127.71608040201006 1.0000000180025095e-35 11.500000000000002 1.0000000180025095e-35 37.230202386214891 0.21083324200000034 7.2831912608990326 1.0000000180025095e-35 153.34835479256085 86.959893365680855 0.25881904510252057 1.0800001353937874
decision_type=2 2 2 2 2 2 2 2 2 2 2 2 2 2
left_child=3 2 6 4 8 13 -2 -6 -1 -4 12 -7 -5 -3
right_child=1 5 9 10 7 11 -8 -9 -10 -11 -12 -13 -14 -15
leaf_value=0.005062755856174341 0.0062069598519904276 0.011367068543877335 0.057057755119334877 0.032733795296653427 0.045597110699455011 0.1181894374973859 0.17074061128359877 -0.032259254363081372 -0.025312115531064508 0.168011068708602 0.20228284799542867 -0.30984097975950975 -0.0032428272455011374 0.14055652854187148
leaf_weight=22841 37262 1837 1278 7076 1315 2625 304 30914 9380 660 152 26 5534 175
leaf_count=22841 37262 1837 1278 7076 1315 2625 304 30914 9380 660 152 26 5534 175
internal_value=1.68801e-11 0.0184451 0.0118215 -0.010551 -0.0164328 0.0745593 0.00753844 -0.0290826 -0.00377981 0.0948437 0.0191526 0.113991 0.0169452 0.0226037
internal_weight=121379 44167 39504 77212 64450 4663 37566 32229 32221 1938 12762 2651 12610 2012
internal_count=121379 44167 39504 77212 64450 4663 37566 32229 32221 1938 12762 2651 12610 2012
is_linear=0
shrinkage=0.01


Tree=235
num_leaves=15
num_cat=0
split_feature=21 17 31 19 7 8 1 17 15 1 1 22 26 10
split_gain=232824 146364 117183 108315 90927.8 90130.7 75310.7 68109.7 64875.2 57252.1 45012.7 44627.7 42810.5 36250.4
threshold=52.327471482889742 0.011800642793163564 57.153147444021982 1.8107016294393092 1002.3999500000001 0.60355339059327384 -118.21337597412109 0.0062020192234153275 0.094593335912399573 -118.99998249999999 -120.84999847412108 18.333333333333336 40.72839735990835 0.25000000000000011
decision_type=2 2 2 2 2 2 2 2 2 2 2 2 2 2
left_child=5 2 6 9 -4 7 -2 10 13 -3 -1 -9 -5 -7
right_child=1 3 4 12 -6 8 -8 11 -10 -11 -12 -13 -14 -15
leaf_value=-0.035249659784979556 -5.4983309223562715e-05 -0.068886986595165581 0.0049502584163117185 0.015795322659134907 0.053707143827913237 0.15900462146069708 0.033169238665755899 -0.065898988711577816 -0.00059521298801986332 -0.015769939635689168 0.0049263123203969377 -0.027417103551058034 0.25342599502631596 0.041391192103881015
leaf_weight=3768 25109 3681 5327 4919 13565 354 9368 3479 12941 4522 10730 22530 77 1009
leaf_count=3768 25109 3681 5327 4919 13565 354 9368 3479 12941 4522 10730 22530 77 1009
internal_value=-3.67576e-12 0.0125673 0.0199415 -0.0172493 0.0399591 -0.015263 0.00897262 -0.0228832 0.00631632 -0.0396056 -0.00551534 -0.0325645 0.0194578 0.0719379
internal_weight=121379 66568 53369 13199 18892 54811 34477 40507 14304 8203 14498 26009 4996 1363
internal_count=121379 66568 53369 13199 18892 54811 34477 40507 14304 8203 14498 26009 4996 1363
is_linear=0
shrinkage=0.01


Tree=236
num_leaves=15
num_cat=0
split_feature=31 25 10 44 5 46 7 9 10 6 14 26 8 25
split_gain=228433 187928 99574.4 141079 99421.2 185392 98967.5 97854.5 88238.1 62706.5 61610.9 52495.4 39921.8 38144.9
threshold=44.868715673848762 68.970423766605663 1.0000000180025095e-35 1.0000000180025095e-35 1.0000000180025095e-35 1.0000000180025095e-35 1005.00003 0.60355339059327384 -0.6830127018922193 8.6998965000000013 2.4969522258922052 19.094654184101795 0.37940952255126054 30.81079102708539
decision_type=2 2 2 2 2 2 2 2 2 2 2 2 2 2
left_child=7 2 8 -4 5 -3 -6 9 -2 11 13 -1 -12 -9
right_child=1 4 3 -5 6 -7 -8 10 -10 -11 12 -13 -14 -15
leaf_value=-0.0021580726655499173 0.00023036932518904368 0.12872075316244763 0.0045158924937782688 -0.054550270340999012 -0.0061775941228123235 -0.032403089483794785 0.06422098287892615 -0.065620286255529375 0.034212070198752227 -0.021633854745775952 -0.10204587427829713 0.035883965661597843 -0.016728234874272302 -0.019721515601729168
leaf_weight=20836 16297 2992 13875 5707 4016 938 3972 2064 14387 14496 1882 4392 774 14751
leaf_count=20836 16297 2992 13875 5707 4016 938 3972 2064 14387 14496 1882 4392 774 14751
internal_value=-3.63487e-13 0.0133848 0.00491989 -0.0126984 0.0490867 0.0902642 0.0288278 -0.0140606 0.0161636 -0.0050591 -0.0324252 0.00446475 -0.077183 -0.0253555
internal_weight=121379 62184 50266 19582 11918 3930 7988 59195 30684 39724 19471 25228 2656 16815
internal_count=121379 62184 50266 19582 11918 3930 7988 59195 30684 39724 19471 25228 2656 16815
is_linear=0
shrinkage=0.01


Tree=237
num_leaves=15
num_cat=0
split_feature=1 10 15 8 7 13 0 4 8 10 11 15 25 25
split_gain=226585 244901 201614 164928 134492 128141 126072 121967 63169 66553.4 60184 32826.2 38888.2 30350.5
threshold=-118.21337597412109 0.68301270189221941 0.1164727951960388 0.60355339059327384 1007.2001500000001 -2.4722931380566395 36.742692288818368 1.0000000180025095e-35 0.25881904510252091 0.68301270189221941 -0.68301270189221952 0.67178570826670325 95.457947025073722 55.843023869877491
decision_type=2 2 2 2 2 2 2 2 2 2 2 2 2 2
left_child=1 2 3 -1 6 11 -3 -4 9 -7 -10 -2 -13 -6
right_child=5 4 7 -5 13 8 -8 -9 10 -11 -12 12 -14 -15
leaf_value=0.014665898957132613 -2.7305696702867785e-05 -0.03055206664629747 -0.00059379895376653242 0.10144985769863382 7.6700907541318281e-05 0.0069956261625704688 -0.095551111043464726 -0.061786728221063195 -0.0066010607255157089 0.098351127343143718 0.10323452919774344 0.04088957145869667 0.2830131201488631 -0.058514574228369462
leaf_weight=6199 7871 7261 69635 3386 7996 2800 5066 3417 576 1115 3726 1267 70 994
leaf_count=6199 7871 7261 69635 3386 7996 2800 5066 3417 576 1115 3726 1267 70 994
internal_value=1.56552e-11 -0.00559384 0.00220178 0.0453232 -0.0358142 0.0333717 -0.0572646 -0.00345609 0.0620785 0.0330139 0.0885285 0.00775446 0.0535662 -0.00640158
internal_weight=121379 103954 82637 9585 21317 17425 12327 73052 8217 3915 4302 9208 1337 8990
internal_count=121379 103954 82637 9585 21317 17425 12327 73052 8217 3915 4302 9208 1337 8990
is_linear=0
shrinkage=0.01


Tree=238
num_leaves=15
num_cat=0
split_feature=17 5 0 7 0 13 44 26 9 0 13 23 11 7
split_gain=224549 176517 146777 132944 115946 102290 183766 99917.3 92387.5 88996.2 75894.5 62171.4 56481.9 38480.3
threshold=0.006946295837552856 48.500000000000007 37.042691525878915 1005.00003 34.083213737060554 -0.75538719918585884 1.0000000180025095e-35 22.803546654308668 0.25881904510252057 35.400001525878913 -2.4969567032169024 64.361075904802163 0.6830127018922193 1015.9011700000001
decision_type=2 2 2 2 2 2 2 2 2 2 2 2 2 2
left_child=2 7 3 8 -5 6 -3 9 -1 -2 -9 13 -7 -4
right_child=1 5 11 4 -6 12 -8 10 -10 -11 -12 -13 -14 -15
leaf_value=0.018191073577460502 0.014115596459856827 -0.033867357182006119 -0.031333104867939415 0.0074496022558316203 0.056205822009002988 -0.027891544320129302 -0.12617664299318837 -0.020273188549471848 -0.024720018650831059 -0.016673471108236665 0.079836146452732695 -0.18109411718169888 0.02314526507123511 0.017449971875538772
leaf_weight=17657 14923 9865 6148 7338 14546 6540 2760 1083 7009 25312 2518 242 3244 2194
leaf_count=17657 14923 9865 6148 7338 14546 6540 2760 1083 7009 25312 2518 242 3244 2194
internal_value=2.11081e-11 -0.0124084 0.0149091 0.0219156 0.0398572 -0.0352393 -0.0540474 -0.0007373 0.00599762 -0.00525393 0.0497283 -0.0230866 -0.0109697 -0.0185028
internal_weight=121379 66245 55134 46550 21884 22409 12625 43836 24666 40235 3601 8584 9784 8342
internal_count=121379 66245 55134 46550 21884 22409 12625 43836 24666 40235 3601 8584 9784 8342
is_linear=0
shrinkage=0.01


Tree=239
num_leaves=15
num_cat=0
split_feature=31 1 1 10 1 7 10 7 16 15 19 17 10 31
split_gain=222476 143464 140769 139305 103886 95357.9 94582.9 117818 97585.9 56089.6 45642 45423.6 34870.3 33102.2
threshold=53.797000422475719 -118.21337597412109 -118.21337597412109 1.0000000180025095e-35 -119.7866065258789 1004.4003000000001 0.68301270189221941 1007.90025 0.44810591000000027 0.10538694082136611 0.028828253431896548 0.0048833997448883377 0.93301270189221952 85.875226894930947
decision_type=2 2 2 2 2 2 2 2 2 2 2 2 2 2
left_child=1 6 3 4 -2 -4 8 -8 -1 12 -5 -11 -3 -7
right_child=2 9 5 10 -6 13 7 -9 -10 11 -12 -13 -14 -15
leaf_value=0.052790091006766807 -0.017088702459300307 0.062906030594881091 0.026456689398008448 0.083968445912765519 0.037023583589595462 0.13094020094628309 -0.058302377433389348 -0.001837203724856888 -0.011731221511002402 0.045018980556573752 -0.019971706163791361 0.0033916056166060559 0.21394225437103248 -0.27800589752197263
leaf_weight=2457 4340 601 1858 440 19438 1918 9667 5982 51025 3674 10605 9149 205 20
leaf_count=2457 4340 601 1858 440 19438 1918 9667 5982 51025 3674 10605 9149 205 20
internal_value=-4.93776e-12 -0.00924825 0.0198189 0.0135154 0.0271469 0.0776448 -0.0150942 -0.036718 -0.00876707 0.0204046 -0.015831 0.0153185 0.101321 0.12672
internal_weight=121379 82760 38619 34823 23778 3796 69131 15649 53482 13629 11045 12823 806 1938
internal_count=121379 82760 38619 34823 23778 3796 69131 15649 53482 13629 11045 12823 806 1938
is_linear=0
shrinkage=0.01


Tree=240
num_leaves=15
num_cat=0
split_feature=17 21 11 4 31 1 5 0 25 13 0 25 39 45
split_gain=220075 201357 131611 119803 109386 106594 65786.3 62069.3 49852.9 71953.8 55696.7 48309.2 41156.8 36341.7
threshold=0.012303702494922266 73.152471482889752 -0.5 1.0000000180025095e-35 28.908730158730162 -118.21337597412109 1.5000000000000002 36.742692288818368 77.340466635741748 7.2831912608990326 34.083213737060554 62.439716095616809 15.694444444444445 1.0000000180025095e-35
decision_type=2 2 2 2 2 2 2 2 2 2 2 2 2 2
left_child=1 3 8 5 12 -1 -6 -4 10 -10 -2 -9 -3 -5
right_child=2 4 7 13 6 -7 -8 11 9 -11 -12 -13 -14 -15
leaf_value=-0.00074536905526643093 0.034284772326182947 0.35453566521406177 -0.027783089094372673 -0.064268827777841223 0.08214395859059577 0.03665840017151089 0.034899168971869225 -0.059547754884100294 -0.017441818109138415 0.27337242383509874 -0.017706950145798896 -0.14176734162789256 -0.03140857694207342 0.020743305675837719
leaf_weight=68281 2739 28 7561 3508 4480 8576 8615 5427 183 159 8317 823 2095 587
leaf_count=68281 2739 28 7561 3508 4480 8576 8615 5427 183 159 8317 823 2095 587
internal_value=-1.43151e-11 0.00689401 -0.0263 0.000620234 0.0402673 0.00342829 0.0510623 -0.0470573 -0.0011483 0.117761 -0.00482658 -0.0703744 -0.0263184 -0.0520827
internal_weight=121379 96170 25209 80952 15218 76857 13095 13811 11398 342 11056 6250 2123 4095
internal_count=121379 96170 25209 80952 15218 76857 13095 13811 11398 342 11056 6250 2123 4095
is_linear=0
shrinkage=0.01


Tree=241
num_leaves=15
num_cat=0
split_feature=31 25 0 10 1 5 0 7 15 26 8 26 39 9
split_gain=217518 176229 129236 121499 101619 95606.5 179638 95273.8 87904.7 87273.9 48287 44739.4 54098.1 39584.1
threshold=44.868715673848762 68.970423766605663 35.400001525878913 1.0000000180025095e-35 -118.21337597412109 1.0000000180025095e-35 34.083213737060554 995.00168000000019 0.086484379132584471 14.897331564280494 0.60355339059327384 28.109316909031744 15.694444444444445 0.25881904510252057
decision_type=2 2 2 2 2 2 2 2 2 2 2 2 2 2
left_child=4 2 13 -4 8 6 -3 -7 10 -10 -1 -6 -13 -2
right_child=1 5 3 -5 11 7 -8 -9 9 -11 -12 12 -14 -15
leaf_value=0.0035817184721300263 0.034563106150904813 -0.032734957081791978 0.0083922252531292568 -0.033059254380212108 0.0077521631218442034 -0.26316125161744452 0.12586877368917815 0.031867138582563286 -0.013568930681328814 -0.042867224905677903 0.082003898987618659 0.55527826941531633 0.06511974621640601 0.0064591773533606497
leaf_weight=2677 12957 938 17058 12078 9084 111 2992 7877 29794 15434 1111 23 1072 8173
leaf_count=2677 12957 938 17058 12078 9084 111 2992 7877 29794 15434 1111 23 1072 8173
internal_value=-1.30709e-12 0.0130611 0.00486392 -0.00879102 -0.0137206 0.0476339 0.0880137 0.0277675 -0.0196913 -0.0235669 0.0265825 0.015031 0.0754153 0.0236926
internal_weight=121379 62184 50266 29136 59195 11918 3930 7988 49016 45228 3788 10179 1095 21130
internal_count=121379 62184 50266 29136 59195 11918 3930 7988 49016 45228 3788 10179 1095 21130
is_linear=0
shrinkage=0.01


Tree=242
num_leaves=15
num_cat=0
split_feature=17 5 0 7 0 9 25 0 0 2 7 2 25 8
split_gain=214506 170946 140474 129572 120631 111293 102136 95934 91652.4 70457.8 69267 51164.6 44577.7 38167.9
threshold=0.006946295837552856 34.500000000000007 37.042691525878915 1006.5004000000001 34.083213737060554 0.25881904510252057 69.333519095265103 36.742692288818368 36.742692288818368 7.4250000000000016 1007.10008 27.925000000000001 60.456250293385921 0.37940952255126054
decision_type=2 2 2 2 2 2 2 2 2 2 2 2 2 2
left_child=2 6 3 5 -5 -1 9 -8 11 -2 -10 -3 13 -4
right_child=1 8 12 4 -6 -7 7 -9 10 -11 -12 -13 -14 -15
leaf_value=0.021341788652773742 0.049918235346418295 -0.019993241689949089 -0.036695191855932355 0.0025099675480619909 0.061283042471885166 -0.021130661763176465 0.010848551806149988 0.10817109026844264 -0.073997620396705446 -0.0085395881032587911 -0.023824898558724144 0.06353796297119893 -0.14579433261036454 0.0067291524391572292
leaf_weight=21158 2192 12758 4800 4977 11706 8709 2809 1584 6789 34708 4627 778 284 3500
leaf_count=21158 2192 12758 4800 4977 11706 8709 2809 1584 6789 34708 4627 778 284 3500
internal_value=8.70505e-12 -0.0121278 0.0145718 0.0214263 0.0437494 0.00895713 0.000359512 0.0459405 -0.0327929 -0.00506697 -0.0536622 -0.0151922 -0.0225991 -0.0183837
internal_weight=121379 66245 55134 46550 16683 29867 41293 4393 24952 36900 11416 13536 8584 8300
internal_count=121379 66245 55134 46550 16683 29867 41293 4393 24952 36900 11416 13536 8584 8300
is_linear=0
shrinkage=0.01


Tree=243
num_leaves=15
num_cat=0
split_feature=31 25 47 7 46 47 11 5 6 7 22 26 39 25
split_gain=212172 170533 98762.7 93496.4 94530.5 90858.6 104278 73711.1 73441.2 68729.6 55669.1 43764 53012.6 36897.2
threshold=44.868715673848762 68.970423766605663 1.0000000180025095e-35 992.80700000000013 1.0000000180025095e-35 1.0000000180025095e-35 -0.5 12.500000000000002 5.4014995000000008 1007.10008 32.272727272727288 28.109316909031744 15.694444444444445 80.902644714736908
decision_type=2 2 2 2 2 2 2 2 2 2 2 2 2 2
left_child=2 5 7 -3 -5 8 -7 10 -2 -9 -1 13 -13 -4
right_child=1 3 11 4 -6 6 -8 9 -10 -11 -12 12 -14 -15
leaf_value=-0.033274086672975586 0.018607944847206733 -0.25017626447337016 0.01485701731167414 0.067510821199410639 0.0049964591359053382 -0.0061772662435012008 0.093447641586484761 -0.045390704342997489 -0.0081884794802285152 -0.011807619763512453 0.0019300308320234908 0.54954074600468505 0.064324314130279905 -0.048334226772002699
leaf_weight=5992 15346 105 8040 8419 3394 1895 2358 14645 30667 10437 17942 23 1072 1044
leaf_count=5992 15346 105 8040 8419 3394 1895 2358 14645 30667 10437 17942 23 1072 1044
internal_value=4.61641e-12 0.0128996 -0.0135509 0.0469091 0.0495498 0.00483597 0.049058 -0.0194372 0.000748515 -0.0314163 -0.0068835 0.0147937 0.0745161 0.00759462
internal_weight=121379 62184 59195 11918 11813 50266 4253 49016 46013 25082 23934 10179 1095 9084
internal_count=121379 62184 59195 11918 11813 50266 4253 49016 46013 25082 23934 10179 1095 9084
is_linear=0
shrinkage=0.01


Tree=244
num_leaves=15
num_cat=0
split_feature=6 22 2 5 0 44 7 8 31 28 11 13 25 27
split_gain=209987 189517 136337 110863 128164 81618.9 80166.1 84267 67294.8 55820.9 40687.1 38356.4 66954.5 30555.9
threshold=13.102098750000001 69.838191803971284 24.425000000000001 1.5000000000000002 36.742692288818368 1.0000000180025095e-35 1007.6001000000001 0.37940952255126054 25.046296296296298 60.137515842839044 0.25000000000000017 -4.6849037743654405 73.149954506018346 62.672685232761289
decision_type=2 2 2 2 2 2 2 2 2 2 2 2 2 2
left_child=1 3 5 9 -5 10 8 -8 -3 -1 -2 -4 -13 -7
right_child=2 6 11 4 -6 13 7 -9 -10 -11 -12 12 -14 -15
leaf_value=0.006428872111956474 -0.015171431319614194 -0.040482969572944255 0.027758267660008006 0.0038584830212154853 -0.029364849602336571 -0.073831183801675013 0.02909438947780571 0.10888390112787645 0.030104639499855972 0.03700172433367005 -0.056584662929313925 -0.023372140241579714 0.23022961525716515 -0.15524783932712843
leaf_weight=25787 6093 1529 3873 27382 20160 3539 2717 2581 11575 7772 3885 3849 107 530
leaf_count=25787 6093 1529 3873 27382 20160 3539 2717 2581 11575 7772 3885 3849 107 530
internal_value=-1.32333e-11 0.00616723 -0.0280516 -0.000406699 -0.0102297 -0.046689 0.0351397 0.067965 0.0218683 0.0135093 -0.0312959 0.00538804 -0.0165128 -0.084436
internal_weight=121379 99503 21876 81101 47542 14047 18402 5298 13104 33559 9978 7829 3956 4069
internal_count=121379 99503 21876 81101 47542 14047 18402 5298 13104 33559 9978 7829 3956 4069
is_linear=0
shrinkage=0.01


Tree=245
num_leaves=15
num_cat=0
split_feature=17 8 11 11 13 0 47 0 20 7 23 0 8 15
split_gain=206918 146715 180233 146636 143109 124556 111031 105513 97585.1 85439.4 48062.8 47925 40969 30755.9
threshold=0.0053866137942757053 0.78656609248549325 0.6830127018922193 -0.5 0.34380600738314443 37.042691525878915 1.0000000180025095e-35 34.083213737060554 107.27889447236181 1006.5004000000001 64.361075904802163 34.083213737060554 0.60355339059327384 0.074725822573987757
decision_type=2 2 2 2 2 2 2 2 2 2 2 2 2 2
left_child=5 3 13 7 -4 8 -5 -2 9 -1 12 -10 -7 -3
right_child=1 2 4 6 -6 10 -8 -9 11 -11 -12 -13 -14 -15
leaf_value=0.010370420630893567 0.04119755854800751 0.08595147320218964 -0.005350457478265941 -0.033645351889130676 0.11312313352291473 -0.033980765300468785 0.013740607888103811 -0.0080952336298054112 -0.026106720566128692 0.044905706651065559 -0.17852945266879178 0.12740777825609978 0.019315395247212735 -0.0046428794160020652
leaf_weight=19300 5798 386 1573 35965 2898 4251 5733 17298 240 11392 187 1332 2183 12843
leaf_count=19300 5798 386 1573 35965 2898 4251 5733 17298 240 11392 187 1332 2183 12843
internal_value=3.71237e-13 -0.0089641 0.0165516 -0.0159343 0.0714414 0.0190172 -0.0271303 0.00427919 0.0271249 0.0231889 -0.0204911 0.10397 -0.0158978 -0.00199949
internal_weight=121379 82494 17700 64794 4471 38885 41698 23096 32264 30692 6621 1572 6434 13229
internal_count=121379 82494 17700 64794 4471 38885 41698 23096 32264 30692 6621 1572 6434 13229
is_linear=0
shrinkage=0.01


Tree=246
num_leaves=15
num_cat=0
split_feature=31 25 0 10 15 0 5 0 7 13 26 31 7 9
split_gain=204989 163382 122297 118137 94720.7 107726 92100.8 172924 91804.2 73069.3 55583.9 51455.3 38159.3 37881
threshold=44.868715673848762 68.970423766605663 35.400001525878913 1.0000000180025095e-35 0.090541616431584551 36.742692288818368 1.0000000180025095e-35 34.083213737060554 1005.00003 -3.9618701456078647 18.737657585108614 23.923611111111118 1009.9001500000001 0.25881904510252057
decision_type=2 2 2 2 2 2 2 2 2 2 2 2 2 2
left_child=4 2 13 -4 10 11 7 -3 -8 -7 -1 -6 -12 -2
right_child=1 6 3 -5 5 9 8 -9 -10 -11 12 -13 -14 -15
leaf_value=0.0031581583757171439 0.033736887546697604 -0.032869895255880188 0.0084471676074283596 -0.032426724750335881 -0.026040462200047281 -0.075801977668732284 -0.0072454304004055748 0.12274158810812265 0.060557560462865478 -0.026110115280719902 0.039392991647007984 0.0021983256981617594 0.13692972667656075 0.0062441892681168645
leaf_weight=2803 12957 938 17058 12078 8848 3524 4016 2992 3972 18461 1089 23835 635 8173
leaf_count=2803 12957 938 17058 12078 8848 3524 4016 2992 3972 18461 1089 23835 635 8173
internal_value=3.39583e-11 0.0126793 0.00478662 -0.00849664 -0.0133196 -0.0169597 0.0459681 0.0856007 0.0264693 -0.0340753 0.0306388 -0.00544653 0.0753186 0.0231028
internal_weight=121379 62184 50266 29136 59195 54668 11918 3930 7988 21985 4527 32683 1724 21130
internal_count=121379 62184 50266 29136 59195 54668 11918 3930 7988 21985 4527 32683 1724 21130
is_linear=0
shrinkage=0.01


Tree=247
num_leaves=15
num_cat=0
split_feature=17 21 19 1 10 10 44 13 0 14 13 13 27 10
split_gain=202950 182475 112546 103638 119310 116034 82791.9 72451.8 87302.2 71804.8 46966.3 39290.9 37514.9 23591
threshold=0.012303702494922266 73.152471482889752 1.9501552152444341 -118.21337597412109 0.68301270189221941 0.25000000000000011 1.0000000180025095e-35 -2.5200018856373521 34.083213737060554 3.5655606295224822 -6.5053823869162359 2.9698514367854227 127.71608040201006 1.0000000180025095e-35
decision_type=2 2 2 2 2 2 2 2 2 2 2 2 2 2
left_child=1 3 6 5 -5 -1 13 9 -9 -3 -4 -8 -12 -2
right_child=2 7 10 4 -6 -7 11 8 -10 -11 12 -13 -14 -15
leaf_value=0.0060596737991175723 -0.045045972288398177 0.032507032283333522 0.036311735139367668 0.014072602593518297 0.1041432253519058 -0.020483722415329302 -0.12229279403450249 -0.0041772351275824416 0.067483612563534287 -0.051379100853699032 -0.01628665566412893 -0.057532023669060683 0.29919560912408327 -0.016172118139619197
leaf_weight=46497 4287 3196 3123 7098 1855 25502 1279 2132 8391 1499 4656 3502 38 8324
leaf_count=46497 4287 3196 3123 7098 1855 25502 1279 2132 8391 1499 4656 3502 38 8324
internal_value=-1.04968e-11 0.00662034 -0.025256 0.000647962 0.0327346 -0.00334198 -0.0394215 0.0383903 0.0529649 0.00572422 0.00626075 -0.0748566 -0.0137327 -0.0259875
internal_weight=121379 96170 25209 80952 8953 71999 17392 15218 10523 4695 7817 4781 4694 12611
internal_count=121379 96170 25209 80952 8953 71999 17392 15218 10523 4695 7817 4781 4694 12611
is_linear=0
shrinkage=0.01


Tree=248
num_leaves=15
num_cat=0
split_feature=31 47 10 47 27 7 5 14 41 21 40 7 11 31
split_gain=199761 142187 145681 109209 105602 93490.1 92857.5 77464.7 58323.6 53410.8 49015.5 40896.2 37739.2 32089.3
threshold=52.308196028728361 1.0000000180025095e-35 0.68301270189221941 1.0000000180025095e-35 130.60929648241208 1004.9004500000001 3.5000000000000004 3.963444403430552 36.102767215885095 32.800925925925931 153.34835479256085 1008.7002800000001 1.0000000180025095e-35 85.875226894930947
decision_type=2 2 2 2 2 2 2 2 2 2 2 2 2 2
left_child=3 2 4 6 -2 12 9 -8 -4 -1 11 -5 -3 -7
right_child=1 5 8 10 -6 13 7 -9 -10 -11 -12 -13 -14 -15
leaf_value=-0.024274118541919916 0.015069494552067821 0.0018024751900116659 0.014089089276979697 0.008373077110234689 0.094012015292194384 0.12323687839498235 -0.016644082887264083 -0.049519238510612129 -0.051454904633500095 0.0067408420293213782 0.19552564548426554 0.064774789669527238 0.082268699099906584 -0.27927225279808043
leaf_weight=7561 31157 1711 1920 11157 1792 2048 26107 9880 4635 20902 152 1453 884 20
leaf_count=7561 31157 1711 1920 11157 1792 2048 26107 9880 4635 20902 152 1453 884 20
internal_value=-1.02951e-11 0.016962 0.0107976 -0.00970264 0.0193629 0.0691858 -0.0149948 -0.0256697 -0.0322567 -0.00149807 0.0170237 0.014872 0.0292137 0.119344
internal_weight=121379 44167 39504 77212 32949 4663 64450 35987 6555 28463 12762 12610 2595 2068
internal_count=121379 44167 39504 77212 32949 4663 64450 35987 6555 28463 12762 12610 2595 2068
is_linear=0
shrinkage=0.01


Tree=249
num_leaves=15
num_cat=0
split_feature=17 5 21 0 13 44 20 7 26 11 22 23 0 8
split_gain=198171 187569 121544 119210 104848 195121 92887.7 82934.4 75856.9 74475.5 57573.4 47368 46212.2 39998.4
threshold=0.0053866137942757053 34.500000000000007 63.677670238506749 37.042691525878915 -1.4399957836446202 1.0000000180025095e-35 107.27889447236181 1006.5004000000001 37.086813248856139 0.6830127018922193 34.537037037037045 64.361075904802163 34.083213737060554 0.60355339059327384
decision_type=2 2 2 2 2 2 2 2 2 2 2 2 2 2
left_child=3 2 10 6 5 -3 7 -1 -4 -6 -2 13 -8 -5
right_child=1 4 8 11 9 -7 12 -9 -10 -11 -12 -13 -14 -15
leaf_value=0.010073436074134039 -0.024629427198122032 -0.027853143836205425 0.028123622519747982 -0.033347630920767139 -0.025483004331688069 -0.11318801780709124 -0.026215796967657905 0.044098678655823738 0.18557973059869948 0.020259070300636596 0.0024376063688489971 -0.17693196394425983 0.12453064281974469 0.019313437085683179
leaf_weight=19300 10813 13107 10671 4251 9902 3368 240 11392 315 5557 28761 187 1332 2183
leaf_count=19300 10813 13107 10671 4251 9902 3368 240 11392 315 5557 28761 187 1332 2183
internal_value=1.11939e-11 -0.0087726 0.00321113 0.0186109 -0.027746 -0.0452982 0.0265427 0.0227026 0.0326383 -0.00904024 -0.00495805 -0.0200401 0.101516 -0.0154802
internal_weight=121379 82494 50560 38885 31934 16475 32264 30692 10986 15459 39574 6621 1572 6434
internal_count=121379 82494 50560 38885 31934 16475 32264 30692 10986 15459 39574 6621 1572 6434
is_linear=0
shrinkage=0.01


Tree=250
num_leaves=15
num_cat=0
split_feature=17 31 11 0 7 44 9 22 26 41 0 31 25 20
split_gain=196160 176347 121963 104688 144991 98669 89136.9 84714.6 81575.7 52161.4 48411 45302.5 39329.6 37665.2
threshold=0.012303702494922266 57.153147444021982 -0.5 37.042691525878915 1004.7003700000001 1.0000000180025095e-35 0.78656609248549303 68.733494642239904 40.72839735990835 53.236388360794258 34.083213737060554 37.789351851851855 60.456250293385921 73.101235741444881
decision_type=2 2 2 2 2 2 2 2 2 2 2 2 2 2
left_child=1 6 8 4 -3 -4 7 -1 10 -10 -2 -8 -5 -7
right_child=2 3 5 12 -6 13 11 -9 9 -11 -12 -13 -14 -15
leaf_value=-0.0019315797342296763 0.03299532342298326 0.011588768321318537 -0.02869666741745136 -0.023065079668192 0.062075237464716951 -0.079042035751812512 -0.045776591776609699 0.029848557243843481 -0.023096966009873609 0.53727358226947808 -0.014708198103810107 -0.0061793815967815229 -0.15885195131883148 -0.19040637973751762
leaf_weight=49646 2839 11966 10129 1799 10843 3348 6053 10093 26 46 8487 5528 242 334
leaf_count=49646 2839 11966 10129 1799 10843 3348 6053 10093 26 46 8487 5528 242 334
internal_value=-7.7073e-12 0.00650866 -0.0248299 0.0294494 0.0355892 -0.0448119 -0.00148456 0.00343773 -0.000617713 0.334918 -0.00275073 -0.0268755 -0.0391652 -0.0891441
internal_weight=121379 96170 25209 24850 22809 13811 71320 59739 11398 72 11326 11581 2041 3682
internal_count=121379 96170 25209 24850 22809 13811 71320 59739 11398 72 11326 11581 2041 3682
is_linear=0
shrinkage=0.01


Tree=251
num_leaves=15
num_cat=0
split_feature=6 1 10 1 11 11 44 5 13 25 13 0 23 19
split_gain=192980 172706 170357 162693 106242 103151 96441.9 78640.7 65825.3 44470.5 63087.4 47453.3 32963.6 25783.8
threshold=13.102098750000001 -118.21337597412109 0.25000000000000011 -119.7866065258789 -0.5 -0.68301270189221952 1.0000000180025095e-35 19.500000000000004 -3.5988016550849666 78.136547381822012 7.2831912608990326 34.083213737060554 84.800738483290999 1.8643507691500105
decision_type=2 2 2 2 2 2 2 2 2 2 2 2 2 2
left_child=1 2 3 -1 9 -3 13 -4 -7 11 -11 -2 -8 -6
right_child=4 5 7 -5 6 8 12 -9 -10 10 -12 -13 -14 -15
leaf_value=-0.015418374458168483 0.031631582397132568 -0.010501424944570599 0.00010633962144698599 0.021648403107022058 -0.037744001122269361 0.01520687842167557 -0.088154061359704119 -0.03343277216625562 0.068994547233822423 -0.019200627274238147 0.30384468357647415 -0.01907180938975802 -0.2592269338043327 0.0076066704996763518
leaf_weight=16874 2490 3337 12068 39702 7361 3235 3019 16618 7669 130 113 7135 117 1511
leaf_count=16874 2490 3337 12068 39702 7361 3235 3019 16618 7669 130 113 7135 117 1511
internal_value=-1.10173e-12 0.00591221 0.000527934 0.0105931 -0.0268917 0.0381483 -0.0468693 -0.0193231 0.0530368 -0.00258171 0.131022 -0.00595478 -0.0945366 -0.0300203
internal_weight=121379 99503 85262 56576 21876 14241 12008 28686 10904 9868 243 9625 3136 8872
internal_count=121379 99503 85262 56576 21876 14241 12008 28686 10904 9868 243 9625 3136 8872
is_linear=0
shrinkage=0.01


Tree=252
num_leaves=15
num_cat=0
split_feature=31 21 2 0 6 4 10 8 0 14 2 47 47 33
split_gain=191236 147097 98224 97789 77855 76006.4 74166.3 65165 62220.1 61587.5 55216.4 41059 25407.1 21781.4
threshold=44.868715673848762 70.397127165188024 7.4250000000000016 36.742692288818368 5.7088283000000013 1.0000000180025095e-35 -0.93301270189221908 0.60355339059327384 35.400001525878913 3.599995542082405 26.025000000000002 1.0000000180025095e-35 1.0000000180025095e-35 85.293641846749608
decision_type=2 2 2 2 2 2 2 2 2 2 2 2 2 2
left_child=2 4 7 10 11 6 -3 13 -6 -5 -4 -2 -9 -1
right_child=1 5 3 9 8 -7 -8 12 -10 -11 -12 -13 -14 -15
leaf_value=0.01210250511908087 0.016266809894644615 -0.038347117848399455 -0.010706115800623306 -0.025317387030279682 0.01258957127962934 -0.073766722557268946 0.053135436869006826 0.077229938110121715 -0.016402352936458756 -0.070110049090446117 0.027221394650697232 0.069820540249744115 0.23387628177625941 -0.13246355923237624
leaf_weight=2978 15827 957 28252 18380 12014 549 11978 1237 19285 3685 4442 1574 113 108
leaf_count=2978 15827 957 28252 18380 12014 549 11978 1237 19285 3685 4442 1574 113 108
internal_value=-5.23821e-13 0.0122466 -0.012865 -0.0165314 0.00415368 0.0414758 0.0463671 0.0323933 -0.00527392 -0.0327981 -0.00555306 0.021111 0.0903418 0.00704316
internal_weight=121379 62184 59195 54759 48700 13484 12935 4436 31299 22065 32694 17401 1350 3086
internal_count=121379 62184 59195 54759 48700 13484 12935 4436 31299 22065 32694 17401 1350 3086
is_linear=0
shrinkage=0.01


Tree=253
num_leaves=15
num_cat=0
split_feature=17 5 21 0 0 7 7 0 10 9 14 2 8 7
split_gain=188548 180978 115595 113272 95304.1 99251.5 89675.9 90832.1 75267.9 71805.4 53381.3 51855.8 39725.4 19429.5
threshold=0.0053866137942757053 34.500000000000007 63.677670238506749 37.042691525878915 36.742692288818368 1007.10008 1005.00003 34.083213737060554 -0.93301270189221908 0.25881904510252057 -0.34761455386701229 27.925000000000001 0.60355339059327384 1015.5141000000001
decision_type=2 2 2 2 2 2 2 2 2 2 2 2 2 2
left_child=3 2 10 6 11 -6 9 -8 -4 -1 -2 -3 -5 -14
right_child=1 4 8 12 5 -7 7 -9 -10 -11 -12 -13 13 -15
leaf_value=0.021478371983881476 -0.010942162745324122 -0.015668393945742428 -0.044378600629632559 -0.037025932390353837 -0.070146891985457774 -0.016702250421793456 0.0093658006539668257 0.059725946074262994 0.040892769827335668 -0.027050959385822665 0.017039918339439696 0.063969910933654561 -0.005183689101729603 0.058295098678036672
leaf_weight=12198 30820 16974 1157 4383 7894 6207 5412 10589 9829 4065 8754 859 1535 703
leaf_count=12198 30820 16974 1157 4383 7894 6207 5412 10589 9829 4065 8754 859 1535 703
internal_value=1.31893e-11 -0.00855694 0.00321438 0.0181534 -0.0271941 -0.0466215 0.0258851 0.0426927 0.0319123 0.00934828 -0.00475236 -0.0118323 -0.0195228 0.0147563
internal_weight=121379 82494 50560 38885 31934 14101 32264 16001 10986 16263 39574 17833 6621 2238
internal_count=121379 82494 50560 38885 31934 14101 32264 16001 10986 16263 39574 17833 6621 2238
is_linear=0
shrinkage=0.01


Tree=254
num_leaves=15
num_cat=0
split_feature=31 25 1 2 11 7 46 1 26 8 26 3 26 26
split_gain=186489 147720 111709 95865.6 93931.6 89325.1 86831.4 85379.7 80137.6 63896.3 35624.1 34304.5 29803.3 22224.8
threshold=44.868715673848762 68.970423766605663 -118.99998249999999 7.4250000000000016 0.6830127018922193 992.80700000000013 1.0000000180025095e-35 -118.21337597412109 14.897331564280494 0.60355339059327384 27.660310883241461 72.95244000000001 18.737657585108614 18.149667780883
decision_type=2 2 2 2 2 2 2 2 2 2 2 2 2 2
left_child=3 2 4 9 -2 -3 -7 8 -5 13 -9 -4 -11 -1
right_child=1 5 11 7 -6 6 -8 10 -10 12 -12 -13 -14 -15
leaf_value=-0.015536955707756 -0.017474301719372923 -0.24663582283258439 0.03343060369366261 -0.012565872099428227 0.026308219643348889 0.063541868756121889 0.0036273175072054306 0.0038816062587958135 -0.040742722148770442 0.050370807165841809 0.066073630035006825 0.0077730932373385134 0.14596896663260817 0.038995713535021612
leaf_weight=1816 22902 105 11794 29648 6234 8419 3394 8778 15304 799 1029 9336 551 1270
leaf_count=1816 22902 105 11794 29648 6234 8419 3394 8778 15304 799 1029 9336 551 1270
internal_value=-1.29545e-11 0.0120937 0.00458877 -0.0127043 -0.0081065 0.0437467 0.0463278 -0.0163264 -0.0221587 0.0320074 0.0104071 0.0220942 0.089389 0.0069052
internal_weight=121379 62184 50266 59195 29136 11918 11813 54759 44952 4436 9807 21130 1350 3086
internal_count=121379 62184 50266 59195 29136 11918 11813 54759 44952 4436 9807 21130 1350 3086
is_linear=0
shrinkage=0.01


Tree=255
num_leaves=15
num_cat=0
split_feature=17 31 2 47 48 7 5 44 23 7 11 13 24 13
split_gain=184782 167147 122143 115586 96643.4 148304 79406.3 73646.2 63602.5 56233.1 39537.1 33476.4 34214.6 25787
threshold=0.013075316571797601 55.287213068581906 24.525000000000002 1.0000000180025095e-35 1.0000000180025095e-35 1004.7003700000001 11.500000000000002 1.0000000180025095e-35 64.361075904802163 1008.7002800000001 0.25000000000000017 -5.4000089744729483 27.662270650114365 2.9698514367854227
decision_type=2 2 2 2 2 2 2 2 2 2 2 2 2 2
left_child=1 3 7 6 5 -3 -1 10 -6 -5 -2 -4 -13 -9
right_child=2 4 11 9 8 -7 -8 13 -10 -11 -12 12 -14 -15
leaf_value=0.0033797958234113462 -0.013411343047913476 0.0094988246847870633 0.026595024159043114 0.017465135533305948 -0.014070745159130506 0.056304259615534057 -0.019987880762609038 -0.12063274332121833 -0.16616022391218191 0.081662105872222904 -0.054251031469814678 -0.018998750468859064 0.19953149473626319 -0.064235659512590304
leaf_weight=28791 6133 14600 3828 9845 2373 12622 29383 1111 311 1584 3864 3861 73 3000
leaf_count=28791 6133 14600 3828 9845 2373 12622 29383 1111 311 1584 3864 3861 73 3000
internal_value=5.38303e-12 0.0057843 -0.0263187 -0.00271108 0.0255564 0.0312011 -0.00842294 -0.043848 -0.0316936 0.0263625 -0.0291965 0.00554205 -0.0149437 -0.079477
internal_weight=121379 99509 21870 69603 29906 27222 58174 14108 2684 11429 9997 7762 3934 4111
internal_count=121379 99509 21870 69603 29906 27222 58174 14108 2684 11429 9997 7762 3934 4111
is_linear=0
shrinkage=0.01


Tree=256
num_leaves=15
num_cat=0
split_feature=17 8 11 11 13 0 1 0 7 0 9 23 8 26
split_gain=182452 139873 170060 139247 133933 108850 98291.8 97625.9 86276.9 88327.2 70135.8 45428.4 38223.5 33177.4
threshold=0.0053866137942757053 0.78656609248549325 0.6830127018922193 -0.5 0.34380600738314443 37.042691525878915 -118.21337597412109 34.083213737060554 1005.00003 34.083213737060554 0.25881904510252057 64.361075904802163 0.60355339059327384 32.067802345928975
decision_type=2 2 2 2 2 2 2 2 2 2 2 2 2 2
left_child=5 3 13 7 -4 8 -5 -2 10 -10 -1 12 -7 -3
right_child=1 2 4 6 -6 11 -8 -9 9 -11 -12 -13 -14 -15
leaf_value=0.021204710356887157 0.039986257316115291 -0.003739552732481108 -0.0044751087571295936 -0.032263411256048903 0.1101377169054171 -0.032076828569921764 0.01232122353753232 -0.0074285285540900085 0.0090587048988665583 0.058719592300134044 -0.026757097722865913 -0.1727221427744573 0.019402532362525468 0.11166258838233047
leaf_weight=12198 5798 12975 1573 35965 2898 4251 5733 17298 5412 10589 4065 187 2183 254
leaf_count=12198 5798 12975 1573 35965 2898 4251 5733 17298 5412 10589 4065 187 2183 254
internal_value=-1.94791e-11 -0.0084175 0.0164961 -0.0152232 0.0698143 0.0178576 -0.0261335 0.00447444 0.0254369 0.0419228 0.00921647 -0.019076 -0.0146103 -0.0015238
internal_weight=121379 82494 17700 64794 4471 38885 41698 23096 32264 16001 16263 6621 6434 13229
internal_count=121379 82494 17700 64794 4471 38885 41698 23096 32264 16001 16263 6621 6434 13229
is_linear=0
shrinkage=0.01


Tree=257
num_leaves=15
num_cat=0
split_feature=6 31 2 1 1 7 5 44 26 26 41 0 11 27
split_gain=180286 162675 120252 111448 97053.1 137412 78040.2 71424.1 62437 61966.4 58316.5 38753.4 37863.6 30053
threshold=13.102098750000001 55.287213068581906 24.425000000000001 -118.21337597412109 -119.7866065258789 1004.7003700000001 11.500000000000002 1.0000000180025095e-35 40.72839735990835 9.8269913953113406 54.358470637938332 35.400001525878913 0.25000000000000017 62.672685232761289
decision_type=2 2 2 2 2 2 2 2 2 2 2 2 2 2
left_child=1 3 7 6 -3 -6 -1 12 11 -5 -10 -4 -2 -9
right_child=2 4 8 9 5 -7 -8 13 10 -11 -12 -13 -14 -15
leaf_value=0.0034236702794254587 -0.013540985986482472 -0.012977649957297289 0.025562611738645106 -0.021906859163704301 0.012174730847420814 0.059776419739841151 -0.019746740454470762 -0.068289358318838714 -0.012772086019869205 0.037225553823807531 0.61827925026416775 -0.019106506987775829 -0.053491417760019852 -0.14903322715487963
leaf_weight=28775 6093 5444 3837 2193 13408 11072 29376 3539 27 9235 32 3933 3885 530
leaf_count=28775 6093 5444 3837 2193 13408 11072 29376 3539 27 9235 32 3933 3885 530
internal_value=1.31333e-12 0.00571445 -0.0259922 -0.00267075 0.0252116 0.0337044 -0.00828127 -0.0434956 0.00541294 0.0258782 0.329493 0.0029521 -0.0290959 -0.0788065
internal_weight=121379 99503 21876 69579 29924 24480 58151 14047 7829 11428 59 7770 9978 4069
internal_count=121379 99503 21876 69579 29924 24480 58151 14047 7829 11428 59 7770 9978 4069
is_linear=0
shrinkage=0.01


Tree=258
num_leaves=15
num_cat=0
split_feature=6 22 2 5 0 4 0 7 26 41 42 0 0 2
split_gain=176698 158999 117876 94921.1 88156.6 80536.8 64589.5 63726.8 61083.1 57156 45977.9 37216.9 28968.4 27701.9
threshold=13.102098750000001 64.624049429657802 24.525000000000002 3.5000000000000004 34.083213737060554 1.0000000180025095e-35 37.042691525878915 1000.4997250000001 40.72839735990835 54.358470637938332 1.0000000180025095e-35 35.400001525878913 36.742692288818368 7.6250000000000009
decision_type=2 2 2 2 2 2 2 2 2 2 2 2 2 2
left_child=1 5 10 4 -3 6 -1 -5 11 -10 -2 -4 -12 -7
right_child=2 3 8 7 -6 13 -8 -9 9 -11 12 -13 -14 -15
leaf_value=0.0049189759967837223 -0.024097246911199327 0.0044462199129210239 0.025468914563007018 -0.041135514863406657 0.070084045739913073 0.043366012714838809 -0.020870817247801578 0.019402753723445684 -0.012644364304012723 0.612096455693245 -0.038002787936859697 -0.018583691031691274 -0.077912083358711415 -0.05469070474858944
leaf_weight=58248 6778 2874 3794 1989 7104 314 11654 13826 27 32 3272 3878 4095 3494
leaf_count=58248 6778 2874 3794 1989 7104 314 11654 13826 27 32 3272 3878 4095 3494
internal_value=-1.08358e-12 0.00565731 -0.0257323 0.0270267 0.0511781 -0.00182038 0.000619324 0.0117891 0.00566643 0.326198 -0.0428933 0.00320145 -0.0601867 -0.0466051
internal_weight=121379 99503 21876 25793 9978 73710 69902 15815 7731 59 14145 7672 7367 3808
internal_count=121379 99503 21876 25793 9978 73710 69902 15815 7731 59 14145 7672 7367 3808
is_linear=0
shrinkage=0.01


Tree=259
num_leaves=15
num_cat=0
split_feature=31 25 2 7 46 47 26 47 26 6 8 26 26 16
split_gain=175711 138898 93330.9 86342 83477 78318.8 99421.8 78191.8 77598.9 62452.1 62095.7 34679.1 28970.2 26139.7
threshold=44.868715673848762 68.970423766605663 7.4250000000000016 992.80700000000013 1.0000000180025095e-35 1.0000000180025095e-35 13.02484221588209 1.0000000180025095e-35 14.897331564280494 5.4014995000000008 0.60355339059327384 27.660310883241461 18.737657585108614 0.050610386249999355
decision_type=2 2 2 2 2 2 2 2 2 2 2 2 2 2
left_child=2 5 10 -3 -5 9 -7 8 -4 -2 13 -9 -12 -1
right_child=1 3 7 4 -6 6 -8 11 -10 -11 12 -13 -14 -15
leaf_value=0.1008398620061219 0.017135890524320522 -0.24306020303070547 -0.012047360993120941 0.06184821110562326 0.003102349658333683 -0.0023444561949994822 0.094359713815440241 0.0032394855925532689 -0.039774306577709632 -0.0075745591786686032 0.049883215435378013 0.064601038500731789 0.14413582301561717 -0.0019912876569935607
leaf_weight=271 15346 105 29648 8419 3394 2148 2105 8778 15304 30667 799 1029 551 2815
leaf_count=271 15346 105 29648 8419 3394 2148 2105 8778 15304 30667 799 1029 551 2815
internal_value=5.94008e-13 0.011739 -0.0123317 0.0424323 0.0449699 0.00446166 0.0455188 -0.0159056 -0.0214871 0.000666733 0.0317849 0.00967785 0.0883522 0.00703893
internal_weight=121379 62184 59195 11918 11813 50266 4253 54759 44952 46013 4436 9807 1350 3086
internal_count=121379 62184 59195 11918 11813 50266 4253 54759 44952 46013 4436 9807 1350 3086
is_linear=0
shrinkage=0.01


Tree=260
num_leaves=15
num_cat=0
split_feature=17 8 2 11 13 22 0 7 11 13 20 23 10 24
split_gain=174433 129181 185056 159902 140812 114595 75499.3 85412.2 69652.1 65421 51196.9 50388 44151.6 36794.5
threshold=0.0067837024787301579 0.60355339059327384 25.675000000000001 0.6830127018922193 -0.70697448646820094 72.829531051964537 37.042691525878915 1007.10008 -0.24999999999999994 -4.9740148274120797 112.86013400335007 64.361075904802163 -0.6830127018922193 41.565554452864454
decision_type=2 2 2 2 2 2 2 2 2 2 2 2 2 2
left_child=5 2 8 13 -5 6 7 -1 -2 -4 -7 -8 -12 -3
right_child=1 3 9 4 -6 10 11 -9 -10 -11 12 -13 -14 -15
leaf_value=0.0029106795483780997 -0.012376744090212485 -0.0060783107768907739 0.040483155559451929 -0.015354184631816691 0.10040219961594586 0.036321577939230396 -0.016439572344180805 0.036585633385156045 -0.041682434207421334 -0.0058503520899995101 0.22928928956644151 -0.17053071988216784 0.076509956373779331 0.19559376482780164
leaf_weight=24896 12596 15450 5227 1581 3134 8091 7994 10799 22773 7308 234 218 987 91
leaf_count=24896 12596 15450 5227 1581 3134 8091 7994 10799 22773 7308 234 218 987 91
internal_value=-3.50749e-12 -0.0105928 -0.0195449 0.0105783 0.0615876 0.0135667 0.00680891 0.0130985 -0.0312458 0.0134704 0.0454303 -0.0205302 0.10579 -0.00489742
internal_weight=121379 68160 47904 20256 4715 53219 43907 35695 35369 12535 9312 8212 1221 15541
internal_count=121379 68160 47904 20256 4715 53219 43907 35695 35369 12535 9312 8212 1221 15541
is_linear=0
shrinkage=0.01


Tree=261
num_leaves=15
num_cat=0
split_feature=17 8 11 2 0 20 7 44 17 8 23 0 8 2
split_gain=171464 134144 162147 155180 101764 84180.9 74798.9 74079.9 73779.8 64201.2 43945.9 43732.7 37263.9 32557.7
threshold=0.0053866137942757053 0.78656609248549325 0.6830127018922193 25.675000000000001 37.042691525878915 107.27889447236181 1006.5004000000001 1.0000000180025095e-35 0.012972811549054572 -0.70710678118654735 64.361075904802163 34.083213737060554 0.60355339059327384 5.9750000000000005
decision_type=2 2 2 2 2 2 2 2 2 2 2 2 2 2
left_child=4 3 13 8 5 6 -1 -4 -2 -5 12 -7 -6 -3
right_child=1 2 7 9 10 11 -8 -9 -10 -11 -12 -13 -14 -15
leaf_value=0.0089905169475056543 -0.016100933696290259 0.089865718268348202 0.036990537545032037 0.038612533879281201 -0.031253356589714225 -0.028244745852425694 0.041303840940225232 0.12121945787885223 -0.04383758118745134 -0.0035600418172831872 -0.16951788021480657 0.11840172052774969 0.019575758850337629 -0.0040556103957813377
leaf_weight=19300 36787 380 2809 6021 4251 240 11392 1662 12972 9014 187 1332 2183 12849
leaf_count=19300 36787 380 2809 6021 4251 240 11392 1662 12972 9014 187 1332 2183 12849
internal_value=-2.18665e-11 -0.00816009 0.0162379 -0.014825 0.0173115 0.0246399 0.0209843 0.0683009 -0.0233318 0.0133286 -0.0183996 0.0960129 -0.0140075 -0.00135774
internal_weight=121379 82494 17700 64794 38885 32264 30692 4471 49759 15035 6621 1572 6434 13229
internal_count=121379 82494 17700 64794 38885 32264 30692 4471 49759 15035 6621 1572 6434 13229
is_linear=0
shrinkage=0.01


Tree=262
num_leaves=15
num_cat=0
split_feature=17 8 11 2 13 0 20 0 13 9 0 26 8 25
split_gain=168052 131909 186349 174955 166088 99739.2 82505.7 69258.3 68166.2 59599.9 42862.4 41862.4 37089.3 21198.9
threshold=0.0053866137942757053 0.60355339059327384 0.6830127018922193 25.675000000000001 0.41533564198355633 37.042691525878915 107.27889447236181 35.400001525878913 -4.4999998777574133 0.25881904510252057 34.083213737060554 32.067802345928975 0.60355339059327384 60.828650894240255
decision_type=2 2 2 2 2 2 2 2 2 2 2 2 2 2
left_child=5 3 11 7 -4 6 9 -2 -5 -1 -8 -3 13 -7
right_child=1 2 4 8 -6 12 10 -9 -10 -11 -12 -13 -14 -15
leaf_value=0.029738446169211535 -0.011720332901331985 -0.0065822234638457456 -0.0098603443392909149 0.041561221368036548 0.098372775435930787 -0.03120755659374224 -0.027962297710900502 -0.037186800063133733 -0.0034816161971547191 -0.00088857814771211674 0.11721770434887162 0.10260413843337135 0.01490647129045335 -0.15849424801711684
leaf_weight=21709 18694 18341 2227 5550 3902 4248 240 24908 8514 8983 1332 358 2238 135
leaf_count=21709 18694 18341 2227 5550 3902 4248 240 24908 8514 8983 1332 358 2238 135
internal_value=2.43885e-11 -0.00807849 0.011193 -0.0163758 0.0590458 0.0171384 0.0243935 -0.0262683 0.0142934 0.0207745 0.0950528 -0.00449181 -0.0182156 -0.0351281
internal_weight=121379 82494 24828 57666 6129 38885 32264 43602 14064 30692 1572 18699 6621 4383
internal_count=121379 82494 24828 57666 6129 38885 32264 43602 14064 30692 1572 18699 6621 4383
is_linear=0
shrinkage=0.01


Tree=263
num_leaves=15
num_cat=0
split_feature=31 21 7 15 5 44 7 22 17 8 10 47 16 11
split_gain=168268 128777 87873.5 87244.2 81189.2 76863.1 72234.8 68885.8 68728.3 65636.6 57102.8 36115.1 31791.8 30615.7
threshold=44.868715673848762 70.397127165188024 992.80700000000013 0.10702062951438722 12.500000000000002 1.0000000180025095e-35 1005.2002000000001 32.272727272727288 0.0055950944802209543 0.60355339059327384 -0.24999999999999994 1.0000000180025095e-35 0.14703508250000027 0.93301270189221952
decision_type=2 2 2 2 2 2 2 2 2 2 2 2 2 2
left_child=3 8 -3 9 7 -6 -4 -5 11 12 -10 -2 -1 -11
right_child=1 2 6 4 5 -7 -8 -9 10 13 -12 -13 -14 -15
leaf_value=0.065956436937332455 0.015530900044674457 -0.26263212559123833 0.019570532704817914 -0.034990544797241216 -0.020193328621364182 -0.062764603779527375 0.06617825798528075 0.0046560650985216744 0.0080403304174087274 0.050740093065759134 -0.018851066129388385 0.066453852642047548 -0.010620838267723849 0.15307954185733294
leaf_weight=631 15521 96 7233 5578 21213 5301 6155 20447 16532 1827 15117 1530 3850 348
leaf_count=631 15521 96 7233 5578 21213 5301 6155 20447 16532 1827 15117 1530 3850 348
internal_value=1.07049e-11 0.0114877 0.0388363 -0.0120677 -0.0163888 -0.0287047 0.040998 -0.00384149 0.00391541 0.0220406 -0.00480422 0.0201003 0.000162527 0.0671144
internal_weight=121379 62184 13484 59195 52539 26514 13388 26025 48700 6656 31649 17051 4481 2175
internal_count=121379 62184 13484 59195 52539 26514 13388 26025 48700 6656 31649 17051 4481 2175
is_linear=0
shrinkage=0.01


Tree=264
num_leaves=15
num_cat=0
split_feature=6 1 5 18 21 2 26 44 13 26 41 13 20 30
split_gain=165282 149695 133800 123850 110819 109954 98041.8 68106 64507.1 59578.9 55839.4 39771.4 30030.9 22005.8
threshold=13.102098750000001 -118.21337597412109 19.500000000000004 0.15000000000000002 73.264258555133097 24.425000000000001 9.8269913953113406 1.0000000180025095e-35 -2.5200018856373521 40.72839735990835 54.358470637938332 -4.6849037743654405 65.727099896301425 61.643060836501917
decision_type=2 2 2 2 2 2 2 2 2 2 2 2 2 2
left_child=1 2 4 -4 -1 7 -3 13 -8 11 -11 -7 -9 -2
right_child=5 6 3 -5 -6 9 8 12 -10 10 -12 -13 -14 -15
leaf_value=0.0068028680473552474 -0.015067511947941288 -0.021907870041089336 0.040889659284966087 -0.018796944599926139 0.057727304492904967 0.025550692596419868 0.018223214134080717 -0.066839597890909833 0.066198205352754225 -0.013198421884466101 0.60430539131164551 -0.019699406679218004 -0.15575898848544315 -0.045212768664772938
leaf_weight=40889 5842 2462 3851 35750 4772 3853 4596 3645 7183 27 32 3917 424 4136
leaf_count=40889 5842 2462 3851 35750 4772 3853 4596 3645 7183 27 32 3917 424 4136
internal_value=-1.17777e-11 0.0054715 0.000458733 -0.0129927 0.0121249 -0.0248871 0.0354834 -0.0416243 0.047479 0.00514314 0.321719 0.00273928 -0.0761052 -0.0275631
internal_weight=121379 99503 85262 39601 45661 21876 14241 14047 11779 7829 59 7770 4069 9978
internal_count=121379 99503 85262 39601 45661 21876 14241 14047 11779 7829 59 7770 4069 9978
is_linear=0
shrinkage=0.01


Tree=265
num_leaves=15
num_cat=0
split_feature=31 25 0 10 2 5 0 0 11 13 8 14 9 26
split_gain=164120 128995 100224 106842 88799 84760.4 160951 83164.1 74902.3 63850.9 58213 55386.3 35007.3 27817.5
threshold=44.868715673848762 68.970423766605663 35.400001525878913 1.0000000180025095e-35 7.4250000000000016 1.0000000180025095e-35 34.083213737060554 36.742692288818368 -0.24999999999999994 -3.9618701456078647 0.60355339059327384 7.8935935499257051 0.25881904510252057 18.737657585108614
decision_type=2 2 2 2 2 2 2 2 2 2 2 2 2 2
left_child=4 2 12 -4 10 6 -3 8 -6 -9 -1 -7 -2 -12
right_child=1 5 3 -5 7 11 -8 9 -10 -11 13 -13 -14 -15
leaf_value=0.0071543220299334111 0.031135949991205728 -0.03535099073845361 0.0084206326616201484 -0.030450293818220172 0.012334500429895884 0.029668329404828123 0.11477660242751686 -0.06931944236224899 -0.018286382175622007 -0.022968905702645245 0.048188520570347393 -0.07085364680334523 0.0047066377267976694 0.14054698788819533
leaf_weight=3086 12957 938 17058 12078 13887 7396 2992 3540 18807 18525 799 592 8173 551
leaf_count=3086 12957 938 17058 12078 13887 7396 2992 3540 18807 18525 799 592 8173 551
internal_value=-1.86254e-11 0.0113452 0.00433208 -0.00769287 -0.0119181 0.0409241 0.0789446 -0.0154041 -0.00527995 -0.0304052 0.0311141 0.0222185 0.0209132 0.0858845
internal_weight=121379 62184 50266 29136 59195 11918 3930 54759 32694 22065 4436 7988 21130 1350
internal_count=121379 62184 50266 29136 59195 11918 3930 54759 32694 22065 4436 7988 21130 1350
is_linear=0
shrinkage=0.01


Tree=266
num_leaves=15
num_cat=0
split_feature=6 22 5 11 0 4 11 17 42 0 23 0 45 13
split_gain=160714 142504 97932.1 93556.2 79951 73785.6 67895.8 56559.3 43581.6 44916.8 35011.6 37809.6 27624.2 23820.5
threshold=13.102098750000001 63.147528517110281 3.5000000000000004 -0.5 34.083213737060554 1.0000000180025095e-35 0.93301270189221952 0.0053866137942757053 1.0000000180025095e-35 36.742692288818368 90.56223902128535 34.083213737060554 1.0000000180025095e-35 7.2831912608990326
decision_type=2 2 2 2 2 2 2 2 2 2 2 2 2 2
left_child=1 5 4 10 -3 6 -1 -4 -5 -10 11 -2 -7 -12
right_child=3 2 7 8 -6 12 -8 -9 9 -11 13 -13 -14 -15
leaf_value=-0.0029793813011727423 0.029476779017801963 0.0061043838077746897 0.029054517548266389 -0.022905360483166475 0.064766491173025659 -0.057372774975919728 0.031941986175455836 -0.0071664312976674992 -0.035180813884336214 -0.088139645863480012 -0.019817155914174184 -0.01531699468249236 0.018382407324535933 0.30263937271776653
leaf_weight=61168 2550 3300 7956 5599 7850 3125 6125 9410 3273 3136 36 7219 569 63
leaf_count=61168 2550 3300 7956 5599 7850 3125 6125 9410 3273 3136 36 7219 569 63
internal_value=1.13162e-11 0.00539536 0.024277 -0.0245408 0.0474046 -0.00218953 0.000199157 0.00942771 -0.0432878 -0.0610942 -0.00172829 -0.00362449 -0.0457039 0.185382
internal_weight=121379 99503 28516 21876 11150 70987 67293 17366 12008 6409 9868 9769 3694 99
internal_count=121379 99503 28516 21876 11150 70987 67293 17366 12008 6409 9868 9769 3694 99
is_linear=0
shrinkage=0.01


Tree=267
num_leaves=15
num_cat=0
split_feature=31 25 0 11 9 7 0 47 14 16 8 9 31 32
split_gain=159843 125050 97862.5 87276 84037.9 82173.3 78044.5 60185.2 51549.6 46572.8 37169.3 34236.7 32449.5 29541.3
threshold=44.868715673848762 68.970423766605663 35.400001525878913 0.6830127018922193 0.60355339059327384 992.80700000000013 34.083213737060554 1.0000000180025095e-35 2.4969522258922052 0.17545730500000015 0.37940952255126054 0.25881904510252057 22.268518518518523 16.759259259259263
decision_type=2 2 2 2 2 2 2 2 2 2 2 2 2 2
left_child=4 2 11 -4 7 -3 -7 9 12 -1 -10 -2 -6 -9
right_child=1 5 3 -5 8 6 -8 13 10 -11 -12 -13 -14 -15
leaf_value=0.05387398890545797 0.030785575510802712 -0.23819576417264487 -0.016620920233276996 0.025581979900675091 -0.047953098839539771 0.0023128332564950676 0.059115005388680267 0.072534074788313141 -0.093711430952682861 -0.011320520532024805 -0.011387535504953458 0.0046487430339820649 -0.014787066928028446 0.01470500913364392
leaf_weight=1135 12957 105 22902 6234 3816 3394 8419 1040 1882 31684 774 8173 12999 5865
leaf_count=1135 12957 105 22902 6234 3816 3394 8419 1040 1882 31684 774 8173 12999 5865
internal_value=4.07566e-11 0.0111964 0.00429134 -0.0075911 -0.0117618 0.0403196 0.0427951 -0.0034199 -0.0287805 -0.00906586 -0.069721 0.020676 -0.0223138 0.023415
internal_weight=121379 62184 50266 29136 59195 11918 11813 39724 19471 32819 2656 21130 16815 6905
internal_count=121379 62184 50266 29136 59195 11918 11813 39724 19471 32819 2656 21130 16815 6905
is_linear=0
shrinkage=0.01


Tree=268
num_leaves=15
num_cat=0
split_feature=31 1 7 10 0 2 0 11 14 9 7 9 1 26
split_gain=156662 121194 195554 157217 142309 86194.7 80265 72901.9 55285.7 45844.7 30106.2 29562.6 27490.4 23008.2
threshold=44.868715673848762 -119.7866065258789 1005.2002000000001 0.25000000000000011 34.083213737060554 7.4250000000000016 36.742692288818368 -0.24999999999999994 3.599995542082405 -0.70710678118654757 1021.2304700000001 -0.70710678118654757 -118.21337597412109 18.859589378866357
decision_type=2 2 2 2 2 2 2 2 2 2 2 2 2 2
left_child=5 10 3 -3 -4 9 7 -7 -8 13 11 -2 -11 -1
right_child=1 2 4 -5 -6 6 8 -9 -10 12 -12 -13 -14 -15
leaf_value=-0.019432981620390328 -0.04075391397905017 0.016347024884281153 0.010110299821689791 -0.037101123308598709 0.071192743247764256 0.012245095188788122 -0.022728310598112172 -0.017964114576146585 -0.065167488138568763 0.057237018569203317 0.10293515863310961 -0.0076438279321888337 0.20525808351128191 0.043824519263559417
leaf_weight=1638 3609 24594 6270 7090 9738 13887 18380 18807 3685 1777 216 10667 135 886
leaf_count=1638 3609 24594 6270 7090 9738 13887 18380 18807 3685 1777 216 10667 135 886
internal_value=3.71124e-12 0.0110844 0.0187801 0.00438681 0.047268 -0.0116441 -0.0150787 -0.00513255 -0.0298159 0.0307523 -0.0142412 -0.0160141 0.0676883 0.00277231
internal_weight=121379 62184 47692 31684 16008 59195 54759 32694 22065 4436 14492 14276 1912 2524
internal_count=121379 62184 47692 31684 16008 59195 54759 32694 22065 4436 14492 14276 1912 2524
is_linear=0
shrinkage=0.01


Tree=269
num_leaves=15
num_cat=0
split_feature=17 5 22 26 10 2 13 2 1 7 23 2 21 20
split_gain=155912 134511 103227 93859.4 101340 87681.9 81888.2 94984 68765 78524.2 51095.1 46632.2 42739.4 34233.8
threshold=0.0071764298069670468 31.500000000000004 72.829531051964537 37.086813248856139 -0.6830127018922193 7.6250000000000009 -0.75538719918585884 20.875000000000004 -120.84999847412108 1007.10008 64.361075904802163 10.625000000000002 136.85125628140707 136.85125628140707
decision_type=2 2 2 2 2 2 2 2 2 2 2 2 2 2
left_child=2 3 8 5 -5 -2 7 -3 10 -10 -1 -8 -4 -14
right_child=1 6 12 4 -6 -7 11 -9 9 -11 -12 -13 13 -15
leaf_value=-0.015602482038300032 0.056682274628831471 -0.057128400272509774 0.035715710424679525 0.2890222328185012 -0.01388164805035506 -0.0048618094076568119 0.026041753171607666 0.016137402683077912 0.0022180555279124343 0.033263067832848721 -0.16634270699194822 -0.021027644471268717 0.057156041487657204 0.20319281786581747
leaf_weight=8466 2472 11359 9298 233 210 36432 2829 2096 27252 11622 231 8222 378 279
leaf_count=8466 2472 11359 9298 233 210 36432 2829 2096 27252 11622 231 8222 378 279
internal_value=1.36026e-11 -0.0107574 0.0119406 0.000696881 0.145433 -0.000951235 -0.0291486 -0.0457152 0.00581266 0.0114995 -0.0196063 -0.00897812 0.0412236 0.119172
internal_weight=121379 63853 57526 39347 443 38904 24506 13455 47571 38874 8697 11051 9955 657
internal_count=121379 63853 57526 39347 443 38904 24506 13455 47571 38874 8697 11051 9955 657
is_linear=0
shrinkage=0.01


Tree=270
num_leaves=15
num_cat=0
split_feature=1 10 15 44 8 7 31 13 31 8 31 25 3 20
split_gain=154295 189503 162255 157482 143900 104717 103904 98808 73878.6 39989.1 38637.5 36127.9 33509.7 25063.8
threshold=-118.21337597412109 0.68301270189221941 0.1164727951960388 1.0000000180025095e-35 0.60355339059327384 1006.6000200000002 44.444550063371366 -2.4722931380566395 52.303971271651889 0.25881904510252091 85.875226894930947 46.855501572548476 42.000980000000006 97.422686945500644
decision_type=2 2 2 2 2 2 2 2 2 2 2 2 2 2
left_child=1 2 4 11 -1 -5 -4 12 9 -9 -10 -3 13 -2
right_child=7 3 6 5 -6 -7 -8 8 10 -11 -12 -13 -14 -15
leaf_value=0.012289065995415054 0.038434418584447266 0.0015109605294043643 -0.016026514297591207 -0.10206306409063398 0.093352093992064997 -0.01840193517675745 0.0079472741055229782 0.0060912029887932127 0.098958445277194121 0.060031276496351191 -0.32183193618601019 -0.029795588947694362 -0.0037247043157346629 0.23889923247924219
leaf_weight=6199 1541 7862 32853 4187 3386 2328 40199 2891 2684 2620 22 6940 7602 65
leaf_count=6199 1541 7862 32853 4187 3386 2328 40199 2891 2684 2620 22 6940 7602 65
internal_value=1.30877e-11 -0.00461605 0.00224141 -0.0311995 0.0409254 -0.0721685 -0.00283424 0.0275384 0.0527462 0.031735 0.0955374 -0.0131673 0.00504352 0.0465479
internal_weight=121379 103954 82637 21317 9585 6515 73052 17425 8217 5511 2706 14802 9208 1606
internal_count=121379 103954 82637 21317 9585 6515 73052 17425 8217 5511 2706 14802 9208 1606
is_linear=0
shrinkage=0.01


Tree=271
num_leaves=15
num_cat=0
split_feature=17 5 21 13 44 1 7 31 10 11 22 11 23 7
split_gain=152503 160297 95821.8 95640.2 177223 90948.7 78400.6 73817.3 71175.4 62257.3 50497.8 48706.8 42564.9 36102.3
threshold=0.0053866137942757053 34.500000000000007 63.677670238506749 -1.4399957836446202 1.0000000180025095e-35 -120.84999847412108 1002.0002750000001 59.211026615969594 -0.93301270189221908 0.6830127018922193 34.537037037037045 0.6830127018922193 64.361075904802163 1015.3567300000001
decision_type=2 2 2 2 2 2 2 2 2 2 2 2 2 2
left_child=5 2 10 4 -3 12 11 -8 -4 -5 -2 -7 13 -1
right_child=1 3 8 9 -6 6 7 -9 -10 -11 -12 -13 -14 -15
leaf_value=-0.02923419897069433 -0.022293777085222635 -0.025373637092374297 -0.04467679505090752 -0.022403712297782791 -0.10670067085291651 0.0028306004838565598 0.021326313375326058 0.060177657902136313 0.038243974926414834 0.019418213483049562 0.0030555262159469381 -0.091167008015553358 -0.16615874454299398 0.021691178023983407
leaf_weight=4397 10813 13107 1157 9902 3368 7195 17717 6755 9829 5557 28761 597 187 2037
leaf_count=4397 10813 13107 1157 9902 3368 7195 17717 6755 9829 5557 28761 597 187 2037
internal_value=-5.52588e-12 -0.00769569 0.00338264 -0.0252356 -0.0419994 0.0163263 0.0232543 0.0320504 0.0295111 -0.00737011 -0.00387079 -0.00437122 -0.0174339 -0.0131113
internal_weight=121379 82494 50560 31934 16475 38885 32264 24472 10986 15459 39574 7792 6621 6434
internal_count=121379 82494 50560 31934 16475 38885 32264 24472 10986 15459 39574 7792 6621 6434
is_linear=0
shrinkage=0.01


Tree=272
num_leaves=15
num_cat=0
split_feature=6 1 10 1 7 2 26 13 26 41 27 13 19 11
split_gain=150910 137455 151243 139585 119214 103000 94577.1 59991.1 56723.3 53810.8 41967.7 37555.1 24027.2 19113.3
threshold=13.102098750000001 -118.21337597412109 0.25000000000000011 -119.7866065258789 1007.2001500000001 24.425000000000001 9.8269913953113406 -2.5200018856373521 40.72839735990835 54.358470637938332 56.784134116833748 -4.6849037743654405 0.088989787150357783 -0.5
decision_type=2 2 2 2 2 2 2 2 2 2 2 2 2 2
left_child=1 2 3 -1 -4 10 -3 -8 11 -10 12 -7 -2 -12
right_child=5 6 4 -5 -6 8 7 -9 9 -11 13 -13 -14 -15
leaf_value=-0.014185080480124259 0.066345241326118201 -0.02238111168605364 -0.037078181325765208 0.020148606468149279 0.0038274135035925761 0.02510589676788292 0.017555567940155625 0.063820810503247338 -0.014596697003753097 0.59158640742301938 -0.001415008715823582 -0.018865347405894878 -0.034149824829432199 -0.087888835329921131
leaf_weight=16874 243 2462 15503 39702 13183 3853 4596 7183 27 32 290 3917 11359 2155
leaf_count=16874 243 2462 15503 39702 13183 3853 4596 7183 27 32 290 3917 11359 2155
internal_value=-1.93984e-11 0.00522821 0.000424746 0.00990846 -0.0182795 -0.0237805 0.0339869 0.0457688 0.00528472 0.314181 -0.0399798 0.00293918 -0.032045 -0.0776322
internal_weight=121379 99503 85262 56576 28686 21876 14241 11779 7829 59 14047 7770 11602 2445
internal_count=121379 99503 85262 56576 28686 21876 14241 11779 7829 59 14047 7770 11602 2445
is_linear=0
shrinkage=0.01


Tree=273
num_leaves=15
num_cat=0
split_feature=17 5 21 0 0 7 7 0 26 22 15 23 7 9
split_gain=147957 156322 93053.3 88214.3 81582.1 91047.8 76697.7 67846.6 67223.5 49242.2 44063.7 41722.1 35318.7 34900
threshold=0.0053866137942757053 34.500000000000007 63.677670238506749 37.042691525878915 36.742692288818368 1007.10008 1002.0002750000001 34.083213737060554 37.086813248856139 34.537037037037045 0.45473943324337535 64.361075904802163 1015.3567300000001 0.37940952255126048
decision_type=2 2 2 2 2 2 2 2 2 2 2 2 2 2
left_child=3 2 9 6 10 -6 13 -8 -4 -2 -3 12 -5 -1
right_child=1 4 8 11 5 -7 7 -9 -10 -11 -12 -13 -14 -15
leaf_value=0.0078785799274532827 -0.021980405083317032 -0.017167842947477422 0.02485818722118666 -0.028835065859367393 -0.06540791044395157 -0.014219666225563539 0.011044302295980635 0.045088813524400917 0.17308355888168489 0.0030517829426005682 0.027445794393248232 -0.1644128399808458 0.021534587706406736 -0.040839148158442855
leaf_weight=5825 10813 15243 10671 4397 7894 6207 9693 14779 315 28761 2590 187 2037 1967
leaf_count=5825 10813 15243 10671 4397 7894 6207 9693 14779 315 28761 2590 187 2037 1967
internal_value=3.57923e-12 -0.00758013 0.00335999 0.0160811 -0.0249012 -0.0428758 0.0229042 0.0316043 0.0291082 -0.00378789 -0.0106883 -0.0171677 -0.0128881 -0.00441965
internal_weight=121379 82494 50560 38885 31934 14101 32264 24472 10986 39574 17833 6621 6434 7792
internal_count=121379 82494 50560 38885 31934 14101 32264 24472 10986 39574 17833 6621 6434 7792
is_linear=0
shrinkage=0.01


Tree=274
num_leaves=15
num_cat=0
split_feature=31 1 10 44 2 0 5 7 31 8 30 18 1 11
split_gain=147534 105933 118355 90220.2 88262.7 99460.2 89249.8 76564.5 66049 56271.6 46313.4 33138.3 28541.5 24815.6
threshold=53.051277989015638 -118.21337597412109 1.0000000180025095e-35 1.0000000180025095e-35 7.4250000000000016 36.742692288818368 1.5000000000000002 1004.4003000000001 23.923611111111118 0.37940952255126054 125.99952429455821 1.0317385090961924 -118.21337597412109 1.0000000180025095e-35
decision_type=2 2 2 2 2 2 2 2 2 2 2 2 2 2
left_child=4 2 3 -2 9 8 -7 13 -6 -1 -4 -9 -11 -3
right_child=1 7 10 -5 5 6 -8 11 -10 12 -12 -13 -14 -15
leaf_value=0.0043967177526094024 0.0066031189971539478 -0.0041503583023084264 -0.011405151287896702 0.045209236072838832 -0.025742455957237512 -0.0047184398544879921 -0.039545984917124369 0.056917432466138632 0.004832069652019497 0.057222239414085621 -0.10183720771020166 0.13812050728921202 0.18252036877463212 0.068337322716035098
leaf_weight=3500 14877 1395 11372 10206 8832 12735 17427 836 35327 2103 596 1260 199 714
leaf_count=3500 14877 1395 11372 10206 8832 12735 17427 836 35327 2103 596 1260 199 714
internal_value=-1.9398e-11 0.0153642 0.00996588 0.0223115 -0.00791113 -0.0108437 -0.0248411 0.0629293 -0.00128297 0.0296533 -0.0159086 0.105732 0.0680538 0.0203903
internal_weight=121379 41256 37051 25083 80123 74321 30162 4205 44159 5802 11968 2096 2302 2109
internal_count=121379 41256 37051 25083 80123 74321 30162 4205 44159 5802 11968 2096 2302 2109
is_linear=0
shrinkage=0.01


Tree=275
num_leaves=15
num_cat=0
split_feature=6 31 21 44 26 4 15 7 19 21 9 10 13 8
split_gain=145975 139730 142897 84105.2 102175 67832 63612 60354.3 47897 41337 37749 34523.5 32049.6 23437.5
threshold=13.102098750000001 30.000000000000007 73.152471482889752 1.0000000180025095e-35 40.72839735990835 1.0000000180025095e-35 0.086484379132584471 1005.00003 1.2977128044672361 57.163814955640056 0.60355339059327384 0.68301270189221941 -6.4171574814322936 0.37940952255126054
decision_type=2 2 2 2 2 2 2 2 2 2 2 2 2 2
left_child=1 6 5 8 11 -3 13 -4 -2 -6 -8 -5 -10 -1
right_child=3 2 7 4 9 -7 10 -9 12 -11 -12 -13 -14 -15
leaf_value=0.0081437748065938953 -0.029103126375014193 0.0073493987984392392 0.019862135542154474 -0.046030189279739696 0.020212159156799317 -0.044775486654537185 -0.014121571732977936 0.062628543776638845 0.0226401732082471 0.57041246083047659 -0.044711015275813885 -0.10258540779497363 -0.017453874874783039 0.075655052063104827
leaf_weight=1357 7903 62183 6566 4337 22 2601 13598 6634 4652 36 5736 1437 3489 828
leaf_count=1357 7903 62183 6566 4337 22 2601 13598 6634 4652 36 5736 1437 3489 828
internal_value=-1.38306e-11 0.00514201 0.0113669 -0.0233884 -0.0559103 0.00525665 -0.0174169 0.0413555 -0.0115667 0.361716 -0.0231968 -0.0601053 0.00545701 0.033727
internal_weight=121379 99503 77984 21876 5832 64784 21519 13200 16044 58 19334 5774 8141 2185
internal_count=121379 99503 77984 21876 5832 64784 21519 13200 16044 58 19334 5774 8141 2185
is_linear=0
shrinkage=0.01


Tree=276
num_leaves=15
num_cat=0
split_feature=1 10 15 44 44 13 4 13 14 11 23 15 20 23
split_gain=143668 178307 155741 151314 110940 92605.4 88951.1 69192.8 57583.3 42545.1 38239.4 29032.7 33305.5 27151.9
threshold=-118.21337597412109 0.68301270189221941 0.1164727951960388 1.0000000180025095e-35 1.0000000180025095e-35 -2.4722931380566395 1.0000000180025095e-35 -3.4200002752505791 -2.1531048708370419 -0.68301270189221952 65.260680713983959 0.67178570826670325 99.347908745247182 66.779115617518684
decision_type=2 2 2 2 2 2 2 2 2 2 2 2 2 2
left_child=1 2 4 10 -1 11 -4 -5 13 -10 -3 -2 -13 -7
right_child=5 3 6 7 -6 8 -8 -9 9 -11 -12 12 -14 -15
leaf_value=0.0036584584474647886 -0.0025226424500047299 -0.0078583196570572826 -0.00033076969558065039 -0.1353595018317596 0.071860864623733908 0.036934293468641181 -0.0525890832905049 -0.054049935420908891 -0.0034399747618183651 0.072730574535867551 -0.067453690541046135 0.038672125873595982 0.31843998353589664 -0.049256932361030945
leaf_weight=4464 7871 13633 69635 1310 5121 735 3417 5205 837 5918 1169 1293 44 727
leaf_count=4464 7871 13633 69635 1310 5121 735 3417 5205 837 5918 1169 1293 44 727
internal_value=-7.71258e-13 -0.00445424 0.00219757 -0.0302405 0.0400971 0.0265731 -0.00277515 -0.0703992 0.0509769 0.0632924 -0.0125649 0.00479569 0.0478791 -0.0059255
internal_weight=121379 103954 82637 21317 9585 17425 73052 6515 8217 6755 14802 9208 1337 1462
internal_count=121379 103954 82637 21317 9585 17425 73052 6515 8217 6755 14802 9208 1337 1462
is_linear=0
shrinkage=0.01


Tree=277
num_leaves=15
num_cat=0
split_feature=6 4 22 2 2 44 25 42 25 46 3 10 2 23
split_gain=142109 129807 133554 97485.4 70603.5 61926.2 53350.9 44863.8 31019 32324.9 30289.5 27841.6 23828.2 21127.2
threshold=13.102098750000001 1.0000000180025095e-35 64.624049429657802 24.525000000000002 7.9750000000000005 1.0000000180025095e-35 25.840230836032486 1.0000000180025095e-35 77.340466635741748 1.0000000180025095e-35 39.004759000000007 1.0000000180025095e-35 8.4250000000000025 63.118029150823837
decision_type=2 2 2 2 2 2 2 2 2 2 2 2 2 2
left_child=1 2 6 5 -4 11 -1 12 9 -5 -10 -2 -3 -7
right_child=3 7 4 8 -6 13 -8 -9 10 -11 -12 -13 -14 -15
leaf_value=-0.037275505388657065 -0.051743092090614548 0.077940290482814312 0.071839705490963912 -0.013382975411741034 0.021308163840982133 -0.062402526451835374 0.0027285730219785377 -0.071057990517362515 0.18795039539230601 0.030838533491072909 -0.013969226088521518 -0.014839772728924835 -0.023064654992710928 -0.12841222006141531
leaf_weight=3510 2856 262 3179 4941 21234 3533 66392 2774 179 2484 127 7194 2152 562
leaf_count=3510 2856 262 3179 4941 21234 3533 66392 2774 179 2484 127 7194 2152 562
internal_value=-9.25956e-12 0.00507346 0.00775226 -0.0230766 0.0278883 -0.038683 0.000719842 -0.0436256 0.00547751 0.00141113 0.104147 -0.0253269 -0.0121022 -0.0714617
internal_weight=121379 99503 94315 21876 24413 14145 69902 5188 7731 7425 306 10050 2414 4095
internal_count=121379 99503 94315 21876 24413 14145 69902 5188 7731 7425 306 10050 2414 4095
is_linear=0
shrinkage=0.01


Tree=278
num_leaves=15
num_cat=0
split_feature=31 1 7 10 46 9 1 42 10 15 7 32 9 31
split_gain=141233 111546 180460 144568 133774 78764.5 52375.2 47995.6 47609.6 46113.7 29349.3 28791.6 28790.3 22350.9
threshold=44.868715673848762 -119.7866065258789 1005.2002000000001 0.25000000000000011 1.0000000180025095e-35 0.60355339059327384 -118.21337597412109 1.0000000180025095e-35 0.68301270189221941 0.063466461008573491 1021.2304700000001 16.759259259259263 -0.70710678118654757 22.847222222222225
decision_type=2 2 2 2 2 2 2 2 2 2 2 2 2 2
left_child=5 10 3 -3 -4 6 9 13 -9 -1 12 -8 -2 -7
right_child=1 2 4 -5 -6 7 11 8 -10 -11 -12 -13 -14 -15
leaf_value=0.039557430185313755 -0.03993712701644745 0.015549723979901425 0.068469963015001939 -0.035703191203806731 0.0092476882432972526 -0.037125201739284429 0.070545088485759216 -0.030080600900100684 -0.080494200906199381 -0.011186136777031824 0.10192201281725258 0.013454571362431594 -0.0072624141244788578 -0.0029241614746323562
leaf_weight=1901 3609 24594 9738 7090 6270 2598 1040 7105 2544 30918 216 5865 10667 7224
leaf_count=1901 3609 24594 9738 7090 6270 2598 1040 7105 2544 30918 216 5865 10667 7224
internal_value=6.72679e-12 0.0105244 0.0179074 0.00408074 0.0452738 -0.0110559 -0.00297997 -0.027532 -0.0433724 -0.00824688 -0.0137722 0.0220533 -0.0155226 -0.0119706
internal_weight=121379 62184 47692 31684 16008 59195 39724 19471 9649 32819 14492 6905 14276 9822
internal_count=121379 62184 47692 31684 16008 59195 39724 19471 9649 32819 14492 6905 14276 9822
is_linear=0
shrinkage=0.01


Tree=279
num_leaves=15
num_cat=0
split_feature=5 0 2 25 44 24 13 3 13 9 13 3 17 11
split_gain=141774 164338 168632 136466 145289 106003 88632.9 78146.4 76314.5 75777.7 74408.2 56833.3 55399 41109.1
threshold=3.5000000000000004 36.742692288818368 8.8250000000000011 68.970423766605663 1.0000000180025095e-35 41.565554452864454 -3.6038599958286786 21.002866000000001 5.4000004169539109 0.25881904510252057 -1.8336876993822806 53.000198500000003 0.0049960244152195367 0.6830127018922193
decision_type=2 2 2 2 2 2 2 2 2 2 2 2 2 2
left_child=3 9 10 8 7 -6 -4 -5 -1 12 -3 -11 -2 -10
right_child=1 2 6 4 5 -7 -8 -9 13 11 -12 -13 -14 -15
leaf_value=0.015841694327720406 0.032749707485081665 -0.026904893551151839 -0.077534535973426605 -0.13145803578163676 0.10024149680684787 0.44051897001893897 -0.029863546635502676 0.029989251104019541 -0.015552142466381359 0.010759419545440817 0.046725121519098779 -0.029654201007482905 0.0021815723575084318 0.038194684165306587
leaf_weight=29701 9761 2177 5040 326 2520 95 17246 3732 15594 5591 3714 9215 15101 1566
leaf_count=29701 9761 2177 5040 326 2520 95 17246 3732 15594 5591 3714 9215 15101 1566
internal_value=1.13408e-11 -0.00960026 -0.0280667 0.0121666 0.0544766 0.112603 -0.0406444 0.0170194 0.00614172 0.00351685 0.0195154 -0.0143933 0.0141828 -0.0106473
internal_weight=121379 67845 28177 53534 6673 2615 22286 4058 46861 39668 5891 14806 24862 17160
internal_count=121379 67845 28177 53534 6673 2615 22286 4058 46861 39668 5891 14806 24862 17160
is_linear=0
shrinkage=0.01


Tree=280
num_leaves=15
num_cat=0
split_feature=5 0 15 25 0 13 14 26 31 31 11 6 25 13
split_gain=138953 161068 170661 133750 136727 94700.9 90692.5 80330.5 75099.9 74406.9 68026.8 67135.4 50219.1 38151.2
threshold=3.5000000000000004 36.742692288818368 0.10702062951438722 68.970423766605663 34.083213737060554 -3.6038599958286786 1.0000000180025095e-35 20.20030389093434 67.512991128010157 28.908730158730162 0.6830127018922193 3.7985520500000001 31.485591818053798 0.359994230408134
decision_type=2 2 2 2 2 2 2 2 2 2 2 2 2 2
left_child=3 9 10 6 7 -4 12 -5 -6 13 -3 -11 -1 -2
right_child=1 2 5 4 8 -7 -8 -9 -10 11 -12 -13 -14 -15
leaf_value=-0.040062129809963549 -0.036760715133448051 -0.028418108331581649 -0.078654945254191241 0.024735311134114892 0.052803072984834803 -0.029374577755226863 0.027496351445580377 -0.1248455763997002 0.13512136327327975 0.039773523184407349 0.0431040561317148 0.0033941802037852865 0.0011502352697329787 0.0042561616197247781
leaf_weight=3284 5843 1986 5050 1034 3458 17116 13906 550 1631 6457 4025 23662 29671 3706
leaf_count=3284 5843 1986 5050 1034 3458 17116 13906 550 1631 6457 4025 23662 29671 3706
internal_value=-1.49875e-11 -0.00950425 -0.027786 0.012045 0.0539318 -0.0406019 0.0060803 -0.0272025 0.0791857 0.00348168 0.0194735 0.0111933 -0.00295662 -0.0208419
internal_weight=121379 67845 28177 53534 6673 22166 46861 1584 5089 39668 6011 30119 32955 9549
internal_count=121379 67845 28177 53534 6673 22166 46861 1584 5089 39668 6011 30119 32955 9549
is_linear=0
shrinkage=0.01


Tree=281
num_leaves=15
num_cat=0
split_feature=17 5 22 2 0 20 0 15 26 2 4 0 8 2
split_gain=136777 144825 84179.2 86333.3 81080.1 71762.3 66701.8 58428.5 46404.9 42397.7 41498 39423.4 35055.5 17194.7
threshold=0.0053866137942757053 48.500000000000007 54.180608365019019 7.8250000000000002 37.042691525878915 107.27889447236181 36.742692288818368 0.11346150051784613 35.263504011184892 27.925000000000001 1.0000000180025095e-35 34.083213737060554 0.60355339059327384 9.9250000000000025
decision_type=2 2 2 2 2 2 2 2 2 2 2 2 2 2
left_child=4 2 8 -4 5 10 9 -8 -2 -3 -1 -7 13 -6
right_child=1 6 3 -5 12 11 7 -9 -10 -11 -12 -13 -14 -15
leaf_value=0.020820533553092446 -0.0098861823215049497 -0.015317179616942265 0.078058435524810219 0.010424506190347578 0.0067172874754999083 -0.030075472769332312 -0.0026356388422630445 -0.054060373952830511 0.16587002524674332 0.064429107845000597 -0.043032451197929131 0.10915854100050201 0.015786831027997109 -0.042769848252064049
leaf_weight=29638 29272 15329 2062 22281 878 240 2848 9854 151 697 1054 1332 2238 3505
leaf_count=29638 29272 15329 2062 22281 878 240 2848 9854 151 697 1054 1332 2238 3505
internal_value=-4.13063e-14 -0.0072881 0.00239711 0.0161535 0.0154616 0.022003 -0.0254145 -0.0425301 -0.00898419 -0.0118489 0.0186277 0.0879014 -0.0164144 -0.0328566
internal_weight=121379 82494 53766 24343 38885 32264 28728 12702 29423 16026 30692 1572 6621 4383
internal_count=121379 82494 53766 24343 38885 32264 28728 12702 29423 16026 30692 1572 6621 4383
is_linear=0
shrinkage=0.01


Tree=282
num_leaves=15
num_cat=0
split_feature=31 21 7 2 5 18 14 7 44 7 11 8 16 1
split_gain=135024 137754 76610.3 73933.7 71344.5 91995.6 70080.8 60009.3 38806.4 57639.8 37056.9 35248.8 22785.1 17772.1
threshold=30.000000000000007 73.152471482889752 992.80700000000013 7.6250000000000009 48.500000000000007 0.10805149380006007 -2.5199951305027186 1007.6001000000001 1.0000000180025095e-35 1007.4002250000001 -0.24999999999999994 0.37940952255126054 0.050610386249999355 -118.21337597412109
decision_type=2 2 2 2 2 2 2 2 2 2 2 2 2 2
left_child=3 4 -3 11 6 -6 -2 -4 10 -10 -5 12 -1 -13
right_child=1 2 7 8 5 -7 -8 -9 9 -11 -12 13 -14 -15
leaf_value=0.11801288140447516 -0.0031811657032436709 -0.24191393921375276 0.023140674793096845 0.00060169843316920993 0.050990970848283135 -0.018193215967361551 0.020089312198615487 0.068371781711172433 -0.065894938606398987 0.013485247003848852 -0.02813429447094605 0.061849942288447077 -0.010695721284559779 0.19417866843572834
leaf_weight=152 28691 100 10462 6868 2085 24585 23576 4076 4180 1171 12948 925 1446 114
leaf_count=152 28691 100 10462 6868 2085 24585 23576 4076 4180 1171 12948 925 1446 114
internal_value=-1.98298e-11 0.00574919 0.0339247 -0.019349 0.000524352 -0.0127846 0.00731542 0.0358221 -0.0246275 -0.0485236 -0.0181747 0.0310275 0.0015469 0.0763692
internal_weight=121379 93575 14638 27804 78937 26670 52267 14538 25167 5351 19816 2637 1598 1039
internal_count=121379 93575 14638 27804 78937 26670 52267 14538 25167 5351 19816 2637 1598 1039
is_linear=0
shrinkage=0.01


Tree=283
num_leaves=15
num_cat=0
split_feature=1 10 44 15 8 31 11 31 23 23 23 10 14 16
split_gain=134439 167944 145331 144209 139085 91236.3 77778 83370 51257.2 40344.9 37881.4 36334.9 20897 18118.7
threshold=-118.21337597412109 0.68301270189221941 1.0000000180025095e-35 0.1164727951960388 0.60355339059327384 59.571820870299966 -0.5 45.466865833785995 68.080535537495976 57.234042740459095 65.260680713983959 -0.93301270189221908 0.35999311581651322 10.455775914000002
decision_type=2 2 2 2 2 2 2 2 2 2 2 2 2 2
left_child=1 3 10 4 -1 -5 12 9 -4 -8 -3 -9 13 -2
right_child=6 2 8 5 -6 -7 7 11 -10 -11 -12 -13 -14 -15
leaf_value=0.010463117162772952 -0.039867850133493185 -0.0073273203185633996 -0.063712413408705967 -0.0083840057970179481 0.090158231946884784 0.019098274710945402 0.055232591159201191 0.00012759237056965693 -0.2267122237231283 0.0017291811593048898 -0.066643080150499828 0.082796201429259447 0.018130185506415465 0.0067864430795249991
leaf_weight=6199 1949 13633 6316 57779 3386 15273 2021 608 199 4657 1169 4235 2502 1453
leaf_count=6199 1949 13633 6316 57779 3386 15273 2021 608 199 4657 1169 4235 2502 1453
internal_value=-1.67555e-12 -0.0043088 -0.0293344 0.0021468 0.0386162 -0.00263828 0.0257054 0.0408296 -0.0686912 0.0179212 -0.0120118 0.0724178 -0.00380759 -0.0199417
internal_weight=121379 103954 21317 82637 9585 73052 17425 11521 6515 6678 14802 4843 5904 3402
internal_count=121379 103954 21317 82637 9585 73052 17425 11521 6515 6678 14802 4843 5904 3402
is_linear=0
shrinkage=0.01


Tree=284
num_leaves=15
num_cat=0
split_feature=5 0 2 25 44 10 14 14 3 9 13 45 3 17
split_gain=133655 153940 158011 127841 139513 96039.9 94076.2 86639.8 76104.1 72980.8 72002.3 58642.9 55370.3 52184.1
threshold=3.5000000000000004 36.742692288818368 8.8250000000000011 68.970423766605663 1.0000000180025095e-35 -0.93301270189221908 3.2376940494837121 1.0000000180025095e-35 21.002866000000001 0.25881904510252057 -1.8336876993822806 1.0000000180025095e-35 53.000198500000003 0.0049960244152195367
decision_type=2 2 2 2 2 2 2 2 2 2 2 2 2 2
left_child=3 9 10 7 8 -6 -4 -1 -5 13 -3 -9 -11 -2
right_child=1 2 6 4 5 -7 -8 11 -10 12 -12 -13 -14 -15
leaf_value=-0.0028509950951035533 0.031861423170591423 -0.026798281647687622 -0.027856988595429323 -0.1304653291070571 -0.09483387024517026 0.12767807312934626 -0.076037385344835423 0.034930536995629521 0.028858367373931895 0.010624397689384333 0.045631549286567187 -0.02568980045935677 -0.02926568447552402 0.0021935031109000906
leaf_weight=32955 9761 2177 16961 326 211 2404 5325 12067 3732 5591 3714 1839 9215 15101
leaf_count=32955 9761 2177 16961 326 211 2404 5325 12067 3732 5591 3714 1839 9215 15101
internal_value=-3.36598e-11 -0.00932131 -0.027194 0.0118131 0.0527643 0.109724 -0.0393692 0.00598171 0.0160591 0.00337403 0.0188653 0.0269138 -0.0142025 0.0138413
internal_weight=121379 67845 28177 53534 6673 2615 22286 46861 4058 39668 5891 13906 14806 24862
internal_count=121379 67845 28177 53534 6673 2615 22286 46861 4058 39668 5891 13906 14806 24862
is_linear=0
shrinkage=0.01


Tree=285
num_leaves=15
num_cat=0
split_feature=5 0 15 25 44 24 13 14 3 17 11 45 15 25
split_gain=130996 150877 159805 125297 136737 103923 90451.3 84915.7 74589.6 66496.2 64417.6 57475.9 56767.3 48447.1
threshold=3.5000000000000004 36.742692288818368 0.10702062951438722 68.970423766605663 1.0000000180025095e-35 41.565554452864454 -3.6038599958286786 1.0000000180025095e-35 21.002866000000001 0.0039989516169800709 0.6830127018922193 1.0000000180025095e-35 0.35941389691324827 31.485591818053798
decision_type=2 2 2 2 2 2 2 2 2 2 2 2 2 2
left_child=3 9 10 7 8 -6 -4 13 -5 -2 -3 -9 -11 -1
right_child=1 2 6 4 5 -7 -8 11 -10 12 -12 -13 -14 -15
leaf_value=-0.039267477118489581 0.027281694425169426 -0.027794209370522762 -0.076513071110517278 -0.12916067576081566 0.09638670809317329 0.43330900976532383 -0.02835109196953197 0.034581231600636982 0.028569783681825438 -0.011333257370114804 0.041804797850000838 -0.025432902515276648 0.020447360986365473 0.0012112635174436907
leaf_weight=3284 8976 1986 5050 326 2520 95 17116 12067 3732 23283 4025 1839 7409 29671
leaf_count=3284 8976 1986 5050 326 2520 95 17116 12067 3732 23283 4025 1839 7409 29671
internal_value=-5.51177e-12 -0.0092281 -0.0269221 0.011695 0.0522366 0.108627 -0.0393237 0.00592189 0.0158985 0.00334029 0.0188097 0.0266447 -0.00366147 -0.00282249
internal_weight=121379 67845 28177 53534 6673 2615 22166 46861 4058 39668 6011 13906 30692 32955
internal_count=121379 67845 28177 53534 6673 2615 22166 46861 4058 39668 6011 13906 30692 32955
is_linear=0
shrinkage=0.01


Tree=286
num_leaves=15
num_cat=0
split_feature=1 10 44 15 8 7 13 4 8 10 26 23 3 25
split_gain=130043 162029 141140 138355 136305 96229.3 86274.4 79352.9 55064.9 62920.4 52360.9 37276.3 31238.2 24126.8
threshold=-118.21337597412109 0.68301270189221941 1.0000000180025095e-35 0.1164727951960388 0.60355339059327384 1007.2001500000001 -2.4722931380566395 1.0000000180025095e-35 0.25881904510252091 0.68301270189221941 10.676999108126884 65.260680713983959 42.000980000000006 95.457947025073722
decision_type=2 2 2 2 2 2 2 2 2 2 2 2 2 2
left_child=1 3 11 4 -1 -4 12 -5 9 -8 -10 -3 13 -2
right_child=6 2 5 7 -6 -7 8 -9 10 -11 -12 -13 -14 -15
leaf_value=0.0099543803010197791 0.034616205141639857 -0.0071008263124108404 -0.093395263218859367 -0.00027508603470551224 0.088848937106882214 -0.010335062322750834 -0.0035978185022782 -0.049633509800329212 -0.021282243141577697 0.085229200281453379 0.086368735203790209 -0.065940975614993097 -0.0042039328437048365 0.19891297333962041
leaf_weight=6199 1511 13633 4492 69635 3386 2023 2800 3417 513 1115 3789 1169 7602 95
leaf_count=6199 1511 13633 4492 69635 3386 2023 2800 3417 513 1115 3789 1169 7602 95
internal_value=7.14973e-12 -0.00423777 -0.0288188 0.00210313 0.0378247 -0.0676039 0.0252817 -0.00258382 0.0488366 0.0217003 0.0735317 -0.0117478 0.00426189 0.0443349
internal_weight=121379 103954 21317 82637 9585 6515 17425 73052 8217 3915 4302 14802 9208 1606
internal_count=121379 103954 21317 82637 9585 6515 17425 73052 8217 3915 4302 14802 9208 1606
is_linear=0
shrinkage=0.01


Tree=287
num_leaves=15
num_cat=0
split_feature=31 21 7 4 1 15 1 44 7 35 42 8 19 20
split_gain=129653 128923 74967.6 65024.6 68112.2 65006.7 58761 38005 60045 36125.1 32947.3 20618.8 21033.9 16120.5
threshold=30.000000000000007 73.152471482889752 992.80700000000013 1.0000000180025095e-35 -118.99998249999999 0.086484379132584471 -119.7866065258789 1.0000000180025095e-35 1007.4002250000001 70.470788431608199 1.0000000180025095e-35 0.37940952255126054 0.0094210994387027309 1.0000000180025095e-35
decision_type=2 2 2 2 2 2 2 2 2 2 2 2 2 2
left_child=5 3 -3 4 -2 11 -4 9 -9 -7 -5 12 -1 -13
right_child=1 2 6 10 -6 7 -8 8 -10 -11 -12 13 -14 -15
leaf_value=0.14767021325776483 -0.0053145756093532157 -0.23997414262294769 -0.04778264252490682 -0.0052345462156702547 0.014052684425200697 -0.0076591116708412997 0.03966425813635896 -0.064775536741302042 0.01524210054272809 -0.03606860246637425 -0.062956470694271016 -0.13145726101963143 -0.0019689086883599998 0.079127449683204898
leaf_weight=101 43940 100 814 1718 30949 13305 13724 4229 1205 6745 2330 38 1343 838
leaf_count=101 43940 100 814 1718 30949 13305 13724 4229 1205 6745 2330 38 1343 838
internal_value=1.77406e-12 0.00563369 0.0328911 0.000579102 0.00268923 -0.0189603 0.034768 -0.0235739 -0.0470315 -0.0172163 -0.0384589 0.0317172 0.00849754 0.0699925
internal_weight=121379 93575 14638 78937 74889 27804 14538 25484 5434 20050 4048 2320 1444 876
internal_count=121379 93575 14638 78937 74889 27804 14538 25484 5434 20050 4048 2320 1444 876
is_linear=0
shrinkage=0.01


Tree=288
num_leaves=15
num_cat=0
split_feature=6 31 47 10 26 2 2 44 26 41 9 20 0 10
split_gain=128213 125097 123451 123270 97368.8 89677.7 58278.8 57134.3 51749 50642.7 36613.9 31544.2 28410.5 27636.1
threshold=13.102098750000001 30.000000000000007 1.0000000180025095e-35 0.25000000000000011 9.6607823524938379 24.525000000000002 6.4250000000000016 1.0000000180025095e-35 40.72839735990835 54.358470637938332 0.60355339059327384 65.727099896301425 35.400001525878913 1.0000000180025095e-35
decision_type=2 2 2 2 2 2 2 2 2 2 2 2 2 2
left_child=1 6 3 -3 -4 7 -1 13 12 -10 -8 -9 -7 -2
right_child=5 2 4 -5 -6 8 10 11 9 -11 -12 -13 -14 -15
leaf_value=0.038993200752495655 -0.050377316975399343 0.01496786558499342 -0.022498001761065818 -0.014067585669022631 0.057490473860563419 0.022654011033375183 -0.012692523822928825 -0.058915491991083181 -0.018457998125641435 0.56960993349552158 -0.042651320266995099 -0.1498247219583658 -0.015835360191624841 -0.013610415127389416
leaf_weight=1738 2856 46356 1858 21359 8411 3794 14029 3669 27 32 5752 426 3878 7194
leaf_count=1738 2856 46356 1858 21359 8411 3794 14029 3669 27 32 5752 426 3878 7194
internal_value=2.24495e-11 0.00481903 0.010709 0.00580936 0.0430179 -0.0219194 -0.016526 -0.0368877 0.00546746 0.300494 -0.0214041 -0.0683727 0.00319862 -0.0240588
internal_weight=121379 99503 77984 67715 10269 21876 21519 14145 7731 59 19781 4095 7672 10050
internal_count=121379 99503 77984 67715 10269 21876 21519 14145 7731 59 19781 4095 7672 10050
is_linear=0
shrinkage=0.01


Tree=289
num_leaves=15
num_cat=0
split_feature=17 8 2 2 21 0 7 13 17 26 25 10 34 20
split_gain=126297 118268 133079 109669 75658.7 67761.2 65656.4 60653.3 52713.3 42243.3 34774 34459.4 34242.4 16039.9
threshold=0.0053866137942757053 0.78656609248549325 25.675000000000001 8.9250000000000025 136.85125628140707 37.042691525878915 1002.0002750000001 -4.4999998777574133 0.012972811549054572 18.737657585108614 60.456250293385921 1.0000000180025095e-35 136.94974874371863 136.85125628140707
decision_type=2 2 2 2 2 2 2 2 2 2 2 2 2 2
left_child=4 2 8 9 5 6 -1 -4 -2 -3 -7 -5 13 -6
right_child=1 3 7 11 12 10 -8 -9 -10 -11 -12 -13 -14 -15
leaf_value=-0.0061144096769240996 -0.015027233445704849 0.040099611453062199 0.038892205107293368 0.017877805115121589 0.11206549984894283 -0.011581478604871909 0.027420524544519962 -0.0026568608358037986 -0.038471975116864121 0.1188146431279383 -0.13726237438815203 -0.01300396296422765 -0.05182800758716672 0.23034278654916718
leaf_weight=7715 36787 1611 5597 8754 254 6393 24000 9438 12972 1182 228 6153 86 209
leaf_count=7715 36787 1611 5597 8754 254 6393 24000 9438 12972 1182 228 6153 86 209
internal_value=4.51942e-12 -0.00700333 -0.0132614 0.0159056 0.0148575 0.0131882 0.0192628 0.0128104 -0.0211392 0.0734119 -0.0159094 0.00513107 0.131419 0.165456
internal_weight=121379 82494 64794 17700 38885 38336 31715 15035 49759 2793 6621 14907 549 463
internal_count=121379 82494 64794 17700 38885 38336 31715 15035 49759 2793 6621 14907 549 463
is_linear=0
shrinkage=0.01


Tree=290
num_leaves=15
num_cat=0
split_feature=31 27 1 10 1 10 1 19 26 22 26 25 39 24
split_gain=124564 93437.6 100308 75294.4 74084.4 63247.1 90076 73793.2 48310.6 40229.8 35420.7 29675 59190.3 16835.4
threshold=53.797000422475719 130.60929648241208 -118.21337597412109 1.0000000180025095e-35 -118.21337597412109 0.68301270189221941 -119.7866065258789 0.05573552236098845 11.164735161090238 155.03075822603722 10.281992715046011 75.638842153545767 64.444258555133089 19.577410181129142
decision_type=2 2 2 2 2 2 2 2 2 2 2 2 2 2
left_child=4 2 3 -2 5 7 -7 -1 -4 10 -6 13 -13 -3
right_child=1 11 8 -5 9 6 -8 -9 -10 -11 -12 12 -14 -15
leaf_value=0.05241692483329722 0.016335882670082819 0.061454594347625971 -0.019129129846307456 -0.015816516082066589 -0.017059019136898838 3.7908131115909786e-05 -0.048761045638320448 -0.0083112347822288223 0.077154439768071431 0.18745735811335698 0.021507336986148439 0.22690096811059562 0.06240777850055005 -0.058516539904105401
leaf_weight=2082 22220 800 628 10835 3088 6400 9249 51400 3062 133 10408 348 589 137
leaf_count=2082 22220 800 628 10835 3088 6400 9249 51400 3062 133 10408 348 589 137
internal_value=1.37569e-11 0.0148298 0.0113171 0.00579674 -0.00692015 -0.0111211 -0.0288036 -0.00594715 0.060768 0.0143886 0.012683 0.0837068 0.1235 0.0439135
internal_weight=121379 38619 36745 33055 82760 69131 15649 53482 3690 13629 13496 1874 937 937
internal_count=121379 38619 36745 33055 82760 69131 15649 53482 3690 13629 13496 1874 937 937
is_linear=0
shrinkage=0.01


Tree=291
num_leaves=15
num_cat=0
split_feature=6 4 22 44 39 25 42 19 13 24 15 13 15 15
split_gain=123183 115570 112709 73947.6 53769.9 47745.5 42544.4 41353.6 34540.4 29453.1 28572.1 28111.9 20769.4 14521.9
threshold=13.102098750000001 1.0000000180025095e-35 64.624049429657802 1.0000000180025095e-35 64.402738944688252 25.840230836032486 1.0000000180025095e-35 1.2977128044672361 2.8517501568587718 17.81651455733326 0.10538694082136611 -6.4171574814322936 0.14995917404591677 0.11346150051784613
decision_type=2 2 2 2 2 2 2 2 2 2 2 2 2 2
left_child=1 2 5 7 -4 -1 10 12 13 -10 -3 -9 -2 -5
right_child=3 6 4 8 -6 -7 -8 11 9 -11 -12 -13 -14 -15
leaf_value=-0.035153092501488674 0.0048276171420745355 0.074295386058931129 0.044100623266280302 -0.013491778969764709 0.013747335873730235 0.0026911343507125957 -0.067941321411345318 0.021510962017077407 -0.048978319387220748 0.029662911181916312 -0.024483133175022168 -0.016039355677543447 -0.035031898274020479 -0.11567517582315759
leaf_weight=3510 1653 341 9653 162 14760 66392 2774 4652 4149 538 2073 3489 6250 983
leaf_count=3510 1653 341 9653 162 14760 66392 2774 4652 4149 538 2073 3489 6250 983
internal_value=2.60253e-12 0.00472356 0.00725119 -0.0214851 0.0257491 0.000790856 -0.0412275 -0.0104003 -0.0519799 -0.0399514 -0.0105297 0.00541797 -0.0266948 -0.101218
internal_weight=121379 99503 94315 21876 24413 69902 5188 16044 5832 4687 2414 8141 7903 1145
internal_count=121379 99503 94315 21876 24413 69902 5188 16044 5832 4687 2414 8141 7903 1145
is_linear=0
shrinkage=0.01


Tree=292
num_leaves=15
num_cat=0
split_feature=31 1 10 2 26 7 2 9 35 2 22 35 26 12
split_gain=122240 118241 142409 99790.9 90543.8 71155.2 67753.7 51878.2 36827.6 42889.8 34891.4 20890.5 25327.6 17014.9
threshold=30.000000000000007 -118.21337597412109 0.25000000000000011 11.125000000000002 9.6055591818289088 1006.5004000000001 7.6250000000000009 0.37940952255126048 70.470788431608199 14.325000000000001 24.523809523809529 46.111216730038031 18.149667780883 1.0000000180025095e-35
decision_type=2 2 2 2 2 2 2 2 2 2 2 2 2 2
left_child=6 2 3 -2 -3 -4 11 -6 10 -10 -8 13 -13 -1
right_child=1 4 5 -5 7 -7 8 -9 9 -11 -12 12 -14 -15
leaf_value=0.0076851959294561073 0.043309985231048433 -0.020375334370643698 -0.033017638523602739 0.0047668964394884748 0.064879868103556615 -4.4815084147194892e-05 -0.045340580201801116 0.017168358551290296 -0.016697414812508742 -0.062962612340363475 -0.0084217077803418958 0.019008195838670236 0.093729945436161533 -0.11553640598100973
leaf_weight=546 7837 2430 14368 47018 6346 12020 3133 3556 3796 4244 13994 1232 718 141
leaf_count=546 7837 2430 14368 47018 6346 12020 3133 3556 3796 4244 13994 1232 718 141
internal_value=-9.21618e-12 0.00547027 0.00109073 0.0102735 0.0343226 -0.0179982 -0.0184103 0.0477457 -0.0234634 -0.041119 -0.0151752 0.0298148 0.0465211 -0.0176048
internal_weight=121379 93575 81243 54855 12332 26388 27804 9902 25167 8040 17127 2637 1950 687
internal_count=121379 93575 81243 54855 12332 26388 27804 9902 25167 8040 17127 2637 1950 687
is_linear=0
shrinkage=0.01


Tree=293
num_leaves=15
num_cat=0
split_feature=17 8 15 19 7 13 0 7 31 26 23 7 9 13
split_gain=121264 115162 89818.7 85718 74826.7 74018.8 73253 70057.5 64496.6 47050.8 40888.9 33781.8 31797.6 24192.6
threshold=0.0053866137942757053 0.78656609248549325 0.086484379132584471 1.2598563788978565 1007.0002500000002 -4.3300917366011875 37.042691525878915 1002.0002750000001 59.211026615969594 23.362090245095931 64.361075904802163 1015.3567300000001 0.37940952255126048 1.0824234994924002
decision_type=2 2 2 2 2 2 2 2 2 2 2 2 2 2
left_child=6 3 13 4 -2 -5 7 12 -9 -4 11 -8 -1 -3
right_child=1 2 9 5 -6 -7 10 8 -10 -11 -12 -13 -14 -15
leaf_value=0.0064006143816853689 -0.032505184037731338 0.037002895963127898 0.0036619182497007285 0.02411806819779308 -0.0037696467204754508 -0.011502693106521007 -0.027099472556094767 0.019066719914602393 0.055382496425437688 0.064895042032353245 -0.16150739598322042 0.022162065682672129 -0.040101379743035279 0.11983359147961635
leaf_weight=5825 25387 558 14813 9117 14092 16198 4397 17717 6755 1371 187 2037 1967 958
leaf_count=5825 25387 558 14813 9117 14092 16198 4397 17717 6755 1371 187 2037 1967 958
internal_value=-7.16517e-12 -0.00686236 0.0157437 -0.0130377 -0.0222481 0.00132585 0.0145584 0.020776 0.029091 0.00884918 -0.0157399 -0.0115033 -0.00533827 0.0893458
internal_weight=121379 82494 17700 64794 39479 25315 38885 32264 24472 16184 6621 6434 7792 1516
internal_count=121379 82494 17700 64794 39479 25315 38885 32264 24472 16184 6621 6434 7792 1516
is_linear=0
shrinkage=0.01


Tree=294
num_leaves=15
num_cat=0
split_feature=6 4 22 2 26 2 44 26 42 0 11 27 15 0
split_gain=119235 113095 108197 80473.8 57806.2 55793.9 54064.3 44069.6 42003 37816.7 34652.8 31333.9 27828.2 25747.9
threshold=13.201363000000002 1.0000000180025095e-35 69.098859315589365 24.525000000000002 32.067802345928975 7.8250000000000002 1.0000000180025095e-35 40.72839735990835 1.0000000180025095e-35 36.742692288818368 0.25000000000000017 62.672685232761289 0.10538694082136611 35.400001525878913
decision_type=2 2 2 2 2 2 2 2 2 2 2 2 2 2
left_child=1 2 4 6 -1 -4 10 13 12 -9 -2 -8 -3 -5
right_child=3 8 5 7 -6 -7 11 9 -10 -11 -12 -13 -14 -15
leaf_value=0.00089964687596755688 -0.0083329101983250827 0.073533368277147723 0.072101966061979689 0.021314865077920513 0.081831603509303949 0.021851856575452029 -0.055886011857603314 -0.068541961133480073 -0.067069583392862647 0.47117191727096974 -0.046740648172790902 -0.13905713135315795 -0.023924393316640008 -0.015610785786816534
leaf_weight=75349 6088 341 2568 3745 893 15832 3469 20 2801 37 3825 521 2081 3809
leaf_count=75349 6088 341 2568 3745 893 15832 3469 20 2801 37 3825 521 2081 3809
internal_value=6.60587e-12 0.00460027 0.00710023 -0.0213538 0.00184758 0.028865 -0.0356636 0.00478586 -0.0406995 0.281799 -0.0231528 -0.0667462 -0.010203 0.00269562
internal_weight=121379 99865 94642 21514 76242 18400 13903 7611 5223 57 9913 3990 2422 7554
internal_count=121379 99865 94642 21514 76242 18400 13903 7611 5223 57 9913 3990 2422 7554
is_linear=0
shrinkage=0.01


Tree=295
num_leaves=15
num_cat=0
split_feature=5 26 46 16 1 14 24 14 31 45 29 13 10 33
split_gain=124996 110779 232454 108597 114664 127529 86380.5 81697.2 69011.8 51620.7 43691.8 43306.5 36514.7 30638.1
threshold=3.5000000000000004 20.746625957469558 1.0000000180025095e-35 0.34682847249999987 -118.99998249999999 3.6134184116747128 37.230202386214891 -0.71998839997634922 29.463244613434728 1.0000000180025095e-35 68.713923175234029 2.529737721386192 0.68301270189221941 88.442217424256924
decision_type=2 2 2 2 2 2 2 2 2 2 2 2 2 2
left_child=1 7 6 12 5 -5 -3 11 -6 -9 -4 -1 -2 -14
right_child=3 2 10 4 8 -7 -8 9 -10 -11 -12 -13 13 -15
leaf_value=0.01137969809333058 0.051106015537867901 0.071103313571636365 -0.034346103766752831 -0.013556142964481505 -0.025998161640865703 -0.057756556593893241 0.24309393197727894 0.03210982062259584 0.010497469959226614 -0.021638074006337268 -0.16710612239534631 -0.012409135228231184 -0.0029018412064760924 -0.30302443308489663
leaf_weight=12762 3790 4559 806 24979 6755 8837 312 13565 22241 2058 358 19114 1208 35
leaf_count=12762 3790 4559 806 24979 6755 8837 312 13565 22241 2058 358 19114 1208 35
internal_value=-3.80404e-13 0.0114241 0.051781 -0.00901432 -0.0125956 -0.0251069 0.0821198 0.00629651 0.00199533 0.0250297 -0.0751778 -0.00288494 0.0356806 -0.0113526
internal_weight=121379 53534 6035 67845 62812 33816 4871 47499 28996 15623 1164 31876 5033 1243
internal_count=121379 53534 6035 67845 62812 33816 4871 47499 28996 15623 1164 31876 5033 1243
is_linear=0
shrinkage=0.01


Tree=296
num_leaves=15
num_cat=0
split_feature=5 0 15 21 24 10 9 11 3 23 3 15 26 0
split_gain=122509 138608 147268 112292 95010 80922.5 68734.9 58396.2 58210 54931.8 52081.5 47554.1 47537.4 73223.1
threshold=3.5000000000000004 36.742692288818368 0.10702062951438722 69.838191803971284 37.230202386214891 -0.93301270189221908 0.25881904510252057 0.6830127018922193 49.999397500000008 92.517674717058057 53.000198500000003 0.31952080497883872 20.916878459151089 34.083213737060554
decision_type=2 2 2 2 2 2 2 2 2 2 2 2 2 2
left_child=3 6 7 12 5 -5 11 -3 -6 -4 -8 -2 -1 -14
right_child=1 2 9 4 8 -7 10 -9 -10 -11 -12 -13 13 -15
leaf_value=0.0025489139444770065 0.0073979675575658009 -0.026354517572083909 -0.040889729511673849 -0.0615130601318985 0.43128301913142203 0.051138185083955227 0.010143081637898864 0.039911844955263252 0.095706059902070831 0.042126616600958247 -0.028544186860218854 0.045795156673208437 -0.042341148500486571 0.069542353440056132
leaf_weight=42567 21053 1986 21338 703 100 6862 5591 4025 107 828 9215 3809 771 2424
leaf_count=42567 21053 1986 21338 703 100 6862 5591 4025 107 828 9215 3809 771 2424
internal_value=-1.01669e-11 -0.00892418 -0.0258835 0.0113098 0.0464533 0.0406697 0.00312238 0.0180178 0.257821 -0.0377887 -0.0139352 0.0132806 0.00534123 0.0425432
internal_weight=121379 67845 28177 53534 7772 7565 39668 6011 207 22166 14806 24862 45762 3195
internal_count=121379 67845 28177 53534 7772 7565 39668 6011 207 22166 14806 24862 45762 3195
is_linear=0
shrinkage=0.01


Tree=297
num_leaves=15
num_cat=0
split_feature=31 21 7 6 2 44 4 7 11 29 8 0 16 47
split_gain=116524 114695 72355 67604.6 64829.5 56547.8 56474.4 55377.6 37328.9 48881 33055.5 22251.2 21503.3 16658
threshold=30.000000000000007 73.152471482889752 992.80700000000013 14.609418500000002 7.6250000000000009 1.0000000180025095e-35 1.0000000180025095e-35 1007.6001000000001 -0.68301270189221952 63.892775665399249 0.37940952255126054 36.742692288818368 0.050610386249999355 1.0000000180025095e-35
decision_type=2 2 2 2 2 2 2 2 2 2 2 2 2 2
left_child=4 3 -3 6 10 -5 -2 -4 11 -10 12 -6 -1 -12
right_child=1 2 7 5 8 -7 -8 -9 9 -11 13 -13 -14 -15
leaf_value=0.11379234635712285 0.0061195536507177642 -0.23701817317008975 0.020712021001523119 -0.0089066261319537664 0.017690122861561682 -0.061035995150019264 -0.039050918229782287 0.064162531889085342 -0.022273073979064174 -0.064620890917276713 0.059049837841335176 -0.023698003737541204 -0.011243719305317555 0.18716360345744248
leaf_weight=152 65486 100 10462 7711 3131 2850 2890 4076 16553 3263 925 2220 1446 114
leaf_count=152 65486 100 10462 7711 3131 2850 2890 4076 16553 3263 925 2220 1446 114
internal_value=-1.76432e-11 0.00534085 0.0310503 0.000573322 -0.0179748 -0.0229743 0.00421037 0.0328942 -0.0229175 -0.0292463 0.0291982 0.000519194 0.000649574 0.0731066
internal_weight=121379 93575 14638 78937 27804 10561 68376 14538 25167 19816 2637 5351 1598 1039
internal_count=121379 93575 14638 78937 27804 10561 68376 14538 25167 19816 2637 5351 1598 1039
is_linear=0
shrinkage=0.01


Tree=298
num_leaves=15
num_cat=0
split_feature=5 0 15 26 0 13 14 31 6 11 36 22 29 22
split_gain=119723 135403 143344 105856 225503 83861.7 79419 63487.5 58532.5 56981.5 54378.5 48454.3 43132.1 40462.5
threshold=3.5000000000000004 36.742692288818368 0.10702062951438722 20.746625957469558 34.083213737060554 -3.6038599958286786 -0.71998839997634922 28.908730158730162 3.7985520500000001 0.6830127018922193 42.777883396704702 30.648148148148156 68.713923175234029 75.453422053231961
decision_type=2 2 2 2 2 2 2 2 2 2 2 2 2 2
left_child=3 7 9 6 12 -4 11 -2 -9 -3 -6 -1 -5 -8
right_child=1 2 5 4 10 -7 13 8 -10 -11 -12 -13 -14 -15
leaf_value=-0.029015440335620417 -0.019383725240545022 -0.026103401235215675 -0.073138846591646128 -0.033846331149612371 0.036463164099991806 -0.026764395053182285 0.019407083515059705 0.036893962254572581 0.0029253451640413597 0.039355377100500633 0.10585607264375249 0.0029328076912684947 -0.16575330449653236 0.074147439278794455
leaf_weight=5804 9549 1986 5050 806 1779 17116 14130 6457 23662 4025 3092 26072 358 1493
leaf_count=5804 9549 1986 5050 806 1779 17116 14130 6457 23662 4025 3092 26072 358 1493
internal_value=-7.02329e-12 -0.00882214 -0.0255842 0.0111805 0.0506305 -0.0373297 0.00616819 0.00308432 0.0102076 0.0177282 0.0805122 -0.00288435 -0.0744157 0.0246383
internal_weight=121379 67845 28177 53534 6035 22166 47499 39668 30119 6011 4871 31876 1164 15623
internal_count=121379 67845 28177 53534 6035 22166 47499 39668 30119 6011 4871 31876 1164 15623
is_linear=0
shrinkage=0.01


Tree=299
num_leaves=15
num_cat=0
split_feature=5 0 7 0 21 24 13 9 14 3 45 0 3 15
split_gain=117341 132708 142254 142099 107247 92768.2 82101 66840.5 62966.4 56984.5 54041 53718.7 50962.8 46562.5
threshold=3.5000000000000004 36.742692288818368 1006.6000200000002 37.042691525878915 69.838191803971284 37.230202386214891 -3.6038599958286786 0.25881904510252057 0.35999311581651322 49.999397500000008 1.0000000180025095e-35 34.083213737060554 53.000198500000003 0.31952080497883872
decision_type=2 2 2 2 2 2 2 2 2 2 2 2 2 2
left_child=4 7 6 -4 8 11 -3 13 -1 -7 -10 -6 -9 -2
right_child=1 2 3 -5 5 9 -8 12 10 -11 -12 -13 -14 -15
leaf_value=-0.0018902897998267594 0.007249753871222793 -0.094156506647629673 0.033627566728824339 -0.028682058156487531 -0.0047215359135262007 0.42589906831830737 -0.035449780929973917 0.01005089000353048 0.033023373685469079 0.093873540434603386 -0.027122731357159511 0.055684560527140249 -0.028218644052747956 0.045244517399843032
leaf_weight=33426 21053 3187 5890 9667 2002 100 9433 5591 10597 107 1739 5563 9215 3809
leaf_count=33426 21053 3187 5890 9667 2002 100 9433 5591 10597 107 1739 5563 9215 3809
internal_value=2.4418e-11 -0.00873392 -0.0253284 -0.00509115 0.0110687 0.0454137 -0.0502753 0.00305347 0.00523573 0.254272 0.0245446 0.0396987 -0.0137674 0.0130708
internal_weight=121379 67845 28177 15557 53534 7772 12620 39668 45762 207 12336 7565 14806 24862
internal_count=121379 67845 28177 15557 53534 7772 12620 39668 45762 207 12336 7565 14806 24862
is_linear=0
shrinkage=0.01


Tree=300
num_leaves=15
num_cat=0
split_feature=5 0 7 0 25 0 24 14 10 7 17 2 25 30
split_gain=115006 130068 139423 139271 107404 122318 122788 74677.7 71005.3 66787.8 59162 59847.7 44112.3 39099.3
threshold=3.5000000000000004 36.742692288818368 1006.6000200000002 37.042691525878915 68.970423766605663 34.083213737060554 37.230202386214891 1.0000000180025095e-35 0.68301270189221941 1005.1999750000001 0.0037763975210990874 26.025000000000002 31.485591818053798 71.593139971084838
decision_type=2 2 2 2 2 2 2 2 2 2 2 2 2 2
left_child=4 10 8 -4 7 9 -7 12 -3 -6 13 -12 -1 -2
right_child=1 2 3 -5 5 6 -8 -9 -10 -11 11 -13 -14 -15
leaf_value=-0.037363659454045656 0.0096406015779470448 -0.034877557828942869 0.03329129113066872 -0.028395237622393276 0.0081065310870805391 0.062163527726087686 0.30855892323699041 0.02504640976194087 -0.087546385048979825 -0.14423094427360902 -0.0072487959722602469 0.04278664766734952 0.0012617391678578253 0.05489542679215785
leaf_weight=3284 4902 9051 5890 9667 1206 4878 211 13906 3569 378 29034 2605 29671 3127
leaf_count=3284 4902 9051 5890 9667 1206 4878 211 13906 3569 378 29034 2605 29671 3127
internal_value=1.56686e-11 -0.00864658 -0.0250751 -0.00504024 0.010958 0.0484935 0.0723796 0.00561299 -0.0497726 -0.0282467 0.00302294 -0.00312912 -0.00258732 0.0272657
internal_weight=121379 67845 28177 15557 53534 6673 5089 46861 12620 1584 39668 31639 32955 8029
internal_count=121379 67845 28177 15557 53534 6673 5089 46861 12620 1584 39668 31639 32955 8029
is_linear=0
shrinkage=0.01


Tree=301
num_leaves=15
num_cat=0
split_feature=5 21 17 46 10 11 7 26 1 7 14 45 26 23
split_gain=112733 110144 103385 77929.2 92540.7 71447.8 105813 65456.6 62458.4 74609.1 61227.8 55115.2 53849.9 38485.9
threshold=1.5000000000000002 73.564427545416152 0.0053866137942757053 1.0000000180025095e-35 -0.93301270189221908 -0.5 1005.4001500000001 21.298802039316644 -120.84999847412108 1008.10008 0.35999311581651322 1.0000000180025095e-35 34.040941044548184 64.361075904802163
decision_type=2 2 2 2 2 2 2 2 2 2 2 2 2 2
left_child=1 10 8 4 -3 -4 -7 -5 13 -10 12 -12 -1 -2
right_child=2 3 5 7 -6 6 -8 -9 9 -11 11 -13 -14 -15
leaf_value=-0.0021426591693081511 -0.020198107447054598 -0.083022513457256336 0.003630605377058374 0.020404772844930207 0.087531474917730959 -0.041430147119713275 -0.0063573473555754321 -0.16041774284317201 0.0039851296612118592 0.046630454756997265 0.034179672645282426 -0.028261074435911953 0.13246556922706465 -0.19416741312232638
leaf_weight=31790 4340 346 12630 989 3950 17487 16930 251 14566 5711 10320 1638 300 131
leaf_count=31790 4340 346 12630 989 3950 17487 16930 251 14566 5711 10320 1638 300 131
internal_value=1.26137e-11 0.0115966 -0.008009 0.0536378 0.0737951 -0.0167123 -0.0241776 -0.0161972 0.00853637 0.0159961 0.00631282 0.0256266 -0.000884246 -0.0252954
internal_weight=121379 49584 71795 5536 4296 47047 34417 1240 24748 20277 44048 11958 32090 4471
internal_count=121379 49584 71795 5536 4296 47047 34417 1240 24748 20277 44048 11958 32090 4471
is_linear=0
shrinkage=0.01


Tree=302
num_leaves=15
num_cat=0
split_feature=31 1 7 10 0 9 42 16 26 9 10 7 9 31
split_gain=111343 92906 155595 125511 120518 68792.8 44515.9 42457.9 45607.9 41929.2 40533.5 28473.6 27945.7 19705.8
threshold=44.868715673848762 -119.7866065258789 1005.2002000000001 0.25000000000000011 34.083213737060554 0.60355339059327384 1.0000000180025095e-35 0.14703508250000027 18.501709904463059 -0.78656609248549325 0.68301270189221941 1021.2304700000001 -0.70710678118654757 22.847222222222225
decision_type=2 2 2 2 2 2 2 2 2 2 2 2 2 2
left_child=5 11 3 -3 -4 7 13 8 -1 -9 -8 12 -2 -7
right_child=1 2 4 -5 -6 6 10 9 -10 -11 -12 -13 -14 -15
leaf_value=0.0059215415221068168 -0.038607103550052091 0.013930081560082441 0.0072991706323713365 -0.033825379208396275 0.063510700090768979 -0.033847009579974045 -0.02820542904649 -0.02005834282824211 0.13477075291816754 0.0027399811338205404 -0.074721969673475955 0.10112578250898946 -0.0064152383781564265 -0.0017334047618451898
leaf_weight=682 3609 24594 6270 7090 9738 2598 7105 11487 460 27095 2544 216 10667 7224
leaf_count=682 3609 24594 6270 7090 9738 2598 7105 11487 460 27095 2544 216 10667 7224
internal_value=3.95729e-12 0.00934463 0.0160825 0.00324373 0.0414938 -0.00981648 -0.0252144 -0.00226909 0.0578223 -0.00404775 -0.0404697 -0.0128292 -0.0145534 -0.0102277
internal_weight=121379 62184 47692 31684 16008 59195 19471 39724 1142 38582 9649 14492 14276 9822
internal_count=121379 62184 47692 31684 16008 59195 19471 39724 1142 38582 9649 14492 14276 9822
is_linear=0
shrinkage=0.01


Tree=303
num_leaves=15
num_cat=0
split_feature=5 0 2 25 44 26 10 14 14 3 9 45 3 19
split_gain=110351 127585 134610 102908 126000 97841.8 74013.6 71793.2 71577.4 71305.7 64791.3 52490.1 49406.5 45217.2
threshold=3.5000000000000004 36.742692288818368 9.8750000000000018 68.970423766605663 1.0000000180025095e-35 10.956621897015051 0.25000000000000011 2.5427652802246787 1.0000000180025095e-35 21.002866000000001 0.25881904510252057 1.0000000180025095e-35 53.000198500000003 0.89760434022257307
decision_type=2 2 2 2 2 2 2 2 2 2 2 2 2 2
left_child=3 10 6 8 9 -6 -3 -4 -1 -5 13 -10 -12 -2
right_child=1 2 7 4 5 -7 -8 -9 11 -11 12 -13 -14 -15
leaf_value=-0.0025262886832395511 0.0073615736523884876 0.044977331374167637 -0.027324365786730809 -0.12923685274149743 0.45045660755573175 0.090880703099754698 -0.017595235621295988 -0.07062379297848502 0.032112267798179925 0.024982392553213609 0.009978612701100318 -0.02523984903442841 -0.027702040731827617 0.045492610138893115
leaf_weight=32955 21218 3501 15479 326 78 2537 4109 5088 12067 3732 5591 1839 9215 3644
leaf_count=32955 21218 3501 15479 326 78 2537 4109 5088 12067 3732 5591 1839 9215 3644
internal_value=3.41688e-12 -0.00846977 -0.0247408 0.010734 0.0474754 0.101606 0.0111914 -0.0380361 0.00550199 0.0125932 0.00308786 0.0245277 -0.0134732 0.0129504
internal_weight=121379 67845 28177 53534 6673 2615 7610 20567 46861 4058 39668 13906 14806 24862
internal_count=121379 67845 28177 53534 6673 2615 7610 20567 46861 4058 39668 13906 14806 24862
is_linear=0
shrinkage=0.01


Tree=304
num_leaves=15
num_cat=0
split_feature=1 10 2 8 7 0 13 31 31 33 31 25 3 9
split_gain=108958 138578 113285 186190 105025 79076.6 77935.5 77516.9 60693.3 38658.1 38011.3 30391 28866.4 26971.3
threshold=-118.21337597412109 0.68301270189221941 10.625000000000002 0.60355339059327384 1007.4002250000001 36.742692288818368 -2.4722931380566395 22.268518518518523 52.303971271651889 28.908730158730162 85.875226894930947 55.843023869877491 42.000980000000006 0.25881904510252057
decision_type=2 2 2 2 2 2 2 2 2 2 2 2 2 2
left_child=1 2 3 -1 5 -3 12 -4 9 -8 -10 -6 -2 -14
right_child=6 4 7 -5 11 -7 8 -9 10 -11 -12 -13 13 -15
leaf_value=0.0013772133587455632 0.041685025574938674 -0.024092657738976897 -0.035839643377886435 0.080236429853893829 0.0068297368811909296 -0.074856641089150952 0.090429250054688062 0.00029389370193569234 0.087707472294779001 0.015514899592012719 -0.32965914401141078 -0.05348754804152394 0.015207561363781086 -0.022554095077021
leaf_weight=8593 1606 7476 6556 4595 7699 5205 807 62893 2684 4704 22 937 3539 4063
leaf_count=8593 1606 7476 6556 4595 7699 5205 807 62893 2684 4704 22 937 3539 4063
internal_value=-6.78657e-12 -0.00387904 0.00198507 0.0288536 -0.0266117 -0.0449291 0.0231415 -0.00311712 0.0455291 0.0264849 0.0843142 0.000285353 0.00316338 -0.00497471
internal_weight=121379 103954 82637 13188 21317 12681 17425 69449 8217 5511 2706 8636 9208 7602
internal_count=121379 103954 82637 13188 21317 12681 17425 69449 8217 5511 2706 8636 9208 7602
is_linear=0
shrinkage=0.01


Tree=305
num_leaves=15
num_cat=0
split_feature=6 4 22 2 20 11 44 26 41 43 11 20 13 15
split_gain=106797 101770 94953 73733.7 60304.3 52484.1 50224.7 41248.2 44489.4 41069.6 33117.7 32072.1 28040.9 26932.2
threshold=13.201363000000002 1.0000000180025095e-35 64.624049429657802 24.525000000000002 136.85125628140707 0.93301270189221952 1.0000000180025095e-35 40.72839735990835 54.358470637938332 1.0000000180025095e-35 0.25000000000000017 65.727099896301425 -6.1435057128842345 0.10538694082136611
decision_type=2 2 2 2 2 2 2 2 2 2 2 2 2 2
left_child=1 2 5 6 -4 -1 10 12 -9 -3 -2 -8 -5 -11
right_child=3 9 4 7 -6 -7 11 8 -10 13 -12 -13 -14 -15
leaf_value=-0.0019223417222446976 -0.0073605505407027148 -0.064693680203812193 0.0203345876797042 0.022302573907198312 0.09724136741891308 0.028193508484773248 -0.054166774026938279 -0.02167884689790231 0.53785070991516115 0.073914759301981964 -0.044907939705492485 -0.14674440499127767 -0.016233967685061843 -0.021961178426886562
leaf_weight=63801 6088 2801 23411 3729 1066 6364 3572 27 30 341 3825 418 3825 2081
leaf_count=63801 6088 2801 23411 3729 1066 6364 3572 27 30 341 3825 418 3825 2081
internal_value=7.73556e-12 0.00435373 0.00672522 -0.0202094 0.023684 0.000809181 -0.0339068 0.00481166 0.27281 -0.0386183 -0.0218485 -0.0638654 0.00278943 -0.00846254
internal_weight=121379 99865 94642 21514 24477 70165 13903 7611 57 5223 9913 3990 7554 2422
internal_count=121379 99865 94642 21514 24477 70165 13903 7611 57 5223 9913 3990 7554 2422
is_linear=0
shrinkage=0.01


Tree=306
num_leaves=15
num_cat=0
split_feature=5 18 26 46 1 13 9 14 26 22 29 22 10 26
split_gain=107626 120151 105511 211106 85328 116430 74479 69514.7 51472.8 46486.1 44242.4 36308.1 35426.8 34801.2
threshold=1.5000000000000002 0.10805149380006007 20.746625957469558 1.0000000180025095e-35 -118.99998249999999 -3.6038599958286786 0.25881904510252057 -0.71998839997634922 37.086813248856139 32.800925925925931 68.160065483734698 75.453422053231961 0.93301270189221952 16.242851218667877
decision_type=2 2 2 2 2 2 2 2 2 2 2 2 2 2
left_child=2 12 7 8 5 -3 -6 9 -4 -1 -5 -9 13 -2
right_child=1 4 3 10 6 -7 -8 11 -10 -11 -12 -13 -14 -15
leaf_value=-0.02658733727579194 0.027382257116737214 -0.054906358134800062 0.070633806683830416 -0.032647958535769739 0.013731617206845457 -0.011894796866431263 -0.018013211686417809 0.019104225830078536 0.17983358433808794 0.0039454614145762821 -0.17438450610637665 0.073691634832011049 -0.075808124397078472 0.088229193458781552
leaf_weight=6342 2386 8067 3991 732 18718 28628 12213 13047 484 23329 315 1344 232 1551
leaf_count=6342 2386 8067 3991 732 18718 28628 12213 13047 484 23329 315 1344 232 1551
internal_value=5.27945e-12 -0.00782549 0.0113309 0.052537 -0.0110375 -0.0213504 0.00119728 0.00616679 0.0824445 -0.00258074 -0.0752908 0.0242022 0.0442768 0.0513532
internal_weight=121379 71795 49584 5522 67626 36695 30931 44062 4475 29671 1047 14391 4169 3937
internal_count=121379 71795 49584 5522 67626 36695 30931 44062 4475 29671 1047 14391 4169 3937
is_linear=0
shrinkage=0.01


Tree=307
num_leaves=15
num_cat=0
split_feature=31 47 27 6 13 15 12 30 8 36 25 29 8 16
split_gain=106544 104111 99857.5 68710.3 68147.2 55943.2 52410.1 40082.4 43215.8 36809 28220.5 20426.2 19164 19288.9
threshold=30.000000000000007 1.0000000180025095e-35 127.71608040201006 15.030808000000002 -2.4722931380566395 0.086484379132584471 1.0000000180025095e-35 73.184410646387846 0.60355339059327384 86.210142919922816 95.457947025073722 71.727186311787094 0.37940952255126054 0.050610386249999355
decision_type=2 2 2 2 2 2 2 2 2 2 2 2 2 2
left_child=5 2 3 -2 10 12 -4 8 -7 -6 -3 -9 13 -1
right_child=1 4 6 -5 9 7 -8 11 -10 -11 -12 -13 -14 -15
leaf_value=0.10884907262332469 0.0025364962466205261 0.0044775387129286212 0.033438795906494255 -0.026758013383668084 0.05859634546366313 -0.021608345637340483 0.13909031144072667 -0.033169407580344056 0.016306876053702887 -0.37114971923828122 0.088026215528712259 -0.075194050371510737 0.066724758227377043 -0.0057333384785605871
leaf_weight=166 70102 6096 1394 9039 5783 15238 708 4996 3745 20 433 1505 876 1278
leaf_count=166 70102 6096 1394 9039 5783 15238 708 4996 3745 20 433 1505 876 1278
internal_value=-6.14026e-12 0.005107 0.000997469 -0.000809343 0.0321805 -0.0171877 0.0690246 -0.0214676 -0.0141284 0.0571152 0.0100184 -0.0428982 0.0298244 0.00743888
internal_weight=121379 93575 81243 79141 12332 27804 2102 25484 18983 5803 6529 6501 2320 1444
internal_count=121379 93575 81243 79141 12332 27804 2102 25484 18983 5803 6529 6501 2320 1444
is_linear=0
shrinkage=0.01


Tree=308
num_leaves=15
num_cat=0
split_feature=5 0 15 25 44 26 14 3 14 9 11 3 15 25
split_gain=105555 121285 131266 97120.4 122093 96384.9 78394 69368.3 67710 61144.4 51494.8 48195.5 44576.2 42161.6
threshold=3.5000000000000004 36.742692288818368 0.10702062951438722 68.970423766605663 1.0000000180025095e-35 10.956621897015051 3.963444403430552 21.002866000000001 1.0000000180025095e-35 0.25881904510252057 0.6830127018922193 53.000198500000003 0.31952080497883872 31.485591818053798
decision_type=2 2 2 2 2 2 2 2 2 2 2 2 2 2
left_child=3 9 10 8 7 -6 -4 -5 13 12 -3 -11 -2 -1
right_child=1 2 6 4 5 -7 -8 -9 -10 11 -12 -13 -14 -15
leaf_value=-0.036391691831825355 0.0068704346329909044 -0.024368132161558486 -0.025676917781366534 -0.12803586526973848 0.44571992401893329 0.088831122427004805 -0.071807999774796863 0.024073836653803284 0.023920010663658668 0.010059366877722312 0.037859389922501208 -0.027156620410740188 0.044045938665430731 0.0013700050254796018
leaf_weight=3284 21053 1986 17500 326 78 2537 4666 3732 13906 5591 4025 9215 3809 29671
leaf_count=3284 21053 1986 17500 326 78 2537 4666 3732 13906 5591 4025 9215 3809 29671
internal_value=-7.54308e-12 -0.00828367 -0.0241478 0.0104981 0.0461913 0.0994764 -0.0353876 0.0118541 0.00541539 0.00298497 0.0172998 -0.0131032 0.0125659 -0.00239299
internal_weight=121379 67845 28177 53534 6673 2615 22166 4058 46861 39668 6011 14806 24862 32955
internal_count=121379 67845 28177 53534 6673 2615 22166 4058 46861 39668 6011 14806 24862 32955
is_linear=0
shrinkage=0.01


Tree=309
num_leaves=15
num_cat=0
split_feature=17 5 13 44 21 2 24 9 48 7 11 23 34 37
split_gain=103896 113531 85828.7 137145 67790.8 64777.1 68597.8 67024.8 55439.8 59876.2 47271 39878.5 32156.7 16509.5
threshold=0.0053866137942757053 48.500000000000007 -1.4399957836446202 1.0000000180025095e-35 136.85125628140707 7.8250000000000002 41.565554452864454 -0.70710678118654757 1.0000000180025095e-35 1001.9995750000002 0.6830127018922193 64.361075904802163 136.94974874371863 146.18341708542718
decision_type=2 2 2 2 2 2 2 2 2 2 2 2 2 2
left_child=4 5 3 -3 8 7 -7 -2 9 -1 -4 -10 13 -6
right_child=1 2 10 -5 12 6 -8 -9 11 -11 -12 -13 -14 -15
leaf_value=-0.0072131443437280264 0.0011380032620533496 -0.023336779305711465 -0.018437252147930131 -0.09744695618463127 0.18773616901461088 -0.0018236902282816629 0.17165462756976813 0.079970162276809267 -0.010240083545706078 0.025063663852656206 0.020205371295156094 -0.15837919659314947 -0.053768624689559952 0.041552701683676974
leaf_weight=7540 2224 11988 8564 3154 365 49219 229 2094 6434 24175 5022 187 86 98
leaf_count=7540 2224 11988 8564 3154 365 49219 229 2094 6434 24175 5022 187 86 98
internal_value=-5.94316e-12 -0.00635194 -0.0224009 -0.0387735 0.0134756 0.00222328 -0.00102029 0.0393674 0.0118955 0.0173901 -0.00415319 -0.014424 0.12381 0.156795
internal_weight=121379 82494 28728 15142 38885 53766 49448 4318 38336 31715 13586 6621 549 463
internal_count=121379 82494 28728 15142 38885 53766 49448 4318 38336 31715 13586 6621 549 463
is_linear=0
shrinkage=0.01


Tree=310
num_leaves=15
num_cat=0
split_feature=8 11 44 5 17 11 48 46 47 9 47 5 24 41
split_gain=104841 238266 130474 151489 113056 141557 80608.8 72097.7 59397.7 58088.7 50065 44101.2 48923.6 28875.5
threshold=0.60355339059327384 0.6830127018922193 1.0000000180025095e-35 97.500000000000014 0.0063261163657495753 -0.5 1.0000000180025095e-35 1.0000000180025095e-35 1.0000000180025095e-35 0.60355339059327384 1.0000000180025095e-35 1.0000000180025095e-35 41.565554452864454 36.102767215885095
decision_type=2 2 2 2 2 2 2 2 2 2 2 2 2 2
left_child=4 11 10 -4 6 7 9 -6 -7 -1 -3 12 -2 -13
right_child=1 2 3 -5 5 8 -8 -9 -10 -11 -12 13 -14 -15
leaf_value=0.021778181449568685 0.01061196920833316 0.018470258933952828 0.15473357008513244 0.0042801339390712819 -0.0049703183954258384 -0.033641152311255723 -0.028404540748196996 0.040174631129873246 0.0053927163761824139 -0.011963813032385168 0.088404120043799411 0.0097883509512340858 0.2836226839244817 -0.023192860074742753
leaf_weight=23044 11985 5593 2199 962 14112 27734 5194 4721 4536 6553 1253 3643 66 9784
leaf_count=23044 11985 5593 2199 962 14112 27734 5194 4721 4536 6553 1253 3643 66 9784
internal_value=2.69438e-11 0.0144595 0.055806 0.108945 -0.00597358 -0.0154398 0.00793091 0.00634648 -0.0281544 0.0143074 0.03127 -0.00178022 0.0121072 -0.0142444
internal_weight=121379 35485 10007 3161 85894 51103 34791 18833 32270 29597 6846 25478 12051 13427
internal_count=121379 35485 10007 3161 85894 51103 34791 18833 32270 29597 6846 25478 12051 13427
is_linear=0
shrinkage=0.01


Tree=311
num_leaves=15
num_cat=0
split_feature=8 11 44 5 17 2 0 11 9 26 1 5 26 41
split_gain=102755 233525 127878 148474 110806 139577 79004.7 64189.1 56932.8 53783.9 49068.7 43223.6 53178.1 28300.9
threshold=0.60355339059327384 0.6830127018922193 1.0000000180025095e-35 97.500000000000014 0.0063261163657495753 25.675000000000001 37.042691525878915 -0.24999999999999994 0.60355339059327384 45.22162611477458 -118.21337597412109 1.0000000180025095e-35 32.067802345928975 36.102767215885095
decision_type=2 2 2 2 2 2 2 2 2 2 2 2 2 2
left_child=4 11 10 -4 6 7 8 -6 -1 -7 -3 12 -2 -13
right_child=1 2 3 -5 5 9 -8 -9 -10 -11 -12 13 -14 -15
leaf_value=0.02156039962206897 0.0090951441671702077 0.018285556314654835 0.15318623439910289 0.0042373326274405647 -0.0072601530828113074 0.011533283756153959 -0.028120495419841306 -0.034483710345702738 -0.011844175048660661 0.30213951657526195 0.087520079055633054 0.0096904674445828839 0.16462608061996953 -0.022960931400589552
leaf_weight=23044 11827 5593 2199 962 13325 12969 5194 24745 6553 64 1253 3643 224 9784
leaf_count=23044 11827 5593 2199 962 13325 12969 5194 24745 6553 64 1253 3643 224 9784
internal_value=1.23989e-11 0.0143149 0.055248 0.107856 -0.00591384 -0.0152854 0.0078516 -0.0249551 0.0141644 0.0129603 0.0309573 -0.00176242 0.0119861 -0.014102
internal_weight=121379 35485 10007 3161 85894 51103 34791 38070 29597 13033 6846 25478 12051 13427
internal_count=121379 35485 10007 3161 85894 51103 34791 38070 29597 13033 6846 25478 12051 13427
is_linear=0
shrinkage=0.01


Tree=312
num_leaves=15
num_cat=0
split_feature=31 1 27 26 17 2 12 9 30 26 8 2 16 1
split_gain=101866 100265 95329.8 84517.7 63836.3 58501.3 51328.4 45570.6 35933.3 38847.3 30925.1 28463.3 20014.3 15835.9
threshold=30.000000000000007 -118.21337597412109 127.71608040201006 9.6055591818289088 0.014975966619048367 7.6250000000000009 1.0000000180025095e-35 0.37940952255126048 73.184410646387846 34.040941044548184 0.37940952255126054 11.525000000000002 0.050610386249999355 -118.21337597412109
decision_type=2 2 2 2 2 2 2 2 2 2 2 2 2 2
left_child=5 2 4 -3 -2 10 -4 -5 9 -7 12 -10 -1 -12
right_child=1 3 6 7 -6 8 -8 -9 11 -11 13 -13 -14 -15
leaf_value=0.10954713504810475 0.0024332030708131016 -0.021283977675038951 0.032211016229827527 0.06058992526555091 -0.025716608440787693 -0.016129719010773952 0.1367666302677599 0.015872902741365782 -0.0015099373655054528 0.11113777149606634 0.056769758382097288 -0.052745507635028901 -0.011082178885555141 0.18168223834008371
leaf_weight=152 70038 2430 1394 6346 9103 18459 708 3556 1378 243 925 5087 1446 114
leaf_count=152 70038 2430 1394 6346 9103 18459 708 3556 1378 243 925 5087 1446 114
internal_value=2.29185e-11 0.00499363 0.000960714 0.0315624 -0.00080466 -0.0168062 0.0674277 0.0445312 -0.0215015 -0.0144761 0.0280054 -0.0418248 0.000391949 0.0704753
internal_weight=121379 93575 81243 12332 79141 27804 2102 9902 25167 18702 2637 6465 1598 1039
internal_count=121379 93575 81243 12332 79141 27804 2102 9902 25167 18702 2637 6465 1598 1039
is_linear=0
shrinkage=0.01


Tree=313
num_leaves=15
num_cat=0
split_feature=8 11 44 13 17 2 48 11 9 26 47 2 26 23
split_gain=100112 228177 125321 136318 107859 136892 77127.6 63044 55560.2 52672 47664.7 37995.9 37916.5 26617.7
threshold=0.60355339059327384 0.6830127018922193 1.0000000180025095e-35 -1.4399957836446202 0.0063261163657495753 25.675000000000001 1.0000000180025095e-35 -0.24999999999999994 0.60355339059327384 45.22162611477458 1.0000000180025095e-35 6.6250000000000009 32.067802345928975 64.361075904802163
decision_type=2 2 2 2 2 2 2 2 2 2 2 2 2 2
left_child=4 11 10 -4 6 7 8 -6 -1 -7 -3 -2 -13 -8
right_child=1 2 3 -5 5 9 13 -9 -10 -11 -12 12 -14 -15
leaf_value=0.021287535579754706 0.063772444745514828 0.018055542491228784 0.0016057218521044734 0.14771669677308333 -0.0071232494870869106 0.011477142087371429 -0.023814785384011002 -0.034102869455257333 -0.011711906243885111 0.29906382154673339 0.086292391002032509 -0.0056669163302364954 0.09050653017691071 -0.15644569119963891
leaf_weight=23044 855 5593 888 2273 13325 12969 5038 24745 6553 64 1253 24206 417 156
leaf_count=23044 855 5593 888 2273 13325 12969 5038 24745 6553 64 1253 24206 417 156
internal_value=1.99095e-11 0.0141296 0.0545913 0.106671 -0.00583729 -0.0150834 0.00774388 -0.0246596 0.0139812 0.0128894 0.0305447 -0.00176257 -0.00403818 -0.0277983
internal_weight=121379 35485 10007 3161 85894 51103 34791 38070 29597 13033 6846 25478 24623 5194
internal_count=121379 35485 10007 3161 85894 51103 34791 38070 29597 13033 6846 25478 24623 5194
is_linear=0
shrinkage=0.01


Tree=314
num_leaves=15
num_cat=0
split_feature=5 0 2 25 0 10 26 13 9 13 2 10 15 11
split_gain=100513 114844 135437 98591.3 113305 85259.3 82777.7 76310.8 56528.1 54923 52153.7 51304.5 47570.2 38775.2
threshold=1.5000000000000002 36.742692288818368 7.9750000000000005 67.778429094493745 34.083213737060554 -0.93301270189221908 20.20030389093434 -3.6038599958286786 0.25881904510252057 5.7599833763765513 26.025000000000002 0.25000000000000011 0.31952080497883872 0.6830127018922193
decision_type=2 2 2 2 2 2 2 2 2 2 2 2 2 2
left_child=3 8 11 9 6 -6 -5 -4 12 -1 -10 -3 -2 -11
right_child=1 2 7 4 5 -7 -8 -9 10 13 -12 -13 -14 -15
leaf_value=0.01385875479858012 0.0062153109183822209 0.059289112686229918 -0.065426539940782846 0.020413844690074373 -0.067772373722540108 0.081361185461486643 -0.13398943029991306 -0.022911716493433331 -0.0192430313069392 -0.014440040707207155 0.03094163542171792 -0.005551168792108303 0.043060025133127774 0.04331287431891119
leaf_weight=27268 21946 2331 5413 1163 417 4750 495 19186 13750 14225 2438 2561 4170 1266
leaf_count=27268 21946 2331 5413 1163 417 4750 495 19186 13750 14225 2438 2561 4170 1266
internal_value=9.18617e-13 -0.00756245 -0.0227104 0.01095 0.0462448 0.0693254 -0.0256836 -0.0322671 0.00299748 0.00531643 -0.011685 0.0253447 0.0120984 -0.00972019
internal_weight=121379 71795 29491 49584 6825 5167 1658 24599 42304 42759 16188 4892 26116 15491
internal_count=121379 71795 29491 49584 6825 5167 1658 24599 42304 42759 16188 4892 26116 15491
is_linear=0
shrinkage=0.01


Tree=315
num_leaves=15
num_cat=0
split_feature=31 1 10 1 26 15 13 5 30 43 10 26 23 36
split_gain=98569.6 97013 121589 84339.9 82535.6 51910.2 43824.1 40855.2 38973.7 40882.7 21497.2 18937.1 22003.4 13816.6
threshold=30.000000000000007 -118.21337597412109 0.25000000000000011 -119.7866065258789 9.6055591818289088 0.086484379132584471 -3.5988016550849666 3.5000000000000004 73.184410646387846 1.0000000180025095e-35 0.93301270189221952 18.149667780883 58.37046718772006 44.389733840304189
decision_type=2 2 2 2 2 2 2 2 2 2 2 2 2 2
left_child=5 2 3 -2 13 11 -6 -4 9 -7 -10 -1 -13 -3
right_child=1 4 7 -5 6 8 -8 -9 10 -11 -12 12 -14 -15
leaf_value=0.0051742050181669387 -0.010824363269007516 0.003365537133651896 0.00062678180536165614 0.017021078476925692 0.017491567639210309 -0.028863898243915342 0.060645243624268971 -0.025632289818160219 -0.035788285779509724 0.00052518176285529369 -0.096912134529447608 0.087561574133851142 -0.03339250356077831 -0.044344283344812691
leaf_weight=1380 14954 1180 8983 39901 3851 9006 6051 17405 5863 9977 638 752 188 1250
leaf_count=1380 14954 1180 8983 39901 3851 9006 6051 17405 5863 9977 638 752 188 1250
internal_value=1.60971e-11 0.00491217 0.0009452 0.00943014 0.0310465 -0.016532 0.0438623 -0.0166932 -0.0206547 -0.0134177 -0.0417869 0.0287538 0.0633708 -0.0211766
internal_weight=121379 93575 81243 54855 12332 27804 9902 26388 25484 18983 6501 2320 940 2430
internal_count=121379 93575 81243 54855 12332 27804 9902 26388 25484 18983 6501 2320 940 2430
is_linear=0
shrinkage=0.01


Tree=316
num_leaves=15
num_cat=0
split_feature=8 7 44 10 17 2 1 1 7 26 10 29 5 15
split_gain=98006.2 154145 137145 135667 104485 132644 74235.3 71272.8 54134.3 51435.1 43529.1 43629.6 38198.1 34884.8
threshold=0.60355339059327384 1005.0996000000001 1.0000000180025095e-35 0.68301270189221941 0.0063261163657495753 25.675000000000001 -120.84999847412108 -118.21337597412109 1001.7000500000001 45.22162611477458 0.25000000000000011 56.797000422475712 44.500000000000007 0.1148951916223921
decision_type=2 2 2 2 2 2 2 2 2 2 2 2 2 2
left_child=4 10 7 -4 6 12 -1 -3 -8 -7 13 -12 -6 -2
right_child=1 2 3 -5 5 9 8 -9 -10 -11 11 -13 -14 -15
leaf_value=-0.027277963393256732 0.095394816417157066 0.011218226773496915 0.13131474345027458 -0.010508995834539821 -0.01530731088446325 0.011263883397786532 -0.010524816956702291 0.077947571642083491 0.021257685054278802 0.29545399833470581 -0.0048696112941478131 -0.061324391331593738 -0.035456987666215974 0.002245222525813508
leaf_weight=5194 414 10130 2520 921 21075 12969 7028 1901 22569 64 3373 2304 16995 13922
leaf_count=5194 414 10130 2520 921 21075 12969 7028 1901 22569 64 3373 2304 16995 13922
internal_value=5.53458e-12 0.0139802 0.0376844 0.0933549 -0.00577559 -0.0148759 0.00759146 0.021762 0.0137107 0.0126594 -0.00434543 -0.0277817 -0.0243024 0.00493523
internal_weight=121379 35485 15472 3441 85894 51103 34791 12031 29597 13033 20013 5677 38070 14336
internal_count=121379 35485 15472 3441 85894 51103 34791 12031 29597 13033 20013 5677 38070 14336
is_linear=0
shrinkage=0.01


Tree=317
num_leaves=15
num_cat=0
split_feature=5 0 2 26 0 14 22 31 10 26 17 13 29 13
split_gain=96864.6 111785 131146 95513.2 200689 88037 63125.8 58111.6 49294.4 48331.2 48295.9 44190.8 43114.7 34589.3
threshold=1.5000000000000002 36.742692288818368 7.9750000000000005 20.746625957469558 34.083213737060554 3.6000027346582884 51.403675538656536 28.908730158730162 0.25000000000000011 37.086813248856139 0.0037763975210990874 9.0000087655067844 68.160065483734698 0.359994230408134
decision_type=2 2 2 2 2 2 2 2 2 2 2 2 2 2
left_child=3 7 8 6 12 -4 -1 13 -3 -6 -9 -8 -5 -2
right_child=1 2 5 4 9 -7 11 10 -10 -11 -12 -13 -14 -15
leaf_value=-0.0070606195975057122 -0.032845233825456829 0.058191797324551764 -0.021688720866830193 -0.032583556086590887 0.067670444091854895 -0.067262986957090598 0.021805111525737126 0.033117572872534508 -0.0053656038012659581 0.17348527876059872 0.0031877550900661789 -0.021464203484979856 -0.17250200413285741 0.0051607098121087529
leaf_weight=20390 6127 2331 19156 732 3991 5443 21013 6844 2561 484 25402 2659 315 3931
leaf_count=20390 6127 2331 19156 732 3991 5443 21013 6844 2561 484 25402 2659 315 3931
internal_value=1.81627e-12 -0.00742394 -0.0223688 0.0107495 0.0499548 -0.0317729 0.00583613 0.00299442 0.024919 0.079115 0.00954016 0.0169448 -0.0746794 -0.0179913
internal_weight=121379 71795 29491 49584 5522 24599 44062 42304 4892 4475 32246 23672 1047 10058
internal_count=121379 71795 29491 49584 5522 24599 44062 42304 4892 4475 32246 23672 1047 10058
is_linear=0
shrinkage=0.01


Tree=318
num_leaves=15
num_cat=0
split_feature=31 7 48 11 23 2 31 47 24 47 25 26 33 35
split_gain=95503.5 80491.7 97220.7 92839.5 70425.6 63726.2 71871.2 60014.3 59521.9 50135.7 50085.8 45027.5 41107 32536.5
threshold=55.115547106041411 1002.5004250000001 1.0000000180025095e-35 -0.5 64.361075904802163 7.4250000000000016 25.046296296296298 1.0000000180025095e-35 41.565554452864454 1.0000000180025095e-35 110.46251076177123 18.149667780883 85.293641846749608 68.514786649767657
decision_type=2 2 2 2 2 2 2 2 2 2 2 2 2 2
left_child=5 3 7 10 -4 11 13 -3 -5 -8 -2 -1 -13 -7
right_child=1 2 4 8 -6 6 9 -9 -10 -11 -12 12 -14 -15
leaf_value=0.0025630358228536606 0.028655405667846016 0.027544574780995066 -0.0086166552189169982 -0.034124844146255356 -0.15437391447629631 -0.016263221999126425 -0.00711699442594361 0.082967959205919026 0.41232718722025552 0.016662086877974564 -0.15197938046241297 0.067069186738425476 -0.0928426857539561 -0.045752378161053021
leaf_weight=3724 5391 16792 2746 6520 377 10629 53780 2211 30 10617 158 2458 172 5774
leaf_count=3724 5391 16792 2746 6520 377 10629 53780 2211 30 10617 158 2458 172 5774
internal_value=5.32725e-12 0.014155 0.0254954 -0.00658365 -0.0262121 -0.00555861 -0.00795652 0.0339931 -0.03208 -0.00319659 0.0235121 0.0249342 0.0566111 -0.0266437
internal_weight=121379 34225 22126 12099 3123 87154 80800 19003 6550 64397 5549 6354 2630 16403
internal_count=121379 34225 22126 12099 3123 87154 80800 19003 6550 64397 5549 6354 2630 16403
is_linear=0
shrinkage=0.01


Tree=319
num_leaves=15
num_cat=0
split_feature=31 27 47 11 35 9 12 20 42 16 9 14 11 13
split_gain=93607.1 81860.5 80997.1 88346.8 75303.2 60961.3 54910 66095.3 42759.6 38546.8 39865 37138.2 20733.1 20065.2
threshold=44.868715673848762 130.60929648241208 1.0000000180025095e-35 -0.5 111.59525985071492 0.60355339059327384 1.0000000180025095e-35 151.31545064377687 1.0000000180025095e-35 0.14703508250000027 -0.78656609248549325 3.2678342100901636 0.93301270189221952 -2.5357095704441952
decision_type=2 2 2 2 2 2 2 2 2 2 2 2 2 2
left_child=5 2 4 -4 -2 9 13 -8 -7 12 -11 -10 -1 -3
right_child=1 6 3 -5 -6 8 7 -9 11 10 -12 -13 -14 -15
leaf_value=0.032976889146606347 0.004763918469401965 -0.038915802941648002 -0.013111373924087706 0.062359612146234374 -0.05410440935221366 -0.0088076821804460321 0.088035223867190648 0.31741388402169657 -0.031042947625161795 -0.019202229669125249 0.0030278253391624009 -0.090430235016593821 0.13646856663258453 0.055328094072990337
leaf_weight=895 50826 291 2283 4838 2270 9822 498 168 8446 11487 27095 1203 247 1010
leaf_count=895 50826 291 2283 4838 2270 9822 498 168 8446 11487 27095 1203 247 1010
internal_value=2.06518e-11 0.00856813 0.00649445 0.0381635 0.00224714 -0.00900077 0.0720508 0.145897 -0.0234957 -0.00189596 -0.00359072 -0.0384471 0.0553608 0.0342482
internal_weight=121379 62184 60217 7121 53096 59195 1967 666 19471 39724 38582 9649 1142 1301
internal_count=121379 62184 60217 7121 53096 59195 1967 666 19471 39724 38582 9649 1142 1301
is_linear=0
shrinkage=0.01


Tree=320
num_leaves=15
num_cat=0
split_feature=5 16 25 44 24 1 14 19 14 10 45 25 10 33
split_gain=94878.9 93922.4 92655.4 116012 110197 90318.4 111491 61560.8 56641.5 52391.4 50601.5 40712.2 34815.4 29587.9
threshold=1.5000000000000002 0.34682847249999987 67.778429094493745 1.0000000180025095e-35 41.565554452864454 -118.99998249999999 3.6134184116747128 0.89760434022257307 1.0000000180025095e-35 0.25000000000000011 1.0000000180025095e-35 31.485591818053798 0.68301270189221941 88.442217424256924
decision_type=2 2 2 2 2 2 2 2 2 2 2 2 2 2
left_child=2 12 8 9 -5 6 -3 -7 11 -4 -10 -1 -2 -14
right_child=1 5 3 4 -6 7 -8 -9 10 -11 -12 -13 13 -15
leaf_value=-0.036811363530874837 0.048499887582703773 -0.011116788357882186 -0.0061530930015070984 0.083812182794937712 0.42548520978008003 -0.0066418531078648183 -0.051874780294092586 0.025068352579539148 0.031003842631892226 0.081743407287642553 -0.027783661212789187 0.0016631886726958137 -0.0033705218429603274 -0.29813349861758093
leaf_weight=3060 3903 26428 3308 2566 98 22804 8996 8369 10833 853 1693 27173 1260 35
leaf_count=3060 3903 26428 3308 2566 98 22804 8996 8369 10833 853 1693 27173 1260 35
internal_value=-1.60279e-11 -0.00734745 0.0106387 0.0448546 0.0963812 -0.0105429 -0.0214674 0.00187137 0.00517734 0.0118656 0.0230582 -0.00223097 0.0335924 -0.0113371
internal_weight=121379 71795 49584 6825 2664 66597 35424 31173 42759 4161 12526 30233 5198 1295
internal_count=121379 71795 49584 6825 2664 66597 35424 31173 42759 4161 12526 30233 5198 1295
is_linear=0
shrinkage=0.01


Tree=321
num_leaves=15
num_cat=0
split_feature=8 7 44 10 17 2 0 1 9 26 10 29 44 15
split_gain=94757.9 150416 133242 131583 100003 128365 70754.4 67599.9 52595.9 49617.4 42009.8 43051.2 37521.7 33981
threshold=0.60355339059327384 1005.0996000000001 1.0000000180025095e-35 0.68301270189221941 0.0063261163657495753 25.675000000000001 37.042691525878915 -118.21337597412109 0.60355339059327384 45.22162611477458 0.25000000000000011 56.797000422475712 1.0000000180025095e-35 0.1148951916223921
decision_type=2 2 2 2 2 2 2 2 2 2 2 2 2 2
left_child=4 10 7 -4 6 12 8 -3 -1 -7 13 -12 -6 -2
right_child=1 2 3 -5 5 9 -8 -9 -10 -11 11 -13 -14 -15
leaf_value=0.020480961695580509 0.094041322345894907 0.011199610258588087 0.12941904979056518 -0.010253713049609356 -0.017594249629895073 0.011134785875103463 -0.026643954852021156 0.076186866771110348 -0.011626116375318119 0.29025792190805078 -0.0046199993892378716 -0.060699322952875966 -0.039597085109442633 0.0021062621994588798
leaf_weight=23044 414 10130 2520 921 27237 12969 5194 1901 6553 64 3373 2304 10833 13922
leaf_count=23044 414 10130 2520 921 27237 12969 5194 1901 6553 64 3373 2304 10833 13922
internal_value=-2.27878e-11 0.0137466 0.0371623 0.092035 -0.00567907 -0.014582 0.00739814 0.0214681 0.0133722 0.0125055 -0.00435607 -0.0273797 -0.0238553 0.00476119
internal_weight=121379 35485 15472 3441 85894 51103 34791 12031 29597 13033 20013 5677 38070 14336
internal_count=121379 35485 15472 3441 85894 51103 34791 12031 29597 13033 20013 5677 38070 14336
is_linear=0
shrinkage=0.01


Tree=322
num_leaves=15
num_cat=0
split_feature=5 0 15 25 44 26 14 3 14 31 22 13 25 17
split_gain=92699.1 107832 115562 83400 112036 95539.4 70441.4 66721.4 60822.1 53945.2 54817.5 44422.7 40864.2 39799.9
threshold=3.5000000000000004 36.742692288818368 0.10702062951438722 68.970423766605663 1.0000000180025095e-35 10.956621897015051 3.963444403430552 21.002866000000001 0.35999311581651322 52.303971271651889 155.03075822603722 -1.1108126726880345 31.485591818053798 0.0033900392414778421
decision_type=2 2 2 2 2 2 2 2 2 2 2 2 2 2
left_child=3 9 11 8 7 -6 -4 -5 12 10 -2 -3 -1 -11
right_child=1 2 6 4 5 -7 -8 -9 -10 13 -12 -13 -14 -15
leaf_value=-0.035221382349220523 -0.006777920608339023 -0.015459744255193388 -0.024062421556114086 -0.12717349651172483 0.4386787887567129 0.083358833150360717 -0.067791082186083901 0.022005932097081675 0.023433825811395144 0.05163309186328862 0.21899339819671931 0.039534287954076354 0.0016752503144496402 0.010027736373773518
leaf_weight=3330 25408 2554 17500 326 78 2537 4666 3732 13083 2889 108 3457 30448 11263
leaf_count=3330 25408 2554 17500 326 78 2537 4666 3732 13083 2889 108 3457 30448 11263
internal_value=2.1977e-11 -0.00776286 -0.0227214 0.00983807 0.0429141 0.0939573 -0.0332674 0.0100216 0.00512805 0.00286247 -0.00582231 0.016168 -0.0019622 0.0185211
internal_weight=121379 67845 28177 53534 6673 2615 22166 4058 46861 39668 25516 6011 33778 14152
internal_count=121379 67845 28177 53534 6673 2615 22166 4058 46861 39668 25516 6011 33778 14152
is_linear=0
shrinkage=0.01


Tree=323
num_leaves=15
num_cat=0
split_feature=8 11 44 5 17 11 0 0 1 7 1 14 1 35
split_gain=92441 214143 116095 141002 97193.5 129356 69043.6 68652.2 53901.3 52132.7 43196 41501.3 54777.3 32556.7
threshold=0.60355339059327384 0.6830127018922193 1.0000000180025095e-35 97.500000000000014 0.0063261163657495753 -0.5 34.083213737060554 37.042691525878915 -118.21337597412109 1001.7000500000001 -118.21337597412109 0.5399990478520561 -118.21337597412109 74.864629972846913
decision_type=2 2 2 2 2 2 2 2 2 2 2 2 2 2
left_child=4 11 10 -4 7 6 -6 9 -7 -1 -3 13 -13 -2
right_child=1 2 3 -5 5 8 -8 -9 -10 -11 -12 12 -14 -15
leaf_value=-0.010615624923161092 -0.0045105763317688594 0.017741385266326678 0.14707567035400559 0.001923286012855984 0.039543881209421851 -0.031767292637047334 -0.0046345344114624596 -0.026249575691839517 0.0054167139336874963 0.020573767022858475 0.082700801261456153 0.0017268372210891348 0.059150158068590163 -0.040206625864876964
leaf_weight=7028 12853 5593 2199 962 4721 27734 14112 5194 4536 22569 1253 7284 2152 3189
leaf_count=7028 12853 5593 2199 962 4721 27734 14112 5194 4536 22569 1253 7284 2152 3189
internal_value=7.02475e-12 0.0135775 0.0527752 0.102901 -0.00560921 -0.0143862 0.00643998 0.00728299 -0.0265406 0.0131676 0.0296307 -0.00181819 0.014823 -0.0116066
internal_weight=121379 35485 10007 3161 85894 51103 18833 34791 32270 29597 6846 25478 9436 16042
internal_count=121379 35485 10007 3161 85894 51103 18833 34791 32270 29597 6846 25478 9436 16042
is_linear=0
shrinkage=0.01


Tree=324
num_leaves=15
num_cat=0
split_feature=5 0 7 0 26 0 24 19 21 31 11 17 29 13
split_gain=90946.7 103758 132839 115179 88622.3 193391 72787.5 63649.2 62045.8 54308.7 48382.7 45423.5 42271 33699.3
threshold=1.5000000000000002 36.742692288818368 1006.4001350000001 37.042691525878915 20.746625957469558 34.083213737060554 41.565554452864454 0.028828253431896548 32.800925925925931 28.908730158730162 0.6830127018922193 0.0037763975210990874 68.160065483734698 0.359994230408134
decision_type=2 2 2 2 2 2 2 2 2 2 2 2 2 2
left_child=4 9 7 -4 8 12 -7 -3 -1 13 -10 -11 -6 -2
right_child=1 2 3 -5 5 6 -8 -9 10 11 -12 -13 -14 -15
leaf_value=-0.018828639999536618 -0.032105275728474249 0.10622375364436044 0.030416220927923381 -0.023712738101555764 -0.032484433962581834 0.06845411580881576 0.27156668240447407 -0.048948906519422151 0.0065245433925674957 0.032037196539942234 0.039070283116483313 0.0030110677257932867 -0.17102714875624295 0.0054084768779220195
leaf_weight=8366 6127 270 6386 10226 732 4291 184 12609 30318 6844 5378 25402 315 3931
leaf_count=8366 6127 270 6386 10226 732 4291 184 12609 30318 6844 5378 25402 315 3931
internal_value=1.50596e-11 -0.00719358 -0.0215918 -0.00290443 0.0104159 0.0481805 0.0768056 -0.0456958 0.00568314 0.00284374 0.0114279 0.00917167 -0.0741663 -0.0174437
internal_weight=121379 71795 29491 16612 49584 5522 4475 12879 44062 42304 35696 32246 1047 10058
internal_count=121379 71795 29491 16612 49584 5522 4475 12879 44062 42304 35696 32246 1047 10058
is_linear=0
shrinkage=0.01


Tree=325
num_leaves=15
num_cat=0
split_feature=8 11 13 6 11 0 0 0 1 9 5 14 1 35
split_gain=90379.5 208999 95900.5 94208.7 126002 84615.4 67537.8 66060 52573.5 51376.9 46782.2 40605.2 53432.2 31980.3
threshold=0.60355339059327384 0.6830127018922193 -1.4399957836446202 6.3012855000000014 -0.5 36.742692288818368 34.083213737060554 37.042691525878915 -118.21337597412109 0.60355339059327384 12.500000000000002 0.5399990478520561 -118.21337597412109 74.864629972846913
decision_type=2 2 2 2 2 2 2 2 2 2 2 2 2 2
left_child=3 11 10 7 6 -4 -5 9 -6 -1 -3 13 -13 -2
right_child=1 2 5 4 8 -7 -8 -9 -10 -11 -12 12 -14 -15
leaf_value=0.019969763557085837 -0.004433621183338802 0.08122466247107317 0.043999071948506184 0.03913825487420327 -0.031290669338880042 0.11349601250960153 -0.0045534196375540828 -0.02590517502270883 0.005359258195943517 -0.011782988433649588 -0.023007577863817255 0.0017418198882982409 0.058455692748351974 -0.039812246626762832
leaf_weight=23000 12853 548 4631 4721 27813 2818 14118 5141 4555 6546 2010 7284 2152 3189
leaf_count=23000 12853 548 4631 4721 27813 2818 14118 5141 4555 6546 2010 7284 2152 3189
internal_value=4.81976e-12 0.0134252 0.0521492 -0.00554631 -0.0141658 0.0702902 0.00639559 0.00717833 -0.0261331 0.0129349 -0.000677919 -0.00178438 0.0146761 -0.0114666
internal_weight=121379 35485 10007 85894 51207 7449 18839 34687 32368 29546 2558 25478 9436 16042
internal_count=121379 35485 10007 85894 51207 7449 18839 34687 32368 29546 2558 25478 9436 16042
is_linear=0
shrinkage=0.01


Tree=326
num_leaves=15
num_cat=0
split_feature=5 18 0 24 10 13 14 19 45 25 10 3 25 31
split_gain=89036.8 103960 104382 85788 121917 79363.3 74526.7 57080.5 50082.6 42619.9 33940.4 33118.7 30282.5 13344.6
threshold=1.5000000000000002 0.10805149380006007 36.742692288818368 37.230202386214891 -0.6830127018922193 -3.6038599958286786 -0.71998839997634922 0.91014042074790613 1.0000000180025095e-35 31.485591818053798 0.93301270189221952 49.999397500000008 97.31196762881676 62.939480354879606
decision_type=2 2 2 2 2 2 2 2 2 2 2 2 2 2
left_child=3 10 7 6 11 -4 9 -3 -8 -1 -2 -5 -6 -12
right_child=1 2 5 4 12 -7 8 -9 -10 -11 13 -13 -14 -15
leaf_value=-0.036086455329046557 0.048273617485115279 -0.007143411749039528 -0.055490497303058078 0.43397863176756341 -0.062952642473307521 -0.015624447739328971 0.032405092547397991 0.019591656472635707 -0.021177927447409556 0.0038679057613854873 -0.10541912318898901 0.075652957409620289 0.20617345353322372 0.12060828855633736
leaf_weight=2937 3937 28505 6502 133 165 21525 14936 11094 1975 29350 202 32 56 30
leaf_count=2937 3937 28505 6502 133 165 21525 14936 11094 1975 29350 202 32 56 30
internal_value=1.80051e-11 -0.00711765 -0.0101054 0.010306 0.158805 -0.024873 0.00914088 0.000346647 0.0261472 0.000233441 0.0413473 0.364485 0.00524221 -0.0761914
internal_weight=121379 71795 67626 49584 386 28027 49198 39599 16911 32287 4169 165 221 232
internal_count=121379 71795 67626 49584 386 28027 49198 39599 16911 32287 4169 165 221 232
is_linear=0
shrinkage=0.01


Tree=327
num_leaves=15
num_cat=0
split_feature=8 7 1 0 0 14 31 26 8 7 10 29 2 2
split_gain=88486.7 144633 93561.5 100451 82285.1 102481 75855.2 70121.6 52401.2 42904 39366.6 40132.2 36190.6 23541
threshold=0.60355339059327384 1005.3003300000001 -119.7866065258789 34.083213737060554 35.400001525878913 4.0240478596484666 29.463244613434728 37.086813248856139 -0.60355339059327362 1007.6001000000001 0.25000000000000011 56.797000422475712 8.9250000000000025 26.025000000000002
decision_type=2 2 2 2 2 2 2 2 2 2 2 2 2 2
left_child=4 10 -3 -4 6 7 13 -6 -8 -7 12 -12 -2 -1
right_child=1 2 3 -5 5 9 8 -9 -10 -11 11 -13 -14 -15
leaf_value=-0.025238692613084993 0.10099565461109739 0.0091817383652782747 0.014929982745998773 0.086961740021449394 -0.0087919239196865961 -0.066225270839760916 0.030115891790504789 0.1304338297954161 0.0024159780689463517 -0.01953001379265917 -0.004134966533237733 -0.057027185047242357 0.0023672184563565584 0.036995002333560963
leaf_weight=7826 382 6659 3121 5099 40673 4667 11512 365 16790 3402 3542 2411 14271 659
leaf_count=7826 382 6659 3121 5099 40673 4667 11512 365 16790 3402 3542 2411 14271 659
internal_value=7.51639e-12 0.0132839 0.0370425 0.0596125 -0.00548793 -0.0139593 0.00582054 -0.00755362 0.0136831 -0.0465379 -0.00387148 -0.0255566 0.00493844 -0.0204052
internal_weight=121379 35485 14879 8220 85894 49107 36787 41038 28302 8069 20606 5953 14653 8485
internal_count=121379 35485 14879 8220 85894 49107 36787 41038 28302 8069 20606 5953 14653 8485
is_linear=0
shrinkage=0.01


Tree=328
num_leaves=15
num_cat=0
split_feature=2 8 31 10 43 20 29 34 22 9 7 34 2 3
split_gain=87067.3 107379 103310 80034.8 81902.2 68370.1 43621.5 26619.2 33494.4 25202.7 22453.6 29794.9 20580.6 19662.8
threshold=7.8250000000000002 0.37940952255126054 25.046296296296298 0.25000000000000011 1.0000000180025095e-35 114.91206030150757 73.939638783269984 89.419967144807643 70.586026615969601 0.37940952255126048 1007.10008 91.82140791389476 26.525000000000002 28.863369000000002
decision_type=2 2 2 2 2 2 2 2 2 2 2 2 2 2
left_child=1 10 6 5 -5 -4 9 8 -3 -2 11 -1 -8 -12
right_child=2 7 3 4 -6 -7 12 -9 -10 -11 13 -13 -14 -15
leaf_value=-0.020745242004477884 -0.009134464634268943 0.051158810573456046 0.0060197284172272113 -0.027696631681014466 0.0053205567010564878 0.072710272072026086 -0.099414439196326546 -0.045260696563766238 0.11193733068044764 -0.035107142644895194 -0.20288112441698711 -0.22807429834786391 0.029242031103964394 0.01453303373690009
leaf_weight=1858 7924 3195 62480 15904 14240 1576 1052 216 1266 7069 42 72 141 4344
leaf_count=1858 7924 3195 62480 15904 14240 1576 1052 216 1266 7069 42 72 141 4344
internal_value=-2.58484e-11 0.0268383 -0.00267274 0.00133738 -0.0120993 0.00766055 -0.026011 0.0631577 0.0684073 -0.0213802 -5.62884e-05 -0.0284798 -0.0842086 0.0124511
internal_weight=121379 10993 110386 94200 30144 64056 16186 4677 4461 14993 6316 1930 1193 4386
internal_count=121379 10993 110386 94200 30144 64056 16186 4677 4461 14993 6316 1930 1193 4386
is_linear=0
shrinkage=0.01


Tree=329
num_leaves=15
num_cat=0
split_feature=5 18 0 26 0 2 21 2 26 14 29 10 26 30
split_gain=86603 101271 101833 84411.7 188502 79899 59588.9 58292.6 44767.6 43092.7 41544.5 33166.5 31103.7 26524.9
threshold=1.5000000000000002 0.10805149380006007 36.742692288818368 20.746625957469558 34.083213737060554 9.8750000000000018 32.800925925925931 26.025000000000002 40.72839735990835 -1.7544242261092846 68.160065483734698 0.93301270189221952 16.242851218667877 92.774614517454211
decision_type=2 2 2 2 2 2 2 2 2 2 2 2 2 2
left_child=3 11 7 6 10 -4 -1 -3 -6 -8 -5 12 -2 -13
right_child=1 2 5 4 8 -7 9 -9 -10 -11 -12 13 -14 -15
leaf_value=-0.018476418372446013 0.024999321458448714 -0.0033067576323105026 0.0051324504449727342 -0.032447653606895339 0.066140057575949818 -0.034157497094395958 0.0024064677325648033 0.040554982208601528 0.18471521600087484 0.02494252673649858 -0.1697946754003328 -0.025836578303294659 0.082523143218753217 -0.30616193402104264
leaf_weight=8366 2386 36293 6850 732 4130 21177 21807 3306 345 13889 315 191 1551 41
leaf_count=8366 2386 36293 6850 732 4130 21177 21807 3306 345 13889 315 191 1551 41
internal_value=-1.5698e-11 -0.0070197 -0.00996855 0.0101641 0.0470207 -0.0245548 0.00554516 0.000355126 0.0752816 0.0111751 -0.0737698 0.0408142 0.0476611 -0.0753768
internal_weight=121379 71795 67626 49584 5522 28027 44062 39599 4475 35696 1047 4169 3937 232
internal_count=121379 71795 67626 49584 5522 28027 44062 39599 4475 35696 1047 4169 3937 232
is_linear=0
shrinkage=0.01


Tree=330
num_leaves=15
num_cat=0
split_feature=8 11 13 17 11 0 0 0 7 47 5 5 26 36
split_gain=85722 201491 92634.6 90798.9 122181 81463.1 65068 63834.4 50495.3 50264.2 45135.3 38069.9 47194.6 26578.2
threshold=0.60355339059327384 0.6830127018922193 -1.4399957836446202 0.0063261163657495753 -0.5 36.742692288818368 34.083213737060554 37.042691525878915 1001.7000500000001 1.0000000180025095e-35 12.500000000000002 1.0000000180025095e-35 32.067802345928975 72.175855513307994
decision_type=2 2 2 2 2 2 2 2 2 2 2 2 2 2
left_child=3 11 10 7 6 -4 -5 8 -1 -6 -3 12 -2 -13
right_child=1 2 5 4 9 -7 -8 -9 -10 -11 -12 13 -14 -15
leaf_value=-0.010673007778074662 0.0083201890624784985 0.079625086980509865 0.043129523583615742 0.03849218572725658 -0.030744638441063805 0.11131967632207726 -0.0043954588902120652 -0.025275177785557972 0.02002266028413829 0.0051629369455155416 -0.022756041675157365 -0.01049372953087124 0.15484000145324639 -0.08062976808136936
leaf_weight=7028 11827 548 4631 4721 27734 2818 14112 5194 22569 4536 2010 12863 224 564
leaf_count=7028 11827 548 4631 4721 27734 2818 14112 5194 22569 4536 2010 12863 224 564
internal_value=-5.03911e-14 0.0130748 0.0510969 -0.00540151 -0.0138849 0.0689263 0.00635549 0.00705936 0.0127338 -0.0256973 -0.000822946 -0.00185921 0.0110437 -0.0134398
internal_weight=121379 35485 10007 85894 51103 7449 18833 34791 29597 32270 2558 25478 12051 13427
internal_count=121379 35485 10007 85894 51103 7449 18833 34791 29597 32270 2558 25478 12051 13427
is_linear=0
shrinkage=0.01


Tree=331
num_leaves=15
num_cat=0
split_feature=6 31 1 26 27 2 2 27 20 32 11 42 35 0
split_gain=84646.3 87973.8 85021.3 80662.7 73169.7 60221.4 44028.1 36464.6 34185.3 29859 23119.7 22167.8 18603 14578.6
threshold=13.201363000000002 30.000000000000007 -118.21337597412109 9.6607823524938379 137.50376884422113 26.675000000000001 6.4250000000000016 56.784134116833748 121.49874371859296 64.233261080787699 -0.5 1.0000000180025095e-35 46.111216730038031 34.083213737060554
decision_type=2 2 2 2 2 2 2 2 2 2 2 2 2 2
left_child=1 6 4 -4 -3 7 12 11 13 -8 -9 -2 -1 -7
right_child=5 2 3 -5 -6 8 9 10 -10 -11 -12 -13 -14 -15
leaf_value=-0.018465217948133078 -0.0078216502688744083 0.003191850148375361 -0.023898499254932096 0.048764773031998498 0.073772130980244419 0.030455458548237137 -0.013544654344340734 0.001944840866800141 0.28776165442033247 -0.05041354884644119 -0.074544101084992487 -0.033794105179311536 0.054489330712047701 -0.0036606647316304547
leaf_weight=484 6458 66461 1866 8427 1502 1897 17352 479 44 2515 2258 6691 1258 3687
leaf_count=484 6458 66461 1866 8427 1502 1897 17352 479 44 2515 2258 6691 1258 3687
internal_value=1.088e-11 0.00387602 0.00880808 0.0355918 0.00475169 -0.017992 -0.0139852 -0.0279502 0.010117 -0.018212 -0.0611578 -0.021038 0.0342195 0.00792929
internal_weight=121379 99865 78256 10293 67963 21514 21609 15886 5628 19867 2737 13149 1742 5584
internal_count=121379 99865 78256 10293 67963 21514 21609 15886 5628 19867 2737 13149 1742 5584
is_linear=0
shrinkage=0.01


Tree=332
num_leaves=15
num_cat=0
split_feature=5 18 0 7 24 32 2 8 13 19 31 26 24 31
split_gain=84034.3 96904.2 97277.8 109552 79188.3 80137.7 74095.8 107551 54762.9 51039.5 36350.8 20150.5 23432.3 18925.1
threshold=3.5000000000000004 0.093180067254050036 36.742692288818368 1007.10008 37.230202386214891 127.22361809045229 13.425000000000002 0.60355339059327384 2.8517501568587718 0.91014042074790613 59.211026615969594 15.853727129309798 4.7246559469659166 60.880243784130577
decision_type=2 2 2 2 2 2 2 2 2 2 2 2 2 2
left_child=4 11 9 -4 6 10 7 -1 -8 -3 -6 -2 -13 -7
right_child=1 2 3 -5 5 13 8 -9 -10 -11 -12 12 -14 -15
leaf_value=0.0053142798277339576 0.022134062956461885 -0.0068343203608775939 -0.045443674960400859 -0.0050414092939997414 -0.0054631002358320156 0.29916610424859186 0.013032558712324527 0.067817951893201056 -0.0099044920899112061 0.019675734601777274 0.20167926078797965 0.40941394472122195 0.064949427463752915 0.6329635793512518
leaf_weight=6723 2111 27405 13116 13744 193 35 21894 4662 19843 9881 151 20 1568 33
leaf_count=6723 2111 27405 13116 13744 193 35 21894 4662 19843 9881 151 20 1568 33
internal_value=2.28037e-11 -0.00739116 -0.0102611 -0.0247702 0.009367 0.14747 0.00829591 0.0309087 0.00212761 0.000190994 0.0854628 0.0423774 0.0692878 0.461156
internal_weight=121379 67845 64146 26860 53534 412 53122 11385 41737 37286 344 3699 1588 68
internal_count=121379 67845 64146 26860 53534 412 53122 11385 41737 37286 344 3699 1588 68
is_linear=0
shrinkage=0.01


Tree=333
num_leaves=15
num_cat=0
split_feature=2 17 2 21 4 13 13 46 13 1 34 7 25 25
split_gain=82932.6 81436.5 93675.5 62910.3 54041.5 42832.4 40248.1 37973.4 45767.2 47946.5 28190.5 21762.6 13931.1 5269.68
threshold=7.8250000000000002 0.0067837024787301579 25.525000000000002 136.85125628140707 1.0000000180025095e-35 -1.440001043881868 -4.9740148274120797 1.0000000180025095e-35 0.36144223420716004 -119.7866065258789 136.94974874371863 1003.5992500000001 61.236718847488156 37.325012908979964
decision_type=2 2 2 2 2 2 2 2 2 2 2 2 2 2
left_child=7 3 5 4 -2 -3 -4 8 11 -10 -5 -1 13 -9
right_child=1 2 6 10 -6 -7 -8 12 9 -11 -12 -13 -14 -15
leaf_value=-0.044924523175149313 0.0081436055741726521 -0.028285949761220591 0.033070898717491415 0.14253508122395916 -0.046577244341347905 -0.008965211659352804 -0.00053442687972821005 -0.043131600290536885 0.010834411446164302 0.074410189785554789 -0.028650750880440078 0.018318321708222802 -0.13012580808317453 0.001054426591742031
leaf_weight=636 45101 19968 5409 485 1880 26975 10448 415 1796 3494 120 3766 114 772
leaf_count=636 45101 19968 5409 485 1880 26975 10448 415 1796 3494 120 3766 114 772
internal_value=-2.66939e-12 -0.00260851 -0.0100852 0.00725867 0.00595389 -0.0171836 0.0109287 0.0261933 0.0330027 0.0528257 0.108581 0.00918101 -0.0245349 -0.0143939
internal_weight=121379 110386 62800 47586 46981 46943 15857 10993 9692 5290 605 4402 1301 1187
internal_count=121379 110386 62800 47586 46981 46943 15857 10993 9692 5290 605 4402 1301 1187
is_linear=0
shrinkage=0.01


Tree=334
num_leaves=15
num_cat=0
split_feature=8 2 17 2 0 8 10 44 5 10 2 9 29 1
split_gain=83302.4 123643 89371.8 101463 65784.5 54448.2 51986.3 63572 47522 44426.4 45272.9 42641.5 31241.3 30487.2
threshold=0.78656609248549325 9.6250000000000018 0.0053866137942757053 25.675000000000001 37.042691525878915 -0.70710678118654735 0.68301270189221941 1.0000000180025095e-35 44.500000000000007 1.0000000180025095e-35 13.525000000000002 0.60355339059327384 60.130029818081603 -118.21337597412109
decision_type=2 2 2 2 2 2 2 2 2 2 2 2 2 2
left_child=2 6 4 8 11 -5 7 -2 -4 10 -3 -1 -11 -8
right_child=1 9 3 5 -6 -7 13 -9 -10 12 -12 -13 -14 -15
leaf_value=0.022906423079810875 0.043054260891597064 0.05567750945501123 -0.0091794466634179846 0.035095770269707512 -0.023666443778167734 -0.0037416448457207002 0.0055252826198576724 0.13867097178279816 -0.028869587767457371 6.0802326226957427e-05 0.0080250401745513861 -0.0073927323384865243 -0.043044157424840614 0.12247721551072471
leaf_weight=20243 1412 2485 27892 6021 4986 9014 1599 1370 21867 5740 10085 6028 2378 259
leaf_count=20243 1412 2485 27892 6021 4986 9014 1599 1370 21867 5740 10085 6028 2378 259
internal_value=7.39776e-12 0.0161327 -0.00425409 -0.0109538 0.00963402 0.0118114 0.0627863 0.0901409 -0.0178324 0.00566904 0.0174456 0.0159541 -0.0125659 0.0218281
internal_weight=121379 25328 96051 64794 31257 15035 4640 2782 49759 20688 12570 26271 8118 1858
internal_count=121379 25328 96051 64794 31257 15035 4640 2782 49759 20688 12570 26271 8118 1858
is_linear=0
shrinkage=0.01


Tree=335
num_leaves=15
num_cat=0
split_feature=17 5 18 0 24 10 44 14 26 11 10 4 27 30
split_gain=81725.4 84354.5 90170.8 75932.9 65319.2 105605 62872.2 59027 43195.4 27781.2 26978.9 25073.8 21339 16317.2
threshold=0.014701612007324569 19.500000000000004 0.1220076696876501 36.742692288818368 37.230202386214891 -0.6830127018922193 1.0000000180025095e-35 -0.35999292733049687 40.72839735990835 0.25000000000000017 0.93301270189221952 1.1500000000000001 65.655564118296041 61.643060836501917
decision_type=2 2 2 2 2 2 2 2 2 2 2 2 2 2
left_child=1 4 10 -4 7 -6 9 -1 12 13 -3 -11 -8 -2
right_child=6 2 3 -5 5 -7 8 -9 -10 11 -12 -13 -14 -15
leaf_value=0.0023651144153636846 0.0099543821461602067 0.044710072471944445 0.00059339697428199497 -0.025658234915214583 0.33801338729262353 0.012195928162494993 -0.050618579048945372 0.023492279763175632 0.28506608054444599 -0.046937347212381145 -0.063261771801162534 0.026881034242069949 -0.12846791301553068 -0.018305408116536338
leaf_weight=33531 5624 3905 26346 18939 160 263 3623 21836 37 2716 246 554 390 3209
leaf_count=33531 5624 3905 26346 18939 160 263 3623 21836 37 2716 246 554 390 3209
internal_value=1.40382e-11 0.00321493 -0.00629657 -0.0103855 0.0116432 0.135437 -0.0209431 0.0106974 -0.0550484 -0.00953056 0.0383114 -0.0344311 -0.0581843 -0.000312307
internal_weight=121379 105226 49436 45285 55790 423 16153 55367 4050 12103 4151 3270 4013 8833
internal_count=121379 105226 49436 45285 55790 423 16153 55367 4050 12103 4151 3270 4013 8833
is_linear=0
shrinkage=0.01


Tree=336
num_leaves=15
num_cat=0
split_feature=47 10 43 2 13 26 31 25 31 35 31 34 29 32
split_gain=80815.6 108383 92985.6 88093.8 80296.8 69918 60863.4 57433.4 50937.6 49671.3 33449.2 30272.8 17060.5 9731.49
threshold=1.0000000180025095e-35 0.68301270189221941 1.0000000180025095e-35 10.625000000000002 -1.4399957836446202 10.281992715046011 22.268518518518523 42.233437948078766 51.376531474440227 62.007921419518389 86.959893365680855 119.71356783919599 54.912406703281235 23.981481481481485
decision_type=2 2 2 2 2 2 2 2 2 2 2 2 2 2
left_child=1 3 9 4 -1 12 -5 -4 11 -3 -10 -7 13 -2
right_child=5 2 7 6 -6 8 -8 -9 10 -11 -12 -13 -14 -15
leaf_value=-0.014577059496522387 0.0094246378089027378 -0.025992831659708795 0.033127277707657804 -0.031649215285671578 0.040716383558092852 0.015651484448851689 0.00036850983016713869 -0.019483383668139141 0.060199632004888502 -0.067317298926873548 -0.27484264734884106 0.27564408858617145 -0.00059665682183597871 -0.056539901002970579
leaf_weight=3620 272 8225 3504 6556 9568 9365 62893 5088 4424 4500 30 45 2031 1258
leaf_count=3620 272 8225 3504 6556 9568 9365 62893 5088 4424 4500 30 45 2031 1258
internal_value=-2.54956e-12 -0.00334073 -0.0234448 0.0018453 0.0255388 0.0199301 -0.00265397 0.00197236 0.0300821 -0.0406066 0.0579429 0.0168948 -0.0195944 -0.0448129
internal_weight=121379 103954 21317 82637 13188 17425 69449 8592 13864 12725 4454 9410 3561 1530
internal_count=121379 103954 21317 82637 13188 17425 69449 8592 13864 12725 4454 9410 3561 1530
is_linear=0
shrinkage=0.01


Tree=337
num_leaves=15
num_cat=0
split_feature=8 2 6 2 0 10 2 9 13 10 44 1 44 30
split_gain=81700.4 133094 83775.4 112137 59206.5 57647.2 67344.7 46781.6 42854.8 42130.4 69547.7 46698.4 35152.9 33558.6
threshold=0.60355339059327384 9.2750000000000021 6.6006815000000012 25.675000000000001 37.042691525878915 1.0000000180025095e-35 13.525000000000002 0.60355339059327384 -4.9740148274120797 0.68301270189221941 1.0000000180025095e-35 -118.21337597412109 1.0000000180025095e-35 158.71101573676683
decision_type=2 2 2 2 2 2 2 2 2 2 2 2 2 2
left_child=2 9 4 12 7 6 -3 -1 -5 10 -2 -11 -4 -7
right_child=1 5 3 8 -6 13 -8 -9 -10 11 -12 -13 -14 -15
leaf_value=0.01786755542928934 0.033550338874677739 0.053920522607143639 -0.016584306877309135 0.033617098049612611 -0.024755117780111999 -0.011350554278649483 0.0057447030444590383 -0.011424430602644349 -0.003684795645561025 0.0058222304937254575 0.12289836029961544 0.14006816133606756 -0.038415713146659029 -0.20005717846594359
leaf_weight=24475 1728 3646 26125 5259 5310 11762 14213 7015 7433 1986 1757 298 10277 95
leaf_count=24475 1728 3646 26125 5259 5310 11762 14213 7015 7433 1986 1757 298 10277 95
internal_value=-5.34845e-12 0.0127644 -0.00527329 -0.0138237 0.0061336 0.00423116 0.01558 0.0113422 0.0117714 0.0567188 0.0785961 0.0233377 -0.0227477 -0.0128625
internal_weight=121379 35485 85894 49094 36800 29716 17859 31490 12692 5769 3485 2284 36402 11857
internal_count=121379 35485 85894 49094 36800 29716 17859 31490 12692 5769 3485 2284 36402 11857
is_linear=0
shrinkage=0.01


Tree=338
num_leaves=15
num_cat=0
split_feature=5 16 24 2 9 32 1 13 9 13 26 4 3 26
split_gain=79810 80818.3 79020.7 74725.7 72296.6 66143 65666 99308 72142.9 47021.6 35734.5 23605.6 22656.8 16898
threshold=1.5000000000000002 0.11719567800000021 37.230202386214891 13.625000000000002 -0.70710678118654757 127.22361809045229 -118.99998249999999 -2.5200018856373521 0.25881904510252057 2.8517501568587718 32.067802345928975 0.25000000000000006 49.999397500000008 15.918591213968014
decision_type=2 2 2 2 2 2 2 2 2 2 2 2 2 2
left_child=2 11 3 4 -1 10 7 -3 -8 -5 -4 13 -7 -2
right_child=1 6 5 9 -6 12 8 -9 -10 -11 -12 -13 -14 -15
leaf_value=0.0004705210908753693 0.018425838031019288 -0.044699854199875565 -0.056891231515075802 0.012975133549821757 0.053706482060038106 0.58133885928562712 0.013398246563325276 -0.0078424013697573763 -0.017369520469748857 -0.0091023709116602059 0.16745765551162323 0.36872293099113129 0.19088688041852869 0.071485297002601839
leaf_weight=4284 1121 10023 106 19738 6306 42 20022 27010 12304 18870 215 23 23 1292
leaf_count=4284 1121 10023 106 19738 6306 42 20022 27010 12304 18870 215 23 23 1292
internal_value=-3.1074e-12 -0.00673877 0.00975738 0.00863918 0.0321708 0.152279 -0.00872713 -0.0178179 0.00168734 0.00218456 0.0933736 0.0498748 0.443179 0.0468356
internal_weight=121379 71795 49584 49198 10590 386 69359 37033 32326 38608 321 2436 65 2413
internal_count=121379 71795 49584 49198 10590 386 69359 37033 32326 38608 321 2436 65 2413
is_linear=0
shrinkage=0.01


Tree=339
num_leaves=15
num_cat=0
split_feature=8 11 17 11 46 7 2 0 1 7 35 2 5 25
split_gain=79643.9 155767 84317.2 97593 69387.4 66031.1 63049.8 62446.1 50180.1 47355.2 35144.4 32055.2 27071.4 21316.7
threshold=0.78656609248549325 0.6830127018922193 0.0053866137942757053 -0.5 1.0000000180025095e-35 1007.0002500000002 10.875000000000002 37.042691525878915 -119.7866065258789 1002.0002750000001 69.276299112801027 6.2250000000000005 1.0000000180025095e-35 60.828650894240255
decision_type=2 2 2 2 2 2 2 2 2 2 2 2 2 2
left_child=2 11 7 4 -4 -5 8 9 -3 -1 -8 -2 -13 -9
right_child=1 6 3 5 -6 -7 10 13 -10 -11 -12 12 -14 -15
leaf_value=-0.0082308385826694308 0.078868052025966806 0.025905733296575004 -0.004211611778065746 -0.029028552904353622 0.035761832934769359 -0.0026398817427083937 0.070499715409918576 -0.019410810187457835 0.10771474865889989 0.023087518654557486 0.0026982197858771767 0.010839585262959429 -0.013926345489461138 -0.1385493082074869
leaf_weight=6375 504 1051 17298 27117 5798 14581 1135 4831 2616 19896 2342 8506 9174 155
leaf_count=6375 504 1051 17298 27117 5798 14581 1135 4831 2616 19896 2342 8506 9174 155
internal_value=2.70432e-11 0.0157745 -0.00415962 -0.0106671 0.00582329 -0.0198009 0.0553395 0.00933004 0.0842674 0.0154877 0.0248307 0.000230462 -0.00201124 -0.0231145
internal_weight=121379 25328 96051 64794 23096 41698 7144 31257 3667 26271 3477 18184 17680 4986
internal_count=121379 25328 96051 64794 23096 41698 7144 31257 3667 26271 3477 18184 17680 4986
is_linear=0
shrinkage=0.01


Tree=340
num_leaves=15
num_cat=0
split_feature=8 7 44 10 17 2 1 0 7 13 10 29 30 16
split_gain=78428.6 133047 116536 116661 80332 110539 58961.8 57848.4 48090.1 42398.4 36781.5 41265.5 35659.2 30603.5
threshold=0.60355339059327384 1005.0996000000001 1.0000000180025095e-35 0.68301270189221941 0.0063261163657495753 25.675000000000001 -118.21337597412109 37.042691525878915 1001.7000500000001 -4.9740148274120797 0.25000000000000011 56.797000422475712 82.596045818445859 0.44810591000000027
decision_type=2 2 2 2 2 2 2 2 2 2 2 2 2 2
left_child=4 10 6 -4 7 12 -3 8 -1 -7 13 -12 -6 -2
right_child=1 2 3 -5 5 9 -8 -9 -10 -11 11 -13 -14 -15
leaf_value=-0.010886661090717335 0.1041208600397393 0.010261037178536618 0.12104651419449938 -0.010468379809307773 -0.017822562403473886 0.033635534110590309 0.070954306480226881 -0.024227114932409505 0.019069042648256651 -0.003039101334974011 -0.0037798721546783084 -0.058683805892573118 -0.045592590710155562 0.0018794719098060889
leaf_weight=7028 299 10130 2520 921 32684 5341 1901 5194 22569 7692 3373 2304 5386 14037
leaf_count=7028 299 10130 2520 921 32684 5341 1901 5194 22569 7692 3373 2304 5386 14037
internal_value=-4.29335e-12 0.0125062 0.0345285 0.0858459 -0.00516662 -0.0131461 0.0198511 0.00655406 0.0119559 0.0119904 -0.0045192 -0.0260625 -0.0217514 0.00401188
internal_weight=121379 35485 15472 3441 85894 51103 12031 34791 29597 13033 20013 5677 38070 14336
internal_count=121379 35485 15472 3441 85894 51103 12031 34791 29597 13033 20013 5677 38070 14336
is_linear=0
shrinkage=0.01


Tree=341
num_leaves=15
num_cat=0
split_feature=5 18 24 10 2 1 13 19 26 22 22 35 26 37
split_gain=77794.6 88469 85346.7 113173 75792.7 59161 96657.1 66511.2 48597.9 43368 41911.6 21644.6 19818.9 20433.4
threshold=1.0000000180025095e-35 0.078021519358950034 37.230202386214891 -0.6830127018922193 13.625000000000002 -118.99998249999999 -2.5200018856373521 0.8844626665096692 33.02780344457674 32.800925925925931 59.80323193916351 98.037922502245081 13.573636821391082 67.240177439797222
decision_type=2 2 2 2 2 2 2 2 2 2 2 2 2 2
left_child=2 12 4 8 10 6 -3 -7 -4 -6 -1 -5 -2 -14
right_child=1 5 3 11 9 7 -8 -9 -10 -11 -12 -13 13 -15
leaf_value=0.017932375228266278 0.014865122892362328 -0.043233919614711083 0.0092862555757164955 -0.042850275412201884 -0.020971748477176505 -0.0077109787083877081 -0.0074808687586778071 0.023373388422085566 0.44398855168969575 0.0076489674391161944 0.061314647478597543 0.24500411256667107 0.086181131773721845 0.018098896481870481
leaf_weight=5925 1407 10273 32 166 6476 24067 28648 9641 131 29014 3568 31 1344 656
leaf_count=5925 1407 10273 32 166 6476 24067 28648 9641 131 29014 3568 31 1344 656
internal_value=-2.47222e-12 -0.00618228 0.0103671 0.163727 0.00913977 -0.00851852 -0.0169177 0.00117962 0.358648 0.00242643 0.0342379 0.00244661 0.0436206 0.0638502
internal_weight=121379 76036 45343 360 44983 72629 38921 33708 163 35490 9493 197 3407 2000
internal_count=121379 76036 45343 360 44983 72629 38921 33708 163 35490 9493 197 3407 2000
is_linear=0
shrinkage=0.01


Tree=342
num_leaves=15
num_cat=0
split_feature=17 31 1 10 11 44 2 32 11 11 27 24 24 3
split_gain=77443.3 81261.8 82013.9 86829.8 76964.7 60125.7 41501.9 31327.1 26392.3 25722.8 27592.5 25455.4 18527.6 16962.5
threshold=0.014701612007324569 30.000000000000007 -118.21337597412109 0.25000000000000011 -0.5 1.0000000180025095e-35 6.4250000000000016 64.233261080787699 0.25000000000000017 -0.5 69.468155893536135 17.81651455733326 21.914086702007442 92.000135000000014
decision_type=2 2 2 2 2 2 2 2 2 2 2 2 2 2
left_child=1 6 3 -3 -4 8 12 -8 -2 11 -11 -7 -1 -10
right_child=5 2 4 -5 -6 9 7 -9 13 10 -12 -13 -14 -15
leaf_value=0.044681203228399545 -0.00024168622213095064 0.011409840740372951 -0.0045230426966976706 -0.012286758132410511 0.052340380459475054 -0.035488626066572035 -0.012756034477808169 -0.049394830475017325 -0.039417545690337744 -0.06433942726261116 -0.18205074321817269 0.11001763849992019 -0.056189213994239429 0.054114309596842609
leaf_weight=1569 8833 48826 3557 22630 7195 1600 18574 2669 3063 2100 220 130 206 207
leaf_count=1569 8833 48826 3557 22630 7195 1600 18574 2669 3063 2100 220 130 206 207
internal_value=5.08026e-12 0.00312957 0.00777963 0.00390517 0.0335287 -0.0203871 -0.013478 -0.0173594 -0.00922656 -0.0537391 -0.0755017 -0.0245546 0.0329746 -0.0334967
internal_weight=121379 105226 82208 71456 10752 16153 23018 21243 12103 4050 2320 1730 1775 3270
internal_count=121379 105226 82208 71456 10752 16153 23018 21243 12103 4050 2320 1730 1775 3270
is_linear=0
shrinkage=0.01


Tree=343
num_leaves=15
num_cat=0
split_feature=8 2 6 2 0 8 7 10 7 10 2 36 29 43
split_gain=76651.6 115003 79619.9 93304 58680.7 53079.4 47604.8 47499.4 45193.2 40716.1 41845.3 37283.7 30268.2 29327.8
threshold=0.78656609248549325 9.6250000000000018 5.4014995000000008 25.675000000000001 37.042691525878915 -0.70710678118654735 1002.0002750000001 0.68301270189221941 1007.0002500000002 1.0000000180025095e-35 13.525000000000002 77.670937345015716 60.130029818081603 1.0000000180025095e-35
decision_type=2 2 2 2 2 2 2 2 2 2 2 2 2 2
left_child=2 7 4 8 6 -5 -1 13 -4 10 -3 -9 -11 -2
right_child=1 9 3 5 -6 -7 -8 11 -10 12 -12 -13 -14 -15
leaf_value=-0.0082772015258708934 0.11056077222074161 0.053414082235029865 -0.023705402056814307 0.034575334330743182 -0.022691150169627108 -0.0039109223971657125 0.022588424505926918 0.029847585332350848 -0.0033721080166854963 0.00035545810798340467 0.0076009808415453232 -0.21395356453382053 -0.042072873908189846 0.042589138950582361
leaf_weight=6673 1802 2485 33344 5969 4942 8967 19894 1793 16262 5740 10085 65 2378 980
leaf_count=6673 1802 2485 33344 5969 4942 8967 19894 1793 16262 5740 10085 65 2378 980
internal_value=-1.66233e-11 0.0154753 -0.00408073 -0.0104422 0.00894985 0.0114697 0.0148357 0.0604693 -0.0170397 0.00538384 0.0166579 0.0213185 -0.012073 0.0866168
internal_weight=121379 25328 96051 64542 31509 14936 26567 4640 49606 20688 12570 1858 8118 2782
internal_count=121379 25328 96051 64542 31509 14936 26567 4640 49606 20688 12570 1858 8118 2782
is_linear=0
shrinkage=0.01


Tree=344
num_leaves=15
num_cat=0
split_feature=5 0 7 0 25 44 10 3 19 2 9 14 45 8
split_gain=75666.9 88242.8 124680 110578 79180.9 102430 95418.5 72988.9 59635.4 49489 64726.4 46398.3 48817.9 39974.8
threshold=1.0000000180025095e-35 36.742692288818368 1006.4001350000001 37.042691525878915 67.778429094493745 1.0000000180025095e-35 -0.93301270189221908 22.003985000000004 0.028828253431896548 22.975000000000005 0.1294095225512602 -1.0000000180025095e-35 1.0000000180025095e-35 -0.60355339059327362
decision_type=2 2 2 2 2 2 2 2 2 2 2 2 2 2
left_child=4 9 8 -4 11 7 -7 -6 -3 10 -2 -1 -13 -11
right_child=1 2 3 -5 5 6 -8 -9 -10 13 -12 12 -14 -15
leaf_value=-0.0020229114689062464 0.0084386309956264883 0.10448578623495314 0.030605654624099806 -0.021286550219771293 -0.1233620774743933 -0.099801560308561368 0.11220672735901242 0.024696839949043183 -0.044822699280754129 0.05415922269240403 -0.018420381892992273 0.030004783805697481 -0.030174090890733574 0.0051883620502069317
leaf_weight=27684 24119 273 6667 10692 371 234 2288 3247 13295 3108 14287 9960 1559 3595
leaf_count=27684 24119 273 6667 10692 371 234 2288 3247 13295 3108 14287 9960 1559 3595
internal_value=1.04472e-11 -0.00609715 -0.0191076 -0.00135652 0.0102243 0.0436154 0.0925359 0.00951446 -0.0418185 0.0028229 -0.0015529 0.00499462 0.0218601 0.0278948
internal_weight=121379 76036 30927 17359 45343 6140 2522 3618 13568 45109 38406 39203 11519 6703
internal_count=121379 76036 30927 17359 45343 6140 2522 3618 13568 45109 38406 39203 11519 6703
is_linear=0
shrinkage=0.01


Tree=345
num_leaves=15
num_cat=0
split_feature=8 7 44 7 6 15 13 0 4 7 15 14 23 20
split_gain=75580.3 128421 120196 76073.4 75945.6 72295 55867.8 53406.3 45981.3 38716 28731.6 27990.6 27019.6 24683.6
threshold=0.60355339059327384 1005.3003300000001 1.0000000180025095e-35 1008.3002700000001 6.6006815000000012 0.43683968970109299 -6.1435057128842345 37.042691525878915 1.0000000180025095e-35 1008.2001300000001 0.059999999350877208 -0.34761455386701229 64.361075904802163 16.127450980392162
decision_type=2 2 2 2 2 2 2 2 2 2 2 2 2 2
left_child=4 10 11 -4 7 9 -7 8 -1 -6 13 -3 -9 -2
right_child=1 2 3 -5 5 6 -8 12 -10 -11 -12 -13 -14 -15
leaf_value=0.01306592292446104 -0.13135143202017335 0.00064288757774570271 0.036223084598798756 0.13294566480114431 -0.030777346915313308 0.022479893199159738 -0.011499041777454398 -0.019571872808469587 -0.051927846019363337 -0.0043817013473639952 -0.005066192209596334 0.032312280818541206 -0.15152602448686958 0.16395250185001531
leaf_weight=30361 34 4668 1513 1758 20596 7615 13273 5150 1129 7610 20403 6940 160 169
leaf_count=30361 34 4668 1513 1758 20596 7615 13273 5150 1129 7610 20403 6940 160 169
internal_value=-1.61975e-11 0.012277 0.0346644 0.0882067 -0.00507193 -0.013213 0.000888434 0.00578882 0.0107357 -0.0236558 -0.00388836 0.0195769 -0.0235479 0.114493
internal_weight=121379 35485 14879 3271 85894 49094 20888 36800 31490 28206 20606 11608 5310 203
internal_count=121379 35485 14879 3271 85894 49094 20888 36800 31490 28206 20606 11608 5310 203
is_linear=0
shrinkage=0.01


Tree=346
num_leaves=15
num_cat=0
split_feature=1 26 16 25 4 9 33 7 30 26 29 8 23 32
split_gain=75454 67523.4 65320.7 66776.2 56275.6 54142.9 48503.7 37751.6 27055.6 26322.7 16461.8 15772.7 12646.2 9583.03
threshold=-118.21337597412109 10.281992715046011 0.34682847249999987 25.840230836032486 1.0000000180025095e-35 0.1294095225512602 102.24001557065397 1009.4003500000001 110.27227652757607 13.308658004716598 54.912406703281235 0.25881904510252091 76.920755660358552 23.981481481481485
decision_type=2 2 2 2 2 2 2 2 2 2 2 2 2 2
left_child=2 10 9 8 -5 6 -3 -7 -4 12 13 -11 -1 -2
right_child=1 5 3 4 -6 7 -8 -9 -10 11 -12 -13 -14 -15
leaf_value=0.0039999047557593339 0.0094660118734464054 0.048900852065573729 -0.038136432706168254 -0.0011699156237928885 -0.031811151619510293 -0.00033908221466761744 -0.36808069810271266 0.082056814528345554 -0.17260344656725085 0.026549314406923142 -0.0009227298416542018 0.068883368280568846 -0.14879600510001184 -0.055993432281242719
leaf_weight=1655 272 7505 4321 87807 6433 5715 28 616 155 1840 2031 1687 56 1258
leaf_count=1655 272 7505 4321 87807 6433 5715 28 616 155 1840 2031 1687 56 1258
internal_value=-1.14968e-11 0.0192577 -0.00322801 -0.00505398 -0.00326154 0.0292343 0.0473509 0.00767796 -0.0427929 0.0311845 -0.0195841 0.0467981 -0.00100101 -0.0443562
internal_weight=121379 17425 103954 98716 94240 13864 7533 6331 4476 5238 3561 3527 1711 1530
internal_count=121379 17425 103954 98716 94240 13864 7533 6331 4476 5238 3561 3527 1711 1530
is_linear=0
shrinkage=0.01


Tree=347
num_leaves=15
num_cat=0
split_feature=8 7 44 7 17 2 47 0 7 13 30 23 5 27
split_gain=73987.4 125654 109923 83301.2 74222.6 103622 55912.7 53167.1 45783.7 39944.2 34984.4 25007.1 22833.7 35394.8
threshold=0.60355339059327384 1005.0996000000001 1.0000000180025095e-35 1008.3002700000001 0.0063261163657495753 25.675000000000001 1.0000000180025095e-35 37.042691525878915 1001.7000500000001 -4.9740148274120797 82.596045818445859 64.361075904802163 33.500000000000007 152.64735336194568
decision_type=2 2 2 2 2 2 2 2 2 2 2 2 2 2
left_child=4 12 6 -4 7 10 -3 8 -1 -7 -6 -9 13 -2
right_child=1 2 3 -5 5 9 -8 11 -10 -11 -12 -13 -14 -15
leaf_value=-0.010861426578090841 0.0012872426762323729 0.0099550235929665859 0.033102456654067275 0.13152998670146285 -0.017128492824972859 0.032658476493170267 0.069058151396240317 -0.019400339390505394 0.018367114675868285 -0.0029389346518158294 -0.044634526759930085 -0.14795594723178793 -0.020190616544617651 0.1703316705927253
leaf_weight=7028 13606 10130 1683 1758 32684 5341 1901 5038 22569 7692 5386 156 6282 125
leaf_count=7028 13606 10130 1683 1758 32684 5341 1901 5038 22569 7692 5386 156 6282 125
internal_value=1.13479e-13 0.0121469 0.0335487 0.0833889 -0.0050182 -0.0126882 0.0192938 0.00624797 0.0114266 0.0116491 -0.0210199 -0.0232615 -0.00439873 0.00282614
internal_weight=121379 35485 15472 3441 85894 51103 12031 34791 29597 13033 38070 5194 20013 13731
internal_count=121379 35485 15472 3441 85894 51103 12031 34791 29597 13033 38070 5194 20013 13731
is_linear=0
shrinkage=0.01


Tree=348
num_leaves=15
num_cat=0
split_feature=31 1 27 11 5 12 15 34 30 42 7 1 7 20
split_gain=73629.5 74092.4 75022.9 71453.9 62651.5 52010.9 41577.8 39588.4 37703.1 38513.3 17752.9 21026.9 17625.7 17617.8
threshold=30.000000000000007 -118.21337597412109 137.50376884422113 -0.5 48.500000000000007 1.0000000180025095e-35 0.086484379132584471 111.95728643216081 73.184410646387846 1.0000000180025095e-35 1010.9002250000001 -119.7866065258789 1002.0999250000001 1.0000000180025095e-35
decision_type=2 2 2 2 2 2 2 2 2 2 2 2 2 2
left_child=6 2 4 -3 -2 -4 10 -5 9 -8 13 -12 -10 -1
right_child=1 3 5 7 -6 -7 8 -9 12 -11 11 -13 -14 -15
leaf_value=-0.1595344846258088 0.0058895032602888468 -0.0050129538771825841 0.028638389994085668 0.043033323273160493 -0.012737387189252715 0.15008319044407784 0.0026729374559639309 0.28361701066943185 -0.064187274174221765 -0.025851797674469826 0.023072880459441975 0.12184037546796311 -0.028098971038786329 0.011575087475682689
leaf_weight=63 51977 4439 1070 7824 27670 526 9977 69 1921 9006 569 347 4580 1341
leaf_count=63 51977 4439 1070 7824 27670 526 9977 69 1921 9006 569 347 4580 1341
internal_value=6.61628e-12 0.00424549 0.000778677 0.0270848 -0.000581626 0.0686634 -0.0142883 0.0451365 -0.017978 -0.0108599 0.0262408 0.0604881 -0.0387628 0.00389709
internal_weight=121379 93575 81243 12332 79647 1596 27804 7893 25484 18983 2320 916 6501 1404
internal_count=121379 93575 81243 12332 79647 1596 27804 7893 25484 18983 2320 916 6501 1404
is_linear=0
shrinkage=0.01


Tree=349
num_leaves=15
num_cat=0
split_feature=17 5 18 22 44 13 26 26 20 11 4 20 26 40
split_gain=73051 76668.5 80812.6 66878.5 57752.3 56700.8 46979.1 40725.5 26070.7 25148.7 24888.4 21359.2 20473.4 11351.2
threshold=0.014701612007324569 19.500000000000004 0.1220076696876501 61.650823827629928 1.0000000180025095e-35 -1.8336876993822806 20.916878459151089 40.72839735990835 152.99785407725327 0.25000000000000017 1.1500000000000001 65.727099896301425 16.646142989231233 61.643060836501917
decision_type=2 2 2 2 2 2 2 2 2 2 2 2 2 2
left_child=1 3 12 6 9 -4 -1 11 -5 13 -11 -6 -3 -2
right_child=4 2 5 8 7 -7 -8 -9 -10 10 -12 -13 -14 -15
leaf_value=0.0011753067798068691 0.0088952708819825151 0.018738162069304141 -0.02352962191369299 0.026491090464559341 -0.04799550440046968 -0.0007132400516511035 0.045408106044899872 0.27775958492949199 0.12540087447586776 -0.045013805054744019 0.028531066611348667 -0.12615075414360186 0.064444433311693375 -0.01439107683825828
leaf_weight=36952 5424 2565 18232 15999 3626 27053 2568 37 271 2716 554 387 1586 3409
leaf_count=36952 5424 2565 18232 15999 3626 27053 2568 37 271 2716 554 387 1586 3409
internal_value=1.15134e-11 0.00303953 -0.0060283 0.0110746 -0.0198005 -0.00989925 0.00404954 -0.0524876 0.0281386 -0.00886247 -0.0325539 -0.0555325 0.0362015 -9.1841e-05
internal_weight=121379 105226 49436 55790 16153 45285 39520 4050 16270 12103 3270 4013 4151 8833
internal_count=121379 105226 49436 55790 16153 45285 39520 4050 16270 12103 3270 4013 4151 8833
is_linear=0
shrinkage=0.01


Tree=350
num_leaves=15
num_cat=0
split_feature=9 1 14 11 5 9 14 34 25 7 43 28 26 25
split_gain=72086.4 74158.7 67105.5 65400.1 63215.7 69822.9 65456.8 34474.3 32058.5 30754.6 20376.2 12314.8 8728.72 7952.92
threshold=0.78656609248549303 -118.21337597412109 2.8661374306471461 -0.68301270189221952 48.500000000000007 -0.78656609248549325 3.963444403430552 111.95728643216081 25.840230836032486 1006.3000500000002 1.0000000180025095e-35 20.312500000000004 13.308658004716598 41.283201016288793
decision_type=2 2 2 2 2 2 2 2 2 2 2 2 2 2
left_child=1 4 8 11 5 -1 -6 -5 -2 -10 12 -3 -4 -12
right_child=2 3 10 7 6 -7 -8 -9 9 -11 13 -13 -14 -15
leaf_value=-0.013381640432664044 -0.069613332695801527 0.12333482614972402 -0.030318985681453376 0.036401946291062519 -0.0004858425683961374 0.013767176843866403 -0.031156502840416048 0.23631000953159112 -0.014919247812116943 0.01108994438141411 0.012520147639687753 -0.014570493665305108 -0.097818031038301265 -0.04749944628346664
leaf_weight=12525 855 66 226 10211 20432 38879 10552 87 15296 6469 307 3430 1258 786
leaf_count=12525 855 66 226 10211 20432 38879 10552 87 15296 6469 307 3430 1258 786
internal_value=1.13356e-11 0.00394441 -0.0150566 0.025404 0.000351494 0.00715215 -0.0109311 0.0380908 -0.00954834 -0.00718879 -0.0634063 -0.011967 -0.0875385 -0.0306412
internal_weight=121379 96182 25197 13794 82388 51404 30984 10298 22620 21765 2577 3496 1484 1093
internal_count=121379 96182 25197 13794 82388 51404 30984 10298 22620 21765 2577 3496 1484 1093
is_linear=0
shrinkage=0.01


Tree=351
num_leaves=15
num_cat=0
split_feature=31 7 11 0 16 1 25 25 25 10 31 11 10 44
split_gain=71706.8 68631 85269.2 80334 54417.3 50752.7 50418.5 50051 44871 44499.6 40588.8 31588.2 30327.7 23886.8
threshold=55.115547106041411 1002.5004250000001 -0.5 37.042691525878915 0.21083324200000034 -118.21337597412109 110.46251076177123 25.840230836032486 60.456250293385921 -0.6830127018922193 19.490740740740744 0.93301270189221952 0.93301270189221952 1.0000000180025095e-35
decision_type=2 2 2 2 2 2 2 2 2 2 2 2 2 2
left_child=4 2 6 5 12 -3 -2 11 -5 -4 -9 -6 13 -1
right_child=1 3 9 8 7 -7 -8 10 -10 -11 -12 -13 -14 -15
leaf_value=0.02822138134567612 0.027118511506286937 0.024531377769027803 -0.012189563299400834 -0.01112651922038878 -0.045242880493645658 0.075499089769627312 -0.15411529909583588 -0.024812876828846225 -0.13361638219398794 -0.06683383742345736 -0.001902701517232881 0.088347066938071636 -0.080991049009861191 0.09714805991657853
leaf_weight=1418 5391 16792 4257 2788 4094 2211 158 8666 335 2293 71828 185 184 779
leaf_count=1418 5391 16792 4257 2788 4094 2211 158 8666 335 2293 71828 185 184 779
internal_value=1.08897e-11 0.0122654 -0.00688448 0.0227369 -0.00481655 0.0304615 0.0219581 -0.00614082 -0.0242658 -0.0313192 -0.00436922 -0.0394672 0.0423326 0.052661
internal_weight=121379 34225 12099 22126 87154 19003 5549 84773 3123 6550 80494 4279 2381 2197
internal_count=121379 34225 12099 22126 87154 19003 5549 84773 3123 6550 80494 4279 2381 2197
is_linear=0
shrinkage=0.01


Tree=352
num_leaves=15
num_cat=0
split_feature=2 8 5 0 24 7 0 2 21 1 44 41 33 23
split_gain=71661.6 93786.4 74439 135573 98646.7 73745.1 67318.1 51000.9 49950.7 30302.1 44391.2 25696.1 20009.7 32552.9
threshold=7.8250000000000002 0.37940952255126054 1.0000000180025095e-35 36.742692288818368 37.230202386214891 1006.6000200000002 36.742692288818368 22.525000000000002 32.800925925925931 -118.21337597412109 1.0000000180025095e-35 72.266159695817507 113.99898052804025 135.74741517245619
decision_type=2 2 2 2 2 2 2 2 2 2 2 2 2 2
left_child=1 12 4 7 8 -5 -6 -4 -2 10 -3 -11 13 -1
right_child=2 9 3 5 6 -7 -8 -9 -10 11 -12 -13 -14 -15
leaf_value=-0.00070771630502502699 -0.016309471648616042 0.019070050512393893 -0.0027963721808399568 -0.044233408016318851 -0.011624932291050409 -0.01054111585870888 0.28877895076166499 0.026450910811341259 0.011852550010949876 0.17243028854885803 0.083005643394243253 -0.19728570580482482 -0.19806261531278199 0.34102635918983387
leaf_weight=6237 7721 2158 34962 12584 116 13429 209 7188 34177 313 2186 20 51 28
leaf_count=6237 7721 2158 34962 12584 116 13429 209 7188 34177 313 2186 20 51 28
internal_value=6.73356e-12 0.0243484 -0.00242478 -0.00888792 0.00800903 -0.02684 0.181558 0.00219128 0.00666283 0.0582913 0.0512439 0.150225 -0.000786333 0.000819587
internal_weight=121379 10993 110386 68163 42223 26013 325 42150 41898 4677 4344 333 6316 6265
internal_count=121379 10993 110386 68163 42223 26013 325 42150 41898 4677 4344 333 6316 6265
is_linear=0
shrinkage=0.01


Tree=353
num_leaves=15
num_cat=0
split_feature=31 27 1 26 12 26 5 2 7 35 26 22 9 39
split_gain=70297.2 70428.9 73753.7 68745.2 61545.5 76798.8 59153.2 43512.2 60393.8 56248.7 47169.1 30382 25853.9 23258.3
threshold=30.000000000000007 141.75125628140708 -118.21337597412109 9.6055591818289088 1.0000000180025095e-35 27.660310883241461 48.500000000000007 11.525000000000002 1007.0002500000002 70.470788431608199 37.086813248856139 24.523809523809529 -0.70710678118654757 54.916666666666679
decision_type=2 2 2 2 2 2 2 2 2 2 2 2 2 2
left_child=7 2 6 -4 13 -6 -2 8 10 11 -1 -9 -10 -3
right_child=1 4 3 -5 5 -7 -8 9 12 -11 -12 -13 -14 -15
leaf_value=-0.031488481281430197 0.0058121592268746856 0.10752867733931723 -0.021732439046914274 0.037691197287591571 0.081250121233433323 0.34953675424091912 -0.012265841743134488 -0.042210875271443918 0.004570848861281054 -0.04634468957726081 0.24068454441657433 -0.0036466586751731094 0.054475684419436038 -0.0019546590162376389
leaf_weight=3123 52077 262 2429 9807 358 152 27742 2477 1901 6294 65 11657 2287 748
leaf_count=3123 52077 262 2429 9807 358 152 27742 2477 1901 6294 65 11657 2287 748
internal_value=-1.47151e-11 0.00414831 0.00303352 0.0258949 0.0716629 0.16121 -0.000471055 -0.0139612 0.00685752 -0.0214783 -0.0259392 -0.0104051 0.0318231 0.026446
internal_weight=121379 93575 92055 12236 1520 510 79819 27804 7376 20428 3188 14134 4188 1010
internal_count=121379 93575 92055 12236 1520 510 79819 27804 7376 20428 3188 14134 4188 1010
is_linear=0
shrinkage=0.01


Tree=354
num_leaves=15
num_cat=0
split_feature=17 5 18 0 24 0 44 14 26 11 4 27 26 30
split_gain=70396.9 72268.2 77943.1 67178.9 58645.3 58918.6 55786.5 51041.9 39393.8 24140.8 24538.5 20492.2 19698.9 15888.6
threshold=0.014701612007324569 19.500000000000004 0.1220076696876501 36.742692288818368 37.230202386214891 36.742692288818368 1.0000000180025095e-35 -0.35999292733049687 40.72839735990835 0.25000000000000017 1.1500000000000001 65.655564118296041 16.646142989231233 61.643060836501917
decision_type=2 2 2 2 2 2 2 2 2 2 2 2 2 2
left_child=1 4 12 -4 7 -6 9 -1 11 13 -11 -8 -3 -2
right_child=6 2 3 -5 5 -7 8 -9 -10 10 -12 -13 -14 -15
leaf_value=0.0021405353752930955 0.010036829037091586 0.018523481294313051 0.00070510642508333544 -0.023986975132610701 -0.01876441243721778 0.22293511364174146 -0.047144106214787575 0.021786756623603267 0.27323963551907926 -0.044271049001984523 0.028754994982503869 -0.1234331627409332 0.063356922460487408 -0.017849368163371147
leaf_weight=33531 5624 2565 26346 18939 166 257 3623 21836 37 2716 554 390 1586 3209
leaf_count=33531 5624 2565 26346 18939 166 257 3623 21836 37 2716 554 390 1586 3209
internal_value=-1.2143e-12 0.0029838 -0.00581996 -0.00962157 0.0107849 0.128084 -0.0194375 0.00988874 -0.0515635 -0.00868722 -0.0318991 -0.0545582 0.0356533 -9.41352e-05
internal_weight=121379 105226 49436 45285 55790 423 16153 55367 4050 12103 3270 4013 4151 8833
internal_count=121379 105226 49436 45285 55790 423 16153 55367 4050 12103 3270 4013 4151 8833
is_linear=0
shrinkage=0.01


Tree=355
num_leaves=15
num_cat=0
split_feature=8 11 44 5 17 11 7 26 47 11 47 31 14 47
split_gain=70392.1 142908 73441.6 102531 72633.2 91199.3 61714.5 52451.2 38471.2 36167.8 31710.7 31368.6 30523.4 32328.1
threshold=0.78656609248549325 0.6830127018922193 1.0000000180025095e-35 97.500000000000014 0.0053866137942757053 -0.5 1007.0002500000002 45.22162611477458 1.0000000180025095e-35 -0.68301270189221952 1.0000000180025095e-35 42.222327841149145 1.1110124779463997 1.0000000180025095e-35
decision_type=2 2 2 2 2 2 2 2 2 2 2 2 2 2
left_child=4 12 10 -4 8 7 -7 -6 11 -10 -3 -1 -2 -14
right_child=1 2 3 -5 5 6 -8 -9 9 -11 -12 -13 13 -15
leaf_value=-0.0092349178404266992 -0.0095572116066741444 0.018895466803679112 0.1434056837171695 -0.0046635527176124092 0.004906181714142652 -0.027700833088275343 -0.0021892959857198651 0.21539350338342811 -0.020486946216355714 0.048660200712089485 0.084751785754252171 0.012911651546205299 0.0050592703045173708 0.058121695403350854
leaf_weight=10766 11827 3994 1593 662 22977 27117 14581 119 945 3791 895 15755 4853 1504
leaf_count=10766 11827 3994 1593 662 22977 27117 14581 119 945 3791 895 15755 4853 1504
internal_value=1.49953e-11 0.01483 0.0527267 0.099937 -0.00391057 -0.00995037 -0.0187799 0.0059907 0.00860961 0.0348629 0.0309514 0.00392142 -5.8594e-05 0.0176133
internal_weight=121379 25328 7144 2255 96051 64794 41698 23096 31257 4736 4889 26521 18184 6357
internal_count=121379 25328 7144 2255 96051 64794 41698 23096 31257 4736 4889 26521 18184 6357
is_linear=0
shrinkage=0.01


Tree=356
num_leaves=15
num_cat=0
split_feature=2 8 20 6 2 20 26 13 33 23 1 12 16 36
split_gain=69273.3 90851.9 69512.4 61395.6 67453.3 61777 29816 31529.2 19568.7 31649.7 18461.8 15570.4 13964.8 11436.1
threshold=7.8250000000000002 0.37940952255126054 18.958333333333332 4.0124612000000015 25.675000000000001 112.86013400335007 18.615218555412135 -1.8336876993822806 113.99898052804025 135.74741517245619 -118.21337597412109 1.0000000180025095e-35 2.7334497750000009 116.51267565846446
decision_type=2 2 2 2 2 2 2 2 2 2 2 2 2 2
left_child=1 8 11 5 -5 -4 10 -8 9 -1 -3 12 -2 -10
right_child=2 6 3 4 -6 -7 7 -9 13 -11 -12 -13 -14 -15
leaf_value=-0.00071701897199822479 0.0022040106573261316 0.02884816037384649 0.011541783804412582 -0.0090350201207108974 0.012861915736482097 0.10272684365961202 0.0076372210184143165 0.10431747042510876 -0.33707100832903825 0.33624328801142317 0.16487661582919266 -0.058246889217928248 -0.034144489971230735 -0.037060067653656006
leaf_weight=6237 1461 2455 20447 64073 18026 771 421 1697 27 28 104 1786 3822 24
leaf_count=6237 1461 2455 20447 64073 18026 771 421 1697 27 28 104 1786 3822 24
internal_value=-1.19413e-11 0.0239392 -0.00238403 -0.00030832 -0.00422724 0.0148552 0.0573469 0.0851001 -0.000799176 0.000788949 0.0343765 -0.0327216 -0.0240924 -0.195889
internal_weight=121379 10993 110386 103317 82099 21218 4677 2118 6316 6265 2559 7069 5283 51
internal_count=121379 10993 110386 103317 82099 21218 4677 2118 6316 6265 2559 7069 5283 51
is_linear=0
shrinkage=0.01


Tree=357
num_leaves=15
num_cat=0
split_feature=7 2 8 13 26 17 0 8 28 26 2 5 16 7
split_gain=69136.4 101981 87430.1 102087 86245.7 64647.8 69593.7 53698.1 50331 48003.8 40256.4 36415.5 36103.2 35295.9
threshold=1002.5004250000001 16.225000000000005 0.37940952255126054 -2.1657987964042347 19.209388874987958 0.0062692541173092571 37.042691525878915 -0.60355339059327362 58.082171525137319 45.22162611477458 25.675000000000001 48.500000000000007 0.11719567800000021 998.20006500000011
decision_type=2 2 2 2 2 2 2 2 2 2 2 2 2 2
left_child=1 8 5 11 -5 6 -2 9 12 -3 -7 -4 -1 -10
right_child=2 7 3 4 -6 10 -8 -9 13 -11 -12 -13 -14 -15
leaf_value=0.085999282431713051 0.018350266478804177 0.018414314083107883 0.0081147460746264395 0.019370884561454981 0.066912645229037365 -0.018413485720327204 -0.025469433988429914 -0.0087182043005467752 -0.16450918888682839 0.31750892987957707 0.016398606385833635 -0.039088414152181644 -0.028849522554567918 -0.06007661462034259
leaf_weight=283 18643 8546 3376 16464 4967 22018 4499 24721 386 54 3912 3168 8339 2003
leaf_count=283 18643 8546 3376 16464 4967 22018 4499 24721 386 54 3912 3168 8339 2003
internal_value=-2.28e-11 -0.00994949 0.00572483 0.0198334 0.0303895 -0.00231822 0.00983135 -0.00123071 -0.0363339 0.0202924 -0.0131615 -0.0147367 -0.0250798 -0.0769502
internal_weight=121379 44332 77047 27975 21431 49072 23142 33321 11011 8600 25930 6544 8622 2389
internal_count=121379 44332 77047 27975 21431 49072 23142 33321 11011 8600 25930 6544 8622 2389
is_linear=0
shrinkage=0.01


Tree=358
num_leaves=15
num_cat=0
split_feature=9 47 10 42 7 14 11 31 25 7 42 28 13 8
split_gain=68185.1 68858.4 84843.1 98136.8 77411.8 64319.4 62229.4 38633.2 30347.6 29998.7 19751.1 12110.5 9799.12 9556.77
threshold=0.78656609248549303 1.0000000180025095e-35 0.25000000000000011 1.0000000180025095e-35 1007.90025 2.8661374306471461 -0.68301270189221952 52.491972961554723 25.840230836032486 1006.3000500000002 1.0000000180025095e-35 20.312500000000004 1.6199966708454079 -1.0000000180025095e-35
decision_type=2 2 2 2 2 2 2 2 2 2 2 2 2 2
left_child=1 2 3 -1 -4 8 11 -8 -2 -10 13 -3 -12 -7
right_child=5 6 4 -5 -6 10 7 -9 9 -11 12 -13 -14 -15
leaf_value=-0.012668018677053305 -0.067691111772076082 0.12223520008903561 -0.026493940787639305 0.016807598884260137 0.0069934299495792605 -0.068184831532571696 0.023539006724077029 0.064989093852577465 -0.014589944177769973 0.011097612541888511 -0.10009404831856594 -0.014520980048238749 -0.039742016798207172 -0.0069886560790143161
leaf_weight=16226 855 66 17653 37173 11336 406 6981 3317 15296 6469 1131 3430 353 687
leaf_count=16226 855 66 17653 37173 11336 406 6981 3317 15296 6469 1131 3430 353 687
internal_value=-6.06548e-12 0.00383619 0.000374054 0.00785104 -0.0133989 -0.0146435 0.0245147 0.0368901 -0.00925081 -0.00695508 -0.0619789 -0.0119392 -0.0857381 -0.0297203
internal_weight=121379 96182 82388 53399 28989 25197 13794 10298 22620 21765 2577 3496 1484 1093
internal_count=121379 96182 82388 53399 28989 25197 13794 10298 22620 21765 2577 3496 1484 1093
is_linear=0
shrinkage=0.01


Tree=359
num_leaves=15
num_cat=0
split_feature=8 11 44 17 11 7 0 7 0 7 1 14 1 0
split_gain=67747.1 138001 71286.7 68712.5 88601.1 68454.5 64797.9 59775.4 52120.5 41599.8 30396.3 29840 31157.2 23230.4
threshold=0.78656609248549325 0.6830127018922193 1.0000000180025095e-35 0.0053866137942757053 -0.5 1009.1001500000001 34.083213737060554 1007.0002500000002 37.042691525878915 1002.0002750000001 -118.21337597412109 1.1110124779463997 -118.21337597412109 35.400001525878913
decision_type=2 2 2 2 2 2 2 2 2 2 2 2 2 2
left_child=3 11 10 8 6 -4 -5 -6 9 -1 -3 13 -13 -2
right_child=1 2 5 4 7 -7 -8 -9 -10 -11 -12 12 -14 -15
leaf_value=-0.0082637800311779284 -0.030903904138800904 0.01853230560779745 0.058392382731523931 0.034932943535543701 -0.027193436133889717 0.17436603048883534 -0.0036959175303562658 -0.0020858933304459151 -0.021299807411703335 0.021089800174750557 0.083009320192247146 0.0050662812496449694 0.057158926766417782 -0.00030824914609081145
leaf_weight=6375 3543 3994 1479 5798 27117 776 17298 14581 4986 19896 895 4853 1504 8284
leaf_count=6375 3543 3994 1479 5798 27117 776 17298 14581 4986 19896 895 4853 1504 8284
internal_value=-1.59131e-11 0.0145487 0.0517892 -0.00383639 -0.00971092 0.0983017 0.00600144 -0.0184138 0.00834118 0.0139668 0.0303357 -8.2071e-05 0.0173909 -0.00947375
internal_weight=121379 25328 7144 96051 64794 2255 23096 41698 31257 26271 4889 18184 6357 11827
internal_count=121379 25328 7144 96051 64794 2255 23096 41698 31257 26271 4889 18184 6357 11827
is_linear=0
shrinkage=0.01


Tree=360
num_leaves=15
num_cat=0
split_feature=6 1 10 7 1 26 9 26 16 39 13 20 0 23
split_gain=66643.5 63113.1 83808.4 85575.2 80997.5 64758.4 39007.1 26095.4 18932.9 15273.4 15196.6 20399.8 13260.1 8526.11
threshold=15.030808000000002 -118.21337597412109 0.25000000000000011 1010.3003300000001 -119.7866065258789 9.8269913953113406 0.1294095225512602 14.073928521149043 0.69000000000000028 63.110266159695833 -8.2800061936431657 60.327233840304196 36.742692288818368 48.143967398957905
decision_type=2 2 2 2 2 2 2 2 2 2 2 2 2 2
left_child=1 2 4 -4 -1 9 -7 10 -9 -3 13 -12 -10 -2
right_child=7 5 3 -5 -6 6 -8 8 12 -11 11 -13 -14 -15
leaf_value=-0.011283842244833944 0.033709176533739775 -0.038771219301466861 -0.023525329308691043 0.014522307812552378 0.014077124334419851 0.045993547351314314 0.0098978005651511464 0.078777638929996563 -0.023971305494722463 0.012821125648573945 -0.014059012884532983 -0.080951325927167181 -0.054821549349495138 -0.0021243763224571013
leaf_weight=17931 845 1854 22953 7962 42305 7383 5036 139 2790 831 4965 502 2783 3100
leaf_count=17931 845 1854 22953 7962 42305 7383 5036 139 2790 831 4965 502 2783 3100
internal_value=4.29801e-13 0.00279554 -0.00034172 -0.0137264 0.00652769 0.0217286 0.0313564 -0.0196403 -0.0365018 -0.0228035 -0.00940734 -0.0202013 -0.0393771 0.005551
internal_weight=121379 106255 91151 30915 60236 15104 12419 15124 5712 2685 9412 5467 5573 3945
internal_count=121379 106255 91151 30915 60236 15104 12419 15124 5712 2685 9412 5467 5573 3945
is_linear=0
shrinkage=0.01


Tree=361
num_leaves=15
num_cat=0
split_feature=2 8 31 1 26 4 35 2 1 11 35 9 33 23
split_gain=66689.9 87368.9 83162.7 61291.5 66230.8 52813.3 32137.9 39261.2 28393.2 26229.1 25251.8 22083.5 19152.7 30973.5
threshold=7.8250000000000002 0.37940952255126054 25.046296296296298 -118.21337597412109 9.8269913953113406 1.0000000180025095e-35 68.514786649767657 14.325000000000001 -118.21337597412109 0.25000000000000017 95.348548827789159 0.37940952255126048 113.99898052804025 135.74741517245619
decision_type=2 2 2 2 2 2 2 2 2 2 2 2 2 2
left_child=1 12 6 5 -5 -4 11 -8 9 -3 -10 -2 13 -1
right_child=2 8 3 4 -6 -7 7 -9 10 -11 -12 -13 -14 -15
leaf_value=-0.00068959573930979057 0.002100762984053504 -0.0076606741451571902 -9.218736362217461e-05 -0.021655181551424409 0.032434253864317933 -0.03556390341374626 -0.01517959576587502 -0.067740608069304112 0.18935262264901739 0.060004385454336236 -0.026666032058351181 -0.026928638515771729 -0.19377641673181573 0.33265132365482197
leaf_weight=6237 5071 679 76222 2874 10662 4442 2743 2949 265 3665 68 5423 51 28
leaf_count=6237 5071 679 76222 2874 10662 4442 2743 2949 265 3665 68 5423 51 28
internal_value=-1.87993e-11 0.0234886 -0.00233916 0.00125876 0.0209498 -0.00204554 -0.0232785 -0.0424112 0.0562497 0.0494278 0.145241 -0.0129008 -0.000770958 0.000800196
internal_weight=121379 10993 110386 94200 13536 80664 16186 5692 4677 4344 333 10494 6316 6265
internal_count=121379 10993 110386 94200 13536 80664 16186 5692 4677 4344 333 10494 6316 6265
is_linear=0
shrinkage=0.01


Tree=362
num_leaves=15
num_cat=0
split_feature=7 11 31 0 10 23 39 23 8 24 1 26 30 31
split_gain=66329.1 112349 84339.9 82370 79315.5 82062.7 57261.5 50593.2 48990.1 46508.6 46355.4 57961 44908.1 40654.2
threshold=1002.5004250000001 -0.5 59.571820870299966 37.042691525878915 -0.6830127018922193 84.800738483290999 81.928002655864901 64.361075904802163 -0.37940952255126059 41.565554452864454 -118.21337597412109 13.072054353277627 60.137515842839044 67.224651457541214
decision_type=2 2 2 2 2 2 2 2 2 2 2 2 2 2
left_child=1 8 10 6 9 -6 -4 -5 -1 -3 12 -12 -2 -10
right_child=2 4 3 7 5 -7 -8 -9 13 -11 11 -13 -14 -15
leaf_value=0.026858585767526272 0.0048704170482391437 -0.010253837973997806 0.042833347246060353 -0.012192729752579883 -0.038835618804894521 -0.14425632837915139 -0.019815290529517925 -0.15076407852053281 -0.0081944842633717343 0.30833513982917954 -0.016807799060196481 0.035693976725136384 -0.013869472155977754 0.064777950157924064
leaf_weight=7368 29128 11823 11739 1323 8687 807 1666 329 14796 46 2992 7075 22795 805
leaf_count=7368 29128 11823 11739 1323 8687 807 1666 329 14796 46 2992 7075 22795 805
internal_value=-2.56945e-12 -0.0097454 0.00560739 0.0268364 -0.0262523 -0.0477965 0.0350473 -0.0397896 0.00560733 -0.0090191 0.00045099 0.02009 -0.00335668 -0.00442916
internal_weight=121379 44332 77047 15057 21363 9494 13405 1652 22969 11869 61990 10067 51923 15601
internal_count=121379 44332 77047 15057 21363 9494 13405 1652 22969 11869 61990 10067 51923 15601
is_linear=0
shrinkage=0.01


Tree=363
num_leaves=15
num_cat=0
split_feature=5 0 7 0 24 10 2 9 19 25 26 2 9 25
split_gain=66251.2 78192.5 112358 97671.9 77568.9 108086 66734.1 61160.2 55582.1 47994.2 47227.9 46794.8 59742.1 25445.9
threshold=1.0000000180025095e-35 36.742692288818368 1006.4001350000001 37.042691525878915 37.230202386214891 -0.6830127018922193 13.625000000000002 -0.70710678118654757 0.028828253431896548 29.289891262800015 33.02780344457674 22.625000000000004 0.1294095225512602 97.31196762881676
decision_type=2 2 2 2 2 2 2 2 2 2 2 2 2 2
left_child=4 11 8 -4 6 10 7 -1 -3 -8 -6 12 -2 -7
right_child=1 2 3 -5 5 13 9 -9 -10 -11 -12 -13 -14 -15
leaf_value=0.0010832285936745541 0.0078991701015462042 0.10173302033445338 0.028937826486186646 -0.019832128531469387 0.0018594135726016248 -0.072573108240752152 -0.049828132104844949 0.052821686533429377 -0.042412119103243259 0.0047019675919519567 0.43039068574611927 0.026350279325504725 -0.018058795712269766 0.18077432754906742
leaf_weight=3830 23993 273 6667 10692 32 142 1695 5663 13295 33795 131 7053 14063 55
leaf_count=3830 23993 273 6667 10692 32 142 1695 5663 13295 33795 131 7053 14063 55
internal_value=9.41778e-12 -0.00570519 -0.0179524 -0.00110125 0.00956708 0.155772 0.008397 0.0319475 -0.0395118 0.00209761 0.346262 0.00269154 -0.00169319 -0.00184159
internal_weight=121379 76036 30927 17359 45343 360 44983 9493 13568 35490 163 45109 38056 197
internal_count=121379 76036 30927 17359 45343 360 44983 9493 13568 35490 163 45109 38056 197
is_linear=0
shrinkage=0.01


Tree=364
num_leaves=15
num_cat=0
split_feature=5 0 2 25 44 10 3 10 14 2 9 14 25 9
split_gain=64932.8 76636.5 103282 68739.6 98009.8 90799.4 71072.7 61254.3 53120.8 45863.6 58553.3 41555.6 37786.2 25280.3
threshold=1.0000000180025095e-35 36.742692288818368 9.8750000000000018 67.778429094493745 1.0000000180025095e-35 -0.93301270189221908 21.002866000000001 0.25000000000000011 2.0595919035469934 22.625000000000004 0.1294095225512602 2.1895291616403472 31.485591818053798 0.78656609248549303
decision_type=2 2 2 2 2 2 2 2 2 2 2 2 2 2
left_child=3 9 7 11 6 -6 -5 -3 -4 10 -2 12 -1 -11
right_child=1 2 8 4 5 -7 -8 -9 -10 13 -12 -13 -14 -15
leaf_value=-0.033254009721400489 0.0078201784402648997 0.04236058281583184 -0.019705922543908346 -0.12928908869991268 -0.099187806508957574 0.10762532769066568 0.021615743110396865 -0.012519474350248671 -0.054600006473822259 0.041544037235600149 -0.017878207739077338 0.02647629757075913 0.003320328134983105 0.0028981456849410114
leaf_weight=3130 23993 3760 16850 345 234 2288 3273 4430 5887 4232 14063 7108 28965 2821
leaf_count=3130 23993 3760 16850 345 234 2288 3273 4430 5887 4232 14063 7108 28965 2821
internal_value=-6.20081e-12 -0.00564814 -0.0177728 0.00947141 0.0405831 0.0884365 0.00722598 0.0126758 -0.0287406 0.00266462 -0.00167626 0.00459867 -0.00024651 0.0260868
internal_weight=121379 76036 30927 45343 6140 2522 3618 8190 22737 45109 38056 39203 32095 7053
internal_count=121379 76036 30927 45343 6140 2522 3618 8190 22737 45109 38056 39203 32095 7053
is_linear=0
shrinkage=0.01


Tree=365
num_leaves=15
num_cat=0
split_feature=9 14 17 5 18 24 44 31 20 26 42 38 11 13
split_gain=64046.7 61452.4 57923.6 54931.2 57762.2 56075.7 29543.2 29450.7 22228.5 21987.5 19286.9 12955.7 11354.2 9434.68
threshold=0.78656609248549303 2.8661374306471461 0.013995877898324653 1.0000000180025095e-35 0.078021519358950034 15.636360498565915 1.0000000180025095e-35 20.069444444444446 10.092592592592597 40.72839735990835 1.0000000180025095e-35 71.882929646118228 0.25000000000000017 1.6199966708454079
decision_type=2 2 2 2 2 2 2 2 2 2 2 2 2 2
left_child=2 7 3 5 -5 -1 12 11 -9 -8 -3 -2 -4 -12
right_child=1 10 6 4 -6 -7 9 8 -10 -11 13 -13 -14 -15
leaf_value=0.010454839555028994 -0.037621108251626012 -0.028583286371027108 0.0039868157629779979 0.04028980018877152 -0.0024067081950573479 0.044640786713111044 -0.044165739789506539 -0.079718273018239721 -0.0036806282871610415 0.23715172358921596 -0.09802536664280305 -0.14401692955085069 -0.024172018656630923 -0.038806260181722833
leaf_weight=25963 2114 1093 4011 3378 51100 5886 3589 392 19993 28 1131 121 2227 353
leaf_count=25963 2114 1093 4011 3378 51100 5886 3589 392 19993 28 1131 121 2227 353
internal_value=-2.84123e-12 -0.0141922 0.00371795 0.00633997 0.000240761 0.0167727 -0.0192502 -0.00892102 -0.00514282 -0.041988 -0.0604605 -0.0433812 -0.00606604 -0.0839389
internal_weight=121379 25197 96182 86327 54478 31849 9855 22620 20385 3617 2577 2235 6238 1484
internal_count=121379 25197 96182 86327 54478 31849 9855 22620 20385 3617 2577 2235 6238 1484
is_linear=0
shrinkage=0.01


Tree=366
num_leaves=15
num_cat=0
split_feature=7 11 10 23 0 7 0 22 23 36 24 24 7 10
split_gain=64652.4 107686 69821 76643.4 63756.2 115079 97816.5 65849.5 63096.9 58629.9 68381.5 39524.2 35036.2 32516.9
threshold=1002.1995000000001 -0.5 -0.6830127018922193 84.800738483290999 37.042691525878915 1008.3002700000001 34.083213737060554 30.055555555555561 64.361075904802163 65.220215462610909 24.02719578898089 41.565554452864454 1021.2304700000001 0.25000000000000011
decision_type=2 2 2 2 2 2 2 2 2 2 2 2 2 2
left_child=1 9 11 -4 5 7 -7 -2 12 13 -11 -3 -6 -1
right_child=4 2 3 -5 8 6 -8 -9 -10 10 -12 -13 -14 -15
leaf_value=0.0069661314314557977 -0.027840363979743949 -0.011627632867095249 -0.039559873073035295 -0.14750734872171722 -0.011663466339006145 -0.010981149229121245 0.045473627050396301 0.006476390835218929 -0.13150241827289033 0.0381321429976543 0.23226994659535696 0.31576043422963168 0.064761600495640476 -0.025211999615649971
leaf_weight=15568 6501 10959 7836 718 16146 4022 12954 39975 430 1469 207 37 623 3934
leaf_count=15568 6501 10959 7836 718 16146 4022 12954 39975 430 1469 207 37 623 3934
internal_value=8.0697e-13 -0.0102702 -0.0271941 -0.0486207 0.00518636 0.00981534 0.0320982 0.00167621 -0.0118913 0.00535276 0.0621098 -0.010526 -0.00882413 0.000475066
internal_weight=121379 40728 19550 8554 80651 63452 16976 46476 17199 21178 1676 10996 16769 19502
internal_count=121379 40728 19550 8554 80651 63452 16976 46476 17199 21178 1676 10996 16769 19502
is_linear=0
shrinkage=0.01


Tree=367
num_leaves=15
num_cat=0
split_feature=8 7 44 10 6 5 0 21 44 7 1 10 29 15
split_gain=65285.8 85993.8 88638.4 65862.3 65170 55788 49328.2 45186 43336.1 41060.1 33852.9 22440.9 37320.1 29359.2
threshold=0.78656609248549325 1005.4001500000001 1.0000000180025095e-35 0.68301270189221941 4.7055252500000009 48.500000000000007 37.042691525878915 30.648148148148156 1.0000000180025095e-35 1002.0002750000001 -118.21337597412109 0.25000000000000011 56.205745669624001 0.1148951916223921
decision_type=2 2 2 2 2 2 2 2 2 2 2 2 2 2
left_child=4 11 10 -4 6 7 9 -6 -7 -1 -3 13 -13 -2
right_child=1 2 3 -5 5 8 -8 -9 -10 -11 -12 12 -14 -15
leaf_value=-0.0085437349586369553 0.099523039076669789 0.011997803856379323 0.12284773969893356 0.0016303705430187421 -0.023555614346235321 -0.012596703408386709 -0.021466564574077304 0.0026679518998236778 -0.041887288904749596 0.023684800459841275 0.067494904973611977 0.0067653289170668965 -0.052516658880569556 0.0035381030646947221
leaf_weight=5208 329 6968 1698 609 8004 18581 4218 36697 6937 16406 1305 2297 1975 10147
leaf_count=5208 329 6968 1698 609 8004 18581 4218 36697 6937 16406 1305 2297 1975 10147
internal_value=-2.79986e-11 0.014282 0.0360369 0.0908489 -0.00376606 -0.00876208 0.00981461 -0.00202755 -0.0205593 0.0159192 0.020752 -0.00132467 -0.0206415 0.00655252
internal_weight=121379 25328 10580 2307 96051 70219 25832 44701 25518 21614 8273 14748 4272 10476
internal_count=121379 25328 10580 2307 96051 70219 25832 44701 25518 21614 8273 14748 4272 10476
is_linear=0
shrinkage=0.01


Tree=368
num_leaves=15
num_cat=0
split_feature=8 11 13 11 0 17 8 0 25 34 24 5 14 43
split_gain=64015.7 160134 76697.8 74306.4 114271 95281.8 70103.1 69223.2 47287.5 42998.3 40284.6 38215.1 33994.4 31340.5
threshold=0.60355339059327384 0.6830127018922193 -1.4399957836446202 -0.24999999999999994 34.083213737060554 0.0068637033671697769 -0.37940952255126059 36.742692288818368 25.840230836032486 63.079267004647242 37.230202386214891 12.500000000000002 1.4333930242147987 1.0000000180025095e-35
decision_type=2 2 2 2 2 2 2 2 2 2 2 2 2 2
left_child=3 12 11 4 6 10 -1 -4 -6 -7 -5 -3 -2 -14
right_child=1 2 7 5 8 9 -8 -9 -10 -11 -12 -13 13 -15
leaf_value=0.062995295495342635 -0.01002952323597919 0.071976254987564409 0.037638360238132544 1.6528217622631231e-05 -0.063071864714101894 -0.018603591975507216 0.0078624723267716051 0.10049727609036048 -0.0011252599193182485 -0.048868045255243464 0.13651884949261989 -0.022229987898350356 -0.0026921889180725003 0.036480376571818678
leaf_weight=4859 17198 548 4631 26210 1301 19391 4390 2818 23331 6194 218 2010 4618 3662
leaf_count=4859 17198 548 4631 26210 1301 19391 4390 2818 23331 6194 218 2010 4618 3662
internal_value=7.6939e-12 0.0112988 0.0451949 -0.0046678 0.00685636 -0.0121746 0.0368267 0.0614183 -0.00439712 -0.0259305 0.00114251 -0.0020482 -0.00201465 0.0146327
internal_weight=121379 35485 10007 85894 33881 52013 9249 7449 24632 25585 26428 2558 25478 8280
internal_count=121379 35485 10007 85894 33881 52013 9249 7449 24632 25585 26428 2558 25478 8280
is_linear=0
shrinkage=0.01


Tree=369
num_leaves=15
num_cat=0
split_feature=8 11 44 5 18 5 0 25 10 1 15 5 26 22
split_gain=62936.7 128211 66388.8 97621.3 63192.4 60501.7 63058.9 58719.5 31419 28529.7 26863.1 22948.9 22353.2 15503.8
threshold=0.78656609248549325 0.6830127018922193 1.0000000180025095e-35 97.500000000000014 0.20299999999999996 48.500000000000007 36.742692288818368 31.485591818053798 0.93301270189221952 -118.21337597412109 0.074725822573987757 1.0000000180025095e-35 18.261311988009115 17.31481481481482
decision_type=2 2 2 2 2 2 2 2 2 2 2 2 2 2
left_child=4 10 9 -4 8 7 -7 -6 12 -3 13 -12 -1 -2
right_child=1 2 3 -5 5 6 -8 -9 -10 -11 11 -13 -14 -15
leaf_value=0.020182936695150692 0.23492287997846265 0.017779210705755947 0.13721911405660131 -0.0072612044053135321 -0.033628052054529685 -0.0045950921506223369 -0.032805169530336374 0.0033139797805275977 -0.065216208937500963 0.080245153323898116 0.0097721626895431301 -0.012996683483685502 0.063262290935314935 0.054404758165031673
leaf_weight=4348 54 3994 1593 662 4685 18295 13978 52728 351 895 8544 9186 1666 400
leaf_count=4348 54 3994 1593 662 4685 18295 13978 52728 351 895 8544 9186 1666 400
internal_value=8.20483e-12 0.0140227 0.0499178 0.094804 -0.00369768 -0.0058585 -0.0168134 0.000299446 0.0267493 0.0292145 -7.95445e-05 -0.00202449 0.0321168 0.0758761
internal_weight=121379 25328 7144 2255 96051 89686 32273 57413 6365 4889 18184 17730 6014 454
internal_count=121379 25328 7144 2255 96051 89686 32273 57413 6365 4889 18184 17730 6014 454
is_linear=0
shrinkage=0.01


Tree=370
num_leaves=15
num_cat=0
split_feature=31 6 1 10 26 29 26 2 43 24 27 10 10 43
split_gain=61944.5 67385 65448.2 74530.7 69106.6 43223.8 40956.2 37384.6 34465.8 31761.4 23665.3 23270.8 19944.4 18459.8
threshold=30.000000000000007 15.030808000000002 -118.21337597412109 0.25000000000000011 13.072054353277627 57.039607097591897 34.040941044548184 21.225000000000005 1.0000000180025095e-35 20.573838992032702 65.916587452471489 -0.5 0.25000000000000011 1.0000000180025095e-35
decision_type=2 2 2 2 2 2 2 2 2 2 2 2 2 2
left_child=5 2 3 -2 -4 6 8 13 -1 -8 12 -12 -7 -3
right_child=1 7 4 -5 -6 10 9 -9 -10 -11 11 -13 -14 -15
leaf_value=-0.020876171898634912 0.010398661034655402 -0.058914177760132323 -0.0029318265746593876 -0.01145342785352545 0.049245596521636008 -0.015726830741909507 0.18891054973396335 -0.0035617139305104211 0.005686819298694217 -0.011046810232869842 -0.13394781955205934 -0.038140073231233355 -0.054115144969926865 -0.018172415186987093
leaf_weight=9417 49289 2606 4045 22841 6815 5005 191 6039 10149 136 427 624 1855 1940
leaf_count=9417 49289 2606 4045 22841 6815 5005 191 6039 10149 136 427 624 1855 1940
internal_value=-2.07925e-11 0.00389407 0.00692471 0.00347888 0.0298112 -0.0131056 -0.00524284 -0.0198672 -0.00709779 0.105748 -0.0328772 -0.0770648 -0.0261073 -0.0415277
internal_weight=121379 93575 82990 72130 10860 27804 19893 10585 19566 327 7911 1051 6860 4546
internal_count=121379 93575 82990 72130 10860 27804 19893 10585 19566 327 7911 1051 6860 4546
is_linear=0
shrinkage=0.01


Tree=371
num_leaves=15
num_cat=0
split_feature=8 2 17 2 10 0 47 0 9 10 2 8 30 30
split_gain=61556.8 106811 60028.2 90616.9 56292.1 44127.8 43192.4 42412.6 40725.2 37493.9 36269.1 35654.8 33805 30264.2
threshold=0.60355339059327384 10.375000000000002 0.0063261163657495753 25.675000000000001 0.25000000000000011 37.042691525878915 1.0000000180025095e-35 36.742692288818368 0.60355339059327384 1.0000000180025095e-35 14.225000000000001 -0.5 82.596045818445859 158.71101573676683
decision_type=2 2 2 2 2 2 2 2 2 2 2 2 2 2
left_child=2 4 5 12 7 8 -6 -2 -1 10 -3 -5 -4 -11
right_child=1 9 3 11 6 -7 -8 -9 -10 13 -12 -13 -14 -15
leaf_value=0.016527727715360107 0.028347999803397968 0.039469811763970596 -0.015441059279936647 0.026217429821012567 0.011103980815019376 -0.021329598721413268 0.096733553958934737 0.10860432765411615 -0.011724735904327517 -0.01115068814820472 0.0036700724402916186 -0.0070354807588231061 -0.042479462566890301 -0.19330818231349164
leaf_weight=23044 1035 3577 32684 7180 4132 5194 687 1810 6553 10602 13550 5853 5386 92
leaf_count=23044 1035 3577 32684 7180 4132 5194 687 1810 6553 10602 13550 5853 5386 92
internal_value=4.52236e-12 0.0110796 -0.00457728 -0.011475 0.0441351 0.00555451 0.0233114 0.0794074 0.0102724 0.00197365 0.0111469 0.0112839 -0.0192664 -0.0127178
internal_weight=121379 35485 85894 51103 7664 34791 4819 2845 29597 27821 17127 13033 38070 10694
internal_count=121379 35485 85894 51103 7664 34791 4819 2845 29597 27821 17127 13033 38070 10694
is_linear=0
shrinkage=0.01


Tree=372
num_leaves=15
num_cat=0
split_feature=7 44 10 44 11 8 1 8 11 11 13 8 18 31
split_gain=62154.5 127401 106052 175546 104833 130443 95095.9 63872.5 83525.2 56622 46227.1 42942 34298.1 34139.5
threshold=1006.5004000000001 1.0000000180025095e-35 0.25000000000000011 1.0000000180025095e-35 0.25000000000000017 0.37940952255126054 -118.21337597412109 -0.60355339059327362 0.6830127018922193 0.25000000000000017 -1.8336876993822806 0.37940952255126054 0.036506833538100025 43.226341360371784
decision_type=2 2 2 2 2 2 2 2 2 2 2 2 2 2
left_child=2 6 7 9 -3 -6 11 8 -1 -4 -5 -2 -9 -8
right_child=1 4 3 10 5 -7 13 12 -10 -11 -12 -13 -14 -15
leaf_value=0.030159659594362717 -0.015584289331806436 -0.030737333943593768 0.0060678022713815498 -0.10665322637484721 0.026684249593051677 0.11147611869271982 0.018416310302018506 0.058970504107277874 -0.034125502988570248 -0.035812935067985614 -0.049047677443770692 0.0097547782075730911 -0.0056539964961200631 0.073421748360199421
leaf_weight=12663 18193 1644 12190 1889 5068 2826 2542 839 2405 4391 5306 10576 38818 2029
leaf_count=12663 18193 1644 12190 1889 5068 2826 2542 839 2405 4391 5306 10576 38818 2029
internal_value=3.80347e-12 0.00968244 -0.00528864 -0.0229224 0.0419097 0.0570392 0.000462764 0.00237258 0.0198991 -0.0050231 -0.0641716 -0.00626919 -0.00428677 0.0428324
internal_weight=121379 42878 78501 23776 9538 7894 33340 54725 15068 16581 7195 28769 39657 4571
internal_count=121379 42878 78501 23776 9538 7894 33340 54725 15068 16581 7195 28769 39657 4571
is_linear=0
shrinkage=0.01


Tree=373
num_leaves=15
num_cat=0
split_feature=7 2 8 13 44 25 26 17 0 44 25 5 2 29
split_gain=61459.3 91339.6 76782.7 95752.6 95062.1 72890.2 83404.1 56208.2 60416.7 55354.3 51241.3 44190.1 36838.8 26046
threshold=1002.5004250000001 16.225000000000005 0.37940952255126054 -1.4399957836446202 1.0000000180025095e-35 125.85672951532679 37.086813248856139 0.0062692541173092571 37.042691525878915 1.0000000180025095e-35 54.325634887105103 48.500000000000007 25.675000000000001 51.93465709055063
decision_type=2 2 2 2 2 2 2 2 2 2 2 2 2 2
left_child=1 9 7 11 -5 6 -3 8 -2 13 -11 -4 -9 -1
right_child=2 5 3 4 -6 -7 -8 12 -10 10 -12 -13 -14 -15
leaf_value=0.0033518499442870683 0.017126414227920592 -0.0018288954692177479 0.011751871711369988 0.017532697195161488 0.067521303648360342 -0.22331505215086903 0.14915417557552055 -0.017274645539157821 -0.023702037024877783 -0.041112619298519844 -0.12193877151692968 -0.035268943703735095 0.016026976867414659 -0.034752729532460953
leaf_weight=3134 18643 32804 4209 14845 5115 147 370 22018 4499 2549 1133 3806 3912 4195
leaf_count=3134 18643 32804 4209 14845 5115 147 370 22018 4499 2549 1133 3806 3912 4195
internal_value=-1.51486e-11 -0.00938083 0.00539763 0.0186193 0.0303429 -0.00112948 -0.000144934 -0.00213978 0.00918902 -0.0343507 -0.0659839 -0.0105764 -0.0122505 -0.0184586
internal_weight=121379 44332 77047 27975 19960 33321 33174 49072 23142 11011 3682 8015 25930 7329
internal_count=121379 44332 77047 27975 19960 33321 33174 49072 23142 11011 3682 8015 25930 7329
is_linear=0
shrinkage=0.01


Tree=374
num_leaves=15
num_cat=0
split_feature=7 8 10 0 0 0 8 2 16 26 14 0 0 7
split_gain=60354 121808 103414 135818 75834.8 67448.2 62529.6 55401.9 51432.6 48798.6 46936.7 41151.3 54527.5 24989.4
threshold=1006.5004000000001 0.37940952255126054 0.25000000000000011 36.742692288818368 37.042691525878915 36.742692288818368 -0.60355339059327362 18.625000000000004 0.31613842500000078 14.186129802096078 7.485687531177061 37.042691525878915 34.083213737060554 1021.2304700000001
decision_type=2 2 2 2 2 2 2 2 2 2 2 2 2 2
left_child=2 11 6 7 5 -3 10 -4 -8 -5 -1 12 -2 -13
right_child=1 4 3 9 -6 -7 8 -9 -10 -11 -12 13 -14 -15
leaf_value=0.023543919336081149 -0.022356559722321891 0.029770778709701781 -0.015602597867884593 -0.024105268453551765 0.0032818706553457934 0.085009864720613865 0.057674152962945958 0.029484840934520213 -0.0063299942872541495 -0.075127543743942468 -0.061240487233953478 -0.023077039000538077 0.016919624456951273 0.056880504233150879
leaf_weight=14384 4908 6406 12251 2987 5836 3375 1298 3505 38359 5033 684 9312 12633 408
leaf_count=14384 4908 6406 12251 2987 5836 3375 1298 3505 38359 5033 684 9312 12633 408
internal_value=-2.63806e-11 0.00954117 -0.00521148 -0.0226246 0.0318098 0.0488314 0.00235388 -0.00557267 -0.0042351 -0.0561246 0.0196952 -0.00321582 0.00593008 -0.0197208
internal_weight=121379 42878 78501 23776 15617 9781 54725 15756 39657 8020 15068 27261 17541 9720
internal_count=121379 42878 78501 23776 15617 9781 54725 15756 39657 8020 15068 27261 17541 9720
is_linear=0
shrinkage=0.01


Tree=375
num_leaves=15
num_cat=0
split_feature=7 2 31 0 25 24 44 39 25 1 30 25 9 21
split_gain=59624.5 87353.4 75139 75414.3 63416.8 66630.5 62542.3 59034.8 49542 42707.1 44182.4 38496.3 35717.5 33947
threshold=1002.1995000000001 19.425000000000001 59.571820870299966 37.042691525878915 125.85672951532679 22.658275634856782 1.0000000180025095e-35 81.928002655864901 54.325634887105103 -118.21337597412109 60.137515842839044 65.433107423235512 0.37940952255126048 152.83428707677635
decision_type=2 2 2 2 2 2 2 2 2 2 2 2 2 2
left_child=1 6 9 7 5 -3 12 -4 -8 10 -2 -5 -1 -11
right_child=2 4 3 11 -6 -7 8 -9 -10 13 -12 -13 -14 -15
leaf_value=-0.0049453775499924118 0.0045616804895444582 0.00026321265076296351 0.039705271270061036 -0.028300532179587584 -0.21325911140398066 0.093974528721188041 -0.037698117330212229 -0.022328209270085438 -0.10846577975578901 0.016462267298617664 -0.01363428071834114 -0.25054475405594195 -0.046010905508947951 0.16898287879252757
leaf_weight=8610 30632 23542 12385 1574 136 784 3462 1751 1385 10434 23645 82 2809 148
leaf_count=8610 30632 23542 12385 1574 136 784 3462 1751 1385 10434 23645 82 2809 148
internal_value=-2.35473e-11 -0.00986277 0.00498061 0.0245418 0.00207953 0.00328342 -0.0278225 0.0320213 -0.0579195 0.00021782 -0.00336513 -0.0393054 -0.0150472 0.0185954
internal_weight=121379 40728 80651 15792 24462 24326 16266 14136 4847 64859 54277 1656 11419 10582
internal_count=121379 40728 80651 15792 24462 24326 16266 14136 4847 64859 54277 1656 11419 10582
is_linear=0
shrinkage=0.01


Tree=376
num_leaves=15
num_cat=0
split_feature=5 18 0 7 25 0 41 7 2 14 45 25 37 20
split_gain=59276.3 69751.6 70536.3 96801 62912.8 93546.3 66298.4 52880.2 51754.4 39058.8 48957 35174.8 12833.9 25056.7
threshold=1.0000000180025095e-35 0.078021519358950034 36.742692288818368 1006.4001350000001 67.778429094493745 34.083213737060554 54.358470637938332 1005.60008 22.525000000000002 2.1895291616403472 1.0000000180025095e-35 30.81079102708539 67.240177439797222 112.86013400335007
decision_type=2 2 2 2 2 2 2 2 2 2 2 2 2 2
left_child=4 12 8 -4 9 7 -7 -6 -3 11 -11 -1 13 -2
right_child=1 2 3 -5 5 6 -8 -9 -10 10 -12 -13 -14 -15
leaf_value=-0.033883494488726622 0.042954062525378672 -0.0041939205821872232 -0.039244642247038442 -0.0029783714591170188 0.0017816751874321873 0.016353426228882126 0.092288363695494383 -0.14143085334780656 0.025217802006958081 0.036578974581781325 -0.037125109264132858 0.0029547741083583391 0.0063589472887563081 0.18399940513802651
leaf_weight=2844 2377 35708 13388 16346 1087 1988 2727 338 7187 6049 1059 29251 897 133
leaf_count=2844 2377 35708 13388 16346 1087 1988 2727 338 7187 6049 1059 29251 897 133
internal_value=-2.37658e-11 -0.00539653 -0.00747095 -0.0193076 0.00904947 0.0388134 0.0602717 -0.0321873 0.000733974 0.00438783 0.025598 -0.000309536 0.0388253 0.0504278
internal_weight=121379 76036 72629 29734 45343 6140 4715 1425 42895 39203 7108 32095 3407 2510
internal_count=121379 76036 72629 29734 45343 6140 4715 1425 42895 39203 7108 32095 3407 2510
is_linear=0
shrinkage=0.01


Tree=377
num_leaves=15
num_cat=0
split_feature=2 5 0 24 7 0 9 2 21 1 36 23 33 13
split_gain=59063.2 61498.4 111313 88696.8 62423.9 62164.3 58903.9 45873.4 43108.8 28529.8 21859.2 21454.6 25612.6 20463.4
threshold=7.8250000000000002 1.0000000180025095e-35 36.742692288818368 37.230202386214891 1006.6000200000002 36.742692288818368 -0.70710678118654757 22.525000000000002 32.800925925925931 -118.21337597412109 18.935185185185187 135.74741517245619 88.442217424256924 -2.1600023347165251
decision_type=2 2 2 2 2 2 2 2 2 2 2 2 2 2
left_child=6 3 7 8 -4 -5 11 -3 -2 13 -11 12 -1 -8
right_child=1 2 4 5 -6 -7 9 -9 -10 10 -12 -13 -14 -15
leaf_value=0.0030226625214764004 -0.015335298236048777 -0.0027671023063228013 -0.04034535998215829 -0.013794545163239897 -0.0093469341582497756 0.27488112434865147 0.0043615216022509333 0.024971029364146836 0.010826986838661535 0.36041403666138649 0.10856736992953353 0.2547690335187045 -0.11185312033885747 0.052664349615273269
leaf_weight=5643 7721 34962 12584 116 13429 209 1152 7188 34177 40 249 33 201 3675
leaf_count=5643 7721 34962 12584 116 13429 209 1152 7188 34177 40 249 33 201 3675
internal_value=-1.24315e-11 -0.00220134 -0.0080759 0.00728229 -0.0243427 0.171846 0.0221048 0.00196319 0.00600578 0.0469147 0.143425 0.000507365 -0.000928404 0.0411365
internal_weight=121379 110386 68163 42223 26013 325 10993 42150 41898 5116 289 5877 5844 4827
internal_count=121379 110386 68163 42223 26013 325 10993 42150 41898 5116 289 5877 5844 4827
is_linear=0
shrinkage=0.01


Tree=378
num_leaves=15
num_cat=0
split_feature=8 11 6 11 0 7 7 1 21 0 7 14 1 35
split_gain=58808.7 120105 59427.8 79513.6 75968.9 52997.5 47794.8 46796.3 45481.2 44799 38780.8 27521.4 28086.6 25128.9
threshold=0.78656609248549325 0.6830127018922193 4.7055252500000009 -0.24999999999999994 34.083213737060554 1007.0002500000002 1002.9000750000001 -119.7866065258789 80.530418250950589 37.042691525878915 1002.0002750000001 1.1110124779463997 -118.21337597412109 74.864629972846913
decision_type=2 2 2 2 2 2 2 2 2 2 2 2 2 2
left_child=2 11 9 4 -4 -5 8 -8 -3 10 -1 13 -13 -2
right_child=1 6 3 5 -6 -7 7 -9 -10 -11 -12 12 -14 -15
leaf_value=-0.0085624661768320589 -0.0016130307473975012 0.023725124622980681 0.031310999160853233 -0.026193134416987437 -0.0052979248511201196 -0.0023927760489641662 0.012936794317114421 0.075028381431484381 -0.13323331176106673 -0.020416316520731816 0.022758782123479274 0.0049846787722613861 0.05444384444758861 -0.037440826555530451
leaf_weight=5208 9351 698 7605 25614 22260 14740 1657 4538 251 4218 16406 4853 1504 2476
leaf_count=5208 9351 698 7605 25614 22260 14740 1657 4538 251 4218 16406 4853 1504 2476
internal_value=1.08894e-13 0.013555 -0.00357436 -0.00834521 0.00402439 -0.0174996 0.048297 0.0584205 -0.0177886 0.00939421 0.0152118 -9.41899e-05 0.0166862 -0.00911363
internal_weight=121379 25328 96051 70219 29865 40354 7144 6195 949 25832 21614 18184 6357 11827
internal_count=121379 25328 96051 70219 29865 40354 7144 6195 949 25832 21614 18184 6357 11827
is_linear=0
shrinkage=0.01


Tree=379
num_leaves=15
num_cat=0
split_feature=31 1 10 26 1 44 29 26 42 9 11 15 24 10
split_gain=57991.8 57731.2 78454.2 62607.2 60273.4 46445.5 42654.8 41637.7 35448.1 33143.7 32362.3 29764.4 28601.5 18039.2
threshold=30.000000000000007 -118.21337597412109 0.25000000000000011 9.6055591818289088 -119.7866065258789 1.0000000180025095e-35 56.205745669624001 34.040941044548184 1.0000000180025095e-35 0.1294095225512602 -0.68301270189221952 0.14494471706441561 21.54820831387168 0.25000000000000011
decision_type=2 2 2 2 2 2 2 2 2 2 2 2 2 2
left_child=6 2 4 -3 -2 -4 7 8 -1 -5 13 -12 -9 -8
right_child=1 3 5 9 -6 -7 10 12 -10 -11 11 -13 -14 -15
leaf_value=0.0068859150182611663 -0.0095992476292290144 -0.021555198444212581 -0.0043836806113893212 0.051364160401044259 0.0139404220824236 -0.03285132532767971 0.019043983506841708 0.18688105564211543 -0.020480865595543359 0.014522554808571784 -0.0052515536767057036 -0.054736444682726065 -0.0060572152336438503 -0.051700220882892611
leaf_weight=9789 14954 2430 17974 5528 39901 8414 1603 190 9164 4374 1623 4841 129 465
leaf_count=9789 14954 2430 17974 5528 39901 8414 1603 190 9164 4374 1623 4841 129 465
internal_value=-6.71511e-12 0.00376778 0.000707585 0.0239283 0.00752328 -0.0134608 -0.0126805 -0.00443931 -0.00634625 0.0350902 -0.0312958 -0.0423116 0.108859 0.0031368
internal_weight=121379 93575 81243 12332 54855 26388 27804 19272 18953 9902 8532 6464 319 2068
internal_count=121379 93575 81243 12332 54855 26388 27804 19272 18953 9902 8532 6464 319 2068
is_linear=0
shrinkage=0.01


Tree=380
num_leaves=15
num_cat=0
split_feature=27 12 23 7 44 8 2 8 9 1 39 21 9 20
split_gain=58007.6 63606.9 62695.8 58467.7 133755 93229.6 85123.5 85899.4 80457.1 74740.6 58457.7 20099.3 31675.9 29682.8
threshold=141.75125628140708 1.0000000180025095e-35 104.93012702749412 1007.10008 1.0000000180025095e-35 0.37940952255126054 19.425000000000001 -0.60355339059327362 0.37940952255126048 -118.21337597412109 69.464247993240406 170.66309012875539 -0.12940952255126037 171.43419170243206
decision_type=2 2 2 2 2 2 2 2 2 2 2 2 2 2
left_child=3 11 -3 6 9 -6 8 -8 -1 -5 -4 13 -13 -2
right_child=1 2 10 4 5 -7 7 -9 -10 -11 -12 12 -14 -15
leaf_value=-0.0071834703656681563 0.012745204772198728 0.074900902246379047 0.49623674249365218 -0.0064583045281530463 0.020954960067116245 0.091880236087379552 0.025583927886174106 -0.0057285664298994711 -0.038416215305497936 0.0413858226809041 0.12316180850778308 -0.40374756881168916 0.097101453801859972 0.25370190505628232
leaf_weight=32362 960 352 84 25954 5455 2807 13519 24893 11069 3735 84 28 23 54
leaf_count=32362 960 352 84 25954 5455 2807 13519 24893 11069 3735 84 28 23 54
internal_value=3.75838e-12 0.0600999 0.150759 -0.000795184 0.00946416 0.0450517 -0.00555249 0.00529178 -0.0151436 -0.000439314 0.309699 0.0158345 -0.177874 0.0255772
internal_weight=121379 1585 520 119794 37951 8262 81843 38412 43431 29689 168 1065 51 1014
internal_count=121379 1585 520 119794 37951 8262 81843 38412 43431 29689 168 1065 51 1014
is_linear=0
shrinkage=0.01


Tree=381
num_leaves=15
num_cat=0
split_feature=7 2 31 0 10 23 28 15 9 31 16 7 24 0
split_gain=57295.3 85159.6 72160.6 73978.1 52932.8 47651 46008.3 40675.1 46613.3 36089.2 35140.3 34880.4 33947.2 75573.8
threshold=1002.6995200000001 16.225000000000005 59.571820870299966 37.042691525878915 -0.5 64.361075904802163 58.082171525137319 0.1164727951960388 -0.70710678118654757 19.490740740740744 0.11719567800000021 998.20006500000011 22.658275634856782 36.742692288818368
decision_type=2 2 2 2 2 2 2 2 2 2 2 2 2 2
left_child=1 6 7 4 -4 -5 10 8 -2 -9 -1 -8 -3 -14
right_child=2 12 3 5 -6 -7 11 9 -10 -11 -12 -13 13 -15
leaf_value=0.086584393318394487 -0.0015480447321962595 -0.0027711687358338657 0.055982318288164773 -0.011342453000615108 0.015569558257119271 -0.14615303314094422 -0.15785664246123227 -0.027364137276872546 0.039711717480445968 -0.00031920754913837291 -0.025511779943544487 -0.054459089652614832 -0.048451738433925189 0.12088626188067551
leaf_weight=289 5801 33040 5688 1323 7534 327 386 5551 5186 44396 8649 2108 437 664
leaf_count=289 5801 33040 5688 1323 7534 327 386 5551 5186 44396 8649 2108 437 664
internal_value=-5.90946e-12 -0.00886106 0.00532709 0.025076 0.0329548 -0.0380595 -0.0324843 0.000507022 0.0179271 -0.00332492 -0.0218873 -0.0704621 -0.00095089 0.053674
internal_weight=121379 45573 75806 14872 13222 1650 11432 60934 10987 49947 8938 2494 34141 1101
internal_count=121379 45573 75806 14872 13222 1650 11432 60934 10987 49947 8938 2494 34141 1101
is_linear=0
shrinkage=0.01


Tree=382
num_leaves=15
num_cat=0
split_feature=8 2 18 2 7 8 10 44 36 10 2 10 30 29
split_gain=57199.9 89461.8 58444.9 60321.1 68826.5 56962.3 37047.2 48064.1 34615.4 32506.8 33568.9 30309 36952.7 29285.9
threshold=0.78656609248549325 9.6250000000000018 0.20299999999999996 25.675000000000001 1001.3998 -0.70710678118654735 0.68301270189221941 1.0000000180025095e-35 77.670937345015716 1.0000000180025095e-35 13.525000000000002 0.93301270189221952 94.807167969123199 60.130029818081603
decision_type=2 2 2 2 2 2 2 2 2 2 2 2 2 2
left_child=2 6 11 4 -4 -5 7 -2 -8 10 -3 -1 -13 -11
right_child=1 9 3 5 -6 -7 8 -9 -10 13 -12 12 -14 -15
leaf_value=0.031027625969474521 0.035202137803244632 0.047462556529981298 -0.029107965273001982 0.030918530425379624 -0.0047624438227618238 -0.0049384767753052746 0.0266948740372909 0.11834236256515838 -0.20821995104620089 0.0010948230724872055 0.0064293635586028701 -0.021781306755183933 -0.31060921027110172 -0.040639380928791269
leaf_weight=6014 1412 2485 14576 7882 57111 10117 1793 1370 65 5740 10085 299 52 2378
leaf_count=6014 1412 2485 14576 7882 57111 10117 1793 1370 65 5740 10085 299 52 2378
internal_value=-1.7311e-11 0.0133683 -0.00352513 -0.0056032 -0.00971258 0.0107638 0.0530526 0.0761447 0.0184766 0.00446773 0.0145413 0.0257558 -0.0645706 -0.0111303
internal_weight=121379 25328 96051 89686 71687 17999 4640 2782 1858 20688 12570 6365 351 8118
internal_count=121379 25328 96051 89686 71687 17999 4640 2782 1858 20688 12570 6365 351 8118
is_linear=0
shrinkage=0.01


Tree=383
num_leaves=15
num_cat=0
split_feature=8 11 44 13 11 0 26 17 8 34 24 14 1 1
split_gain=56252.3 141059 82006.1 100820 70691.9 106893 119551 84698.3 66512.3 42592.2 38542.5 32028.5 38642.4 30301.7
threshold=0.60355339059327384 0.6830127018922193 1.0000000180025095e-35 -1.4399957836446202 -0.24999999999999994 34.083213737060554 45.22162611477458 0.0068637033671697769 -0.37940952255126059 63.079267004647242 37.230202386214891 1.4333930242147987 -118.21337597412109 -118.21337597412109
decision_type=2 2 2 2 2 2 2 2 2 2 2 2 2 2
left_child=4 11 13 -4 5 8 -7 10 -1 -9 -6 -2 -13 -3
right_child=1 2 3 -5 7 6 -8 9 -10 -11 -12 12 -14 -15
leaf_value=0.061341098940512082 -0.0096835014146235548 0.01299487938691812 -0.0058219911387506961 0.11983287925793869 -0.00024318835122490203 -0.0052848044310962704 0.37952753349586771 -0.017374787777972304 0.0076388193540235854 -0.047495989705416096 0.13327489373060541 0.0022927773137655801 0.053269153603429771 0.067401749560254923
leaf_weight=4859 17198 5593 888 2273 26210 24551 81 19391 4390 6194 218 6337 1943 1253
leaf_count=4859 17198 5593 888 2273 26210 24551 81 19391 4390 6194 218 6337 1943 1253
internal_value=3.65227e-12 0.0105915 0.0424048 0.0845334 -0.00437562 0.00686477 -0.00401939 -0.0116976 0.0358515 -0.024667 0.000858179 -0.00190382 0.014255 0.0229528
internal_weight=121379 35485 10007 3161 85894 33881 24632 52013 9249 25585 26428 25478 8280 6846
internal_count=121379 35485 10007 3161 85894 33881 24632 52013 9249 25585 26428 25478 8280 6846
is_linear=0
shrinkage=0.01


Tree=384
num_leaves=15
num_cat=0
split_feature=5 18 0 7 24 2 9 0 26 2 25 25 26 37
split_gain=56350.8 67240.4 65993.2 87122.5 62863.7 55355 56282.1 48955.1 58259 45798.3 43490.7 18293.3 16191.6 21483.5
threshold=1.5000000000000002 0.078021519358950034 36.742692288818368 1006.7002200000001 37.230202386214891 13.625000000000002 -0.70710678118654757 36.742692288818368 32.067802345928975 26.025000000000002 31.485591818053798 102.24348231534161 13.573636821391082 67.240177439797222
decision_type=2 2 2 2 2 2 2 2 2 2 2 2 2 2
left_child=4 12 9 -4 5 6 -1 11 -9 -3 -7 -6 -2 -14
right_child=1 2 3 -5 7 10 -8 8 -10 -11 -12 -13 13 -15
leaf_value=-0.00051498099597193563 0.011772060199841419 -0.0027570353357146905 -0.038261391298793544 -0.0030973948435357866 -0.075468781257945081 -0.037884225232364503 0.046456172159146915 -0.032491356599789398 0.31810831273027829 0.036097456945672936 0.0044957677123758297 0.17963602376611607 0.079521372371199897 0.009259352056829857
leaf_weight=4284 1378 36826 13202 15110 108 2596 6306 65 175 3306 36012 38 1325 648
leaf_count=4284 1378 36826 13202 15110 108 2596 6306 65 175 3306 36012 38 1325 648
internal_value=9.3647e-12 -0.00566242 -0.00780377 -0.0194945 0.00819888 0.00720152 0.0274548 0.135318 0.223154 0.000443726 0.00164614 -0.00907164 0.0380745 0.0564449
internal_weight=121379 71795 68444 28312 49584 49198 10590 386 240 40132 38608 146 3351 1973
internal_count=121379 71795 68444 28312 49584 49198 10590 386 240 40132 38608 146 3351 1973
is_linear=0
shrinkage=0.01


Tree=385
num_leaves=15
num_cat=0
split_feature=5 24 0 7 2 32 2 8 2 25 2 9 26 8
split_gain=55283.1 68385.4 64749.4 93159.4 76927.9 57605.3 57028.8 66075.4 51868.8 42265.4 41113.3 51952.7 34733.1 34290.6
threshold=1.0000000180025095e-35 37.230202386214891 36.742692288818368 1005.50003 10.575000000000001 127.22361809045229 13.625000000000002 0.37940952255126054 24.325000000000006 29.289891262800015 22.975000000000005 0.1294095225512602 32.067802345928975 -0.60355339059327362
decision_type=2 2 2 2 2 2 2 2 2 2 2 2 2 2
left_child=1 6 10 8 -5 12 7 -1 -4 -8 11 -2 -3 -12
right_child=2 5 3 4 -6 -7 9 -9 -10 -11 13 -13 -14 -15
leaf_value=0.0020115626493230495 0.0073924599574975974 -0.074107656132065408 -0.050583816694422259 0.023493234574748251 -0.018147242622864178 0.4180587391369045 -0.046910888865782409 0.054814585633007368 -0.0033306842269325678 0.0042613608663556726 0.049606836221149093 -0.016670739841663479 0.15994233845130487 0.0042511040431133865
leaf_weight=4567 24119 92 8840 7095 11841 64 1695 4926 3151 33795 3108 14287 204 3595
leaf_count=4567 24119 92 8840 7095 11841 64 1695 4926 3151 33795 3108 14287 204 3595
internal_value=2.24374e-11 0.00873935 -0.00521159 -0.0163564 -0.00254526 0.146017 0.00764071 0.0294115 -0.0381666 0.00181738 0.00242933 -0.00155903 0.0871971 0.0252813
internal_weight=121379 45343 76036 30927 18936 360 44983 9493 11991 35490 45109 38406 296 6703
internal_count=121379 45343 76036 30927 18936 360 44983 9493 11991 35490 45109 38406 296 6703
is_linear=0
shrinkage=0.01


Tree=386
num_leaves=15
num_cat=0
split_feature=27 12 1 11 25 34 5 14 31 13 29 25 13 29
split_gain=54971.2 61989.7 57075.5 53490.5 52885 60111.2 51792.9 68395.1 45269.9 37799 19616.6 38011.2 34288.1 18995.9
threshold=141.75125628140708 1.0000000180025095e-35 -118.21337597412109 -0.5 73.646673272125085 65.741920152091268 19.500000000000004 3.5655606295224822 52.491972961554723 9.8053688719229193 67.426489226869478 125.85672951532679 -3.2399997118091792 54.916666666666679
decision_type=2 2 2 2 2 2 2 2 2 2 2 2 2 2
left_child=2 10 6 13 -3 -6 9 -8 -5 -1 11 -2 -12 -4
right_child=1 4 3 8 5 -7 7 -9 -10 -11 12 -13 -14 -15
leaf_value=0.0060753111499913292 0.0016139240701514201 0.047157396643207623 -0.028807839219780768 0.015648396919009162 0.4769296311736107 0.1474844778312577 -0.0030501793212812421 -0.02897331817838544 0.059145354182971607 -0.0183396030447983 -0.1253098954583507 -0.27290331482621177 0.097207172752007659 0.0073716493138358272
leaf_weight=48543 508 260 2577 8004 80 180 31636 15005 3413 7294 83 56 418 3322
leaf_count=48543 508 260 2577 8004 80 180 31636 15005 3413 7294 83 56 418 3322
internal_value=-2.71597e-11 0.0585058 -0.000774093 0.0160178 0.148005 0.248852 -0.00361146 -0.01139 0.0286514 0.00288599 0.0148067 -0.0256431 0.0603431 -0.00843349
internal_weight=121379 1585 119794 17316 520 260 102478 46641 11417 55837 1065 564 501 5899
internal_count=121379 1585 119794 17316 520 260 102478 46641 11417 55837 1065 564 501 5899
is_linear=0
shrinkage=0.01


Tree=387
num_leaves=15
num_cat=0
split_feature=2 8 31 6 1 44 35 2 1 44 21 9 0 30
split_gain=54622.4 73773 70697.1 51152.8 50125.6 43332.5 30735.4 35974.3 26118.1 35555.3 24817.7 23471.4 17961.9 16940
threshold=7.8250000000000002 0.37940952255126054 25.046296296296298 15.030808000000002 -118.21337597412109 1.0000000180025095e-35 71.323510773130565 14.325000000000001 -118.21337597412109 1.0000000180025095e-35 95.584410646387866 0.37940952255126048 34.083213737060554 88.264721898465737
decision_type=2 2 2 2 2 2 2 2 2 2 2 2 2 2
left_child=1 12 6 4 -4 -5 11 -8 9 -3 -10 -2 -1 -14
right_child=2 8 3 5 -6 -7 7 -9 10 -11 -12 -13 13 -15
leaf_value=-0.047901958172821869 0.0027446440478054411 0.016024671747022073 0.00078575848343323692 -0.0070493645885333391 0.02302254057856858 -0.051087526581205224 -0.014578410197036795 -0.06808951960448853 0.18044404065974479 0.073244432786786537 -0.033709699669305017 -0.026274055990902254 0.012911991523840139 -0.033416128717098467
leaf_weight=724 5422 2158 70662 8696 11835 3007 2456 2572 265 2186 68 5736 4641 951
leaf_count=724 5422 2158 70662 8696 11835 3007 2456 2572 265 2186 68 5736 4641 951
internal_value=1.02426e-11 0.0212575 -0.00211697 0.00120036 0.00397584 -0.0183646 -0.0214233 -0.0419512 0.0513618 0.044819 0.136713 -0.012173 -0.00103471 0.00503323
internal_weight=121379 10993 110386 94200 82497 11703 16186 5028 4677 4344 333 11158 6316 5592
internal_count=121379 10993 110386 94200 82497 11703 16186 5028 4677 4344 333 11158 6316 5592
is_linear=0
shrinkage=0.01


Tree=388
num_leaves=15
num_cat=0
split_feature=7 1 46 13 15 16 1 3 26 24 1 23 26 7
split_gain=54539.5 92644.1 100282 82089.5 75592.1 70801 67435.6 65355 64615.2 135147 60227.5 50543.9 39815.1 33702.9
threshold=1006.5004000000001 -120.84999847412108 1.0000000180025095e-35 -1.8000062842739253 0.34314707396284627 0.11719567800000021 -118.99998249999999 24.860023000000002 37.086813248856139 26.786362697526823 -118.99998249999999 64.361075904802163 16.646142989231233 1021.2304700000001
decision_type=2 2 2 2 2 2 2 2 2 2 2 2 2 2
left_child=4 11 3 -3 5 12 -7 -4 10 -10 -6 13 -1 -2
right_child=1 2 7 -5 8 6 -8 -9 9 -11 -12 -13 -14 -15
leaf_value=0.01934397546274887 -0.010873103686057763 -0.0048459658901427675 -0.096105907561819304 0.043427009347070708 -0.0060300118707430532 -0.033388145355538613 -0.0065031564402675459 -0.00055086190917353229 -0.055909747054783611 0.28540093443766545 0.020317779736424839 -0.13498810361078167 0.14363492293001406 0.06422942315391228
leaf_weight=715 14614 4599 799 15053 23172 14888 24990 6871 222 243 13868 319 403 623
leaf_count=715 14614 4599 799 15053 23172 14888 24990 6871 222 243 13868 319 403 623
internal_value=-2.47403e-11 0.00906994 0.0201613 0.0321301 -0.00495409 -0.01434 -0.0165404 -0.010505 0.00530543 0.122453 0.00383476 -0.0104105 0.0641465 -0.00780236
internal_weight=121379 42878 27322 19652 78501 40996 39878 7670 37505 465 37040 15556 1118 15237
internal_count=121379 42878 27322 19652 78501 40996 39878 7670 37505 465 37040 15556 1118 15237
is_linear=0
shrinkage=0.01


Tree=389
num_leaves=15
num_cat=0
split_feature=9 14 1 9 5 31 33 18 2 31 25 43 34 13
split_gain=53935.5 55082.9 53141.6 51623.6 58103.1 40471.2 49037.7 37896.8 35741 26827.2 23387.5 18103.3 15022.6 8563.97
threshold=0.78656609248549303 2.8661374306471461 -118.21337597412109 -0.78656609248549325 48.500000000000007 62.742501056189276 97.965949041786914 0.078021519358950034 7.4250000000000016 20.069444444444446 25.840230836032486 1.0000000180025095e-35 55.867395437262367 1.6199966708454079
decision_type=2 2 2 2 2 2 2 2 2 2 2 2 2 2
left_child=2 9 3 7 -5 8 -7 -1 -4 12 -11 13 -2 -3
right_child=1 11 5 4 -6 6 -8 -9 -10 10 -12 -13 -14 -15
leaf_value=0.032019692536846056 -0.024356292600572701 -0.092996016934985062 0.092532098774935734 0.012434582710511467 -0.0079761731962949591 0.094955716163183532 -0.40548868036270141 -0.016724593930863924 0.013230782861617187 -0.06340041543710434 -0.0024818587198453461 -0.025945135338337578 -0.0814956292977706 -0.03657566456231038
leaf_weight=1733 1587 1131 596 38879 21749 933 20 20027 12245 651 19734 1093 648 353
leaf_count=1733 1587 1131 596 38879 21749 933 20 20027 12245 651 19734 1093 648 353
internal_value=-6.47356e-12 -0.0130238 0.00341188 0.000370406 0.00511266 0.0215778 0.0844532 -0.0128425 0.0169115 -0.0080333 -0.00442731 -0.0568288 -0.0409229 -0.0795753
internal_weight=121379 25197 96182 82388 60628 13794 953 21760 12841 22620 20385 2577 2235 1484
internal_count=121379 25197 96182 82388 60628 13794 953 21760 12841 22620 20385 2577 2235 1484
is_linear=0
shrinkage=0.01


Tree=390
num_leaves=15
num_cat=0
split_feature=7 11 25 12 10 10 23 8 11 7 8 6 25 31
split_gain=53701.5 95613.6 70672.9 66878.8 72420.8 65848.4 78641.8 61355.5 136315 43035.2 42891.7 41550.6 41175.5 34083.6
threshold=1002.6995200000001 -0.5 99.253969599794516 1.0000000180025095e-35 -0.24999999999999994 -0.6830127018922193 84.800738483290999 0.37940952255126054 0.25000000000000017 1004.6003850000001 -0.60355339059327362 6.3012855000000014 125.85672951532679 65.36153358681878
decision_type=2 2 2 2 2 2 2 2 2 2 2 2 2 2
left_child=1 10 7 9 -5 12 -7 11 -9 -4 -1 -2 -3 -12
right_child=2 5 3 4 -6 6 -8 8 -10 -11 13 -13 -14 -15
leaf_value=0.029285529379495259 0.0066452194964435555 -0.0066050245473305022 -0.088484095894646925 0.29950629377087884 0.068150786887292994 -0.03415649863110734 -0.13521778672672544 -0.010437585728840097 0.035174811491152508 0.052309830268591935 -0.0057537267171648568 -0.012196707000882838 -0.25158620554467903 0.051559840690725188
leaf_weight=5703 22080 12072 264 215 365 9003 842 11465 15290 1222 16778 24905 69 1106
leaf_count=5703 22080 12072 264 215 365 9003 842 11465 15290 1222 16778 24905 69 1106
internal_value=3.84402e-12 -0.00857866 0.00515731 0.0628421 0.153912 -0.0235814 -0.0427998 0.00354114 0.0156291 0.0272966 0.00540571 -0.00334218 -0.00799731 -0.00220928
internal_weight=121379 45573 75806 2066 580 21986 9845 73740 26755 1486 23587 46985 12141 17884
internal_count=121379 45573 75806 2066 580 21986 9845 73740 26755 1486 23587 46985 12141 17884
is_linear=0
shrinkage=0.01


Tree=391
num_leaves=15
num_cat=0
split_feature=27 12 26 7 2 11 1 46 9 35 18 21 9 7
split_gain=52918.4 60070.3 70198.2 53475.1 109622 88009.7 87543.7 63696.9 59179.4 32335.4 31682.4 19165.4 30574.3 14283.2
threshold=141.75125628140708 1.0000000180025095e-35 27.660310883241461 1007.10008 12.025000000000002 -0.24999999999999994 -118.21337597412109 1.0000000180025095e-35 -0.70710678118654757 64.053443177017343 0.90348597732265512 170.66309012875539 -0.12940952255126037 995.46125000000018
decision_type=2 2 2 2 2 2 2 2 2 2 2 2 2 2
left_child=3 11 -3 5 8 7 -7 -1 -5 -6 -4 13 -13 -2
right_child=1 2 10 4 9 6 -8 -9 -10 -11 -12 12 -14 -15
leaf_value=-0.003222165719841923 -0.22245834661566694 0.070486058115715552 0.091516527732213346 0.0050801124707550325 0.0045514027922224139 -0.021448463553838309 0.018059949362211954 0.024105130666601325 0.042200497240604172 -0.020912066777127536 0.41397109182031311 -0.39667980875287739 0.095382909463799528 0.02961715367873595
leaf_weight=26784 23 367 42 7231 11062 35897 6647 12515 10577 9081 111 28 23 991
leaf_count=26784 23 367 42 7231 11062 35897 6647 12515 10577 9081 111 28 23 991
internal_value=8.45663e-12 0.057403 0.145506 -0.000759501 0.00905204 -0.00530916 -0.0152757 0.00548037 0.0271276 -0.00692821 0.325454 0.0143858 -0.174769 0.0238995
internal_weight=121379 1585 520 119794 37951 81843 42544 39299 17808 20143 153 1065 51 1014
internal_count=121379 1585 520 119794 37951 81843 42544 39299 17808 20143 153 1065 51 1014
is_linear=0
shrinkage=0.01


Tree=392
num_leaves=15
num_cat=0
split_feature=5 24 32 19 2 8 2 7 25 26 1 3 20 25
split_gain=52968.3 65221.6 55872.8 55532.6 53667 63073.2 49036 80278.5 40941.2 33654.9 19966 18844.3 18649.9 19237.9
threshold=1.0000000180025095e-35 37.230202386214891 127.22361809045229 0.042932434396121107 13.625000000000002 0.37940952255126054 24.525000000000002 1006.3000500000002 29.289891262800015 32.067802345928975 -118.99998249999999 49.999397500000008 152.99785407725327 110.46251076177123
decision_type=2 2 2 2 2 2 2 2 2 2 2 2 2 2
left_child=1 4 9 12 5 -1 7 -5 -6 -3 -8 -4 -2 -14
right_child=3 2 11 6 8 -7 10 -9 -10 -11 -12 -13 13 -15
leaf_value=0.0018306176554356999 0.025978783064583025 -0.074091058422750586 0.53472890467870804 -0.020331476417243088 -0.046126397970877038 0.053420150283167475 0.0023490386662283025 0.0024857889328401745 0.0042378089409333521 0.15629749448860394 0.03311080011375854 0.17344846384091811 0.33011518146933583 -0.0031233684221903487
leaf_weight=4567 4552 92 42 35312 1695 4926 5159 27372 33795 204 3570 22 41 30
leaf_count=4567 4552 92 42 35312 1695 4926 5159 27372 33795 204 3570 22 41 30
internal_value=-3.01523e-12 0.00855443 0.142619 -0.00510131 0.00748151 0.0286009 -0.0072757 -0.0103679 0.00183242 0.0846902 0.01493 0.410539 0.0284872 0.18931
internal_weight=121379 45343 360 76036 44983 9493 71413 62684 35490 296 8729 64 4623 71
internal_count=121379 45343 360 76036 44983 9493 71413 62684 35490 296 8729 64 4623 71
is_linear=0
shrinkage=0.01


Tree=393
num_leaves=15
num_cat=0
split_feature=31 6 1 10 11 29 42 10 11 11 2 10 44 12
split_gain=52283.1 58966.4 55690.1 65288.2 62636.7 42228.8 37763.4 51346.5 33714.5 31041.5 34047.7 28525.2 27343.9 24937.3
threshold=30.000000000000007 15.030808000000002 -118.21337597412109 0.25000000000000011 -0.5 56.205745669624001 1.0000000180025095e-35 0.68301270189221941 -0.5 -0.68301270189221952 11.725000000000001 0.25000000000000011 1.0000000180025095e-35 1.0000000180025095e-35
decision_type=2 2 2 2 2 2 2 2 2 2 2 2 2 2
left_child=5 2 3 -2 -4 6 11 -8 -3 13 -11 -1 -10 -7
right_child=1 8 4 -5 -6 9 7 -9 12 10 -12 -13 -14 -15
leaf_value=-0.008846302711182006 0.0097104780241737392 -0.0010923604461495861 -0.0064607448053838759 -0.010741843935187456 0.044495333163710606 0.022536829549154255 -0.0022933159119139408 -0.052811469005915809 -0.021909603665357508 4.8413550733305935e-06 -0.054087485540022212 0.025066691940121812 -0.072085959281207798 -0.059073246902958801
leaf_weight=4551 49289 5379 3617 22841 7243 1577 6318 2952 3662 1522 4942 5451 1544 491
leaf_count=4551 49289 5379 3617 22841 7243 1577 6318 2952 3662 1522 4942 5451 1544 491
internal_value=1.84856e-12 0.00357753 0.00641254 0.00323396 0.0275241 -0.0120402 -0.00384027 -0.0183807 -0.0186499 -0.0305623 -0.041351 0.00963597 -0.036791 0.00316036
internal_weight=121379 93575 82990 72130 10860 27804 19272 9270 10585 8532 6464 10002 5206 2068
internal_count=121379 93575 82990 72130 10860 27804 19272 9270 10585 8532 6464 10002 5206 2068
is_linear=0
shrinkage=0.01


Tree=394
num_leaves=15
num_cat=0
split_feature=9 1 9 5 16 13 3 20 4 15 42 39 38 22
split_gain=51812.8 50951.6 49964.6 56051.8 39425.1 29935.2 39549.8 28897 21061.5 22661 19588.5 19053 7424.05 5936.61
threshold=0.78656609248549303 -118.21337597412109 -0.78656609248549325 48.500000000000007 0.14703508250000027 -2.5200018856373521 74.85765450000001 16.759259259259263 1.0000000180025095e-35 0.14731262567671433 1.0000000180025095e-35 89.950604793014108 62.007921419518389 20.601851851851858
decision_type=2 2 2 2 2 2 2 2 2 2 2 2 2 2
left_child=1 2 4 -4 -1 11 -7 12 9 -9 -10 -3 13 -2
right_child=7 5 3 -5 -6 6 -8 8 10 -11 -12 -13 -14 -15
leaf_value=0.033797766689803395 -0.069097906507565129 0.0011867617362877154 0.012222865551734271 -0.0078243521555933903 -0.016535156180694066 0.060553168839853802 0.014924849993697663 0.044886087195331513 -0.011673561735862594 -0.0092107370114906557 -0.083761626411705439 0.10593412624484751 -0.10352056842861754 -0.029256402790474249
leaf_weight=1687 571 5811 38879 21749 20073 3269 4535 804 796 20995 716 179 231 1084
leaf_count=1687 571 5811 38879 21749 20073 3269 4535 804 796 20995 716 179 231 1084
internal_value=-3.13121e-11 0.00334406 0.000365922 0.00503135 -0.012633 0.0211317 0.034038 -0.012765 -0.00971887 -0.00721551 -0.0458105 0.00431694 -0.0504147 -0.0430023
internal_weight=121379 96182 82388 60628 21760 13794 7804 25197 23311 21799 1512 5990 1886 1655
internal_count=121379 96182 82388 60628 21760 13794 7804 25197 23311 21799 1512 5990 1886 1655
is_linear=0
shrinkage=0.01


Tree=395
num_leaves=15
num_cat=0
split_feature=7 11 25 10 25 25 12 10 0 1 26 7 18 25
split_gain=51684.4 93076.2 94478.6 70700.3 71602.9 61765.2 65463.5 68788.2 54426.6 50126.3 58107.4 48626.6 47317.7 36290.4
threshold=1002.1995000000001 0.6830127018922193 48.758549265361701 0.25000000000000011 125.85672951532679 99.253969599794516 1.0000000180025095e-35 -0.24999999999999994 36.742692288818368 -118.21337597412109 9.7189981616716121 1004.6003850000001 0.17755506692088005 73.646673272125085
decision_type=2 2 2 2 2 2 2 2 2 2 2 2 2 2
left_child=1 3 -3 4 -1 9 11 -8 -5 12 -11 -7 -2 -4
right_child=5 2 13 8 -6 6 7 -9 -10 10 -12 -13 -14 -15
leaf_value=0.004463800892435775 0.03181542993921084 0.0087270917372606858 -0.072253296854221161 -0.0088777315521191228 -0.21909788887585616 -0.090041579357886287 0.28897328308101072 0.065050327826101567 -0.059260209059963626 -0.028720570106382178 0.033135042116124822 0.051477522121916898 -0.0022319962088119846 -0.16165527089741052
leaf_weight=28016 4364 1349 1646 5382 144 303 217 373 3564 1818 9225 1222 63129 627
leaf_count=28016 4364 1349 1646 5382 144 303 217 373 3564 1818 9225 1222 63129 627
internal_value=1.34431e-11 -0.00918261 -0.0575687 -0.00445954 0.00332059 0.00463713 0.057964 0.147408 -0.0289496 0.00320102 0.0229518 0.0233593 -3.05388e-05 -0.0969146
internal_weight=121379 40728 3622 37106 28160 80651 2115 590 8946 78536 11043 1525 67493 2273
internal_count=121379 40728 3622 37106 28160 80651 2115 590 8946 78536 11043 1525 67493 2273
is_linear=0
shrinkage=0.01


Tree=396
num_leaves=15
num_cat=0
split_feature=8 11 44 5 17 11 0 34 0 7 2 29 1 23
split_gain=51769.8 107794 58632.6 90435.7 52253.1 74570.4 69698.3 47915.2 41779.8 35890.6 26166 24731.2 24205.9 19115.1
threshold=0.78656609248549325 0.6830127018922193 1.0000000180025095e-35 97.500000000000014 0.0046906819265845568 -0.24999999999999994 34.083213737060554 66.859790874524734 37.042691525878915 1002.0002750000001 6.2250000000000005 84.02285190209605 -118.21337597412109 64.361075904802163
decision_type=2 2 2 2 2 2 2 2 2 2 2 2 2 2
left_child=4 10 12 -4 8 6 -6 -7 9 -1 -2 -12 -3 -10
right_child=1 2 3 -5 5 7 -8 -9 13 -11 11 -13 -14 -15
leaf_value=-0.0089598037541598705 0.070834890227886804 0.015641629658118272 0.1286382061528242 -0.010423106380015206 0.030201686914697885 -0.011514362861231206 -0.0047781383651292449 -0.039664709695199168 -0.01600502136481342 0.021679618062424716 -0.00060445777500590383 -0.087863934580292943 0.073179705367241499 -0.13870869430706248
leaf_weight=4983 504 3994 1593 662 7647 33019 22329 7402 4115 16425 17349 331 895 131
leaf_count=4983 504 3994 1593 662 7647 33019 22329 7402 4115 16425 17349 331 895 131
internal_value=-1.62543e-11 0.0127179 0.0456312 0.087814 -0.00335364 -0.00780615 0.00414536 -0.0166693 0.00886449 0.0145479 -0.000212765 -0.00223811 0.0261748 -0.0197907
internal_weight=121379 25328 7144 2255 96051 70397 29976 40421 25654 21408 18184 17680 4889 4246
internal_count=121379 25328 7144 2255 96051 70397 29976 40421 25654 21408 18184 17680 4889 4246
is_linear=0
shrinkage=0.01


Tree=397
num_leaves=15
num_cat=0
split_feature=31 6 1 10 29 10 42 10 44 10 2 2 23 2
split_gain=50741.4 57128 52850.3 63371.6 41495.4 35541.6 34684.6 51355.5 32598.7 28784.5 19526.6 22787.9 22113.1 16409.9
threshold=30.000000000000007 15.030808000000002 -118.21337597412109 0.25000000000000011 57.039607097591897 0.68301270189221941 1.0000000180025095e-35 0.68301270189221941 1.0000000180025095e-35 1.0000000180025095e-35 26.025000000000002 11.725000000000001 92.517674717058057 21.225000000000005
decision_type=2 2 2 2 2 2 2 2 2 2 2 2 2 2
left_child=4 2 3 -2 6 -4 9 -8 13 -1 11 -6 -12 -3
right_child=1 8 5 -5 10 -7 7 -9 -10 -11 12 -13 -14 -15
leaf_value=-0.012704146248330524 0.0095991308845596295 -0.02628298512982111 0.016562086398031223 -0.010550762268959435 -0.0026506253812501584 0.058596538614573292 -0.0021796505525740312 -0.052151593844748385 -0.04734132177279439 0.021597872301179849 -0.0010459634124174015 -0.047923258049526636 0.33404168291296815 0.0036887873862026361
leaf_weight=3957 49289 2951 8194 22841 1415 2666 6525 3003 2839 6408 1287 5189 20 4795
leaf_count=3957 49289 2951 8194 22841 1415 2666 6525 3003 2839 6408 1287 5189 20 4795
internal_value=2.96959e-11 0.00352439 0.00631485 0.00321838 -0.0118614 0.026881 -0.00415747 -0.0179296 -0.0183538 0.00850254 -0.0312337 -0.038223 0.00408162 -0.00772958
internal_weight=121379 93575 82990 72130 27804 10860 19893 9528 10585 10365 7911 6604 1307 7746
internal_count=121379 93575 82990 72130 27804 10860 19893 9528 10585 10365 7911 6604 1307 7746
is_linear=0
shrinkage=0.01


Tree=398
num_leaves=15
num_cat=0
split_feature=5 24 10 18 0 13 14 16 26 26 0 35 10 30
split_gain=50974.7 63726.3 97789.1 59748.7 60006.5 59146.8 45957.2 44307.3 43893.1 37644.7 34636.9 18459.1 16495.9 22558.7
threshold=1.0000000180025095e-35 37.230202386214891 -0.6830127018922193 0.078021519358950034 36.742692288818368 -2.5200018856373521 -0.35999292733049687 7.7561221700000011 33.02780344457674 45.22162611477458 36.742692288818368 98.037922502245081 0.93301270189221952 92.774614517454211
decision_type=2 2 2 2 2 2 2 2 2 2 2 2 2 2
left_child=1 6 8 12 7 -6 9 -5 -3 -1 -8 -4 -2 -14
right_child=3 2 11 4 5 -7 10 -9 -10 -11 -12 -13 13 -15
leaf_value=-0.00036773167662899328 0.041105453811707555 -0.0099203563109040264 -0.050838707726089706 -0.0058576165040519238 -0.040712848569395992 -0.0091443282323992753 0.011169026149756865 0.016532007145506206 0.40320445320988429 0.18666392842652621 0.04394156450956805 0.21499100054464035 -0.0031572184644896406 -0.28935078439247958
leaf_weight=30202 3228 32 166 30440 8192 21542 9887 12455 131 108 4786 31 145 34
leaf_count=30202 3228 32 166 30440 8192 21542 9887 12455 131 108 4786 31 145 34
internal_value=-9.31419e-12 0.0083919 0.140911 -0.00500439 -0.00692432 -0.0178418 0.00733135 0.000643439 0.3221 0.000298696 0.0218587 -0.00900764 0.0359239 -0.057518
internal_weight=121379 45343 360 76036 72629 29734 44983 42895 163 30310 14673 197 3407 179
internal_count=121379 45343 360 76036 72629 29734 44983 42895 163 30310 14673 197 3407 179
is_linear=0
shrinkage=0.01


Tree=399
num_leaves=15
num_cat=0
split_feature=8 11 44 7 6 11 46 34 1 7 29 1 15 23
split_gain=50653.5 105673 57507.5 56744.3 51105 72530.6 68675.9 47163.5 40443.2 35009 24156.9 23632.9 22356.7 18018.5
threshold=0.78656609248549325 0.6830127018922193 1.0000000180025095e-35 1009.1001500000001 4.7055252500000009 -0.24999999999999994 1.0000000180025095e-35 66.859790874524734 -120.84999847412108 1002.0002750000001 84.02285190209605 -118.21337597412109 0.074725822573987757 64.361075904802163
decision_type=2 2 2 2 2 2 2 2 2 2 2 2 2 2
left_child=4 10 11 -4 8 6 -6 -7 13 -10 12 -3 -2 -1
right_child=1 2 3 -5 5 7 -8 -9 9 -11 -12 -13 -14 -15
leaf_value=-0.015944227730915361 0.071285245459226085 0.015491452543253828 0.050608345825524856 0.15619754578147718 -0.004791057767847379 -0.011367641085916159 0.03001631469147514 -0.039324962001727179 -0.0083521053707225502 0.021407061374013631 -0.083349191698628561 0.072344409338089347 -0.00041714931279661783 -0.13597972825978155
leaf_weight=4089 446 3994 1479 776 22260 32968 7605 7386 5208 16406 343 895 17395 129
leaf_count=4089 446 3994 1479 776 22260 32968 7605 7386 5208 16406 343 895 17395 129
internal_value=-9.13864e-13 0.0125801 0.045168 0.0869441 -0.00331728 -0.00774146 0.0040725 -0.0164847 0.00870893 0.0142364 -0.000222826 0.0258992 0.00137531 -0.0196153
internal_weight=121379 25328 7144 2255 96051 70219 29865 40354 25832 21614 18184 4889 17841 4218
internal_count=121379 25328 7144 2255 96051 70219 29865 40354 25832 21614 18184 4889 17841 4218
is_linear=0
shrinkage=0.01


Tree=400
num_leaves=15
num_cat=0
split_feature=27 12 26 2 8 31 1 18 35 1 39 23 30 9
split_gain=50356.5 58013.6 67489.4 51278.9 70025.8 59226.6 47179.4 30839.1 29763.9 23461.2 18902.6 19973.8 18432 15768.2
threshold=141.75125628140708 1.0000000180025095e-35 27.660310883241461 7.8250000000000002 0.37940952255126054 25.046296296296298 -118.21337597412109 0.90348597732265512 68.514786649767657 -118.21337597412109 54.916666666666679 135.74741517245619 88.264721898465737 -0.78656609248549325
decision_type=2 2 2 2 2 2 2 2 2 2 2 2 2 2
left_child=3 10 -3 4 12 8 -7 -4 -5 -6 11 -2 -1 -12
right_child=1 2 7 5 9 6 -8 -9 -10 -11 13 -13 -14 -15
leaf_value=0.0057356141155589062 0.052761135773072322 0.069019579955196517 0.088216769979113624 -0.010460168162563559 0.043762066847672483 -0.0026517602278088304 0.017613386466531062 0.40635094591089199 -0.038864488308180109 0.1312344105312111 -0.12686575444614134 0.31121900916099549 -0.042062888528199789 0.0059040220994502303
leaf_weight=5319 248 367 42 10484 4164 79422 13431 111 5692 331 103 34 951 680
leaf_count=5319 248 367 42 10484 4164 79422 13431 111 5692 331 103 34 951 680
internal_value=-1.18307e-11 0.0559962 0.142577 -0.000740889 0.0200808 -0.00279672 0.000279553 0.31902 -0.0204551 0.0502033 0.0137219 0.0839227 -0.00151421 -0.0115612
internal_weight=121379 1585 520 119794 10765 109029 92853 153 16176 4495 1065 282 6270 783
internal_count=121379 1585 520 119794 10765 109029 92853 153 16176 4495 1065 282 6270 783
is_linear=0
shrinkage=0.01


Tree=401
num_leaves=15
num_cat=0
split_feature=5 25 46 26 10 7 2 28 17 1 2 14 45 25
split_gain=49981.6 52830.8 87146.8 73015.9 68501.6 51177.1 45737 52021.7 45271 43713.8 35839.5 34445.8 47278.5 32039.3
threshold=1.0000000180025095e-35 67.778429094493745 1.0000000180025095e-35 20.916878459151089 -0.93301270189221908 1001.29965 24.525000000000002 58.83333333333335 0.0040586467256107468 -120.84999847412108 25.675000000000001 2.1895291616403472 1.0000000180025095e-35 25.840230836032486
decision_type=2 2 2 2 2 2 2 2 2 2 2 2 2 2
left_child=1 11 4 -4 -3 6 7 -2 9 -7 -10 13 -13 -1
right_child=5 2 3 -5 -6 8 -8 -9 10 -11 -12 12 -14 -15
leaf_value=-0.049336542217786813 -0.019773221143422785 -0.071712231673688329 0.011151085889957744 -0.1491450326599903 0.06764563283140515 -0.017500365113899068 0.0059715775163870543 -0.070200731641411634 -0.0078937786008183575 0.023944985129457714 0.029456412603631691 0.034747337539530319 -0.037682193980004372 0.0016654648302082272
leaf_weight=1283 9792 384 1033 392 4331 3276 4831 2586 41409 11403 2739 6049 1059 30812
leaf_count=1283 9792 384 1033 392 4331 3276 4831 2586 41409 11403 2739 6049 1059 30812
internal_value=5.48028e-12 0.00830974 0.0355847 -0.0329444 0.056296 -0.0049554 -0.0201238 -0.0303085 -0.000518111 0.0146954 -0.00557652 0.00403792 0.0239563 -0.000373344
internal_weight=121379 45343 6140 1425 4715 76036 17209 12378 58827 14679 44148 39203 7108 32095
internal_count=121379 45343 6140 1425 4715 76036 17209 12378 58827 14679 44148 39203 7108 32095
is_linear=0
shrinkage=0.01


Tree=402
num_leaves=15
num_cat=0
split_feature=9 14 47 10 42 7 11 31 7 2 15 42 28 8
split_gain=49666.3 51864.1 46729.9 63352.7 80692.7 59674.6 51837.3 32941.8 25984.2 41791.5 29462.9 17325.3 11952.5 9257.05
threshold=0.78656609248549303 2.8661374306471461 1.0000000180025095e-35 0.25000000000000011 1.0000000180025095e-35 1007.90025 -0.68301270189221952 86.959893365680855 1006.3000500000002 18.625000000000004 0.17644941144832904 1.0000000180025095e-35 20.312500000000004 -1.0000000180025095e-35
decision_type=2 2 2 2 2 2 2 2 2 2 2 2 2 2
left_child=2 8 3 4 -1 -5 12 -8 9 -2 -10 13 -4 -3
right_child=1 11 6 5 -6 -7 7 -9 10 -11 -12 -13 -14 -15
leaf_value=-0.011723259356862128 -0.046580677503303004 -0.062647334240156741 0.12033442804759199 -0.022976882239929271 0.015004599788740799 0.0064248000560512145 0.032468286691368718 -0.33844700872898104 0.054829929862496483 -0.0064023995978475211 -0.00069862038125728697 -0.077255918391807024 -0.015527070666112157 -0.0024184389856848677
leaf_weight=16226 3268 406 66 17653 37173 11336 10274 24 1146 12457 5749 1484 3430 687
leaf_count=16226 3268 406 66 17653 37173 11336 10274 24 1146 12457 5749 1484 3430 687
internal_value=-8.22526e-12 -0.0124977 0.00327406 0.000421967 0.00688298 -0.0114795 0.0203089 0.0316039 -0.00765524 -0.0147523 0.00853064 -0.0550035 -0.0129622 -0.0247907
internal_weight=121379 25197 96182 82388 53399 28989 13794 10298 22620 15725 6895 2577 3496 1093
internal_count=121379 25197 96182 82388 53399 28989 13794 10298 22620 15725 6895 2577 3496 1093
is_linear=0
shrinkage=0.01


Tree=403
num_leaves=15
num_cat=0
split_feature=7 2 25 26 25 12 7 8 13 44 23 7 17 24
split_gain=49230.4 73945.1 71944.7 72902 65279.2 63121 58631.6 56476.2 76407.8 45480.9 46946.9 40911.7 37779.6 21755.3
threshold=1002.6995200000001 16.225000000000005 125.85672951532679 37.086813248856139 99.253969599794516 1.0000000180025095e-35 1006.0001850000001 0.37940952255126054 -2.1657987964042347 1.0000000180025095e-35 84.800738483290999 1004.6003850000001 0.0062692541173092571 24.02719578898089
decision_type=2 2 2 2 2 2 2 2 2 2 2 2 2 2
left_child=1 9 3 -3 7 11 -7 12 -9 13 -11 -6 -2 -1
right_child=4 2 -4 -5 5 6 -8 8 -10 10 -12 -13 -14 -15
leaf_value=-0.012537671519775497 0.0063171702300088405 -0.0014210966812686365 -0.21936606167604528 0.13915491029660121 -0.087042580388317053 0.32879036496622838 0.092672295858493556 -0.015739739614308829 0.024277802892270845 -0.049182199580345635 -0.18946882152406033 0.050233690087521925 -0.011650913087822084 -0.092059817906015057
leaf_weight=7316 22048 33618 150 373 264 138 442 6215 20540 3499 256 1222 24937 361
leaf_count=7316 22048 33618 150 373 264 138 442 6215 20540 3499 256 1222 24937 361
internal_value=2.28833e-11 -0.00821377 -0.000842815 0.000121513 0.00493795 0.0603778 0.148852 0.00338467 0.014982 -0.0302267 -0.0587463 0.0258454 -0.00321928 -0.0162771
internal_weight=121379 45573 34141 33991 75806 2066 580 73740 26755 11432 3755 1486 46985 7677
internal_count=121379 45573 34141 33991 75806 2066 580 73740 26755 11432 3755 1486 46985 7677
is_linear=0
shrinkage=0.01


Tree=404
num_leaves=15
num_cat=0
split_feature=2 25 5 0 24 9 1 11 36 23 33 26 5 24
split_gain=48910.8 56083.6 54188.6 80442 74741.9 49917.7 24794.4 23930.5 21180.5 19942.7 25277.1 18332.4 16515.5 7867.51
threshold=7.8250000000000002 25.059033645495941 1.0000000180025095e-35 36.742692288818368 37.230202386214891 -0.70710678118654757 -118.21337597412109 0.93301270189221952 18.935185185185187 135.74741517245619 88.442217424256924 12.739792411767679 3.5000000000000004 8.0371285368520606
decision_type=2 2 2 2 2 2 2 2 2 2 2 2 2 2
left_child=5 7 4 -4 -3 9 12 11 -8 10 -1 -2 -7 -9
right_child=1 2 3 -5 -6 6 8 13 -10 -11 -12 -13 -14 -15
leaf_value=0.002774459996860614 -0.023013867524020796 0.0071072044621030978 0.00199059751013703 -0.021019344075986629 0.1593606876453528 0.062988686444564429 0.34651948191225529 0.022728713896531277 0.09861320409280469 0.2453724908467495 -0.11134667408036356 -0.069647103965706059 0.024108557995703942 0.16583410762971448
leaf_weight=5643 1646 40706 42020 23798 325 1671 40 101 249 33 201 1728 3156 62
leaf_count=5643 1646 40706 42020 23798 325 1671 40 101 249 33 201 1728 3156 62
internal_value=-1.48046e-11 -0.00200323 -0.000706374 -0.00632917 0.00831318 0.0201154 0.0429547 -0.04118 0.132925 0.000233604 -0.00115065 -0.0468972 0.037568 0.0771614
internal_weight=121379 110386 106849 65818 41031 10993 5116 3537 289 5877 5844 3374 4827 163
internal_count=121379 110386 106849 65818 41031 10993 5116 3537 289 5877 5844 3374 4827 163
is_linear=0
shrinkage=0.01


Tree=405
num_leaves=15
num_cat=0
split_feature=7 44 11 13 10 44 47 8 11 11 16 33 13 3
split_gain=48584.3 107568 93908.5 113515 84119.6 149305 73922.8 56570.6 74976 51992.5 45513.2 42267.6 40448.2 38626
threshold=1006.5004000000001 1.0000000180025095e-35 0.25000000000000017 -1.8000062842739253 0.25000000000000011 1.0000000180025095e-35 1.0000000180025095e-35 -0.60355339059327362 0.6830127018922193 0.25000000000000017 0.31613842500000078 22.268518518518523 -1.8336876993822806 24.001724000000003
decision_type=2 2 2 2 2 2 2 2 2 2 2 2 2 2
left_child=4 6 -3 -4 7 9 13 8 -1 -6 -9 -8 -7 -2
right_child=1 2 3 -5 5 12 11 10 -10 -11 -12 -13 -14 -15
leaf_value=0.028362971947786472 -0.061241228655401533 -0.030584487372458686 -0.012670979786078498 0.074560104355547621 0.006754552578293032 -0.098159836110254181 0.14304694018148417 0.054118037447663393 -0.032543433078476611 -0.033377585561346436 -0.0060904237350914384 0.028688601055415847 -0.044275147950860697 -0.0034228982179555167
leaf_weight=12663 1206 1644 1997 5897 12190 1889 350 1298 2405 4391 38359 4221 5306 27563
leaf_count=12663 1206 1644 1997 5897 12190 1889 350 1298 2405 4391 38359 4221 5306 27563
internal_value=-1.35624e-11 0.00856045 0.0381732 0.0524927 -0.0046758 -0.0203807 8.87447e-05 0.00214739 0.0186417 -0.00387329 -0.00411976 0.037445 -0.0584222 -0.00584665
internal_weight=121379 42878 9538 7894 78501 23776 33340 54725 15068 16581 39657 4571 7195 28769
internal_count=121379 42878 9538 7894 78501 23776 33340 54725 15068 16581 39657 4571 7195 28769
is_linear=0
shrinkage=0.01


Tree=406
num_leaves=15
num_cat=0
split_feature=8 2 6 2 30 48 26 7 10 36 13 14 26 23
split_gain=48460.8 77588.2 47900.8 65442.1 40384.6 38226.6 37598.4 33165.8 32966 33117.2 31109.3 38447.6 22187.8 17687.5
threshold=0.78656609248549325 9.6250000000000018 4.7055252500000009 26.525000000000002 82.115800273016973 1.0000000180025095e-35 45.22162611477458 1002.0002750000001 0.68301270189221941 77.670937345015716 -2.4722931380566395 -0.29839069680638197 23.666415745988719 65.260680713983959
decision_type=2 2 2 2 2 2 2 2 2 2 2 2 2 2
left_child=2 8 5 4 -4 7 -5 -1 12 -10 -3 -12 -2 -7
right_child=1 10 3 6 -6 13 -8 -9 9 -11 11 -13 -14 -15
leaf_value=-0.0082135346273530131 0.053574235808253788 -0.015297319414848519 -0.008724990103353019 0.010765958965959039 -0.032293365821138328 -0.015866830409394652 0.23831389736639311 0.02075161941309215 0.024684354029921786 -0.20509059023627868 -0.001782498324693421 0.030998000282763942 0.11669554049512008 -0.147302166869243
leaf_weight=5208 2012 5944 47817 13755 8574 4113 73 16406 1793 65 8634 6110 770 105
leaf_count=5208 2012 5944 47817 13755 8574 4113 73 16406 1793 65 8634 6110 770 105
internal_value=1.21135e-12 0.0123048 -0.00324469 -0.00752793 -0.0123085 0.00839842 0.0119672 0.0137723 0.0492619 0.0166459 0.00401588 0.0118019 0.0710449 -0.0191387
internal_weight=121379 25328 96051 70219 56391 25832 13828 21614 4640 1858 20688 14744 2782 4218
internal_count=121379 25328 96051 70219 56391 25832 13828 21614 4640 1858 20688 14744 2782 4218
is_linear=0
shrinkage=0.01


Tree=407
num_leaves=15
num_cat=0
split_feature=27 2 31 9 1 29 1 39 23 2 30 40 27 3
split_gain=48091.9 48191.8 56878.3 48466.7 44317.1 41311.2 23618.8 22178.8 60065.8 61049.5 19879.7 12533.3 14554.2 12189.3
threshold=141.75125628140708 7.8250000000000002 25.046296296296298 -0.70710678118654757 -118.21337597412109 73.939638783269984 -118.21337597412109 64.402738944688252 126.28291960853888 16.725000000000005 88.264721898465737 122.17819220478881 155.03075822603722 24.860023000000002
decision_type=2 2 2 2 2 2 2 2 2 2 2 2 2 2
left_child=1 3 5 10 -4 -3 -5 8 -2 -10 -1 13 -13 -9
right_child=7 2 4 6 -6 -7 -8 11 9 -11 -12 12 -14 -15
leaf_value=0.007893684471151902 0.05304465665573467 -0.015512354188461138 -0.0025433567676151261 0.037030307491610785 0.017097429886250102 -0.076655785718812527 0.13049548515329598 -0.061016485832027484 0.52351334526141491 0.090230122653531364 -0.042773974274538211 0.040273531038185643 -0.17843756590038537 0.053057476085280844
leaf_weight=4892 621 14983 79422 4666 13431 1193 287 111 60 71 920 58 64 600
leaf_count=4892 621 14983 79422 4666 13431 1193 287 111 60 71 920 58 64 600
internal_value=-7.86551e-12 -0.000724038 -0.00271703 0.0194612 0.000297644 -0.0200218 0.0424461 0.0547226 0.0940929 0.28868 -0.000126661 0.0191807 -0.0744602 0.0352485
internal_weight=121379 119794 109029 10765 92853 16176 4953 1585 752 131 5812 833 122 711
internal_count=121379 119794 109029 10765 92853 16176 4953 1585 752 131 5812 833 122 711
is_linear=0
shrinkage=0.01


Tree=408
num_leaves=15
num_cat=0
split_feature=9 31 35 1 16 26 12 11 14 25 7 43 26 25
split_gain=47897.6 42173.5 55121.7 45175.9 37527.5 42043.6 39931.5 32622.1 29947.7 17849.4 15695.9 15274.3 6092.93 5614.79
threshold=0.91597561503675351 57.153147444021982 123.67952458594588 -118.21337597412109 0.21083324200000034 18.261311988009115 1.0000000180025095e-35 0.6830127018922193 2.5427652802246787 24.326729216542272 1006.3000500000002 1.0000000180025095e-35 13.670794927012944 41.283201016288793
decision_type=2 2 2 2 2 2 2 2 2 2 2 2 2 2
left_child=1 4 3 -3 5 -1 -6 -4 9 -2 -11 12 -10 -13
right_child=8 2 7 -5 6 -7 -8 -9 11 10 -12 13 -14 -15
leaf_value=0.0049784712094748983 -0.076609645315502059 0.012260694386467376 -0.12205275179719945 0.061507149897975691 0.0019845865555469444 0.087950010265975806 -0.014003617502548818 -0.0058744075274200233 -0.027301649717574424 -0.017043371211667914 0.0068951838208259246 0.02494859994037284 -0.099328971189760723 -0.041093335716049728
leaf_weight=1629 415 23250 457 2025 55739 977 21704 513 141 9314 3880 180 703 452
leaf_count=1629 415 23250 457 2025 55739 977 21704 513 141 9314 3880 180 703 452
internal_value=1.32866e-11 0.00236648 0.0133672 0.0162063 -0.00124022 0.0360848 -0.00249623 -0.06061 -0.016675 -0.0120348 -0.0100037 -0.0594588 -0.087296 -0.0222839
internal_weight=121379 106294 26245 25275 80049 2606 77443 970 15085 13609 13194 1476 844 632
internal_count=121379 106294 26245 25275 80049 2606 77443 970 15085 13609 13194 1476 844 632
is_linear=0
shrinkage=0.01


Tree=409
num_leaves=15
num_cat=0
split_feature=7 11 31 0 10 10 44 36 26 26 8 16 26 7
split_gain=47188 86714.4 61002.3 66857.3 58203.5 51441.3 50634.1 49636.2 41254.1 40757.9 37412.4 34082.9 26670.7 20120.2
threshold=1002.6995200000001 -0.5 59.571820870299966 37.042691525878915 -0.6830127018922193 -0.5 1.0000000180025095e-35 64.982699619771878 6.611453881450994 5.268849666865199 -0.37940952255126059 0.28003104500000014 34.040941044548184 1016.3768850000001
decision_type=2 2 2 2 2 2 2 2 2 2 2 2 2 2
left_child=1 7 9 5 12 -4 -6 10 -9 -2 -1 -11 -3 -5
right_child=2 4 3 13 6 -7 -8 8 -10 11 -12 -13 -14 -15
leaf_value=0.020684342016917174 -0.070459825823341635 -0.0094172595344865703 0.053183152661883837 -0.055900322160730619 -0.0232240712342003 0.01334383018438748 -0.070345671276025645 0.30385068394243719 0.04557704514248432 0.035439248827055569 -0.0077747607558596426 -0.00031590492967239109 0.11859341243541602 0.027584626259976354
leaf_weight=6672 801 11976 5688 1277 6257 7534 3588 64 1837 2796 15014 57337 165 373
leaf_count=6672 801 11976 5688 1277 6257 7534 3588 64 1837 2796 15014 57337 165 373
internal_value=-2.53315e-12 -0.00804159 0.00483444 0.0229924 -0.022329 0.0304824 -0.0403975 0.00527609 0.0542722 0.000402678 0.000981079 0.0013466 -0.00767755 -0.0370277
internal_weight=121379 45573 75806 14872 21986 13222 9845 23587 1901 60934 21686 60133 12141 1650
internal_count=121379 45573 75806 14872 21986 13222 9845 23587 1901 60934 21686 60133 12141 1650
is_linear=0
shrinkage=0.01


Tree=410
num_leaves=15
num_cat=0
split_feature=7 44 13 1 2 27 9 26 24 40 13 25 3 26
split_gain=46709 103630 81204.8 71327.4 68694.4 80408.9 74582.2 60204.7 96811.6 55486 54674.4 47989.9 38087.4 30629.7
threshold=1006.5004000000001 1.0000000180025095e-35 -1.8000062842739253 -118.21337597412109 19.425000000000001 152.64735336194568 0.37940952255126048 37.086813248856139 26.786362697526823 119.99152936525074 3.7412959713951645e-16 25.059033645495941 24.001724000000003 28.109316909031744
decision_type=2 2 2 2 2 2 2 2 2 2 2 2 2 2
left_child=4 3 -3 12 5 6 -1 10 -9 -7 -6 -4 -2 -5
right_child=1 2 11 13 7 9 -8 8 -10 -11 -12 -13 -14 -15
leaf_value=-0.0069942252517871508 -0.06075887071069911 -0.015177172968121716 -0.017610610141068378 0.025213160322937488 0.01621964470060484 0.20200417544902041 -0.038388312606681706 -0.045973903880576074 0.26177109911584334 -0.16408066724027909 -0.0079029697331516463 0.06286639980630733 -0.0033450534263708438 0.094739682670780714
leaf_weight=30026 1206 2242 837 3811 18166 267 10117 184 230 49 19462 6459 27563 760
leaf_count=30026 1206 2242 837 3811 18166 267 10117 184 230 49 19462 6459 27563 760
internal_value=2.34014e-12 0.00839361 0.0374593 7.84225e-05 -0.00458467 -0.0136555 -0.0149063 0.00506247 0.124996 0.145238 0.00374292 0.053634 -0.00575185 0.036773
internal_weight=121379 42878 9538 33340 78501 40459 40143 38042 414 316 37628 7296 28769 4571
internal_count=121379 42878 9538 33340 78501 40459 40143 38042 414 316 37628 7296 28769 4571
is_linear=0
shrinkage=0.01


Tree=411
num_leaves=15
num_cat=0
split_feature=8 11 18 11 0 39 13 0 30 10 30 14 0 1
split_gain=47040 98428.1 48812.5 53312.9 82793.8 61242.9 44431.6 47750.2 30696.2 28841.9 35958.5 24554.5 24943.4 23521.6
threshold=0.78656609248549325 0.6830127018922193 0.20299999999999996 -0.24999999999999994 34.083213737060554 65.741920152091268 0.36144223420716004 36.742692288818368 62.558724123362914 0.93301270189221952 94.807167969123199 1.1110124779463997 35.400001525878913 -118.21337597412109
decision_type=2 2 2 2 2 2 2 2 2 2 2 2 2 2
left_child=2 11 9 4 -4 -5 8 -8 -3 -1 -11 12 -2 -13
right_child=1 6 3 5 -6 -7 7 -9 -10 10 -12 13 -14 -15
leaf_value=0.028705346617714657 -0.030958798253956924 0.07066607666599091 0.030006858854050505 -0.0059814141850576567 -0.0046519040642351095 -0.032430725070820621 0.038978971072136638 0.10828740185415173 -0.0062499576775392274 -0.02234072084012239 -0.30725688365789561 0.0049085361144230342 0.00074487102379680527 0.050170192467011612
leaf_weight=6014 3543 687 9313 42853 26518 11002 2794 1543 2120 299 52 4853 8284 1504
leaf_count=6014 3543 687 9313 42853 26518 11002 2794 1543 2120 299 52 4853 8284 1504
internal_value=1.25159e-11 0.0121231 -0.00319677 -0.00509589 0.00435641 -0.0113847 0.043574 0.0636372 0.0125749 0.0235627 -0.0645505 -0.00023314 -0.00875256 0.015617
internal_weight=121379 25328 96051 89686 35831 53855 7144 4337 2807 6365 351 18184 11827 6357
internal_count=121379 25328 96051 89686 35831 53855 7144 4337 2807 6365 351 18184 11827 6357
is_linear=0
shrinkage=0.01


Tree=412
num_leaves=14
num_cat=0
split_feature=7 31 24 25 1 16 10 25 25 16 25 26 33
split_gain=46350.4 47974.7 51643.6 76431.8 46480.1 45589.9 44651.4 39438.2 29911.3 15675.2 7897.28 6954.81 5398.58
threshold=992.80700000000013 59.571820870299966 37.230202386214891 125.85672951532679 -120.84999847412108 0.51051507499999982 0.93301270189221952 25.059033645495941 84.180763608919122 10.060286690000003 52.336079425433049 19.605797604926064 59.211026615969594
decision_type=2 2 2 2 2 2 2 2 2 2 2 2 2
left_child=8 5 4 -4 -3 6 -2 -7 9 10 -1 -10 -11
right_child=1 2 3 -5 -6 7 -8 -9 11 12 -12 -13 -14
leaf_value=-0.057772957871509892 0.033229136248378401 -0.039238645912300398 0.17150982997338746 -0.40155831069946291 0.015613903862110453 -0.036000235184073685 -0.054349885086066155 -0.0030568680512704279 -0.457991802258925 0.0089226303634972401 -0.15724598432505446 -0.22845326871582955 0.22248464035987855
leaf_weight=212 5434 1669 337 25 20760 3790 652 88268 22 29 128 33 20
leaf_count=212 5434 1669 337 25 20760 3790 652 88268 22 29 128 33 20
internal_value=-1.32496e-11 0.00037443 0.0134446 0.131933 0.0115322 -0.00266072 0.0238467 -0.00441314 -0.101986 -0.0711231 -0.0952216 -0.320269 0.0960908
internal_weight=121379 120935 22791 362 22429 98144 6086 92058 444 389 340 55 49
internal_count=121379 120935 22791 362 22429 98144 6086 92058 444 389 340 55 49
is_linear=0
shrinkage=0.01


Tree=413
num_leaves=15
num_cat=0
split_feature=8 7 44 10 2 17 26 41 8 31 44 10 15 30
split_gain=46080.6 82783.6 76679.3 86759.1 49193.7 66334.6 47005 41351.4 35781.9 33223.3 29445 23468.8 25277.3 24547.3
threshold=0.60355339059327384 1005.0996000000001 1.0000000180025095e-35 0.68301270189221941 27.725000000000005 0.0067837024787301579 45.22162611477458 54.358470637938332 -0.5 40.550153901864938 1.0000000180025095e-35 0.25000000000000011 0.1148951916223921 72.071345585128881
decision_type=2 2 2 2 2 2 2 2 2 2 2 2 2 2
left_child=4 11 -3 -4 5 9 8 -8 -6 -1 -7 12 -2 -13
right_child=1 2 3 -5 6 10 7 -9 -10 -11 -12 13 -14 -15
leaf_value=-0.0087694601441312466 0.079973010918460694 0.015051735751807602 0.098940448606179815 -0.014474381927995416 0.026313406087875479 -0.010671955877420609 -0.083649482228185815 0.42868970785140986 -0.0082387995688257554 0.01112464668355136 -0.030119264446081772 -0.0076334671139718958 0.00068116407195431799 -0.053275935659287586
leaf_weight=14268 414 12031 2520 921 7652 27762 23 50 4927 20392 10820 4008 13922 1669
leaf_count=14268 414 12031 2520 921 7652 27762 23 50 4927 20392 10820 4008 13922 1669
internal_value=1.25909e-12 0.00958619 0.0269575 0.0685844 -0.0039603 -0.00710568 0.0142482 0.267268 0.0127798 0.00293512 -0.0161258 -0.00384353 0.00297098 -0.021052
internal_weight=121379 35485 15472 3441 85894 73242 12652 73 12579 34660 38582 20013 14336 5677
internal_count=121379 35485 15472 3441 85894 73242 12652 73 12579 34660 38582 20013 14336 5677
is_linear=0
shrinkage=0.01


Tree=414
num_leaves=15
num_cat=0
split_feature=9 2 7 1 12 13 23 14 20 43 24 7 23 29
split_gain=45619.2 40869.8 65083.8 52041.7 49821.1 33822.6 36871.3 28893.8 16916.4 14870.1 14508.8 13152.1 5268.35 4605.07
threshold=0.91597561503675351 27.725000000000005 1002.1995000000001 -119.7866065258789 1.0000000180025095e-35 -0.71998775823832639 96.542240759493851 2.5427652802246787 10.092592592592597 1.0000000180025095e-35 24.02719578898089 1006.3000500000002 43.528217856639912 85.529784537389119
decision_type=2 2 2 2 2 2 2 2 2 2 2 2 2 2
left_child=1 2 4 -4 -1 6 -3 8 -2 13 -7 -10 -11 -9
right_child=7 5 3 -5 -6 10 -8 9 11 12 -12 -13 -14 -15
leaf_value=-0.0047137110242494911 -0.074502264199545615 0.039932698600755601 -0.0069822681738697006 0.011460467243627608 -0.03552234744713368 0.0050436250197811302 0.26382198825677239 -0.082032846343609633 -0.016244167215368362 0.013143945436838061 0.089037853624179694 0.0055815889672156827 -0.045598258263453907 -0.23199429716382708
leaf_weight=19191 416 3822 22934 45967 7225 6868 75 823 9259 258 212 3934 374 21
leaf_count=19191 416 3822 22934 45967 7225 6868 75 823 9259 258 212 3934 374 21
internal_value=-2.40093e-11 0.00230951 0.000205233 0.00532172 -0.0131401 0.0205817 0.0442416 -0.0162736 -0.0117158 -0.0582978 0.00755871 -0.00973598 -0.0216181 -0.0857641
internal_weight=121379 106294 95317 68901 26416 10977 3897 15085 13609 1476 7080 13193 632 844
internal_count=121379 106294 95317 68901 26416 10977 3897 15085 13609 1476 7080 13193 632 844
is_linear=0
shrinkage=0.01


Tree=415
num_leaves=15
num_cat=0
split_feature=8 11 44 13 18 11 7 0 10 30 2 29 1 24
split_gain=45308.5 94591.1 52194.5 67321.1 46974.7 52280.2 82822 80587.4 27950.7 35212.3 24112.7 23919.2 21874.1 14611.7
threshold=0.78656609248549325 0.6830127018922193 1.0000000180025095e-35 1.4400008057972051 0.20299999999999996 -0.24999999999999994 1000.7999500000001 34.083213737060554 0.93301270189221952 94.807167969123199 6.2250000000000005 84.02285190209605 -118.21337597412109 22.317883082039597
decision_type=2 2 2 2 2 2 2 2 2 2 2 2 2 2
left_child=4 10 12 -4 8 7 -7 -6 -1 -10 13 -12 -3 -2
right_child=1 2 3 -5 5 6 -8 -9 9 -11 11 -13 -14 -15
leaf_value=0.028176068182820799 0.086054443990478624 0.014359514804984676 0.024875352698035237 0.13431089674705102 0.029666257411173017 -0.039146102636583267 -0.0057195246612571013 -0.0045275735609114041 -0.021858103004187647 -0.30380269949252792 -0.000552772228570127 -0.086367690972533662 0.069056078589828318 -0.09248413183525496
leaf_weight=6014 453 3994 1067 1188 9313 8875 44980 26518 299 52 17349 331 895 51
leaf_count=6014 453 3994 1067 1188 9313 8875 44980 26518 299 52 17349 331 895 51
internal_value=6.01939e-12 0.0118978 0.0427296 0.0825292 -0.00313738 -0.0050004 -0.011228 0.0043599 0.0231135 -0.0636277 -0.000215122 -0.00215938 0.0243725 0.067988
internal_weight=121379 25328 7144 2255 96051 89686 53855 35831 6365 351 18184 17680 4889 504
internal_count=121379 25328 7144 2255 96051 89686 53855 35831 6365 351 18184 17680 4889 504
is_linear=0
shrinkage=0.01


Tree=416
num_leaves=15
num_cat=0
split_feature=5 24 18 2 9 26 16 2 7 25 11 46 26 26
split_gain=46898.1 57979.2 52780 47045.5 45951.5 45798.4 61186 44201.3 73472.8 37428.7 22366.8 19146.9 14789.3 23516.9
threshold=1.0000000180025095e-35 37.230202386214891 0.078021519358950034 13.625000000000002 -0.5 40.72839735990835 6.9471675517500016 24.525000000000002 1005.50003 29.289891262800015 -0.5 1.0000000180025095e-35 31.117853533800361 29.851172853914118
decision_type=2 2 2 2 2 2 2 2 2 2 2 2 2 2
left_child=1 3 12 4 -1 10 -7 8 -4 -5 -3 -9 13 -2
right_child=2 5 7 9 -6 6 -8 11 -10 -11 -12 -13 -14 -15
leaf_value=0.0057295205496892543 0.032691273010191958 -0.041026316136792619 -0.020175338188066431 -0.044106817614908027 0.049772202616484622 -0.093129140590799256 0.44044775885271742 0.0052433866292322532 0.0012706134123260202 0.0040485126561668524 0.14913203080113119 0.038192320010764162 0.13584562609739165 -0.19029583298911651
leaf_weight=4949 3223 118 32056 1695 4544 29 83 6276 31844 33795 130 2453 136 48
leaf_count=4949 3223 118 32056 1695 4544 29 83 6276 31844 33795 130 2453 136 48
internal_value=-8.65232e-12 0.00804934 -0.00480011 0.00703774 0.0268114 0.134451 0.302289 -0.00660461 -0.00948794 0.00174862 0.0586535 0.0145026 0.0336674 0.0294191
internal_weight=121379 45343 76036 44983 9493 360 112 72629 63900 35490 248 8729 3407 3271
internal_count=121379 45343 76036 44983 9493 360 112 72629 63900 35490 248 8729 3407 3271
is_linear=0
shrinkage=0.01


Tree=417
num_leaves=15
num_cat=0
split_feature=5 0 7 0 24 10 31 26 2 9 40 9 19 3
split_gain=46012.2 54394.1 73382.6 66827.7 50923.5 92435.9 49266.7 47495.9 43935.2 47175.7 40146.1 36324 38646 34869
threshold=1.5000000000000002 36.742692288818368 1006.7002200000001 37.042691525878915 37.230202386214891 -0.6830127018922193 104.0162838909376 35.263504011184892 13.625000000000002 -0.70710678118654757 90.499058983128592 0.25881904510252057 0.89760434022257307 53.000198500000003
decision_type=2 2 2 2 2 2 2 2 2 2 2 2 2 2
left_child=4 11 6 -4 8 7 -3 -6 9 -1 -10 12 -2 -13
right_child=1 2 3 -5 5 -7 -8 -9 10 -11 -12 13 -14 -15
leaf_value=-0.001052656669574455 0.0042766126675765894 -0.035324443547902817 0.025184696797498303 -0.016915629419989472 -0.0040435326710725446 -0.011892765252366324 0.11489611977929468 0.39530527758219886 0.0041631052127541757 0.041951013995052647 -0.038411278507477616 0.0087226722364636376 0.038070999332905302 -0.021362699307426292
leaf_weight=4284 22121 13172 6027 10070 39 221 222 126 36249 6306 2359 6319 3995 9869
leaf_count=4284 22121 13172 6027 10070 39 221 222 126 36249 6306 2359 6319 3995 9869
internal_value=-7.51661e-12 -0.00511668 -0.0155417 -0.00115253 0.00740868 0.12182 -0.0328346 0.300914 0.00651103 0.0245546 0.00156175 0.00215078 0.00944619 -0.00961885
internal_weight=121379 71795 29491 16097 49584 386 13394 165 49198 10590 38608 42304 26116 16188
internal_count=121379 71795 29491 16097 49584 386 13394 165 49198 10590 38608 42304 26116 16188
is_linear=0
shrinkage=0.01


Tree=418
num_leaves=14
num_cat=0
split_feature=7 31 35 27 16 10 12 25 11 16 25 26 33
split_gain=44677.7 45138.2 65646.6 48956 43451.6 43109.4 41155.7 29394.7 25093 15301.3 7743.2 6826.68 5277.11
threshold=992.80700000000013 59.571820870299966 123.67952458594588 137.50376884422113 0.51051507499999982 0.93301270189221952 1.0000000180025095e-35 84.180763608919122 0.6830127018922193 10.060286690000003 52.336079425433049 19.605797604926064 59.211026615969594
decision_type=2 2 2 2 2 2 2 2 2 2 2 2 2
left_child=7 4 3 -3 5 -2 -6 9 -4 10 -1 -9 -11
right_child=1 2 8 -5 6 -7 -8 11 -10 12 -12 -13 -14
leaf_value=-0.056261455542495786 0.032520877657906191 0.012697607318200126 -0.13046986172833286 0.077141243441984059 -9.2947920126572933e-05 -0.053532603971168768 -0.014946038410351333 -0.45296685652299362 -0.021139017199453828 0.0094922020928613071 -0.15475933901325334 -0.22555260961705986 0.22063780051469803
leaf_weight=212 5434 20700 404 1250 66062 652 25996 22 437 29 128 33 20
leaf_count=212 5434 20700 404 1250 66062 652 25996 22 437 29 128 33 20
internal_value=1.20712e-11 0.000367612 0.0130455 0.0163675 -0.00257644 0.0233019 -0.00428727 -0.100129 -0.0736594 -0.0695337 -0.093343 -0.316518 0.0956741
internal_weight=121379 120935 22791 21950 98144 6086 92058 444 841 389 340 55 49
internal_count=121379 120935 22791 21950 98144 6086 92058 444 841 389 340 55 49
is_linear=0
shrinkage=0.01


Tree=419
num_leaves=15
num_cat=0
split_feature=8 11 44 13 11 0 7 8 10 17 36 29 2 23
split_gain=44064.7 115528 71399.7 88657.1 64124.4 92424.9 77035.7 61535 58498.4 55497.6 33131 26663.2 27776.8 24502.7
threshold=0.60355339059327384 0.6830127018922193 1.0000000180025095e-35 1.4400008057972051 -0.24999999999999994 34.083213737060554 1000.7999500000001 -0.37940952255126059 -0.6830127018922193 0.0068637033671697769 72.635648139302347 84.939797211660348 6.6250000000000009 99.125195448089627
decision_type=2 2 2 2 2 2 2 2 2 2 2 2 2 2
left_child=4 11 13 -4 5 7 8 -1 -6 -8 -7 12 -2 -3
right_child=1 2 3 -5 6 10 9 -9 -10 -11 -12 -13 -14 -15
leaf_value=0.058303830927217214 0.056352270074513044 0.0237881675688877 0.02181605930047013 0.12786612777223541 -0.018501147872086076 -0.005216812337768619 0.0047633519296355941 0.0066499712345803458 -0.073758598856680027 -0.017833554715120534 0.066444589411235822 -0.082729848451652932 -0.0025823155127752836 -0.074823831212315853
leaf_weight=4859 827 6584 1502 1659 5181 23969 23760 4390 3040 20032 663 402 24249 262
leaf_count=4859 827 6584 1502 1659 5181 23969 23760 4390 3040 20032 663 402 24249 262
internal_value=1.15536e-12 0.00937417 0.0381648 0.0774747 -0.00387271 0.00683282 -0.0108462 0.0337865 -0.0389345 -0.00557327 -0.00328796 -0.00193393 -0.000638668 0.0200142
internal_weight=121379 35485 10007 3161 85894 33881 52013 9249 8221 43792 24632 25478 25076 6846
internal_count=121379 35485 10007 3161 85894 33881 52013 9249 8221 43792 24632 25478 25076 6846
is_linear=0
shrinkage=0.01


Tree=420
num_leaves=15
num_cat=0
split_feature=25 11 27 2 31 9 38 23 16 35 11 2 15 15
split_gain=43994.7 57616.1 41319.2 39079 42552 39433.6 19892.9 21528.8 16567.1 14361.1 18771.8 12539.7 10444.2 7897.79
threshold=25.840230836032486 0.93301270189221952 151.17525035765382 7.6250000000000009 22.268518518518523 -0.70710678118654757 123.86747613265554 126.28291960853888 0.48000000000000004 63.193933477203451 -0.24999999999999994 4.6250000000000009 0.14374999812825526 0.1974216465853191
decision_type=2 2 2 2 2 2 2 2 2 2 2 2 2 2
left_child=1 9 3 5 -5 -2 7 -4 -3 11 -11 -1 -8 -10
right_child=2 8 6 4 -6 -7 12 -9 13 10 -12 -13 -14 -15
leaf_value=0.061816660402783837 0.0013260555602410721 0.27258578330278399 0.045583054273992389 -0.019366407632406383 0.0010841967819199825 0.04269792460155223 -0.30038120973677862 0.15038071693092586 0.10402651488975762 -0.10527649180176854 -0.026664927625262798 -0.031159854998699329 -0.019764676193396252 -0.078643581718206401
leaf_weight=152 5027 56 908 11399 94704 4253 21 250 153 625 591 3176 36 28
leaf_count=152 5027 56 908 11399 94704 4253 21 250 153 625 591 3176 36 28
internal_value=-1.24514e-11 -0.0297313 0.00121911 0.000608239 -0.00111288 0.0202867 0.0592305 0.0682078 0.122274 -0.0376594 -0.0670697 -0.0269133 -0.12315 0.0757682
internal_weight=121379 4781 116598 115383 106103 9280 1215 1158 237 4544 1216 3328 57 181
internal_count=121379 4781 116598 115383 106103 9280 1215 1158 237 4544 1216 3328 57 181
is_linear=0
shrinkage=0.01


Tree=421
num_leaves=15
num_cat=0
split_feature=5 0 2 30 10 26 0 29 2 9 14 2 9 9
split_gain=45068.5 53264.2 72193.1 46863.7 45454 41635 145482 39041.2 36237.8 44930.9 31983.2 31030.4 26346.7 22864
threshold=1.0000000180025095e-35 36.742692288818368 9.8750000000000018 69.276299112801027 0.25000000000000011 20.549761480171444 34.083213737060554 68.713923175234029 22.525000000000002 0.1294095225512602 -0.71998839997634922 38.275000000000006 -0.78656609248549325 0.60355339059327384
decision_type=2 2 2 2 2 2 2 2 2 2 2 2 2 2
left_child=5 8 4 -4 -3 10 7 -7 9 -2 12 -8 -1 -10
right_child=1 2 3 -5 -6 6 11 -9 13 -11 -12 -13 -14 -15
leaf_value=-0.025710887748837213 0.0066323209628849789 0.036214361965382892 -0.01417145894553558 -0.04498968296919921 -0.01106070781020662 -0.034010611163839875 0.063793732870129946 -0.17189481612908886 0.042659887692005564 -0.015935922040603172 0.017269555859637156 -0.14144919125040373 0.0023013968811302844 0.0067856651980046784
leaf_weight=3928 23958 3760 15498 7239 4430 692 4133 292 3211 13963 13101 75 23122 3977
leaf_count=3928 23958 3760 15498 7239 4430 692 4133 292 3211 13963 13101 75 23122 3977
internal_value=-1.66042e-11 -0.00470555 -0.0148137 -0.0239834 0.0106431 0.00789077 0.0345382 -0.0749275 0.00222464 -0.0016776 0.00444494 0.0601356 -0.00176634 0.0228113
internal_weight=121379 76036 30927 22737 8190 45343 5192 984 45109 37921 40151 4208 27050 7188
internal_count=121379 76036 30927 22737 8190 45343 5192 984 45109 37921 40151 4208 27050 7188
is_linear=0
shrinkage=0.01


Tree=422
num_leaves=15
num_cat=0
split_feature=5 18 24 10 26 2 8 2 13 40 25 37 26 26
split_gain=44185.4 51441 49439.3 90110.2 46528.3 41946.7 58863.2 41765.8 40197.2 39437 23407.8 17090.9 14862 23156.4
threshold=1.5000000000000002 0.078021519358950034 37.230202386214891 -0.6830127018922193 35.263504011184892 13.625000000000002 0.37940952255126054 24.525000000000002 -2.1657987964042347 90.499058983128592 97.31196762881676 110.23366834170857 31.117853533800361 29.851172853914118
decision_type=2 2 2 2 2 2 2 2 2 2 2 2 2 2
left_child=2 12 5 4 -4 6 -1 8 -3 -7 -5 -9 13 -2
right_child=1 7 3 10 -6 9 -8 11 -10 -11 -12 -13 -14 -15
leaf_value=-0.00020182645703764376 0.032229088193424175 -0.01970159823911356 -0.0050166676900325682 -0.071984640115448695 0.39024336284351729 0.0041179402945445785 0.046967085391941048 0.017262483817745283 -0.0030754097967049016 -0.038078765798891703 0.16462955751589367 -0.091617451195611432 0.1360290871085944 -0.18907048199325802
leaf_weight=5155 3168 24063 39 165 126 36249 5435 7484 36750 2359 56 147 135 48
leaf_count=5155 3168 24063 39 165 126 36249 5435 7484 36750 2359 56 147 135 48
internal_value=-3.00954e-11 -0.00501408 0.00726012 0.119992 0.296818 0.00637565 0.0240062 -0.00688703 -0.0096542 0.00153967 -0.0120281 0.0151651 0.0332409 0.0289261
internal_weight=121379 71795 49584 386 165 49198 10590 68444 60813 38608 221 7631 3351 3216
internal_count=121379 71795 49584 386 165 49198 10590 68444 60813 38608 221 7631 3351 3216
is_linear=0
shrinkage=0.01


Tree=423
num_leaves=14
num_cat=0
split_feature=7 25 11 27 12 7 25 7 24 16 25 26 33
split_gain=43336.8 43093.3 56188.9 40317.9 59087.8 42056.2 28870.2 22837.3 22087.7 14917.9 7635.61 6690.57 5160.72
threshold=992.80700000000013 25.840230836032486 0.93301270189221952 151.17525035765382 1.0000000180025095e-35 1007.2001500000001 84.180763608919122 1014.3019500000001 8.0371285368520606 10.060286690000003 52.336079425433049 19.605797604926064 59.211026615969594
decision_type=2 2 2 2 2 2 2 2 2 2 2 2 2
left_child=6 2 7 5 -5 -3 9 -2 -4 10 -1 -8 -11
right_child=1 3 8 4 -6 -7 11 -9 -10 12 -12 -13 -14
leaf_value=-0.054980016171861934 -0.044753639868935012 -0.0030480519031597197 0.033397661208533325 0.0097185929426429601 0.15786639886406753 0.010080713739306173 -0.44814668221907183 0.027866747307869578 0.22739056275269698 0.009604886626375134 -0.15279114665114321 -0.22301085464882128 0.21840898251533511
leaf_weight=212 4042 79814 130 811 403 35143 22 485 107 29 128 33 20
leaf_count=212 4042 79814 130 811 403 35143 22 485 107 29 128 33 20
internal_value=-1.50229e-11 0.000362053 -0.0291155 0.00157088 0.0588978 0.000965485 -0.0986146 -0.0369735 0.120981 -0.0682939 -0.091803 -0.313065 0.094831
internal_weight=121379 120935 4764 116171 1214 114957 444 4527 237 389 340 55 49
internal_count=121379 120935 4764 116171 1214 114957 444 4527 237 389 340 55 49
is_linear=0
shrinkage=0.01


Tree=424
num_leaves=15
num_cat=0
split_feature=5 24 16 2 8 15 2 17 25 13 46 26 27 35
split_gain=43384.8 54059.7 47168.1 42911.8 55113.4 41589.2 40773.3 47886.5 36133.4 28861 17888.9 17457.9 25406 7971.19
threshold=1.0000000180025095e-35 41.565554452864454 0.11719567800000021 13.625000000000002 0.37940952255126054 1.4211245662897929 24.525000000000002 0.0042704613975186349 29.289891262800015 5.4085422068871765 1.0000000180025095e-35 16.438902544831549 55.289184621884253 117.74822667628085
decision_type=2 2 2 2 2 2 2 2 2 2 2 2 2 2
left_child=1 3 11 4 -1 9 7 -4 -5 -3 -8 13 -13 -2
right_child=2 5 6 8 -6 -7 10 -9 -10 -11 -12 12 -14 -15
leaf_value=0.00079583293723428487 0.0049055242081910231 -0.0053707462555418421 0.006157004788570718 -0.043135405208794594 0.048932416232798967 0.49602977452799679 0.0052767614292801778 -0.0137353831346209 0.0041760489192008915 0.23940417140617634 0.037124861938503215 0.11522861428302376 0.024780611121108836 0.11409340110463155
leaf_weight=4576 1147 105 16100 1695 4953 32 6276 48727 33893 89 2453 552 710 71
leaf_count=4576 1147 105 16100 1695 4953 32 6276 48727 33893 89 2453 552 710 71
internal_value=-9.82978e-13 0.00774197 -0.00461682 0.00696918 0.0258163 0.162018 -0.00606303 -0.00879504 0.00192268 0.106923 0.0142266 0.0382773 0.0643427 0.0112703
internal_weight=121379 45343 76036 45117 9529 226 73556 64827 35588 194 8729 2480 1262 1218
internal_count=121379 45343 76036 45117 9529 226 73556 64827 35588 194 8729 2480 1262 1218
is_linear=0
shrinkage=0.01


Tree=425
num_leaves=15
num_cat=0
split_feature=9 47 10 26 15 31 30 20 40 29 4 31 40 0
split_gain=42766.7 40533.6 60665.9 49801.5 46669.8 35143.6 32458.5 17425.8 16172.2 14004 8685.11 8300.69 5981.64 4444.95
threshold=0.91597561503675351 1.0000000180025095e-35 0.25000000000000011 9.8269913953113406 0.12604235361354074 51.376531474440227 62.180185889311375 10.092592592592597 59.775285171102674 58.09537389100128 0.15000000000000005 20.069444444444446 38.333438952260259 37.042691525878915
decision_type=2 2 2 2 2 2 2 2 2 2 2 2 2 2
left_child=1 2 4 9 -1 -5 -4 12 10 -3 -9 -10 -2 -14
right_child=7 3 6 5 -6 -7 -8 8 11 -11 -12 -13 13 -15
leaf_value=0.029504752622478973 -0.026613515726204129 -0.041230443918788592 -0.0019420270932093678 0.01406030264537232 0.0023971637283284422 0.049751080047210697 -0.022120260134356414 -0.0035289771343314604 -0.058061165528576771 0.0033168227485339472 -0.05249021633907601 -0.022383311569457772 -0.10979763835139891 0.010785727010053748
leaf_weight=7239 183 1515 17057 8270 51785 4140 14967 8724 757 1321 378 4706 303 34
leaf_count=7239 183 1515 17057 8270 51785 4140 14967 8724 757 1321 378 4706 303 34
internal_value=4.12366e-11 0.00223614 -0.000290803 0.0173269 0.00572177 0.0259668 -0.0113727 -0.0157566 -0.0137258 -0.0204805 -0.0055623 -0.0273271 -0.0726389 -0.097632
internal_weight=121379 106294 91048 15246 59024 12410 32024 15085 14565 2836 9102 5463 520 337
internal_count=121379 106294 91048 15246 59024 12410 32024 15085 14565 2836 9102 5463 520 337
is_linear=0
shrinkage=0.01


Tree=426
num_leaves=13
num_cat=0
split_feature=7 31 6 47 29 42 11 25 44 19 24 17
split_gain=42376.1 42497.2 47927.4 45982.5 42328 33985.5 29446.7 28336 26639.9 14872.5 6363.04 6285.93
threshold=992.80700000000013 30.000000000000007 15.030808000000002 1.0000000180025095e-35 56.205745669624001 1.0000000180025095e-35 -0.68301270189221952 84.180763608919122 1.0000000180025095e-35 1.6779394001630543 11.050249667558196 0.0084881193115671858
decision_type=2 2 2 2 2 2 2 2 2 2 2 2
left_child=7 4 3 -3 5 -2 -6 9 -4 10 -1 -9
right_child=1 2 8 -5 6 -7 -8 11 -10 -11 -12 -13
leaf_value=-0.022586343873430184 0.010524292148117551 0.0032391873198053603 -0.0070499116070721303 0.02531970724183611 0.0037915314143438911 -0.01613147465477557 -0.039563745586033441 -0.44600198518662226 -0.043319236574115398 0.13232177618671867 -0.11460714039373918 -0.22595419273656958
leaf_weight=108 9964 71956 7683 10854 2068 9199 6461 21 2750 34 247 34
leaf_count=108 9964 71956 7683 10854 2068 9199 6461 21 2750 34 247 34
internal_value=-4.84666e-12 0.000358017 0.00358854 0.00613331 -0.0105196 -0.00227153 -0.0290515 -0.0975154 -0.01661 -0.0674765 -0.0866121 -0.309972
internal_weight=121379 120935 93243 82810 27692 19163 8529 444 10433 389 355 55
internal_count=121379 120935 93243 82810 27692 19163 8529 444 10433 389 355 55
is_linear=0
shrinkage=0.01


Tree=427
num_leaves=15
num_cat=0
split_feature=5 18 27 12 21 25 11 1 25 1 40 11 10 30
split_gain=42547.4 59818.5 52462.2 44342.5 61110.6 34566.1 44660.8 32850.8 29615.7 26670.5 45769.5 32531.6 19919.3 19426
threshold=48.500000000000007 0.1220076696876501 141.75125628140708 1.0000000180025095e-35 124.26884422110554 30.81079102708539 0.93301270189221952 -119.7866065258789 125.85672951532679 -118.21337597412109 148.39949748743723 -0.5 0.93301270189221952 92.774614517454211
decision_type=2 2 2 2 2 2 2 2 2 2 2 2 2 2
left_child=2 12 5 8 -5 6 -1 -7 -4 11 -11 -3 -2 -14
right_child=1 9 3 4 -6 7 -8 -9 -10 10 -12 -13 13 -15
leaf_value=-0.024142359440681091 0.03572808776925019 0.0047153700699323732 0.051799260010357041 0.093157333970069894 0.40632095594452805 -0.0053973277889339038 0.16622583788346557 0.00986463301950476 -0.17357828238606451 0.0032282211416465412 0.16726488330023628 -0.019419909807610495 -0.020012201198750294 -0.2719605981900885
leaf_weight=5618 3604 6975 566 250 83 19650 126 49965 65 6070 175 28018 177 37
leaf_count=5618 3604 6975 566 250 83 19650 126 49965 65 6070 175 28018 177 37
internal_value=3.1299e-12 -0.00770577 0.00454897 0.0778525 0.171213 0.00361127 -0.0199665 0.00555669 0.0285829 -0.0112118 0.00782493 -0.0146091 0.0301622 -0.0635734
internal_weight=121379 45056 76323 964 333 75359 5744 69615 631 41238 6245 34993 3818 214
internal_count=121379 45056 76323 964 333 75359 5744 69615 631 41238 6245 34993 3818 214
is_linear=0
shrinkage=0.01


Tree=428
num_leaves=15
num_cat=0
split_feature=8 11 44 14 11 0 8 17 34 36 0 14 35 1
split_gain=42153.1 88198.1 49319.2 51689.3 44009.3 81197.7 73472.6 62742.6 48790.6 34696.4 24908.9 23558.9 24947.7 22331.8
threshold=0.78656609248549325 0.6830127018922193 1.0000000180025095e-35 4.7087995824900144 -0.24999999999999994 34.083213737060554 -0.37940952255126059 0.004293546444773832 63.892775665399249 72.635648139302347 34.083213737060554 1.1110124779463997 74.864629972846913 -118.21337597412109
decision_type=2 2 2 2 2 2 2 2 2 2 2 2 2 2
left_child=4 11 -3 -4 5 6 -1 10 -9 -7 -6 12 -2 -13
right_child=1 2 3 -5 7 9 -8 8 -10 -11 -12 13 -14 -15
leaf_value=0.057561616300145044 -0.0010918059868154249 0.023403397640070978 0.11400385196502995 0.012652840316787086 -0.01075688635329369 -0.0054508073268833739 0.004181673912563689 -0.008851970832803922 -0.03414762856281587 0.065036548791184368 0.017023971529338214 0.0048709353706164237 -0.036790186918697204 0.0489730455040897
leaf_weight=4859 9351 4889 1497 758 4591 26822 5494 32763 9938 717 10867 4853 2476 1504
leaf_count=4859 9351 4889 1497 758 4591 26822 5494 32763 9938 717 10867 4853 2476 1504
internal_value=1.12128e-11 0.0114761 0.0412477 0.0799355 -0.00302616 0.00535986 0.0292346 -0.00848986 -0.0147391 -0.00361561 0.0087731 -0.000220406 -0.00856532 0.015305
internal_weight=121379 25328 7144 2255 96051 37892 10353 58159 42701 27539 15458 18184 11827 6357
internal_count=121379 25328 7144 2255 96051 37892 10353 58159 42701 27539 15458 18184 11827 6357
is_linear=0
shrinkage=0.01


Tree=429
num_leaves=15
num_cat=0
split_feature=7 44 15 10 13 10 44 10 9 26 25 0 26 27
split_gain=42510.4 112821 69809.2 69419.8 74962.6 61726.6 57164.4 81781.6 51730.8 47308.1 82771.9 46770.9 46610.8 25125.3
threshold=1007.2001500000001 1.0000000180025095e-35 0.34314707396284627 0.68301270189221941 -1.8000062842739253 -0.24999999999999994 1.0000000180025095e-35 0.68301270189221941 0.1294095225512602 37.086813248856139 125.85672951532679 35.400001525878913 32.067802345928975 73.19374438733594
decision_type=2 2 2 2 2 2 2 2 2 2 2 2 2 2
left_child=2 5 6 4 -3 13 8 -8 -1 11 -11 -4 -7 -2
right_child=1 3 9 -5 -6 12 7 -9 -10 10 -12 -13 -14 -15
leaf_value=0.0022459885765054879 -0.015799897293129826 -0.0038205196094845345 0.018650641941050174 -0.0095985151559723984 0.077126819843402958 0.0068305379266902708 -0.013509061219508383 -0.072298049918804314 -0.024434862380736527 0.15344549972907448 -0.24344360474745433 -0.0040620035534423464 0.10863110283405884 -0.065066918615942687
leaf_weight=23163 7655 1504 14610 2023 4780 20215 7305 3500 10589 423 60 23895 460 1197
leaf_count=23163 7655 1504 14610 2023 4780 20215 7305 3500 10589 423 60 23895 460 1197
internal_value=1.01425e-14 0.00879417 -0.00398251 0.0413509 0.057753 -0.000365214 -0.0125332 -0.0325522 -0.00612458 0.00578961 0.104143 0.00455588 0.00909551 -0.022462
internal_weight=121379 37834 83545 8307 6284 29527 44557 10805 33752 38988 483 38505 20675 8852
internal_count=121379 37834 83545 8307 6284 29527 44557 10805 33752 38988 483 38505 20675 8852
is_linear=0
shrinkage=0.01


Tree=430
num_leaves=15
num_cat=0
split_feature=5 24 10 0 7 39 23 15 9 22 36 15 21 15
split_gain=41932.1 52407.3 105506 50840.8 72089.6 49000.1 47488.9 39696.1 39243.4 34745.9 36372 36122 34580.2 25366.5
threshold=1.0000000180025095e-35 41.565554452864454 -0.6830127018922193 36.742692288818368 1005.50003 71.353876479991868 58.714111568793136 0.15686618381618123 -0.5 152.64735336194568 48.732361639205756 0.33555733669743265 32.800925925925931 1.2749999415625028
decision_type=2 2 2 2 2 2 2 2 2 2 2 2 2 2
left_child=1 7 13 9 6 -6 -5 8 -1 11 -11 -2 -9 -3
right_child=3 2 -4 4 5 -7 -8 12 -10 10 -12 -13 -14 -15
leaf_value=0.0079499499422579188 -0.0039262490567876715 0.29571772136132823 -0.056554324543309623 -0.022447383474302925 0.0044414748674721487 -0.040849259225664909 -0.0691100278164134 -0.016733813764911773 0.059677018119339759 0.22806657385483065 -0.0006992054698492983 0.016279004595313652 0.0076263815766354996 0.6566768554687501
leaf_weight=3300 32701 88 113 9125 16132 2804 2866 7122 2640 139 139 12130 32055 25
leaf_count=3300 32701 88 113 9125 16132 2804 2866 7122 2640 139 139 12130 32055 25
internal_value=-3.94848e-13 0.00761125 0.159511 -0.00453886 -0.0144144 -0.00226507 -0.0336003 0.00685036 0.0309398 0.00223184 0.113684 0.00154072 0.00319793 0.375576
internal_weight=121379 45343 226 76036 30927 18936 11991 45117 5940 45109 278 44831 39177 113
internal_count=121379 45343 226 76036 30927 18936 11991 45117 5940 45109 278 44831 39177 113
is_linear=0
shrinkage=0.01


Tree=431
num_leaves=15
num_cat=0
split_feature=6 31 47 26 10 44 2 32 26 24 30 20 4 15
split_gain=41096.8 47089.4 45301 57990.9 53731.7 36511.7 26805 30277.5 22461.1 19142.3 18029.9 17196.1 12717 10519.4
threshold=15.030808000000002 30.000000000000007 1.0000000180025095e-35 13.072054353277627 0.25000000000000011 1.0000000180025095e-35 6.4250000000000016 64.233261080787699 40.72839735990835 21.914086702007442 61.441698352344751 66.701943388255188 1.9500000000000002 0.14995917404591677
decision_type=2 2 2 2 2 2 2 2 2 2 2 2 2 2
left_child=1 6 4 -4 -3 10 9 -8 11 -1 13 -7 -12 -2
right_child=5 2 3 -5 -6 8 7 -9 -10 -11 12 -13 -14 -15
leaf_value=0.038828522814473292 0.043877250575116718 0.0087286426171466567 -0.0052335297237012229 0.04256367249867482 -0.0098254915166047958 -0.038262692410859729 -0.0089700754884444074 -0.044805642767430723 0.21320001511012807 -0.063470931669634176 -0.025806529224498581 -0.11423181881302176 0.049267700645102171 -9.7609909828981679e-05
leaf_weight=1572 596 49289 4045 6815 22841 3355 18790 2696 34 207 4342 327 238 6232
leaf_count=1572 596 49289 4045 6815 22841 3355 18790 2696 34 207 4342 327 238 6232
internal_value=1.81804e-12 0.00219529 0.00572001 0.0247608 0.00285321 -0.0154232 -0.010378 -0.0134666 -0.042647 0.0269252 -0.00655537 -0.0450095 -0.0219053 0.00374085
internal_weight=121379 106255 82990 10860 72130 15124 23265 21486 3716 1779 11408 3682 4580 6828
internal_count=121379 106255 82990 10860 72130 15124 23265 21486 3716 1779 11408 3682 4580 6828
is_linear=0
shrinkage=0.01


Tree=432
num_leaves=15
num_cat=0
split_feature=7 11 25 25 26 25 1 26 18 20 10 25 7 16
split_gain=41583 79416.8 83476.7 71431 85365.8 57287.5 41607.9 51966.5 36278.3 35594.6 45611.9 30382.4 30377.1 20244.9
threshold=1002.6995200000001 0.6830127018922193 47.847650510078232 125.85672951532679 37.086813248856139 99.253969599794516 -118.21337597412109 13.072054353277627 0.17755506692088005 112.86013400335007 0.25000000000000011 73.646673272125085 1004.9004500000001 0.34682847249999987
decision_type=2 2 2 2 2 2 2 2 2 2 2 2 2 2
left_child=1 3 13 4 -1 6 8 -8 -2 12 -11 -4 -7 -3
right_child=5 2 11 -5 -6 9 7 -9 -10 10 -12 -13 -14 -15
leaf_value=-0.0039051615445999431 0.028505048278448339 0.16718751095942683 -0.061183556113735903 -0.21897652413330826 0.14551005144724188 -0.097623092204659853 -0.013276783315139911 0.036468501449254072 -0.0019229994433077691 0.14283247743962643 -0.036924734746807075 -0.1360574570493521 0.042581171608580916 0.0027242084390358226
leaf_weight=40766 4195 79 2025 153 386 182 2970 7169 59406 682 178 740 1024 1424
leaf_count=40766 4195 79 2025 153 386 182 2970 7169 59406 682 178 740 1024 1424
internal_value=-1.70752e-12 -0.00754891 -0.0486158 -0.00330552 -0.00250367 0.00453825 0.00308315 0.0218967 8.39762e-05 0.0564738 0.105627 -0.0812221 0.0214227 0.0113687
internal_weight=121379 45573 4268 41305 41152 75806 73740 10139 63601 2066 860 2765 1206 1503
internal_count=121379 45573 4268 41305 41152 75806 73740 10139 63601 2066 860 2765 1206 1503
is_linear=0
shrinkage=0.01


Tree=433
num_leaves=15
num_cat=0
split_feature=9 2 7 31 12 13 20 14 25 25 7 42 25 20
split_gain=41197.3 38835.8 58352.9 51230.8 48585.4 31098.9 32418.5 26626.3 18819.4 16099.2 14806.5 14347 5495.9 5060.3
threshold=0.91597561503675351 27.725000000000005 1002.1995000000001 59.571820870299966 1.0000000180025095e-35 -0.71998775823832639 136.85125628140707 2.5427652802246787 125.85672951532679 24.326729216542272 1006.3000500000002 1.0000000180025095e-35 41.283201016288793 40.595238095238095
decision_type=2 2 2 2 2 2 2 2 2 2 2 2 2 2
left_child=1 2 4 -4 -1 6 -3 9 -7 13 -11 12 -9 -2
right_child=7 5 3 -5 -6 8 -8 11 -10 10 -12 -13 -14 -15
leaf_value=-0.0041717050083311929 -0.081444318268955679 0.04002820660367027 0.00058154563959286092 0.021861430869510957 -0.034595874125452931 0.0090512195360614011 0.35479306242682718 0.026952294727166492 -0.16594021175176868 -0.015997795595977752 0.0072526048466433615 -0.082785281249944359 -0.038386701357147071 0.062651284795541023
leaf_weight=19191 389 3864 54633 14268 7225 7018 33 180 62 9314 3880 844 452 26
leaf_count=19191 389 3864 54633 14268 7225 7018 33 180 62 9314 3880 844 452 26
internal_value=2.50416e-11 0.00219473 0.00014348 0.00498818 -0.012493 0.0200064 0.0426937 -0.0154648 0.00751881 -0.0110894 -0.00916048 -0.0558063 -0.0197775 -0.0724166
internal_weight=121379 106294 95317 68901 26416 10977 3897 15085 7080 13609 13194 1476 632 415
internal_count=121379 106294 95317 68901 26416 10977 3897 15085 7080 13609 13194 1476 632 415
is_linear=0
shrinkage=0.01


Tree=434
num_leaves=15
num_cat=0
split_feature=9 1 10 1 44 26 31 14 25 39 42 31 26 25
split_gain=40377.4 36725 57065.7 65799.1 49507 47630.5 33476.2 26096.4 15778.8 14126.8 14061.5 12780.4 5847.49 5386.53
threshold=0.91597561503675351 -118.21337597412109 0.25000000000000011 -119.7866065258789 1.0000000180025095e-35 9.8269913953113406 51.376531474440227 2.5427652802246787 24.326729216542272 64.444258555133089 1.0000000180025095e-35 20.069444444444446 13.670794927012944 41.283201016288793
decision_type=2 2 2 2 2 2 2 2 2 2 2 2 2 2
left_child=1 2 3 -1 -4 9 -7 8 -2 -3 13 -10 -12 -9
right_child=7 5 4 -5 -6 6 -8 10 11 -11 12 -13 -14 -15
leaf_value=-0.010382865459173538 -0.071692474682063592 -0.034903408457125404 -0.0026991301491036614 0.012574275503637948 -0.029648042156168175 0.013365956181268958 0.048199751351769349 0.026682771990696588 -0.038317330581165196 0.013996128320729492 -0.023183932656369418 -0.0057570766343416832 -0.093745568979526225 -0.038002833864297224
leaf_weight=17934 415 1997 22183 41090 9841 8270 4140 180 1342 839 141 11852 703 452
leaf_count=17934 415 1997 22183 41090 9841 8270 4140 180 1342 839 141 11852 703 452
internal_value=-6.73766e-12 0.00217278 -0.00023252 0.00559892 -0.0109806 0.0165371 0.0249866 -0.0153101 -0.0109786 -0.020437 -0.0552483 -0.00906887 -0.0819574 -0.0195797
internal_weight=121379 106294 91048 59024 32024 15246 12410 15085 13609 2836 1476 13194 844 632
internal_count=121379 106294 91048 59024 32024 15246 12410 15085 13609 2836 1476 13194 844 632
is_linear=0
shrinkage=0.01


Tree=435
num_leaves=15
num_cat=0
split_feature=9 14 9 2 2 45 14 10 34 31 43 15 43 13
split_gain=39709.8 44262.2 39901.8 45509.5 48789.4 38197.2 37900.8 37787.9 28005.7 21918.6 22104.1 17161.8 16082.1 10455.5
threshold=0.78656609248549303 2.1895291616403472 -0.78656609248549325 9.8750000000000018 22.975000000000005 1.0000000180025095e-35 -1.8000084859031515 -0.6830127018922193 87.392902408111553 40.555661174482474 1.0000000180025095e-35 0.15925315375433505 1.0000000180025095e-35 1.4496933262870584
decision_type=2 2 2 2 2 2 2 2 2 2 2 2 2 2
left_child=2 9 5 8 -5 6 -1 -7 -4 10 -2 -11 13 -3
right_child=1 12 3 4 -6 7 -8 -9 -10 11 -12 -13 -14 -15
leaf_value=-0.024335819995179118 -0.032020724682486741 -0.083787389973842413 0.029579857629479331 -0.0021324072553101318 0.018071835225634551 -0.093232831811851255 0.0052766558268255714 -0.019058894002081987 -0.043249484448972926 0.056689051157061722 -0.003044912568531441 0.00016434720251541486 -0.020096087154392258 -0.026636476951083919
leaf_weight=5948 5067 1212 10141 43633 16461 920 15812 2710 557 564 5480 11278 1161 435
leaf_count=5948 5067 1212 10141 43633 16461 920 15812 2710 557 564 5480 11278 1161 435
internal_value=1.8975e-11 -0.0111751 0.00292755 0.0067849 0.00340196 -0.00782744 -0.00281778 -0.0378578 0.0257879 -0.00648126 -0.0169655 0.00285645 -0.0486 -0.0686929
internal_weight=121379 25197 96182 70792 60094 25390 21760 3630 10698 22389 10547 11842 2808 1647
internal_count=121379 25197 96182 70792 60094 25390 21760 3630 10698 22389 10547 11842 2808 1647
is_linear=0
shrinkage=0.01


Tree=436
num_leaves=15
num_cat=0
split_feature=7 44 15 10 16 44 26 10 26 26 25 35 26 29
split_gain=40600.8 110511 67247.8 66820.9 66196.8 63532.7 63403.5 60001.3 44894.4 44891.8 79204.6 42771.4 39724.4 25371.2
threshold=1007.2001500000001 1.0000000180025095e-35 0.34314707396284627 0.68301270189221941 0.11719567800000021 1.0000000180025095e-35 30.434242246311666 -0.24999999999999994 32.067802345928975 37.086813248856139 125.85672951532679 87.869418384699188 16.646142989231233 63.677670238506749
decision_type=2 2 2 2 2 2 2 2 2 2 2 2 2 2
left_child=2 7 4 6 12 -6 -3 13 -9 11 -11 -4 -1 -2
right_child=1 3 9 -5 5 -7 -8 8 -10 10 -12 -13 -14 -15
leaf_value=0.015201359215362737 -0.011942904970328865 0.069505335047570074 0.0074001641738660456 -0.0091705041661102639 -0.0074661802047718507 -0.035700267439559896 -0.023187458229074542 0.0066339279703931013 0.10654262300894556 0.14973630983074224 -0.23850609642267226 -0.033768760491999526 0.13279136309097719 -0.050046488799703602
leaf_weight=744 6456 5430 35790 2023 32819 10526 854 20215 460 423 60 2715 468 2396
leaf_count=744 6456 5430 35790 2023 32819 10526 854 20215 460 423 60 2715 468 2396
internal_value=-6.59722e-12 0.00859438 -0.00389203 0.0408162 -0.0122844 -0.0143226 0.0569083 -0.000470766 0.00885681 0.00569913 0.101507 0.00449733 0.0606074 -0.0222565
internal_weight=121379 37834 83545 8307 44557 43345 6284 29527 20675 38988 483 38505 1212 8852
internal_count=121379 37834 83545 8307 44557 43345 6284 29527 20675 38988 483 38505 1212 8852
is_linear=0
shrinkage=0.01


Tree=437
num_leaves=15
num_cat=0
split_feature=8 2 18 2 7 8 10 44 1 10 10 29 2 31
split_gain=40739 65320.3 40512.7 46473.2 50221.4 34714.7 28235.7 34673 31289.1 26249.8 25528.1 28667.5 25751 13980.6
threshold=0.78656609248549325 9.6250000000000018 0.20299999999999996 27.725000000000005 1001.3002500000001 -0.70710678118654735 0.25000000000000011 1.0000000180025095e-35 -118.21337597412109 0.93301270189221952 1.0000000180025095e-35 60.130029818081603 12.225000000000001 62.939480354879606
decision_type=2 2 2 2 2 2 2 2 2 2 2 2 2 2
left_child=2 6 9 4 -4 -5 7 -2 -8 -1 12 -12 -3 -11
right_child=1 10 3 5 -6 -7 8 -9 -10 13 11 -13 -14 -15
leaf_value=0.026309668716449568 0.025652152527190303 0.049802006886617296 -0.023252844351098527 0.03051567564541038 -0.0034827836463585228 -0.001895191766560301 0.013659084637839216 0.1171389750281962 0.10898817657591335 -0.085924680504501832 0.0019491983365428956 -0.039341997346046549 0.0070963119083088874 0.10852725652002153
leaf_weight=6014 727 1621 16355 5938 59941 7452 2552 963 398 309 5740 2378 10949 42
leaf_count=6014 727 1621 16355 5938 59941 7452 2552 963 398 309 5740 2378 10949 42
internal_value=1.90368e-11 0.0112819 -0.00297497 -0.00470511 -0.00772074 0.0124779 0.0451916 0.0777834 0.0265204 0.0214036 0.00367651 -0.0101462 0.0126035 -0.0626569
internal_weight=121379 25328 96051 89686 76296 13390 4640 1690 2950 6365 20688 8118 12570 351
internal_count=121379 25328 96051 89686 76296 13390 4640 1690 2950 6365 20688 8118 12570 351
is_linear=0
shrinkage=0.01


Tree=438
num_leaves=15
num_cat=0
split_feature=5 18 27 6 7 0 24 12 21 9 25 6 10 30
split_gain=40644.1 55357.2 49463.1 43275.6 43221.1 54689.4 54606.1 43148.8 59129.9 30748.2 28388.9 20130.9 19065.8 19075.6
threshold=48.500000000000007 0.1220076696876501 141.75125628140708 15.030808000000002 1007.10008 37.042691525878915 10.619762968462195 1.0000000180025095e-35 124.26884422110554 -0.9159756150367534 125.85672951532679 27.001200000000004 0.93301270189221952 92.774614517454211
decision_type=2 2 2 2 2 2 2 2 2 2 2 2 2 2
left_child=2 12 3 9 6 -6 -3 10 -9 -1 -4 -5 -2 -14
right_child=1 4 7 11 5 -7 -8 8 -10 -11 -12 -13 13 -15
leaf_value=-0.011595111449885896 0.034342402818309893 -0.0017965197774207045 0.049752024418539487 -0.01345933880844208 0.017677626381060078 -0.020913938278550748 -0.031202418713627264 0.090938545790910721 0.39898534903325228 0.0091134016813816318 -0.17090838855275742 -0.10277712194644577 -0.019641814625869364 -0.2693072906861434
leaf_weight=8200 3604 10929 566 9815 9270 6081 14958 250 83 57085 65 259 177 37
leaf_count=8200 3604 10929 566 9815 9270 6081 14958 250 83 57085 65 259 177 37
internal_value=1.13564e-13 -0.00753145 0.00444606 0.00353556 -0.0109042 0.00239033 -0.0187878 0.0756235 0.167719 0.00651235 0.0270216 -0.0157557 0.0288971 -0.0628083
internal_weight=121379 45056 76323 75359 41238 15351 25887 964 333 65285 631 10074 3818 214
internal_count=121379 45056 76323 75359 41238 15351 25887 964 333 65285 631 10074 3818 214
is_linear=0
shrinkage=0.01


Tree=439
num_leaves=15
num_cat=0
split_feature=5 24 10 0 15 14 14 45 10 22 36 15 25 15
split_gain=40029.4 50492.9 102414 48366.3 63649.6 41371.9 38099.4 46141.7 34256 33381.2 35609.8 35311.8 32154.9 24707.8
threshold=1.0000000180025095e-35 41.565554452864454 -0.6830127018922193 36.742692288818368 0.1164727951960388 2.0595919035469934 2.1895291616403472 1.0000000180025095e-35 0.25000000000000011 152.64735336194568 48.732361639205756 0.33555733669743265 31.485591818053798 1.2749999415625028
decision_type=2 2 2 2 2 2 2 2 2 2 2 2 2 2
left_child=1 6 13 9 8 -6 12 -8 -5 11 -11 -2 -1 -3
right_child=3 2 -4 4 5 -7 7 -9 -10 10 -12 -13 -14 -15
leaf_value=-0.02837887164900383 -0.003913530623396516 0.29059706323864787 -0.056339705633246792 0.034099328117538436 -0.014208789725583901 -0.044300411126434555 0.034798929870348577 -0.034852587805289929 -0.0085321289076322887 0.22458839866754818 -0.0017678213462555151 0.016063829299359768 0.005135758045578415 0.6468388027191162
leaf_weight=3130 32701 88 113 3493 17106 6234 7372 1092 4094 139 139 12130 33523 25
leaf_count=3130 32701 88 113 3493 17106 6234 7372 1092 4094 139 139 12130 33523 25
internal_value=6.67073e-12 0.00743656 0.156536 -0.00443469 -0.0140669 -0.0222461 0.00668969 0.0258127 0.0110951 0.00216919 0.11141 0.00149178 0.00227376 0.369412
internal_weight=121379 45343 226 76036 30927 23340 45117 8464 7587 45109 278 44831 36653 113
internal_count=121379 45343 226 76036 30927 23340 45117 8464 7587 45109 278 44831 36653 113
is_linear=0
shrinkage=0.01


Tree=440
num_leaves=13
num_cat=0
split_feature=7 8 11 44 11 46 7 25 2 19 17 24
split_gain=39816.4 38798.2 84856.8 49959.4 40983.1 78243.3 67024.9 27584.7 22708.3 14391.9 6199.54 6173.5
threshold=992.80700000000013 0.78656609248549325 0.6830127018922193 1.0000000180025095e-35 -0.24999999999999994 1.0000000180025095e-35 1001.1003250000001 84.180763608919122 6.2250000000000005 1.6779394001630543 0.0084881193115671858 11.050249667558196
decision_type=2 2 2 2 2 2 2 2 2 2 2 2
left_child=7 4 8 -4 5 -2 -6 9 -3 11 -9 -1
right_child=1 2 3 -5 6 -7 -8 10 -10 -11 -12 -13
leaf_value=-0.020645247352896252 -0.0032918475221518622 0.066221367681298812 0.022717291665845255 0.079832357978068744 -0.031129787904263378 0.028976655489102054 -0.0028774929768330686 -0.43923757859638762 -0.0019860112128838015 0.13165714795098585 -0.22070715195992413 -0.11128516835103996
leaf_weight=108 27483 502 4875 2233 10193 10342 47659 21 17648 34 34 247
leaf_count=108 27483 502 4875 2233 10193 10342 47659 21 17648 34 34 247
internal_value=5.71466e-13 0.000347036 0.0113709 0.0406602 -0.00256318 0.00553091 -0.00785529 -0.0945244 -9.95041e-05 -0.0648863 -0.304146 -0.0837102
internal_weight=121379 120935 25258 7108 95677 37825 57852 444 18150 389 55 355
internal_count=121379 120935 25258 7108 95677 37825 57852 444 18150 389 55 355
is_linear=0
shrinkage=0.01


Tree=441
num_leaves=15
num_cat=0
split_feature=8 11 11 46 7 8 13 10 17 12 25 30 14 47
split_gain=39074.3 103845 60657.3 84347.9 69658.2 57555.5 55079 52475.3 49295.3 46431.9 35266.3 33850.5 27410.7 30458
threshold=0.60355339059327384 0.6830127018922193 -0.24999999999999994 1.0000000180025095e-35 1000.7999500000001 -0.37940952255126059 -1.4399957836446202 -0.6830127018922193 0.0062692541173092571 1.0000000180025095e-35 25.840230836032486 62.558724123362914 1.4333930242147987 1.0000000180025095e-35
decision_type=2 2 2 2 2 2 2 2 2 2 2 2 2 2
left_child=2 12 3 10 7 -5 11 -4 -6 -8 -1 -3 -2 -14
right_child=1 6 4 5 8 -7 9 -9 -10 -11 -12 -13 13 -15
leaf_value=-0.053574022217542733 -0.0090907215839604628 0.05500681330273112 -0.01778583262975586 0.056225617352649221 0.0054601323582535964 0.0062699032496164528 0.033603848234970701 -0.070121291542977193 -0.01576585608749427 0.088188638210015546 -7.7631365646576726e-05 -0.026371717054726754 0.0024348026220639704 0.047692011918142103
leaf_weight=1301 17198 706 5181 4859 21355 4390 5229 3040 22437 2220 23331 1852 6337 1943
leaf_count=1301 17198 706 5181 4859 21355 4390 5229 3040 22437 2220 23331 1852 6337 1943
internal_value=8.57384e-12 0.0088274 -0.00364682 0.00676527 -0.0104292 0.0325143 0.0361235 -0.0371387 -0.00541508 0.0498716 -0.00290318 -0.0039115 -0.00189368 0.0130549
internal_weight=121379 35485 85894 33881 52013 9249 10007 8221 43792 7449 24632 2558 25478 8280
internal_count=121379 35485 85894 33881 52013 9249 10007 8221 43792 7449 24632 2558 25478 8280
is_linear=0
shrinkage=0.01


Tree=442
num_leaves=15
num_cat=0
split_feature=5 0 2 30 13 21 44 26 36 22 36 2 14 22
split_gain=39317.6 46835.2 63953 46176 39650.8 36748.1 42201.4 60982.5 37479.1 32681.4 34879.1 34656.8 26660.9 21584.3
threshold=1.0000000180025095e-35 36.742692288818368 9.8750000000000018 69.276299112801027 -2.1657987964042347 68.171736375158432 1.0000000180025095e-35 6.4866259993989486 88.475399812751988 152.64735336194568 48.732361639205756 20.875000000000004 2.1895291616403472 30.055555555555561
decision_type=2 2 2 2 2 2 2 2 2 2 2 2 2 2
left_child=5 9 4 -4 -3 12 8 -8 -7 11 -11 -2 13 -1
right_child=1 2 3 -5 -6 6 7 -9 -10 10 -12 -13 -14 -15
leaf_value=-0.017544132542701374 -0.0031507042394900171 -0.020121374589009863 -0.012764451672369318 -0.04335571593536796 0.026113267072782421 0.016311587971735257 0.53039956481368455 0.05294297930833676 -0.098195603651466304 0.22220427630616604 -0.0018174331565555051 0.018297877997338233 0.021700012519234459 0.0036135741876667073
leaf_weight=5942 35250 2839 15498 7239 5351 3973 27 2899 308 139 139 9581 6620 25574
leaf_count=5942 35250 2839 15498 7239 5351 3973 27 2899 308 139 139 9581 6620 25574
internal_value=-1.84719e-11 -0.00439508 -0.0138736 -0.0225041 0.0100864 0.00737015 0.0280788 0.0573488 0.00807328 0.00210343 0.110193 0.00143315 0.00345659 -0.000375482
internal_weight=121379 76036 30927 22737 8190 45343 7207 2926 4281 45109 278 44831 38136 31516
internal_count=121379 76036 30927 22737 8190 45343 7207 2926 4281 45109 278 44831 38136 31516
is_linear=0
shrinkage=0.01


Tree=443
num_leaves=15
num_cat=0
split_feature=7 2 15 8 9 0 8 11 8 39 26 40 27 31
split_gain=39092.5 90219 64676.1 53997.5 51183.8 60722.1 58842.4 48077.2 46399.2 37949 37867 32671.1 30394.1 19621.2
threshold=1007.2001500000001 12.125000000000002 0.34314707396284627 0.37940952255126054 0.1294095225512602 35.400001525878913 0.12940952255126045 0.25000000000000017 -0.78656609248549303 68.160065483734698 37.086813248856139 87.333397023138531 89.568474608847353 19.490740740740744
decision_type=2 2 2 2 2 2 2 2 2 2 2 2 2 2
left_child=2 3 4 12 5 -1 -6 -5 10 13 -4 -10 -2 -3
right_child=1 9 8 7 6 -7 -8 -9 11 -11 -12 -13 -14 -15
leaf_value=0.0062353166271996606 0.014130499351835066 -0.031488769936565755 0.022160517907009843 -0.0016719242633981921 -0.058466619360357033 -0.022705643518123812 -0.014071699159148006 0.056445322482063756 0.0019096095840446213 -0.037368039502904828 0.22488028762802001 -0.041605409267770323 -0.04876929608402332 0.0036507490684713406
leaf_weight=18939 9227 1785 10016 1833 4349 11746 9523 6370 27036 3307 93 1843 838 14474
leaf_count=18939 9227 1785 10016 1833 4349 11746 9523 6370 27036 3307 93 1843 838 14474
internal_value=-6.84859e-12 0.00843323 -0.00381905 0.0244146 -0.0120494 -0.00484308 -0.0279899 0.0434587 0.00558693 -0.00648792 0.0240255 -0.000867432 0.00889354 -0.000207055
internal_weight=121379 37834 83545 18268 44557 30685 13872 8203 38988 19566 10109 28879 10065 16259
internal_count=121379 37834 83545 18268 44557 30685 13872 8203 38988 19566 10109 28879 10065 16259
is_linear=0
shrinkage=0.01


Tree=444
num_leaves=13
num_cat=0
split_feature=7 25 11 27 12 7 25 7 24 19 24 17
split_gain=38487.4 37475.6 52842.6 35902.2 55625.4 37552.9 27113.5 21654.9 21261.7 13999.9 6059.11 6049.74
threshold=992.80700000000013 25.840230836032486 0.93301270189221952 151.17525035765382 1.0000000180025095e-35 1007.2001500000001 84.180763608919122 1014.3019500000001 8.0371285368520606 1.6779394001630543 11.050249667558196 0.0084881193115671858
decision_type=2 2 2 2 2 2 2 2 2 2 2 2
left_child=6 2 7 5 -5 -3 9 -2 -4 10 -1 -8
right_child=1 3 8 4 -6 -7 11 -9 -10 -11 -12 -13
leaf_value=-0.01963749215558723 -0.04234440959755581 -0.0028953723956211029 0.03248043057952936 0.0078484726393119927 0.15159027727787608 0.0095105887112726314 -0.43420642307826451 0.028370993334454361 0.22281132763791309 0.1302987627772724 -0.10943375558716807 -0.21833221765125502
leaf_weight=108 4042 79814 130 811 403 35143 21 485 107 34 247 34
leaf_count=108 4042 79814 130 811 403 35143 21 485 107 34 247 34
internal_value=-2.6175e-11 0.000341195 -0.027148 0.00146848 0.0555651 0.0008972 -0.0929335 -0.0347683 0.11841 -0.0635497 -0.0821155 -0.300757
internal_weight=121379 120935 4764 116171 1214 114957 444 4527 237 389 355 55
internal_count=121379 120935 4764 116171 1214 114957 444 4527 237 389 355 55
is_linear=0
shrinkage=0.01


Tree=445
num_leaves=15
num_cat=0
split_feature=5 24 10 0 7 39 27 15 22 19 21 8 41 3
split_gain=38327.3 49218.7 100315 45818.5 64886.3 48309.5 42030.9 36525.2 32001.1 33763.8 31930.9 29988.5 29541 25231.4
threshold=1.0000000180025095e-35 41.565554452864454 -0.6830127018922193 36.742692288818368 1005.50003 71.353876479991868 56.43620616814534 0.15686618381618123 152.64735336194568 0.91014042074790613 32.800925925925931 0.37940952255126054 60.322137727080694 25.882144000000004
decision_type=2 2 2 2 2 2 2 2 2 2 2 2 2 2
left_child=1 7 13 8 6 -6 -5 11 9 -2 -9 -1 -10 -3
right_child=3 2 -4 4 5 -7 -8 10 12 -11 -12 -13 -14 -15
leaf_value=0.0043620939131254789 -0.0039379627430697426 0.61948088053999284 -0.056200021284517003 -0.019382719065217501 0.0044710250730239575 -0.040499423175656697 -0.059882374370294471 -0.016117157357696425 0.18095744861638483 0.015468353711167334 0.0072912629183665145 0.049613680666308023 -0.038724196602354995 0.27736652951864971
leaf_weight=2621 32442 29 113 8280 16132 2804 3711 7122 187 12389 32055 3319 91 84
leaf_count=2621 32442 29 113 8280 16132 2804 3711 7122 187 12389 32055 3319 91 84
internal_value=4.92119e-12 0.00727674 0.154483 -0.00433938 -0.0137144 -0.0021881 -0.0319166 0.00653935 0.00208821 0.00142495 0.00303584 0.0296466 0.109047 0.365166
internal_weight=121379 45343 226 76036 30927 18936 11991 45117 45109 44831 39177 5940 278 113
internal_count=121379 45343 226 76036 30927 18936 11991 45117 45109 44831 39177 5940 278 113
is_linear=0
shrinkage=0.01


Tree=446
num_leaves=15
num_cat=0
split_feature=6 31 1 11 35 29 30 11 2 2 20 4 15 11
split_gain=37099.8 43567.7 42342.9 53910.2 36150.1 30022.4 23135.1 22443.8 21328.9 16605 27297.4 16244.8 13786.3 18609.6
threshold=15.030808000000002 30.000000000000007 -118.21337597412109 -0.5 111.59525985071492 63.892775665399249 61.255386565272509 -0.24999999999999994 6.4250000000000016 25.125000000000004 110.97236180904524 1.9500000000000002 0.14995917404591677 -0.24999999999999994
decision_type=2 2 2 2 2 2 2 2 2 2 2 2 2 2
left_child=1 5 4 -4 -3 8 12 -7 -1 11 -11 -8 -2 -14
right_child=6 2 3 -5 -6 7 9 -9 -10 10 -12 -13 13 -15
leaf_value=0.029294486658952276 0.030706120201094464 0.0042507141596996754 -0.0076439108842399862 0.039629510744001582 -0.029709608049752326 -0.0026965280890855494 -0.047822249587753725 -0.052878901976534706 -0.0081232248401823057 -0.011356384135130758 0.27868410731806903 0.030082524084070354 0.0024912582699367085 -0.028632259797607862
leaf_weight=1667 979 68846 3617 7243 3284 1373 3625 2540 17685 1944 33 289 5211 3043
leaf_count=1667 979 68846 3617 7243 3284 1373 3625 2540 17685 1944 33 289 5211 3043
internal_value=1.43207e-12 0.0020858 0.00547616 0.0238848 0.00270454 -0.0100082 -0.014654 -0.0352708 -0.00490003 -0.0301378 -0.00651504 -0.04207 -0.00477469 -0.00898304
internal_weight=121379 106255 82990 10860 72130 23265 15124 3913 19352 5891 1977 3914 9233 8254
internal_count=121379 106255 82990 10860 72130 23265 15124 3913 19352 5891 1977 3914 9233 8254
is_linear=0
shrinkage=0.01


Tree=447
num_leaves=15
num_cat=0
split_feature=5 18 13 44 6 31 28 22 1 44 26 6 26 41
split_gain=37704.8 52984.1 44504.6 76088.8 42971.3 39364.7 36486.3 29351.5 26998.5 24195.2 26714.4 15653.1 13756.4 12665.9
threshold=48.500000000000007 0.1220076696876501 -1.8000062842739253 1.0000000180025095e-35 15.030808000000002 59.016265314744416 53.608998732572893 25.598290598290603 -118.21337597412109 1.0000000180025095e-35 40.72839735990835 27.001200000000004 13.573636821391082 94.327344899401965
decision_type=2 2 2 2 2 2 2 2 2 2 2 2 2 2
left_child=4 12 3 -3 5 7 -7 -1 -4 11 -11 -6 -2 -14
right_child=1 2 8 -5 9 6 -8 -9 -10 10 -12 -13 13 -15
leaf_value=-0.016536194736383989 0.0054739536742345364 -0.01182605325939386 -0.0053459517070321705 -0.062248490336595144 -0.004044610206633807 -0.016725775136282994 0.028768647833193717 0.00606327911743862 0.027425366887389134 -0.046755329122600275 0.24874182493455949 -0.093459210546307306 0.048209899601944342 -0.092385478278791372
leaf_weight=6576 1554 14682 19920 3759 7549 2067 11980 45582 2877 2337 31 201 2198 66
leaf_count=6576 1554 14682 19920 3759 7549 2067 11980 45582 2877 2337 31 201 2198 66
internal_value=-1.70501e-12 -0.007254 -0.0105536 -0.0221041 0.00428228 0.00721563 0.0220742 0.00321397 -0.00121018 -0.0149115 -0.0428869 -0.00636362 0.0283851 0.0441113
internal_weight=121379 45056 41238 18441 76323 66205 14047 52158 22797 10118 2368 7750 3818 2264
internal_count=121379 45056 41238 18441 76323 66205 14047 52158 22797 10118 2368 7750 3818 2264
is_linear=0
shrinkage=0.01


Tree=448
num_leaves=15
num_cat=0
split_feature=8 11 11 0 13 0 17 8 7 30 29 34 2 25
split_gain=37575.7 117319 75714.6 91518.6 70545.3 62199.9 59669.4 42439.8 39732.3 38781.1 30368 29771.3 31371.8 28981.7
threshold=0.37940952255126054 0.6830127018922193 -0.24999999999999994 34.083213737060554 -1.8000062842739253 36.742692288818368 0.0067392153872045677 -0.37940952255126059 999.69960000000015 64.605618926911717 63.892775665399249 78.807034220532344 5.9750000000000005 25.059033645495941
decision_type=2 2 2 2 2 2 2 2 2 2 2 2 2 2
left_child=2 11 3 7 9 -6 8 -1 -4 -3 -8 12 -2 -5
right_child=1 4 6 13 5 -7 10 -9 -10 -11 -12 -13 -14 -15
leaf_value=0.055430322615882578 0.062170520795660801 0.041965652534090056 -0.051909127717509565 -0.054604323051618602 0.025546441209410086 0.076917243731651097 -0.017803597046143239 0.0089053902836532719 0.0023591622947845381 -0.035577809376000823 -0.045868323285052352 -0.057857352718793706 -0.0027759711678151644 -7.8884849357676719e-05
leaf_weight=4859 762 957 1439 1023 6063 3856 17928 3287 21600 1978 4912 956 31059 20700
leaf_count=4859 762 957 1439 1023 6063 3856 17928 3287 21600 1978 4912 956 31059 20700
internal_value=1.73761e-11 0.00716865 -0.00431843 0.00807241 0.0327734 0.0455168 -0.0123853 0.036657 -0.0010304 -0.0102936 -0.0238392 -0.00287264 -0.00122073 -0.00264665
internal_weight=121379 45631 75748 29869 12854 9919 45879 8146 23039 2935 22840 32777 31821 21723
internal_count=121379 45631 75748 29869 12854 9919 45879 8146 23039 2935 22840 32777 31821 21723
is_linear=0
shrinkage=0.01


Tree=449
num_leaves=15
num_cat=0
split_feature=8 11 44 5 11 0 8 6 34 24 47 29 14 30
split_gain=37065 77211.5 45386.6 80316.8 40680.6 72241.4 67401.7 54628.7 45895.2 34333.8 25938.1 22888.6 22701.5 20715
threshold=0.78656609248549325 0.6830127018922193 1.0000000180025095e-35 97.500000000000014 -0.24999999999999994 34.083213737060554 -0.37940952255126059 4.7055252500000009 66.859790874524734 24.567867821824837 1.0000000180025095e-35 84.02285190209605 1.1110124779463997 155.85656645171497
decision_type=2 2 2 2 2 2 2 2 2 2 2 2 2 2
left_child=4 11 13 -4 5 6 -1 10 -9 -7 -6 12 -2 -3
right_child=1 2 3 -5 7 9 -8 8 -10 -11 -12 -13 -14 -15
leaf_value=0.054876019302890724 -0.0068713974037953032 0.024777903231428988 0.1142028303143255 -0.016847960277941651 0.0015923949229958722 -0.0049088039503106771 0.0037489789357601382 -0.0094805867721321924 -0.037059440873780956 0.071512657160562348 0.03618441874461388 -0.081097182034577303 0.016806865031185923 -0.10771468292090518
leaf_weight=4859 11629 4768 1593 662 15279 26938 5494 32968 7386 601 2526 343 6212 121
leaf_count=4859 11629 4768 1593 662 15279 26938 5494 32968 7386 601 2526 343 6212 121
internal_value=-2.68854e-12 0.0107612 0.0386169 0.0757303 -0.00283766 0.00522499 0.0277446 -0.00809066 -0.0145283 -0.00324101 0.00649997 -0.000182554 0.00137306 0.0214988
internal_weight=121379 25328 7144 2255 96051 37892 10353 58159 40354 27539 17805 18184 17841 4889
internal_count=121379 25328 7144 2255 96051 37892 10353 58159 40354 27539 17805 18184 17841 4889
is_linear=0
shrinkage=0.01


Tree=450
num_leaves=15
num_cat=0
split_feature=8 2 8 14 13 9 13 14 0 13 18 39 6 35
split_gain=36459.8 73641.6 49955.4 62667.3 64165.1 49755.3 39583.7 42608 37568 41403.5 29086.9 25520.1 18198.8 10058.6
threshold=0.37940952255126054 10.375000000000002 -0.60355339059327362 4.3112018969448505 0.71999799809851484 -0.12940952255126037 -2.1657987964042347 -0.35999292733049687 34.083213737060554 0.75558992911191514 0.036506833538100025 62.009664131812436 21.376844500000001 109.40886355164477
decision_type=2 2 2 2 2 2 2 2 2 2 2 2 2 2
left_child=2 8 3 4 -1 -5 12 -8 -2 -10 13 -12 -3 -4
right_child=1 6 10 5 -6 -7 7 -9 9 -11 11 -13 -14 -15
leaf_value=0.023435406014172259 -0.012774326821361877 -0.017312638677531637 0.02830593265952111 -0.001926643148523975 -0.006376003951921381 -0.061163744590166547 -0.0028964317398816014 0.023878921572284807 0.014268978205792277 0.059895736168361684 -0.0085076059416474819 -0.026813187520612281 0.086090262921989999 0.1393137706646865
leaf_weight=16555 1601 10543 1127 3615 12804 2333 15605 9599 3495 4615 28883 10343 173 88
leaf_count=16555 1601 10543 1127 3615 12804 2333 15605 9599 3495 4615 28883 10343 173 88
internal_value=-1.13203e-11 0.0070614 -0.00425382 0.0044375 0.0104341 -0.0251614 0.000456053 0.00730102 0.0314939 0.0402329 -0.0118418 -0.0133344 -0.0156433 0.036346
internal_weight=121379 45631 75748 35307 29359 5948 35920 25204 9711 8110 40441 39226 10716 1215
internal_count=121379 45631 75748 35307 29359 5948 35920 25204 9711 8110 40441 39226 10716 1215
is_linear=0
shrinkage=0.01


Tree=451
num_leaves=15
num_cat=0
split_feature=5 24 10 0 2 14 2 8 40 2 9 8 10 12
split_gain=37144.8 48004.5 98273.6 43711.6 60083.5 52265.6 36731.4 48052.1 31852.8 31283.5 39733.7 29408.7 28280.7 24329.4
threshold=1.0000000180025095e-35 41.565554452864454 -0.6830127018922193 36.742692288818368 7.9750000000000005 3.2376940494837121 13.625000000000002 0.37940952255126054 90.499058983128592 22.525000000000002 0.1294095225512602 -0.60355339059327362 0.25000000000000011 1.0000000180025095e-35
decision_type=2 2 2 2 2 2 2 2 2 2 2 2 2 2
left_child=1 6 13 9 12 -6 7 -1 -8 10 -2 -11 -5 -3
right_child=3 2 -4 4 5 -7 8 -9 -10 11 -12 -13 -14 -15
leaf_value=0.00050983466298447214 0.0061950134258826218 0.25662560572624205 -0.055985317145828654 0.042673269032256149 -0.011845462747300346 -0.045649619234758687 0.0041807635709894455 0.045457053046593081 -0.035305418451569176 0.042929913093338226 -0.015027899275179966 0.0023627372831299107 -0.0045170522354137837 0.56721179585707815
leaf_weight=4576 23958 75 113 2426 19897 5939 33412 4953 2176 3326 13963 3862 2665 38
leaf_count=4576 23958 75 113 2426 19897 5939 33412 4953 2176 3326 13963 3862 2665 38
internal_value=-9.59068e-12 0.00716361 0.152543 -0.00427192 -0.0134289 -0.0196161 0.00643538 0.0238726 0.00176641 0.00200615 -0.00161954 0.0211338 0.0179704 0.361071
internal_weight=121379 45343 226 76036 30927 25836 45117 9529 35588 45109 37921 7188 5091 113
internal_count=121379 45343 226 76036 30927 25836 45117 9529 35588 45109 37921 7188 5091 113
is_linear=0
shrinkage=0.01


Tree=452
num_leaves=13
num_cat=0
split_feature=7 31 29 6 5 8 25 11 19 19 24 24
split_gain=37152.6 35676.5 44407.7 39354.5 40528.1 30286.6 26627.7 19903.4 13657.9 13542.2 5952.06 5935.86
threshold=992.80700000000013 25.046296296296298 73.939638783269984 15.030808000000002 97.500000000000014 0.25881904510252091 84.180763608919122 -0.5 1.6779394001630543 2.1411030554939585 14.820492935666726 11.050249667558196
decision_type=2 2 2 2 2 2 2 2 2 2 2 2
left_child=6 2 5 4 -3 -2 8 -5 11 -4 -8 -1
right_child=1 3 9 7 -6 -7 10 -9 -10 -11 -12 -13
leaf_value=-0.01868666886334756 -0.01784736311693777 0.0083598163131659142 -0.0813591646944897 -0.0016374855732057306 -0.0078387480020759674 0.010475920726798052 -0.38545558843761685 -0.027603854994008196 0.12927806978716569 0.020700176550316161 -0.17455582141876222 -0.10756492408241337
leaf_weight=108 11193 71244 1125 5933 19721 5697 32 5875 34 147 23 247
leaf_count=108 11193 71244 1125 5933 19721 5697 32 5875 34 147 23 247
internal_value=-6.63749e-13 0.000335226 -0.0125851 0.0026185 0.00484801 -0.00829391 -0.0913077 -0.0145569 -0.0621883 -0.0695646 -0.297261 -0.0805259
internal_weight=121379 120935 18162 102773 90965 16890 444 11808 389 1272 55 355
internal_count=121379 120935 18162 102773 90965 16890 444 11808 389 1272 55 355
is_linear=0
shrinkage=0.01


Tree=453
num_leaves=15
num_cat=0
split_feature=7 10 42 46 33 39 16 11 29 47 22 10 15 22
split_gain=36915.1 65296 55740.1 74333.1 48432.9 43009.1 38168.8 49676.5 40800.9 36163.8 49041 40779.9 26534.6 24440.3
threshold=1006.5004000000001 0.25000000000000011 1.0000000180025095e-35 1.0000000180025095e-35 96.367646215870238 65.741920152091268 0.31613842500000078 -0.24999999999999994 21.180555555555561 1.0000000180025095e-35 105.47319932998327 0.25000000000000011 0.12474218514259426 109.20770519262983
decision_type=2 2 2 2 2 2 2 2 2 2 2 2 2 2
left_child=1 6 4 -4 -3 9 8 -8 -1 10 -2 -11 -7 -14
right_child=5 2 3 -5 -6 12 7 -9 -10 11 -12 -13 13 -15
leaf_value=0.33676195640649115 0.0076423691697787297 0.0030083339613205429 -0.05296544870051114 -0.0077177539775412154 -0.30015712003100592 0.012844008053888236 0.010607536011127287 -0.0087125537787129895 0.043060429731395199 -0.0060209469309155774 0.12317322594724515 0.065765921124891366 -0.030103424653228631 0.039208595775200854
leaf_weight=49 29845 9199 7195 7329 53 2929 25633 27680 1363 1170 372 2445 5557 560
leaf_count=49 29845 9199 7195 7329 53 2929 25633 27680 1363 1170 372 2445 5557 560
internal_value=-1.97333e-11 -0.00407577 -0.0179124 -0.0301329 0.00127165 0.00746192 0.00193572 0.000576585 0.0532526 0.0126407 0.00906466 0.042532 -0.0119067 -0.023758
internal_weight=121379 78501 23776 14524 9252 42878 54725 53313 1412 33832 30217 3615 9046 6117
internal_count=121379 78501 23776 14524 9252 42878 54725 53313 1412 33832 30217 3615 9046 6117
is_linear=0
shrinkage=0.01


Tree=454
num_leaves=15
num_cat=0
split_feature=7 11 23 10 8 11 0 8 0 30 17 0 11 23
split_gain=36437.8 72777.3 89830.4 57519.9 46499.1 119503 56725.7 46377.2 45963.3 34729.8 32630.6 41922.2 37965.4 30081.1
threshold=1002.6995200000001 0.6830127018922193 59.805925221799761 0.25000000000000011 0.37940952255126054 0.25000000000000017 34.083213737060554 -0.60355339059327362 36.742692288818368 92.774614517454211 0.0062692541173092571 37.042691525878915 -0.24999999999999994 84.800738483290999
decision_type=2 2 2 2 2 2 2 2 2 2 2 2 2 2
left_child=1 3 -3 7 10 9 -7 -1 -5 -6 11 -2 -12 -4
right_child=4 2 13 8 5 6 -8 -9 -10 -11 12 -13 -14 -15
leaf_value=0.025325873495080697 0.01370810038664569 -0.011223576401473588 -0.078220900104519431 -0.0069672895730652053 -0.0046772790612591075 0.0026532754473000192 0.044256810877476939 -0.0031678725967750495 -0.050910718908427154 -0.067233765002866777 0.0071273050249589104 -0.020355656747009246 -0.018461573654166414 -0.1742198164593792
leaf_weight=7526 18361 2689 1118 6222 10549 4599 11404 23702 3855 969 8945 4498 16481 461
leaf_count=7526 18361 2689 1118 6222 10549 4599 11404 23702 3855 969 8945 4498 16481 461
internal_value=-2.47127e-11 -0.00706647 -0.0463792 -0.00300433 0.00424821 0.0146222 0.0323006 0.00369917 -0.023778 -0.00994011 -0.00166463 0.00700532 -0.00945927 -0.106248
internal_weight=121379 45573 4268 41305 75806 27521 16003 31228 10077 11518 48285 22859 25426 1579
internal_count=121379 45573 4268 41305 75806 27521 16003 31228 10077 11518 48285 22859 25426 1579
is_linear=0
shrinkage=0.01


Tree=455
num_leaves=14
num_cat=0
split_feature=7 25 5 24 18 35 25 2 26 19 25 26 36
split_gain=36019.9 34957.2 34987.3 46019.7 33551.5 26635.7 26050.4 21975.5 21682.4 13405.6 7268.89 6156.16 4433.26
threshold=992.80700000000013 25.840230836032486 1.0000000180025095e-35 41.565554452864454 0.078021519358950034 30.567632850241548 84.180763608919122 2.5250000000000004 14.609254876040596 1.1926697963178043 52.336079425433049 19.605797604926064 52.678284748626965
decision_type=2 2 2 2 2 2 2 2 2 2 2 2 2
left_child=6 5 3 -3 -4 7 9 -2 -7 10 -1 -8 -11
right_child=1 2 4 -5 -6 8 11 -9 -10 12 -12 -13 -14
leaf_value=-0.047808230064703895 0.2989718433662697 0.0077394954545496409 0.028175748199966787 0.1508072980584379 -0.0043408436672232008 -0.022820633723381452 -0.4231880866668441 0.010074312918513142 -0.075352714713466454 -0.0024090474843978882 -0.14347565418387961 -0.20723077806559478 0.18591537647247314
leaf_weight=212 27 43533 3326 226 69086 2538 22 1061 1138 25 127 33 25
leaf_count=212 27 43533 3326 226 69086 2538 22 1061 1138 25 127 33 25
internal_value=-1.86706e-11 0.000330077 0.00141883 0.00847839 -0.0028473 -0.0262194 -0.0899051 0.0172436 -0.0390833 -0.0611031 -0.0836482 -0.293614 0.0917532
internal_weight=121379 120935 116171 43759 72412 4764 444 1088 3676 389 339 55 50
internal_count=121379 120935 116171 43759 72412 4764 444 1088 3676 389 339 55 50
is_linear=0
shrinkage=0.01


Tree=456
num_leaves=15
num_cat=0
split_feature=7 2 15 18 28 3 40 36 39 24 3 47 23 20
split_gain=35842.2 84304.9 61298.5 44769.5 38945 37354 36693.5 72516.5 36087.8 31482.8 23486.8 23098.4 21485 13419.3
threshold=1007.2001500000001 12.125000000000002 0.34314707396284627 0.036506833538100025 99.608465330454564 24.001724000000003 87.333397023138531 64.301436417406009 68.160065483734698 15.06726022034252 8.0038885000000022 1.0000000180025095e-35 80.847202319158114 65.550950570342224
decision_type=2 2 2 2 2 2 2 2 2 2 2 2 2 2
left_child=2 5 3 12 -5 13 7 -4 10 -7 -3 -8 -1 -2
right_child=1 8 6 4 -6 9 11 -9 -10 -11 -12 -13 -14 -15
leaf_value=0.028304774090282474 -0.040365223725771608 -0.17797201109559249 0.0033887930004668611 -0.014483647546644175 0.06698128459946949 0.015245585974885914 -0.040269762694551139 0.049709092063541072 -0.036462107418193154 0.04298244545949724 0.00058882941961253062 0.042916484970425696 0.1374691301815586 -0.23343485320607824
leaf_weight=1020 72 74 32360 42723 595 11882 2468 3774 3307 6242 16185 386 219 72
leaf_count=1020 72 74 32360 42723 595 11882 2468 3774 3307 6242 16185 386 219 72
internal_value=6.3493e-12 0.00807504 -0.00365684 -0.0116694 -0.0133647 0.0235237 0.00550024 0.0082267 -0.00634876 0.0247983 -0.000223859 -0.0290189 0.0476002 -0.1369
internal_weight=121379 37834 83545 44557 43318 18268 38988 36134 19566 18124 16259 2854 1239 144
internal_count=121379 37834 83545 44557 43318 18268 38988 36134 19566 18124 16259 2854 1239 144
is_linear=0
shrinkage=0.01


Tree=457
num_leaves=15
num_cat=0
split_feature=7 25 10 44 25 12 10 39 31 7 8 10 9 17
split_gain=35542.4 64810.6 53053.1 61565.7 52891.7 87801.2 59147 44472.2 47819.1 38614.4 33351.7 28060.3 8587.41 6828.47
threshold=1002.6995200000001 125.85672951532679 0.25000000000000011 1.0000000180025095e-35 102.24348231534161 1.0000000180025095e-35 0.68301270189221941 67.599862695395032 59.211026615969594 1004.6003850000001 -0.60355339059327362 -0.93301270189221908 -0.37940952255126015 0.0065811241721247154
decision_type=2 2 2 2 2 2 2 2 2 2 2 2 2 2
left_child=1 2 10 -4 7 9 -7 8 -2 -6 -1 -9 -3 -14
right_child=4 12 3 -5 5 6 -8 11 -10 -11 -12 -13 13 -15
leaf_value=0.017529206462702181 0.0025324986267902441 -0.32495794854265575 -0.0074281716319142153 -0.055915137294344705 -0.098446012621308546 0.202489906187935 -0.25609553337097168 -0.066293271450586222 0.025986346893089193 0.042041631087334268 -0.0056204394961771173 -0.0094205260822147734 -0.010092227199803228 -0.20481274744114245
leaf_weight=8191 49698 47 7208 4113 243 450 30 930 10536 1004 25908 12915 23 83
leaf_count=8191 49698 47 7208 4113 243 450 30 930 10536 1004 25908 12915 23 83
internal_value=-6.94559e-12 -0.0069791 -0.00628696 -0.0250438 0.00419569 0.0589027 0.173828 0.00292031 0.00663499 0.0146651 -5.96093e-05 -0.0132408 -0.212448 -0.162562
internal_weight=121379 45573 45420 11321 75806 1727 480 74079 60234 1247 34099 13845 153 106
internal_count=121379 45573 45420 11321 75806 1727 480 74079 60234 1247 34099 13845 153 106
is_linear=0
shrinkage=0.01


Tree=458
num_leaves=15
num_cat=0
split_feature=8 2 18 2 7 26 13 10 1 25 10 30 10 26
split_gain=35197 56623.9 35817.1 42017.9 44586.8 37699.1 26663.9 25270 29713.7 25642.5 24999.5 34011.5 20682.8 15324.9
threshold=0.78656609248549325 9.6250000000000018 0.20299999999999996 27.725000000000005 1001.3998 45.22162611477458 -2.4722931380566395 0.25000000000000011 -118.21337597412109 33.080029808008263 0.93301270189221952 94.807167969123199 1.0000000180025095e-35 18.261311988009115
decision_type=2 2 2 2 2 2 2 2 2 2 2 2 2 2
left_child=2 7 10 4 -4 -5 -3 9 -9 -2 13 -12 -8 -1
right_child=1 6 3 5 -6 -7 12 8 -10 -11 11 -13 -14 -15
leaf_value=0.015063643150954001 0.19503940120960278 -0.014474703225246336 -0.021772966159116908 0.010637591375337796 -0.0032329159796157759 0.22702923233494346 0.019911939775820547 0.011861489496655837 0.10475968760237024 0.060469177175274384 -0.020825854042252172 -0.29792131644028885 -0.004472997231233026 0.050733256941913288
leaf_weight=4348 156 5944 16570 13309 59726 81 9122 2552 398 1534 299 52 5622 1666
leaf_count=4348 156 5944 16570 13309 59726 81 9122 2552 398 1534 299 52 5622 1666
internal_value=-3.97593e-12 0.0104865 -0.00276523 -0.00439201 -0.00725945 0.0119466 0.00340545 0.0420583 0.0243949 0.072891 0.020157 -0.061877 0.0106138 0.0249448
internal_weight=121379 25328 96051 89686 76296 13390 20688 4640 2950 1690 6365 351 14744 6014
internal_count=121379 25328 96051 89686 76296 13390 20688 4640 2950 1690 6365 351 14744 6014
is_linear=0
shrinkage=0.01


Tree=459
num_leaves=15
num_cat=0
split_feature=5 18 17 7 48 44 31 24 22 44 26 11 10 30
split_gain=35007.6 48080.3 40321.3 38593.9 70669.2 59416.1 37092.8 67247.8 27985.2 22944.1 25616.3 19316.3 18074.5 18439
threshold=48.500000000000007 0.1220076696876501 0.014975966619048367 1008.3002700000001 1.0000000180025095e-35 1.0000000180025095e-35 59.016265314744416 37.230202386214891 25.598290598290603 1.0000000180025095e-35 40.72839735990835 0.25000000000000017 0.93301270189221952 92.774614517454211
decision_type=2 2 2 2 2 2 2 2 2 2 2 2 2 2
left_child=2 12 6 5 -5 -3 8 -8 -1 11 -11 -4 -2 -14
right_child=1 3 9 4 -6 -7 7 -9 -10 10 -12 -13 13 -15
leaf_value=-0.016197170558038449 0.032262006193040496 -0.0073190766882598362 0.0013544182097421139 0.027228655450565211 -0.020909344871275028 -0.038939511600988956 0.018644468369369959 0.19447366522717802 0.0058791516064494662 -0.045065559221462152 0.24426111109795109 -0.039577785374036729 -0.019889271107770629 -0.26535374446495158
leaf_weight=6571 3604 20641 6384 6530 5722 8345 13807 221 45523 2379 31 1407 177 37
leaf_count=6571 3604 20641 6384 6530 5722 8345 13807 221 45523 2379 31 1407 177 37
internal_value=-1.52334e-12 -0.00698974 0.00412627 -0.010133 0.00474697 -0.0164225 0.00698115 0.0214145 0.0030945 -0.0143788 -0.0413439 -0.00603765 0.0269601 -0.0623294
internal_weight=121379 45056 76323 41238 12252 28986 66122 14028 52094 10201 2410 7791 3818 214
internal_count=121379 45056 76323 41238 12252 28986 66122 14028 52094 10201 2410 7791 3818 214
is_linear=0
shrinkage=0.01


Tree=460
num_leaves=15
num_cat=0
split_feature=7 27 12 23 1 26 10 39 27 26 4 13 10 10
split_gain=34727.4 34126.4 52767.1 47207.8 34364 47404.7 44676.5 26154.1 18044.7 14158.5 10299.5 6762.82 6593.47 7815.06
threshold=992.80700000000013 151.17525035765382 1.0000000180025095e-35 104.93012702749412 -118.21337597412109 10.733778019036221 0.68301270189221941 54.916666666666679 55.289184621884253 16.646142989231233 0.15000000000000005 -6.4171574814322936 0.68301270189221941 1.0000000180025095e-35
decision_type=2 2 2 2 2 2 2 2 2 2 2 2 2 2
left_child=8 4 7 -4 6 -6 -2 -3 12 10 -10 -11 13 -1
right_child=1 2 3 -5 5 -7 -8 -9 9 11 -12 -13 -14 -15
leaf_value=-0.038368836921974292 0.00095658878750578831 0.10354671087241979 0.070273244046364675 0.29986861274772281 -0.017883572970529164 0.021724769743471671 -0.015356200887836445 -0.026702965107431868 0.1270785145326094 -0.11943365020348745 -0.14904349703448161 -0.28910713330695503 -0.089543650694807672 0.12487503924020907
leaf_weight=103 81229 207 270 134 3899 13429 21163 604 22 34 35 76 133 41
leaf_count=103 81229 207 270 134 3899 13429 21163 604 22 34 35 76 133 41
internal_value=7.24316e-12 0.000324101 0.0530549 0.146426 -0.000211048 0.0128124 -0.00241504 0.00654202 -0.0882773 -0.170381 -0.0424701 -0.236663 -0.0387777 0.00811032
internal_weight=121379 120935 1215 404 119720 17328 102392 811 444 167 57 110 277 144
internal_count=121379 120935 1215 404 119720 17328 102392 811 444 167 57 110 277 144
is_linear=0
shrinkage=0.01


Tree=461
num_leaves=15
num_cat=0
split_feature=31 29 6 47 26 10 44 10 42 26 2 2 2 2
split_gain=33611.5 43108.2 38984.9 36692.9 56065.3 49549.5 29066.1 28874.2 26731.7 20035 17099.4 14729.3 12227.7 11637.7
threshold=25.046296296296298 73.939638783269984 15.030808000000002 1.0000000180025095e-35 9.8269913953113406 0.25000000000000011 1.0000000180025095e-35 -0.5 1.0000000180025095e-35 40.72839735990835 14.425000000000002 26.525000000000002 14.225000000000001 21.375000000000004
decision_type=2 2 2 2 2 2 2 2 2 2 2 2 2 2
left_child=1 7 3 5 -5 -2 13 10 -9 -8 -1 12 -3 -4
right_child=2 11 6 4 -6 -7 9 8 -10 -11 -12 -13 -14 -15
leaf_value=0.00099058654662408877 0.0074315290969709123 -0.040077988885916842 -0.019340497138924179 -0.023165142469447265 0.030869855271857396 -0.0094987451050590511 -0.043713647604167523 0.015051296731265996 -0.015782415609017639 0.20037166428916597 -0.037687303471805697 0.027714476915644416 -0.10730654909928625 0.0039740787901366773
leaf_weight=1592 53198 448 3612 2378 9974 25608 3077 6129 5195 34 4053 141 683 5257
leaf_count=1592 53198 448 3612 2378 9974 25608 3077 6129 5195 34 4053 141 683 5257
internal_value=-1.68175e-11 -0.0125129 0.00221303 0.00444182 0.0204671 0.00193004 -0.0147463 -0.00830396 0.000906018 -0.041046 -0.0267794 -0.0686616 -0.0806767 -0.00552104
internal_weight=121379 18241 103138 91158 12352 78806 11980 16969 11324 3111 5645 1272 1131 8869
internal_count=121379 18241 103138 91158 12352 78806 11980 16969 11324 3111 5645 1272 1131 8869
is_linear=0
shrinkage=0.01


Tree=462
num_leaves=15
num_cat=0
split_feature=8 2 18 2 35 8 13 10 47 25 10 31 31 29
split_gain=34376.6 55529.5 34469 40764.5 31909.6 31587.7 26145 24474 28692.3 25192.3 24156.9 20276.3 13545.4 13171.7
threshold=0.78656609248549325 9.6250000000000018 0.20299999999999996 27.725000000000005 94.043898198215444 -0.5 -2.4722931380566395 0.25000000000000011 1.0000000180025095e-35 33.080029808008263 0.93301270189221952 67.512991128010157 62.939480354879606 69.464247993240406
decision_type=2 2 2 2 2 2 2 2 2 2 2 2 2 2
left_child=2 7 10 4 -4 -5 13 9 -9 -2 -1 -8 -12 -3
right_child=1 6 3 5 -6 -7 11 8 -10 -11 12 -13 -14 -15
leaf_value=0.024460361263061458 0.19304324370832782 -0.0087405792052249465 -0.0051479425064213441 0.024981731826437654 -0.028011590375949958 -0.006083765006373431 0.005867669305334419 0.011929669235993106 0.10321725617738524 0.059659701997807034 -0.083788605031940161 0.040246451910508574 0.10761291641564596 -0.053830056043845172
leaf_weight=6014 156 5204 69605 7693 6691 5697 12762 2552 398 1534 309 1982 42 740
leaf_count=6014 156 5204 69605 7693 6691 5697 12762 2552 398 1534 309 1982 42 740
internal_value=7.7611e-12 0.0103636 -0.00273281 -0.00432869 -0.00715304 0.0117644 0.00335129 0.0416288 0.0242458 0.071972 0.0197539 0.0104891 -0.0608859 -0.014354
internal_weight=121379 25328 96051 89686 76296 13390 20688 4640 2950 1690 6365 14744 351 5944
internal_count=121379 25328 96051 89686 76296 13390 20688 4640 2950 1690 6365 14744 351 5944
is_linear=0
shrinkage=0.01


Tree=463
num_leaves=15
num_cat=0
split_feature=7 11 23 39 31 23 26 24 26 26 33 7 23 26
split_gain=34247 70145 87906.5 42602.7 72941.3 63535.1 39718.9 67261.2 38340 44044.8 35599.6 31422.1 29299.9 28472.4
threshold=1002.6995200000001 0.6830127018922193 59.805925221799761 67.599862695395032 59.211026615969594 135.74741517245619 37.086813248856139 26.786362697526823 27.660310883241461 19.911077432222299 30.567632850241548 1007.4002250000001 84.800738483290999 29.851172853914118
decision_type=2 2 2 2 2 2 2 2 2 2 2 2 2 2
left_child=1 6 -3 4 11 -6 10 -8 9 -5 -1 -2 -4 -10
right_child=3 2 12 8 5 -7 7 -9 13 -11 -12 -13 -14 -15
leaf_value=-0.031988368829100285 -0.0052067186267669421 -0.010668824726355745 -0.077009398358605791 -0.0075304753637283756 0.028956464340348122 0.29722977892736369 -0.043038285441032727 0.20459672614838931 0.10069544746840406 -0.053216703784976151 -0.00078290839623782957 0.010635157990526905 -0.17175366482271162 0.0075241425188561518
leaf_weight=4059 25147 2689 1118 10547 10902 89 202 240 472 2638 36804 24936 461 1075
leaf_count=4059 25147 2689 1118 10547 10902 89 202 240 472 2638 36804 24936 461 1075
internal_value=1.2037e-11 -0.00685074 -0.045446 0.00411852 0.0078004 0.0311288 -0.00286274 0.0914242 -0.0111453 -0.0166712 -0.00388261 0.00268085 -0.104671 0.0359513
internal_weight=121379 45573 4268 75806 61074 10991 41305 442 14732 13185 40863 50083 1579 1547
internal_count=121379 45573 4268 75806 61074 10991 41305 442 14732 13185 40863 50083 1579 1547
is_linear=0
shrinkage=0.01


Tree=464
num_leaves=15
num_cat=0
split_feature=5 18 27 12 26 6 7 0 3 25 1 6 10 26
split_gain=34002.9 46236.2 43153.9 39964.8 55716.9 37378.5 37199.1 71172.1 45648.9 27199 27160.1 19010.6 17430.8 16990.2
threshold=48.500000000000007 0.1220076696876501 141.75125628140708 1.0000000180025095e-35 27.238525809559807 15.030808000000002 1008.4000500000001 37.042691525878915 40.606745000000011 125.85672951532679 -119.7866065258789 27.001200000000004 0.93301270189221952 16.646142989231233
decision_type=2 2 2 2 2 2 2 2 2 2 2 2 2 2
left_child=2 12 5 9 -5 10 8 -8 -3 -4 -1 -7 13 -2
right_child=1 6 3 4 -6 11 7 -9 -10 -11 -12 -13 -14 -15
leaf_value=-0.0043727907999992653 0.014486997010258407 0.013699957124581288 0.046024379959270723 0.067098186833286708 0.34088376563574585 -0.012481009190745594 0.027997761258644234 -0.020795150252473568 -0.021297984513325825 -0.16996204414275976 0.010000134083416315 -0.099277740983889376 -0.061281440461350381 0.059141542918147189
leaf_weight=18248 2222 4384 566 221 112 9815 6305 5685 24864 65 47037 259 214 1382
leaf_count=18248 2222 4384 566 221 112 9815 6305 5685 24864 65 47037 259 214 1382
internal_value=-3.90089e-12 -0.00688871 0.00406663 0.0705497 0.159182 0.00321617 -0.00997107 0.00486284 -0.0160521 0.0237754 0.00598272 -0.0147125 0.0264037 0.0316104
internal_weight=121379 45056 76323 964 333 75359 41238 11990 29248 631 65285 10074 3818 3604
internal_count=121379 45056 76323 964 333 75359 41238 11990 29248 631 65285 10074 3818 3604
is_linear=0
shrinkage=0.01


Tree=465
num_leaves=15
num_cat=0
split_feature=8 11 11 0 26 13 0 17 8 7 32 30 14 1
split_gain=33870.6 106753 71607.7 86597.3 93738.7 65255.8 58771.5 52668.8 39660.1 38840.1 38783.3 37815.5 28440.3 40282.1
threshold=0.37940952255126054 0.6830127018922193 -0.24999999999999994 34.083213737060554 45.22162611477458 -1.8000062842739253 36.742692288818368 0.0068637033671697769 -0.37940952255126059 999.69960000000015 66.114543726235752 64.605618926911717 0.5399990478520561 -118.21337597412109
decision_type=2 2 2 2 2 2 2 2 2 2 2 2 2 2
left_child=2 12 3 8 -5 11 -7 9 -1 -4 -9 -3 -2 -14
right_child=1 5 7 4 -6 6 -8 10 -10 -11 -12 -13 13 -15
leaf_value=0.053903639944018977 -0.0096568461208031281 0.041414108747614461 -0.051116031391113328 -0.0036578703676092513 0.36287357664959774 0.024074667455019003 0.074009645059743431 -0.016768714253920357 0.0089281345848778934 0.0017811255602780099 -0.051029828566614692 -0.035157914074162293 -0.00019060045323454096 0.044544438690189654
leaf_weight=4859 21198 957 1481 21653 70 6063 3856 18238 3287 22125 4035 1978 8985 2594
leaf_count=4859 21198 957 1481 21653 70 6063 3856 18238 3287 22125 4035 1978 8985 2594
internal_value=-5.89071e-11 0.00680605 -0.0041 0.00795011 -0.00247676 0.0312305 0.0434868 -0.0119451 0.0357555 -0.00153755 -0.0229755 -0.0101905 -0.00277237 0.00983122
internal_weight=121379 45631 75748 29869 21723 12854 9919 45879 8146 23606 22273 2935 32777 11579
internal_count=121379 45631 75748 29869 21723 12854 9919 45879 8146 23606 22273 2935 32777 11579
is_linear=0
shrinkage=0.01


Tree=466
num_leaves=15
num_cat=0
split_feature=5 0 2 30 24 32 14 2 8 40 22 36 2 26
split_gain=33552.9 41020 48858.4 42811.3 39248.8 48050.8 34071.3 32799.2 47190.4 36790.6 30826.6 33956.5 31172 24619.8
threshold=1.5000000000000002 36.742692288818368 9.8750000000000018 68.514786649767657 37.230202386214891 127.22361809045229 3.599995542082405 13.625000000000002 0.37940952255126054 90.499058983128592 152.64735336194568 52.121039290240823 26.025000000000002 31.117853533800361
decision_type=2 2 2 2 2 2 2 2 2 2 2 2 2 2
left_child=4 10 6 -4 7 13 -3 8 -1 -9 12 -12 -2 -6
right_child=1 2 3 -5 5 -7 -8 9 -10 -11 11 -13 -14 -15
leaf_value=-0.00054662545027821501 -0.0012595737734208581 0.024656763514888068 -0.011187867512668037 -0.040996269609274966 -0.080561239984567448 0.35471363071294931 -0.017814610765846447 0.0037524922052878107 0.041687204815788331 -0.037003818180497132 0.20960266261692817 -0.014392615182986181 0.030761886446124296 0.11249606247043663
leaf_weight=5155 38732 4775 14333 7258 93 65 3125 36249 5435 2359 149 124 3299 228
leaf_count=5155 38732 4775 14333 7258 93 65 3125 36249 5435 2359 149 124 3299 228
internal_value=1.20147e-11 -0.00436935 -0.0134224 -0.0212082 0.00632659 0.10677 0.00785638 0.00553852 0.0211286 0.00126223 0.00194175 0.107861 0.00125378 0.0565636
internal_weight=121379 71795 29491 21591 49584 386 7900 49198 10590 38608 42304 273 42031 321
internal_count=121379 71795 29491 21591 49584 386 7900 49198 10590 38608 42304 273 42031 321
is_linear=0
shrinkage=0.01


Tree=467
num_leaves=14
num_cat=0
split_feature=7 25 11 7 44 11 30 25 24 15 25 26 11
split_gain=33451 32930.9 50059.4 30368 124050 56561 28838.6 24881.9 20288.6 12733.9 6685 6066.13 4436.84
threshold=992.80700000000013 25.840230836032486 0.93301270189221952 1007.2001500000001 1.0000000180025095e-35 -0.24999999999999994 110.27227652757607 84.180763608919122 8.0371285368520606 0.43108203504176584 52.336079425433049 19.605797604926064 -0.24999999999999994
decision_type=2 2 2 2 2 2 2 2 2 2 2 2 2
left_child=7 2 6 5 -5 -3 -2 9 -4 10 -1 -9 -11
right_child=1 3 8 4 -6 -7 -8 11 -10 12 -12 -13 -14
leaf_value=-0.045418816333952935 -0.028178858433573366 0.0067390135902187596 0.032282458444913995 -0.00045839333153448999 0.045670076087700462 -0.01003135993256578 -0.16873993399522164 -0.41435065212913536 0.21820674426087711 0.17526200109294482 -0.13671761245459549 -0.19997829845005816 -0.019751070559024812
leaf_weight=212 4376 38499 130 28218 7348 42106 151 22 107 28 129 33 20
leaf_count=212 4376 38499 130 28218 7348 42106 151 22 107 28 129 33 20
internal_value=8.25386e-12 0.000318089 -0.0254504 0.00137481 0.00907183 -0.0020214 -0.0328673 -0.0866397 0.116223 -0.0584911 -0.0799571 -0.285727 0.0940066
internal_weight=121379 120935 4764 116171 35566 80605 4527 444 237 389 341 55 48
internal_count=121379 120935 4764 116171 35566 80605 4527 444 237 389 341 55 48
is_linear=0
shrinkage=0.01


Tree=468
num_leaves=15
num_cat=0
split_feature=9 5 13 44 9 45 27 26 43 27 10 15 33 4
split_gain=33033.9 33175.6 43660.7 59203.5 37124.4 40189.2 36065.3 22266.9 12636.1 19762.3 13575.2 13841.9 11690.3 10762.6
threshold=0.91597561503675351 48.500000000000007 -2.1205265752495621 1.0000000180025095e-35 -0.78656609248549325 1.0000000180025095e-35 141.75125628140708 14.44461887205067 1.0000000180025095e-35 28.928571428571434 -0.5 0.55476352682664198 57.901774397972126 1.0000000180025095e-35
decision_type=2 2 2 2 2 2 2 2 2 2 2 2 2 2
left_child=1 4 3 -3 5 -1 -6 -4 9 -2 11 -10 -12 -11
right_child=8 2 7 -5 6 -7 -8 -9 10 13 12 -13 -14 -15
leaf_value=-0.00031437950395399539 -0.044604034823785117 -0.0080719454695673855 -0.0063263129874244562 -0.054936886406434779 0.0092146232965615634 -0.044810274784688887 0.077773024096023366 0.013125834712920444 -0.055358193026190675 -0.0088597866247005792 0.016975541233212647 -0.0037686525899502965 -0.019774510107280836 -0.076034728937958138
leaf_weight=11745 2639 13281 11568 3382 51107 2454 779 11978 846 5660 3147 1350 1194 249
leaf_count=11745 2639 13281 11568 3382 51107 2454 779 11978 846 5660 3147 1350 1194 249
internal_value=1.75687e-11 0.00196529 -0.00519689 -0.0175839 0.00632307 -0.00800456 0.0102439 0.00356912 -0.0138481 -0.0218518 -0.0033822 -0.0236433 0.00686737 -0.0116905
internal_weight=121379 106294 40209 16663 66085 14199 51886 23546 15085 8548 6537 2196 4341 5909
internal_count=121379 106294 40209 16663 66085 14199 51886 23546 15085 8548 6537 2196 4341 5909
is_linear=0
shrinkage=0.01


Tree=469
num_leaves=15
num_cat=0
split_feature=8 11 44 5 1 11 0 26 8 39 8 6 36 16
split_gain=32519.6 69456.5 39994.4 61650.8 44866 38123.6 67934.1 86457.7 63027.7 52232.5 41249.1 28375.2 13008.8 16764.7
threshold=0.78656609248549325 0.25000000000000017 1.0000000180025095e-35 97.500000000000014 -118.21337597412109 -0.24999999999999994 34.083213737060554 45.22162611477458 -0.37940952255126059 65.915293620616822 0.25881904510252091 7.0967307500000008 47.705111956062538 12.0052344575
decision_type=2 2 2 2 2 2 2 2 2 2 2 2 2 2
left_child=5 12 4 -4 -3 6 8 -8 -1 10 -7 -11 -2 -14
right_child=1 2 3 -5 -6 9 7 -9 -10 11 -12 -13 13 -15
leaf_value=0.05322143502160926 0.0049502676971133978 0.0046607756298474249 0.08078329523697407 -0.019928278390783229 0.065609111458750674 -0.0086255001927255832 -0.0040939781552994511 0.30132423857847851 0.0037811535150943372 -0.012563249663233376 0.012715247186368649 -0.043361251377029467 -0.024126985975837446 0.0097567348474314457
leaf_weight=4859 6980 6377 2603 793 1490 33642 27446 93 5494 6751 12394 5372 5027 2058
leaf_count=4859 6980 6377 2603 793 1490 33642 27446 93 5494 6751 12394 5372 5027 2058
internal_value=4.39964e-12 0.0100798 0.0285852 0.0572661 0.0162043 -0.00265797 0.00514717 -0.00306257 0.0269851 -0.00774321 -0.00288006 -0.0262106 -0.00473901 -0.0142847
internal_weight=121379 25328 11263 3396 7867 96051 37892 27539 10353 58159 46036 12123 14065 7085
internal_count=121379 25328 11263 3396 7867 96051 37892 27539 10353 58159 46036 12123 14065 7085
is_linear=0
shrinkage=0.01


end of trees

feature_importances:
lat=502
target_aqi_lag_24=415
surface_pressure=414
lon=397
temperature_2m=322
target_aqi_roll_std_from_lag24_72=293
month_sin=280
wind_speed_pressure=265
cloud_cover=261
wind_u=249
target_aqi_roll_mean_from_lag24_72=247
rain=239
month_cos=211
spatial_target_aqi_sj_openmeteo_lag_24=206
hour_sin=190
wind_speed_10m=172
target_aqi_lag_48=159
target_aqi_lag_72=154
station_id_FRES=148
temp_humidity_ratio=136
target_aqi_roll_mean_from_lag24_24=120
hour_cos=115
wind_v=109
station_id_LA_OPENMETEO=108
target_aqi_roll_std_from_lag24_24=93
dry_heat_index=79
spatial_target_aqi_fres_lag_24=78
vpd_kpa=55
relative_humidity_2m=48
spatial_target_aqi_la_lag_24=47
spatial_target_aqi_la_openmeteo_lag_24=46
is_weekend=42
source_epa_aqs_station=41
dry_wind_index=40
station_id_LA=34
spatial_target_aqi_la_openmeteo_lag_48=29
spatial_target_aqi_la_lag_72=28
spatial_target_aqi_sj_openmeteo_lag_48=22
spatial_target_aqi_sj_openmeteo_lag_72=22
spatial_target_aqi_fres_openmeteo_lag_48=19
spatial_target_aqi_la_openmeteo_lag_72=19
source_openmeteo=19
spatial_target_aqi_la_lag_48=18
station_id_FRES_OPENMETEO=18
spatial_target_aqi_fres_lag_48=17
station_id_SJ_OPENMETEO=16
spatial_target_aqi_fres_openmeteo_lag_24=12
spatial_target_aqi_fres_lag_72=9
spatial_target_aqi_fres_openmeteo_lag_72=4

parameters:
[boosting: gbdt]
[objective: regression]
[metric: l2]
[tree_learner: serial]
[device_type: cpu]
[data_sample_strategy: bagging]
[data: ]
[valid: ]
[num_iterations: 1200]
[learning_rate: 0.01]
[num_leaves: 15]
[num_threads: 12]
[seed: 42]
[deterministic: 0]
[force_col_wise: 0]
[force_row_wise: 0]
[histogram_pool_size: -1]
[max_depth: 4]
[min_data_in_leaf: 20]
[min_sum_hessian_in_leaf: 0.001]
[bagging_fraction: 0.7]
[pos_bagging_fraction: 1]
[neg_bagging_fraction: 1]
[bagging_freq: 0]
[bagging_seed: 400]
[bagging_by_query: 0]
[feature_fraction: 0.7]
[feature_fraction_bynode: 1]
[feature_fraction_seed: 30056]
[extra_trees: 0]
[extra_seed: 12879]
[early_stopping_round: 0]
[early_stopping_min_delta: 0]
[first_metric_only: 0]
[max_delta_step: 0]
[lambda_l1: 0]
[lambda_l2: 0]
[linear_lambda: 0]
[min_gain_to_split: 0]
[drop_rate: 0.1]
[max_drop: 50]
[skip_drop: 0.5]
[xgboost_dart_mode: 0]
[uniform_drop: 0]
[drop_seed: 17869]
[top_rate: 0.2]
[other_rate: 0.1]
[min_data_per_group: 100]
[max_cat_threshold: 32]
[cat_l2: 10]
[cat_smooth: 10]
[max_cat_to_onehot: 4]
[top_k: 20]
[monotone_constraints: ]
[monotone_constraints_method: basic]
[monotone_penalty: 0]
[feature_contri: ]
[forcedsplits_filename: ]
[refit_decay_rate: 0.9]
[cegb_tradeoff: 1]
[cegb_penalty_split: 0]
[cegb_penalty_feature_lazy: ]
[cegb_penalty_feature_coupled: ]
[path_smooth: 0]
[interaction_constraints: ]
[verbosity: -1]
[saved_feature_importance_type: 0]
[use_quantized_grad: 0]
[num_grad_quant_bins: 4]
[quant_train_renew_leaf: 0]
[stochastic_rounding: 1]
[linear_tree: 0]
[max_bin: 255]
[max_bin_by_feature: ]
[min_data_in_bin: 3]
[bin_construct_sample_cnt: 200000]
[data_random_seed: 175]
[is_enable_sparse: 1]
[enable_bundle: 1]
[use_missing: 1]
[zero_as_missing: 0]
[feature_pre_filter: 1]
[pre_partition: 0]
[two_round: 0]
[header: 0]
[label_column: ]
[weight_column: ]
[group_column: ]
[ignore_column: ]
[categorical_feature: ]
[forcedbins_filename: ]
[precise_float_parser: 0]
[parser_config_file: ]
[objective_seed: 16083]
[num_class: 1]
[is_unbalance: 0]
[scale_pos_weight: 1]
[sigmoid: 1]
[boost_from_average: 1]
[reg_sqrt: 0]
[alpha: 0.9]
[fair_c: 1]
[poisson_max_delta_step: 0.7]
[tweedie_variance_power: 1.5]
[lambdarank_truncation_level: 30]
[lambdarank_norm: 1]
[label_gain: ]
[lambdarank_position_bias_regularization: 0]
[eval_at: ]
[multi_error_top_k: 1]
[auc_mu_weights: ]
[num_machines: 1]
[local_listen_port: 12400]
[time_out: 120]
[machine_list_filename: ]
[machines: ]
[gpu_platform_id: -1]
[gpu_device_id: -1]
[gpu_use_dp: 0]
[num_gpu: 1]

end of parameters

pandas_categorical:[]
