tree
version=v4
num_class=1
num_tree_per_iteration=1
label_index=0
max_feature_idx=48
objective=regression
feature_names=lat lon temperature_2m relative_humidity_2m rain cloud_cover wind_speed_10m surface_pressure hour_sin hour_cos month_sin month_cos is_weekend wind_u wind_v temp_humidity_ratio dry_heat_index wind_speed_pressure dry_wind_index vpd_kpa target_aqi_lag_18 target_aqi_lag_24 target_aqi_lag_36 target_aqi_roll_mean_from_lag18_18 target_aqi_roll_std_from_lag18_18 target_aqi_roll_mean_from_lag18_36 target_aqi_roll_std_from_lag18_36 spatial_target_aqi_fres_lag_18 spatial_target_aqi_fres_openmeteo_lag_18 spatial_target_aqi_la_lag_18 spatial_target_aqi_la_openmeteo_lag_18 spatial_target_aqi_sj_openmeteo_lag_18 spatial_target_aqi_fres_lag_24 spatial_target_aqi_fres_openmeteo_lag_24 spatial_target_aqi_la_lag_24 spatial_target_aqi_la_openmeteo_lag_24 spatial_target_aqi_sj_openmeteo_lag_24 spatial_target_aqi_fres_lag_36 spatial_target_aqi_fres_openmeteo_lag_36 spatial_target_aqi_la_lag_36 spatial_target_aqi_la_openmeteo_lag_36 spatial_target_aqi_sj_openmeteo_lag_36 source_epa_aqs_station source_openmeteo station_id_FRES station_id_FRES_OPENMETEO station_id_LA station_id_LA_OPENMETEO station_id_SJ_OPENMETEO
feature_infos=[34.066428999999999:37.300003051757812] [-121.89999389648438:-118.1999969482422] [-2.6000000000000001:47.700000000000003] [3:100] [0:18.899999999999999] [0:100] [0:45.572356999999997] [984.69970000000001:1027.3054] [-1:1] [-1:1] [-1:1] [-1:1] [0:1] [-37.776973261321814:34.988791027711613] [-37.440027035509083:35.280008221965105] [-0.030952380583900232:10.266663244445585] [-0.45000000000000007:44.128531985000002] [0:0.046227863434486809] [0:32.937999999999995] [0:10.15772431470675] [0:387.05405405405406] [0:387.05405405405406] [0:387.05405405405406] [0.30864197530864196:197.82776928116544] [0.15706074236421014:109.35866419422634] [0.63271604938271597:184.4331767389707] [1.2280277022944843:92.270743028698007] [0:245] [0:186.85622317596568] [0:387.05405405405406] [0:186.85622317596568] [0:186.85622317596568] [0:245] [0:186.85622317596568] [0:387.05405405405406] [0:186.85622317596568] [0:186.85622317596568] [0:245] [0:172.38054363376253] [0:387.05405405405406] [0:181.6337625178827] [0:172.38054363376253] [0:1] [0:1] [0:1] [0:1] [0:1] [0:1] [0:1]
tree_sizes=1445 1505 1521 1509 1530 1505 1524 1519 1531 1490 1522 1509 1507 1508 1509 1515 1510 1516 1523 1531 1507 1511 1513 1497 1504 1504 1527 1493 1506 1528 1510 1502 1512 1505 1522 1534 1523 1521 1495 1537 1517 1513 1531 1520 1534 1525 1527 1505 1517 1516 1520 1522 1521 1514 1533 1511 1520 1528 1504 1531 1522 1523 1523 1498 1501 1530 1509 1511 1517 1516 1527 1518 1524 1527 1525 1512 1506 1515 1482 1523 1494 1529 1515 1507 1525 1519 1522 1495 1515 1517 1521 1498 1513 1516 1518 1524 1518 1513 1524 1509 1526 1510 1514 1523 1532 1513 1512 1502 1523 1500 1523 1507 1521 1524 1530 1518 1527 1517 1519 1516 1507 1517 1511 1501 1527 1533 1519 1512 1525 1510 1525 1521 1530 1531 1520 1513 1518 1522 1523 1497 1525 1528 1510 1528 1515 1506 1537 1530 1518 1517 1531 1514 1522 1514 1524 1499 1496 1524 1517 1513 1513 1511 1520 1525 1508 1505 1514 1508 1524 1519 1506 1524 1504 1520 1521 1489 1515 1516 1519 1509 1528 1507 1511 1525 1501 1522 1497 1534 1513 1520 1505 1520 1490 1513 1533 1509 1508 1519 1550 1521 1494 1515 1522 1475 1528 1514 1494 1494 1514 1503 1518 1522 1539 1523 1512 1533 1477 1522 1537 1500 1524 1526 1505 1534 1530 1518 1487 1515 1535 1504 1517 1536 1533 1499 1539 1513 1535 1533 1508 1504 1543 1529 1508 1540 1520 1541 1521 1523 1518 1510 1524 1536 1526 1539 1519 1532 1503 1524 1505 1536 1533 1509 1516 1527 1516 1489 1530 1531 1498 1515 1500 1541 1526 1538 1522 1534 1533 1527 1534 1509 1527 1516 1509 1503 1529 1533 1525 1516 1522 1530 1532 1543 1525 1510 1545 1506 1540 1541 1533 1524 1531 1535 1528 1518 1517 1516 1517 1518 1532 1537 1544 1507 1516 1530 1533 1527 1508 1514 1533 1516 1535 1532 1522 1497 1511 1501 1534 1506 1518 1536 1519 1504 1526 1542 1528 1486 1523 1517 1529 1530 1501 1545 1521 1526 1534 1504 1517 1533 1514 1541 1502 1520 1510 1518 1541 1534 1530 1505 1535 1516 1486 1515 1513 1520 1540 1512 1541 1537 1522 1515 1535 1536 1501 1509 1497 1527 1520 1536 1520 1526 1541 1509 1522 1483 1524 1520 1547 1516 1419 1527 1512 1498 1505 1540 1528 1403 1525 1537 1507 1493 1507 1534 1510 1493 1506 1514 1530 1511 1395 1517 1505 1524 1538 1396 1533 1501 1501 1509 1506 1525 1546 1510 1505 1400 1513 1526 1545 1503 1506 1391 1547 1502 1547 1491 1525 1515 1400 1528 1507 1541 1529 1396 1524 1515 1510 1395 1516 1517 1524 1546 1504 1521 1532 1546 1401 1535 1390 1543 1528 1540 1522 1525 1531 1481 1509 1516 1502 1495 1561 1528 1494 1517 1399 1512 1517 1552 1556 1532 1391 1523 1513 1539 1409 1521 1515 1507 1561 1479 1531 1527 1521 1528 1531 1556 1378 1531 1538 1494 1531 1502 1522 1532 1524 1402 1507 1526 1526 1513 1564 1538 1525 1401 1540 1537 1505 1521 1548 1403 1496 1520 1541 1408 1520 1533 1531 1545 1537 1531 1501 1502 1520 1403 1548 1523 1514 1528 1519 1533 1548 1401 1497 1516 1528 1395 1522 1498 1539 1503 1501 1536 1543 1521 1405 1515 1490 1513 1542 1332 1523 1411 1413 1518 1521 1419 1530 1540 1532 1492 1418 1417 1518 1526 1527 1538 1411 1528 1487 1413 1486 1532 1542 1522 1500 1406 1542 1522 1539 1416 1543 1506 1411 1500 1509 1539 1512 1527 1522 1394 1488 1527 1528 1407 1510 1507 1400 1523 1482 1559 1515 1514 1528 1524 1519 1519 1517 1396 1547 1500 1518 1547 1517 1509 1533 1536 1514 1399 1517 1500 1538 1405 1503 1408

Tree=0
num_leaves=15
num_cat=0
split_feature=23 23 0 6 1 4 7 4 16 23 10 14 9 8
split_gain=1.2085e+07 3.02241e+06 2.14908e+06 879474 803571 606033 524696 478975 417137 411210 333898 332930 245389 141176
threshold=60.160329531051971 83.241143136468168 36.742692288818368 10.102840500000001 -118.21337597412109 1.0000000180025095e-35 1003.5992500000001 1.0000000180025095e-35 0.21375782999999957 69.414882349597136 -0.24999999999999994 1.4543710369490448 -0.5 0.37940952255126054
decision_type=2 2 2 2 2 2 2 2 2 2 2 2 2 2
left_child=2 5 4 8 7 9 10 -1 -4 -2 -3 -5 -8 -6
right_child=1 6 3 11 13 -7 12 -9 -10 -11 -12 -13 -14 -15
leaf_value=53.319837326905017 53.422183310589901 53.619945034500034 53.464651132794707 53.191658316553863 53.470918759154067 53.239736916000538 53.784131101145817 53.183412995135775 53.254661593460618 53.498638099444349 53.392312538193906 53.078207014283244 53.653086103562138 53.372559090615077
leaf_weight=34496 18600 1777 982 12780 3782 1421 2314 2781 25793 11314 1011 3243 3736 2376
leaf_count=34496 18600 1777 982 12780 3782 1421 2314 2781 25793 11314 1011 3243 3736 2376
internal_value=53.3443 53.4876 53.2776 53.2273 53.3271 53.4415 53.6509 53.3097 53.2624 53.4511 53.5374 53.1687 53.7032 53.433
internal_weight=126406 40173 86233 42798 43435 31335 8838 37277 26775 29914 2788 16023 6050 6158
internal_count=126406 40173 86233 42798 43435 31335 8838 37277 26775 29914 2788 16023 6050 6158
is_linear=0
shrinkage=1


Tree=1
num_leaves=15
num_cat=0
split_feature=23 23 0 17 1 4 7 23 4 13 23 10 9 8
split_gain=1.18508e+07 3.14173e+06 1.98584e+06 822626 747700 619154 514254 464840 445492 374146 353711 327254 240506 128674
threshold=59.256067220579276 83.241143136468168 36.742692288818368 0.010107121014347992 -118.21337597412109 1.0000000180025095e-35 1003.5992500000001 69.414882349597136 1.0000000180025095e-35 -1.8370257620637414 45.40178613340845 -0.24999999999999994 -0.5 0.37940952255126054
decision_type=2 2 2 2 2 2 2 2 2 2 2 2 2 2
left_child=2 5 4 10 8 7 11 -2 -1 -5 -4 -3 -8 -6
right_child=1 6 3 9 13 -7 12 -9 -10 -11 -12 -13 -14 -15
leaf_value=-0.026873274379698553 0.073250687561654065 0.27286392799390458 -0.1108240388121593 -0.26954270141198661 0.123998238338872 -0.10438747085506898 0.43540812184606731 0.1527700619524141 -0.16002394868449368 -0.14960730154007856 -0.034604056548741567 0.047507754932060976 0.30567358408954864 0.026401065469533209
leaf_weight=33130 20988 1777 16860 3284 3500 1536 2314 11314 2719 12507 9530 1011 3736 2200
leaf_count=33130 20988 1777 16860 3284 3500 1536 2314 11314 2719 12507 9530 1011 3736 2200
internal_value=-1.81184e-10 0.135625 -0.0691261 -0.11746 -0.0200568 0.0917751 0.303512 0.101103 -0.0369722 -0.17455 -0.0832994 0.191144 0.355294 0.0863292
internal_weight=126406 42676 83730 42181 41549 33838 8838 32302 35849 15791 26390 2788 6050 5700
internal_count=126406 42676 83730 42181 41549 33838 8838 32302 35849 15791 26390 2788 6050 5700
is_linear=0
shrinkage=0.01


Tree=2
num_leaves=15
num_cat=0
split_feature=25 25 0 6 1 7 4 4 31 15 1 13 25 7
split_gain=1.08448e+07 2.75566e+06 1.78442e+06 861821 723141 678966 531269 437634 414019 364250 347844 333605 263628 130134
threshold=58.071468807210259 77.727349251538655 36.742692288818368 10.102840500000001 -118.21337597412109 1003.9999500000001 1.0000000180025095e-35 1.0000000180025095e-35 101.51956550814911 0.059999999350877208 -118.21337597412109 -1.8370257620637414 91.861009110043057 1006.0001850000001
decision_type=2 2 2 2 2 2 2 2 2 2 2 2 2 2
left_child=2 6 4 9 7 8 10 -1 -3 -4 -2 -5 -7 -6
right_child=1 5 3 11 13 12 -8 -9 -10 -11 -12 -13 -14 -15
leaf_value=-0.026177766803102569 0.069289190814221718 0.12556310676940585 0.07639273905891987 -0.26329590594681762 0.060618413660022012 0.25806115351786807 -0.099841645425043923 -0.15941894823959454 0.47877877354130638 -0.088129766986000002 0.14624227428359723 -0.14929460383732951 0.37840215481533401 0.17447030065168156
leaf_weight=32122 23967 3757 1422 3246 3450 3693 1578 2670 364 25080 7781 12270 3590 1416
leaf_count=32122 23967 3757 1422 3246 3450 3693 1578 2670 364 25080 7781 12270 3590 1416
internal_value=-2.18811e-10 0.125162 -0.0685454 -0.113955 -0.0204334 0.259339 0.0792479 -0.0364029 0.156762 -0.0793021 0.0881493 -0.173144 0.317381 0.0937492
internal_weight=126406 44730 81676 42018 39658 11404 33326 34792 4121 26502 31748 15516 7283 4866
internal_count=126406 44730 81676 42018 39658 11404 33326 34792 4121 26502 31748 15516 7283 4866
is_linear=0
shrinkage=0.01


Tree=3
num_leaves=15
num_cat=0
split_feature=23 23 0 6 47 4 7 23 4 13 23 10 9 8
split_gain=1.14137e+07 3.02589e+06 1.90717e+06 799968 717202 598278 495130 449833 427567 354903 343735 319435 236517 126239
threshold=59.256067220579276 83.241143136468168 36.742692288818368 10.102840500000001 1.0000000180025095e-35 1.0000000180025095e-35 1003.5992500000001 69.414882349597136 1.0000000180025095e-35 -1.8370257620637414 45.40178613340845 -0.24999999999999994 -0.5 0.37940952255126054
decision_type=2 2 2 2 2 2 2 2 2 2 2 2 2 2
left_child=2 5 4 10 8 7 11 -2 -1 -5 -4 -3 -8 -6
right_child=1 6 3 9 13 -7 12 -9 -10 -11 -12 -13 -14 -15
leaf_value=-0.026424875564420629 0.071836560976198269 0.26834189613363885 -0.10857456954519892 -0.26322903691448768 0.12175303182130413 -0.10276093602096807 0.42811996549326048 0.15006174801676214 -0.15686918062144528 -0.14696028243988601 -0.033338042724737331 0.045694174158223834 0.29946575008677739 0.025083494673144413
leaf_weight=33130 20988 1777 16806 3320 3500 1536 2314 11314 2719 12547 9508 1011 3736 2200
leaf_count=33130 20988 1777 16806 3320 3500 1536 2314 11314 2719 12547 9508 1011 3736 2200
internal_value=3.23123e-10 0.1331 -0.0678392 -0.115206 -0.0197517 0.0900663 0.297863 0.0992355 -0.0363185 -0.171288 -0.0813895 0.187604 0.348673 0.084442
internal_weight=126406 42676 83730 42181 41549 33838 8838 32302 35849 15867 26314 2788 6050 5700
internal_count=126406 42676 83730 42181 41549 33838 8838 32302 35849 15867 26314 2788 6050 5700
is_linear=0
shrinkage=0.01


Tree=4
num_leaves=15
num_cat=0
split_feature=23 23 23 47 6 23 6 48 44 15 13 15 47 47
split_gain=1.11866e+07 2.96567e+06 1.81805e+06 712886 554495 446400 343453 305018 256647 221798 201895 145622 137187 130384
threshold=59.256067220579276 83.241143136468168 41.050368492700564 1.0000000180025095e-35 10.197528500000002 69.104468854152017 11.200285500000001 1.0000000180025095e-35 1.0000000180025095e-35 0.063427746452943148 9.7200072708156053 0.30427051130709731 1.0000000180025095e-35 1.0000000180025095e-35
decision_type=2 2 2 2 2 2 2 2 2 2 2 2 2 2
left_child=2 5 4 7 9 10 8 -4 -3 -1 -2 -8 -6 -7
right_child=1 6 3 -5 12 13 11 -9 -10 -11 -12 -13 -14 -15
leaf_value=0.029072323623217412 0.068096096420488944 0.26643236211113602 -0.030081169067123527 0.085463750370124963 -0.18231876508891337 0.11557828003507935 0.024757328666665912 -0.10051153877476367 0.38311395305398271 -0.10173776552743834 -0.08339957716363007 0.24119092916597221 0.054811859659282078 0.18618589956745576
leaf_weight=1387 20560 4091 37976 4902 12077 8601 577 7337 3496 19802 919 674 249 3758
leaf_count=1387 20560 4091 37976 4902 12077 8601 577 7337 3496 19802 919 674 249 3758
internal_value=-4.65814e-10 0.131769 -0.0671608 -0.0290923 -0.124198 0.0891656 0.294884 -0.0414851 0.320198 -0.0931751 0.0616142 0.141365 -0.177528 0.137048
internal_weight=126406 42676 83730 50215 33515 33838 8838 45313 7587 21189 21479 1251 12326 12359
internal_count=126406 42676 83730 50215 33515 33838 8838 45313 7587 21189 21479 1251 12326 12359
is_linear=0
shrinkage=0.01


Tree=5
num_leaves=15
num_cat=0
split_feature=20 1 20 6 22 16 2 43 7 1 13 27 7 36
split_gain=7.78853e+06 2.22549e+06 1.77969e+06 978413 794393 593107 557329 586305 459549 407274 357676 317972 271932 145643
threshold=59.80323193916351 -118.99998249999999 88.10709759188849 11.804439000000002 63.513941698352362 0.21375782999999957 22.425000000000001 1.0000000180025095e-35 1004.9004500000001 -118.21337597412109 1.6200001109647062 126.69011725293133 1003.9001350000001 51.006548373468533
decision_type=2 2 2 2 2 2 2 2 2 2 2 2 2 2
left_child=1 3 4 5 9 -1 7 -3 -6 -2 -5 12 -4 -13
right_child=2 6 11 10 8 -7 -8 -9 -10 -11 -12 13 -14 -15
leaf_value=0.11983840925757813 0.013429973940654927 -0.035205547459513639 0.1316232986641282 -0.25620402013703653 0.088109220836000757 -0.075651386622631295 0.10211985867980934 0.086918022211857585 0.19860220003709741 0.13295242107730967 -0.13699668288501657 0.14123616639444805 0.26373821403908021 0.43225949262613306
leaf_weight=1617 15751 17086 2449 3206 9791 38594 5917 5106 6115 3481 11712 204 4282 1095
leaf_count=1617 15751 17086 2449 3206 9791 38594 5917 5106 6115 3481 11712 204 4282 1095
internal_value=3.19062e-10 -0.056528 0.108999 -0.09345 0.0783048 -0.0677902 0.0158855 -0.007107 0.130588 0.0350636 -0.162615 0.243314 0.21567 0.386556
internal_weight=126406 83238 43168 55129 35138 40211 28109 22192 15906 19232 14918 8030 6731 1299
internal_count=126406 83238 43168 55129 35138 40211 28109 22192 15906 19232 14918 8030 6731 1299
is_linear=0
shrinkage=0.01


Tree=6
num_leaves=15
num_cat=0
split_feature=25 25 0 6 1 4 16 4 4 25 1 13 8 1
split_gain=1.00706e+07 2.56336e+06 1.66965e+06 804638 669120 508235 444204 433075 416797 405418 326916 315007 110172 87647
threshold=58.071468807210259 77.727349251538655 36.742692288818368 10.102840500000001 -118.21337597412109 1.0000000180025095e-35 0.21375782999999957 1.0000000180025095e-35 1.0000000180025095e-35 91.861009110043057 -118.21337597412109 -1.8370257620637414 0.37940952255126054 -118.21337597412109
decision_type=2 2 2 2 2 2 2 2 2 2 2 2 2 2
left_child=2 5 4 6 8 10 -4 9 -1 -3 -2 -5 -6 -7
right_child=1 7 3 11 12 13 -8 -9 -10 -11 -12 -13 -14 -15
leaf_value=-0.02489728076600501 0.066751205048568685 0.20577448473452373 0.12720180414385363 -0.25477301427726395 0.12633018162431414 -0.14796373160051352 -0.084723473925388662 -0.012633313983475336 -0.15492771877409814 0.32837067918772261 0.14135339550190645 -0.14399510470596666 0.027445328800818666 0.014221654658314915
leaf_weight=32122 23967 5633 1029 3246 3094 1100 25473 595 2670 5176 7781 12270 1772 478
leaf_count=32122 23967 5633 1029 3246 3094 1100 25473 595 2670 5176 7781 12270 1772 478
internal_value=-4.51757e-10 0.120612 -0.0660536 -0.109979 -0.0195146 0.0763288 -0.076495 0.250023 -0.034876 0.264481 0.0850352 -0.16717 0.0903203 -0.0988353
internal_weight=126406 44730 81676 42018 39658 33326 26502 11404 34792 10809 31748 15516 4866 1578
internal_count=126406 44730 81676 42018 39658 33326 26502 11404 34792 10809 31748 15516 4866 1578
is_linear=0
shrinkage=0.01


Tree=7
num_leaves=15
num_cat=0
split_feature=25 25 0 6 1 7 4 16 4 31 1 13 15 7
split_gain=9.87091e+06 2.54278e+06 1.6133e+06 788812 643829 643482 497383 436211 405695 393751 330928 305284 255558 124063
threshold=57.886418579542799 77.727349251538655 36.742692288818368 10.102840500000001 -118.21337597412109 1003.9999500000001 1.0000000180025095e-35 0.21375782999999957 1.0000000180025095e-35 101.51956550814911 -119.7866065258789 -1.8370257620637414 0.084043854175721647 1006.0001850000001
decision_type=2 2 2 2 2 2 2 2 2 2 2 2 2 2
left_child=2 6 4 7 8 9 10 -4 -1 -3 -2 -5 -7 -6
right_child=1 5 3 11 13 12 -8 -9 -10 -11 -12 -13 -14 -15
leaf_value=-0.025059703157061741 -0.004012501778166839 0.11723632488377124 0.1259297862276435 -0.25210524029865405 0.056206834963191121 0.43479613971316644 -0.097467023782394302 -0.084091017321922298 -0.1536358716207458 0.46169785076731834 0.095134948598381633 -0.14295123536104559 0.27719391037282215 0.16833828722749059
leaf_weight=31834 3819 3757 1029 3241 3383 1240 1596 25405 2659 364 28408 12235 6043 1393
leaf_count=31834 3819 3757 1029 3241 3383 1240 1596 25405 2659 364 28408 12235 6043 1393
internal_value=-1.64858e-12 0.118391 -0.0659587 -0.109111 -0.0199044 0.247522 0.0748518 -0.0759155 -0.0349714 0.147662 0.0833857 -0.16581 0.304027 0.0889118
internal_weight=126406 45227 81179 41910 39269 11404 33823 26434 34493 4121 32227 15476 7283 4776
internal_count=126406 45227 81179 41910 39269 11404 33823 26434 34493 4121 32227 15476 7283 4776
is_linear=0
shrinkage=0.01


Tree=8
num_leaves=15
num_cat=0
split_feature=25 25 25 1 4 13 4 25 1 1 4 15 1 44
split_gain=9.67482e+06 2.37068e+06 1.52773e+06 868920 476629 448577 422483 396147 366875 297259 275796 205516 83544.1 41646
threshold=58.59244003192039 77.727349251538655 37.217416561047749 -118.99998249999999 1.0000000180025095e-35 -6.1491368971168336 1.0000000180025095e-35 91.861009110043057 -118.21337597412109 -118.21337597412109 1.0000000180025095e-35 0.063427746452943148 -118.21337597412109 1.0000000180025095e-35
decision_type=2 2 2 2 2 2 2 2 2 2 2 2 2 2
left_child=2 4 10 5 9 -4 7 -3 -5 -2 11 -1 -6 -12
right_child=1 6 3 8 12 -7 -8 -9 -10 -11 13 -13 -14 -15
leaf_value=0.013652546309649061 0.067668614100998919 0.20129625285244118 -0.19680573540917298 -0.00785533822301312 -0.14568629453229118 -0.056120968396798976 -0.01437692397363296 0.32248260167448367 0.089922792273941315 0.14013689413169189 -0.19282043332473919 -0.12491522167399888 0.014796499004706422 -0.27303766452296879
leaf_weight=1129 22787 5633 2428 17327 1047 34059 595 5176 4929 7531 1615 20600 470 1080
leaf_count=1129 22787 5633 2428 17327 1047 34059 595 5176 4929 7531 1615 20600 470 1080
internal_value=1.78202e-10 0.121332 -0.0630812 -0.035445 0.0770145 -0.0654827 0.245047 0.259328 0.0137994 0.0856698 -0.12955 -0.117715 -0.0959652 -0.224967
internal_weight=126406 43239 83167 58743 31835 36487 11404 10809 22256 30318 24424 21729 1517 2695
internal_count=126406 43239 83167 58743 31835 36487 11404 10809 22256 30318 24424 21729 1517 2695
is_linear=0
shrinkage=0.01


Tree=9
num_leaves=15
num_cat=0
split_feature=23 23 23 0 4 6 7 23 6 31 8 0 9 8
split_gain=1.02503e+07 2.57331e+06 1.84608e+06 748780 542814 532140 460845 383745 336597 298596 255378 244669 225568 225418
threshold=60.160329531051971 84.371915673754401 42.368363610759054 35.400001525878913 1.0000000180025095e-35 10.197528500000002 1003.60017 69.414882349597136 12.301683000000002 101.51956550814911 0.60355339059327384 36.742692288818368 -0.5 0.60355339059327384
decision_type=2 2 2 2 2 2 2 2 2 2 2 2 2 2
left_child=2 4 5 10 7 13 9 -2 -5 -3 -4 -7 -8 -1
right_child=1 6 3 8 -6 11 12 -9 -10 -11 -12 -13 -14 -15
leaf_value=-0.065683867998968137 0.07164746076638584 0.13981023507537488 0.04729060989728813 -0.03710333719127485 -0.098764316910153471 -0.095972855105926402 0.41915694237722678 0.14457953347665295 -0.12056124057443279 0.4599068997386429 -0.0280316074378348 -0.19191147532719594 0.28950549220905897 -0.13342762138562195
leaf_weight=16040 18600 2334 14372 22667 1440 3659 2174 11786 6142 333 6554 9719 3506 7080
leaf_count=16040 18600 2334 14372 22667 1440 3659 2174 11786 6142 333 6554 9719 3506 7080
internal_value=-2.44655e-10 0.131933 -0.0614632 -0.021827 0.0909457 -0.115475 0.288214 0.0999361 -0.0548963 0.179777 0.0236998 -0.165671 0.339129 -0.0864289
internal_weight=126406 40173 86233 49735 31826 36498 8347 30386 28809 2667 20926 13378 5680 23120
internal_count=126406 40173 86233 49735 31826 36498 8347 30386 28809 2667 20926 13378 5680 23120
is_linear=0
shrinkage=0.01


Tree=10
num_leaves=15
num_cat=0
split_feature=23 23 23 0 0 6 4 17 6 0 8 13 4 14
split_gain=1.00508e+07 2.39901e+06 1.95135e+06 759496 719067 456837 432471 328853 318411 287907 232679 214931 169959 141169
threshold=63.511981880486324 46.492172463972217 84.371915673754401 35.400001525878913 36.742692288818368 10.102840500000001 1.0000000180025095e-35 0.0111948119782202 12.003749000000001 34.083213737060554 0.60355339059327384 9.4169620096129574 1.0000000180025095e-35 -1.0799915190792375
decision_type=2 2 2 2 2 2 2 2 2 2 2 2 2 2
left_child=1 4 6 10 12 -6 11 9 -5 -4 -3 -2 -1 -9
right_child=2 3 7 8 5 -7 -8 13 -10 -11 -12 -13 -14 -15
leaf_value=-0.041378022719962784 0.12244976598745382 0.060434752112370642 0.15878198644344702 -0.021775058144047784 -0.10052173258910499 -0.18108365074466573 -0.091927559421406235 0.20297226119824413 -0.11003610087216607 0.33725368128863059 -0.0086956294266199302 -0.045288329791992599 -0.14452646442124287 -0.034674050502769629
leaf_weight=15807 21530 16102 1061 19506 17641 11712 1042 823 5171 6104 6979 792 1777 359
leaf_count=15807 21530 16102 1061 19506 17641 11712 1042 823 5171 6104 6979 792 1777 359
internal_value=1.35087e-10 -0.0516009 0.15409 -0.00170249 -0.102372 -0.132666 0.107203 0.285332 -0.0402699 0.310825 0.0395318 0.116498 -0.051802 0.130794
internal_weight=126406 94695 31711 47758 46937 29353 23364 8347 24677 7165 23081 22322 17584 1182
internal_count=126406 94695 31711 47758 46937 29353 23364 8347 24677 7165 23081 22322 17584 1182
is_linear=0
shrinkage=0.01


Tree=11
num_leaves=15
num_cat=0
split_feature=23 23 0 17 47 7 23 23 15 13 0 23 9 7
split_gain=9.85925e+06 2.61733e+06 1.66191e+06 699864 622820 458138 399262 370561 304330 278773 263877 263219 228707 209679
threshold=59.256067220579276 83.241143136468168 36.742692288818368 0.0111948119782202 1.0000000180025095e-35 1003.5992500000001 69.104468854152017 37.888748063653004 0.43519009245032425 -0.36000021893086259 35.400001525878913 47.59423555367789 -0.5 1006.3000500000002
decision_type=2 2 2 2 2 2 2 2 2 2 2 2 2 2
left_child=2 6 4 7 11 8 10 -4 -3 -5 -2 -1 -7 -8
right_child=1 5 3 9 -6 12 13 -9 -10 -11 -12 -13 -14 -15
leaf_value=-0.061426903210052793 0.083020852568638864 0.094142603659709223 -0.12019919579082881 -0.2558133387094445 0.078934709676594897 0.4039407416198374 0.10133234851112591 -0.048285233926770331 0.31312645133370259 -0.14373478231195383 0.0092491817668240682 -0.0072139104252102217 0.27742852192752987 0.19036184214315563
leaf_weight=17448 14085 1811 12795 2831 5700 2314 8523 16285 977 10270 7394 18401 3736 3836
leaf_count=17448 14085 1811 12795 2831 5700 2314 8523 16285 977 10270 7394 18401 3736 3836
internal_value=-1.99461e-10 0.123705 -0.0630506 -0.107267 -0.0181615 0.276941 0.0836817 -0.0799269 0.170881 -0.167954 0.0576255 -0.0335998 0.325817 0.128965
internal_weight=126406 42676 83730 42181 41549 8838 33838 29080 2788 13101 21479 35849 6050 12359
internal_count=126406 42676 83730 42181 41549 8838 33838 29080 2788 13101 21479 35849 6050 12359
is_linear=0
shrinkage=0.01


Tree=12
num_leaves=15
num_cat=0
split_feature=25 25 0 17 7 1 4 16 4 10 1 9 13 7
split_gain=8.95133e+06 2.30671e+06 1.47512e+06 722197 606875 599545 463240 453500 389269 360761 314111 277342 244750 121399
threshold=57.886418579542799 77.727349251538655 36.742692288818368 0.0111948119782202 1003.9999500000001 -118.21337597412109 1.0000000180025095e-35 0.21375782999999957 1.0000000180025095e-35 -0.24999999999999994 -118.21337597412109 -0.5 -0.36000021893086259 1006.0001850000001
decision_type=2 2 2 2 2 2 2 2 2 2 2 2 2 2
left_child=2 6 5 7 9 8 10 -4 -1 -3 -2 -6 -5 -7
right_child=1 4 3 12 11 13 -8 -9 -10 -11 -12 -13 -14 -15
leaf_value=-0.023604015348913147 0.061765079829563078 0.20953590108963632 0.12807244565400955 -0.25022497697435353 0.37511156358613051 0.053881909098028161 -0.09502673009133758 -0.084185399637727518 -0.14955041599296379 0.015075228111107524 0.1344408048341818 0.24554336184159706 -0.14380477860419461 0.164802822421351
leaf_weight=31834 24359 2621 1044 2755 2533 3383 1596 28086 2659 1500 7868 4750 10025 1393
leaf_count=31834 24359 2621 1044 2755 2533 3383 1596 28086 2659 1500 7868 4750 10025 1393
internal_value=2.74435e-12 0.112741 -0.0628112 -0.104074 0.235733 -0.0187734 0.0712726 -0.0765782 -0.033313 0.138754 0.0795084 0.290607 -0.166746 0.0862338
internal_weight=126406 45227 81179 41910 11404 39269 33823 29130 34493 4121 32227 7283 12780 4776
internal_count=126406 45227 81179 41910 11404 39269 33823 29130 34493 4121 32227 7283 12780 4776
is_linear=0
shrinkage=0.01


Tree=13
num_leaves=15
num_cat=0
split_feature=23 23 23 1 4 6 23 7 10 6 9 8 8 1
split_gain=9.50308e+06 2.76729e+06 1.36392e+06 566039 561588 480416 469386 441206 297003 294108 220572 213025 211348 139823
threshold=57.703468994977243 83.241143136468168 41.050368492700564 -118.99998249999999 1.0000000180025095e-35 10.197528500000002 69.414882349597136 1003.5992500000001 -0.6830127018922193 12.003749000000001 -0.5 0.60355339059327384 0.60355339059327384 -118.99998249999999
decision_type=2 2 2 2 2 2 2 2 2 2 2 2 2 2
left_child=2 4 5 9 6 11 -2 8 -3 -4 -9 -1 -5 -7
right_child=1 7 3 12 -6 13 -8 10 -10 -11 -12 -13 -14 -15
leaf_value=-0.065453623908174802 0.060022665858808923 0.28124419132603357 -0.041516290920568112 0.036073884457552545 -0.098917746136807899 -0.17953281099006138 0.13753424524767893 0.39659727571802189 0.073900807672954302 -0.11818428221597514 0.2723555944679949 -0.1343087174890637 -0.038305867984232883 -0.087008012887752423
leaf_weight=14722 25245 1263 21448 12199 1759 10388 11314 2314 1525 6526 3736 6467 5562 1938
leaf_count=14722 25245 1263 21448 12199 1759 10388 11314 2314 1525 6526 3736 6467 5562 1938
internal_value=2.04244e-10 0.112403 -0.0668832 -0.0313699 0.075613 -0.115345 0.0840104 0.271912 0.16783 -0.059402 0.319875 -0.0864686 0.0127813 -0.164985
internal_weight=126406 47156 79250 45735 38318 33515 36559 8838 2788 27974 6050 21189 17761 12326
internal_count=126406 47156 79250 45735 38318 33515 36559 8838 2788 27974 6050 21189 17761 12326
is_linear=0
shrinkage=0.01


Tree=14
num_leaves=15
num_cat=0
split_feature=20 0 21 6 16 1 7 2 0 31 8 4 13 8
split_gain=6.6405e+06 1.89449e+06 1.68322e+06 850840 545227 539213 517293 514331 510895 422797 405889 393624 320784 281055
threshold=59.80323193916351 35.400001525878913 73.962927756653997 11.804439000000002 0.35014439250000023 -118.21337597412109 1003.9001350000001 22.425000000000001 34.083213737060554 101.51956550814911 0.60355339059327384 1.0000000180025095e-35 1.6200001109647062 0.37940952255126054
decision_type=2 2 2 2 2 2 2 2 2 2 2 2 2 2
left_child=1 7 5 4 -3 11 9 8 -1 -4 -8 -2 -5 -7
right_child=2 3 6 12 -6 13 10 -9 -10 -11 -12 -13 -14 -15
leaf_value=-0.033701298527304177 0.042865788253012668 0.080651014739817312 0.092851174996282954 -0.2393912551377006 -0.071816095536170299 0.19643194704586106 0.29292463836595811 0.09745691606691112 0.080298318204683763 0.4351699807000099 0.15076156216678588 -0.17131742034249281 -0.12649889509582704 0.058337798724041906
leaf_weight=17086 21922 2501 5330 3206 37710 3624 5291 5917 5106 387 3237 893 11712 2484
leaf_count=17086 21922 2501 5330 3206 37710 3624 5291 5917 5106 387 3237 893 11712 2484
internal_value=4.56916e-11 -0.0521959 0.100646 -0.0862617 -0.0623331 0.0568232 0.189624 0.0146158 -0.00747193 0.116024 0.238963 0.0344825 -0.15076 0.140272
internal_weight=126406 83238 43168 55129 40211 28923 14245 28109 22192 5717 8528 22815 14918 6108
internal_count=126406 83238 43168 55129 40211 28923 14245 28109 22192 5717 8528 22815 14918 6108
is_linear=0
shrinkage=0.01


Tree=15
num_leaves=15
num_cat=0
split_feature=23 23 23 0 0 6 4 6 6 0 47 2 13 2
split_gain=9.18437e+06 2.24719e+06 1.7507e+06 692986 672661 417556 400017 313439 294090 279327 246781 245814 203691 166776
threshold=63.735330704595604 46.685255597803128 84.371915673754401 35.400001525878913 36.742692288818368 10.102840500000001 1.0000000180025095e-35 11.200285500000001 12.003749000000001 34.083213737060554 1.0000000180025095e-35 23.425000000000001 8.3197919126698618 18.825000000000006
decision_type=2 2 2 2 2 2 2 2 2 2 2 2 2 2
left_child=1 4 6 11 10 -6 12 9 -5 -4 -1 -3 -2 -9
right_child=2 3 7 8 5 -7 -8 13 -10 -11 -12 -13 -14 -15
leaf_value=-0.061048854035644411 0.11987206977789788 0.023374460390894639 0.14801976444429227 -0.019695853967771165 -0.096227724765091824 -0.17296352820311722 -0.09106067968406914 0.0046104509963067822 -0.1049340791598678 0.32366245334830518 0.066528038958594701 0.10759836958041798 -0.01542572553580303 0.24282571513524548
leaf_weight=16182 20683 19005 1063 19399 17786 11793 1009 599 5115 6108 1673 4238 1176 577
leaf_count=16182 20683 19005 1063 19399 17786 11793 1009 599 5115 6108 1673 4238 1176 577
internal_value=-8.6947e-11 -0.0488118 0.148853 -0.00038914 -0.0975641 -0.126822 0.103607 0.27281 -0.0374813 0.297626 -0.049095 0.0387314 0.112593 0.12149
internal_weight=126406 95191 31215 47757 47434 29579 22868 8347 24514 7171 17855 23243 21859 1176
internal_count=126406 95191 31215 47757 47434 29579 22868 8347 24514 7171 17855 23243 21859 1176
is_linear=0
shrinkage=0.01


Tree=16
num_leaves=15
num_cat=0
split_feature=23 23 0 6 4 23 7 16 4 13 19 9 23 0
split_gain=9.00707e+06 2.62214e+06 1.32905e+06 607334 538508 444872 425593 364480 314241 299830 288457 215056 180649 73586.4
threshold=57.703468994977243 83.241143136468168 36.742692288818368 10.102840500000001 1.0000000180025095e-35 69.414882349597136 1003.5992500000001 0.24800415500000014 1.0000000180025095e-35 -1.8370257620637414 1.2383364648527835 -0.5 47.955945172041503 34.083213737060554
decision_type=2 2 2 2 2 2 2 2 2 2 2 2 2 2
left_child=2 4 8 7 5 -2 10 -4 12 -5 -3 -8 -1 -10
right_child=1 6 3 9 -6 -7 11 -9 13 -11 -12 -13 -14 -15
leaf_value=-0.036468999594317028 0.058488259765670139 0.08688011468726238 0.10365054081181369 -0.23962227413578605 -0.09728848069498551 0.13394860511223805 0.38756329355396768 -0.082686430069288955 -0.16382388542731044 -0.13144991026734959 0.29934034144924576 0.26488468873986626 0.0088431614224652247 -0.065592636109881031
leaf_weight=17971 25245 1796 1097 3239 1759 11314 2314 24358 1694 12266 992 3736 17238 1387
leaf_count=17971 25245 1796 1097 3239 1759 11314 2314 24358 1694 12266 992 3736 17238 1387
internal_value=-2.16254e-10 0.109431 -0.0651144 -0.104709 0.0736181 0.0818412 0.264699 -0.0746561 -0.022759 -0.154047 0.162476 0.311807 -0.0142846 -0.119602
internal_weight=126406 47156 79250 40960 38318 36559 8838 25455 38290 15505 2788 6050 35209 3081
internal_count=126406 47156 79250 40960 38318 36559 8838 25455 38290 15505 2788 6050 35209 3081
is_linear=0
shrinkage=0.01


Tree=17
num_leaves=15
num_cat=0
split_feature=23 23 23 0 0 6 4 17 6 0 2 1 1 2
split_gain=8.83224e+06 2.16853e+06 1.68086e+06 683495 637299 398622 384511 307029 288689 273822 239336 237971 203346 161777
threshold=63.735330704595604 46.492172463972217 84.371915673754401 35.400001525878913 36.742692288818368 10.102840500000001 1.0000000180025095e-35 0.0111948119782202 12.003749000000001 34.083213737060554 22.625000000000004 -118.21337597412109 -119.7866065258789 18.825000000000006
decision_type=2 2 2 2 2 2 2 2 2 2 2 2 2 2
left_child=1 4 6 10 11 -6 12 9 -5 -4 -3 -1 -2 -9
right_child=2 3 7 8 5 -7 -8 13 -10 -11 -12 -13 -14 -15
leaf_value=-0.060467366084157627 0.013858881168465453 0.021497745635077087 0.14378694297287622 -0.01979205979801436 -0.094754215070166001 -0.17000823300813725 -0.089220140543207913 0.0028871660691996417 -0.10359678289947226 0.31783833958579777 0.10001244082573482 0.065897469024877503 0.12007874313723661 0.23689490707613581
leaf_weight=15940 1982 18495 1061 19647 17641 11712 1009 600 5198 6104 4914 1644 19877 582
leaf_count=15940 1982 18495 1061 19647 17641 11712 1009 600 5198 6104 4914 1644 19877 582
internal_value=1.49669e-10 -0.0478669 0.145971 -0.000793483 -0.0962612 -0.124781 0.101638 0.267431 -0.0373254 0.292065 0.0379795 -0.048653 0.110448 0.118109
internal_weight=126406 95191 31215 48254 46937 29353 22868 8347 24845 7165 23409 17584 21859 1182
internal_count=126406 95191 31215 48254 46937 29353 22868 8347 24845 7165 23409 17584 21859 1182
is_linear=0
shrinkage=0.01


Tree=18
num_leaves=15
num_cat=0
split_feature=23 23 0 10 1 23 7 16 0 15 17 15 31 7
split_gain=8.66424e+06 2.51752e+06 1.27591e+06 587108 487197 434432 415775 322540 319945 283899 279524 210677 201873 201786
threshold=57.703468994977243 83.241143136468168 36.742692288818368 1.0000000180025095e-35 -118.21337597412109 69.104468854152017 1003.5992500000001 0.35014439250000023 35.400001525878913 0.43519009245032425 0.0081205058601405509 0.084043854175721647 34.43610054921843 1006.3000500000002
decision_type=2 2 2 2 2 2 2 2 2 2 2 2 2 2
left_child=2 5 4 7 12 8 9 -4 -2 -3 -5 -8 -1 -7
right_child=1 6 3 10 -6 13 11 -9 -10 -11 -12 -13 -14 -15
leaf_value=-0.069287183123643889 0.075252331040355128 0.084311721084412136 0.14603643621328657 -0.098081359886279196 0.069762679891958751 0.093928245936599236 0.42764164036442348 -0.072105957292504602 0.0020486330521732434 0.29581743758150347 -0.17245135178630841 0.27739434604071828 -0.017865481439092862 0.1812659584842399
leaf_weight=11856 16651 1811 702 8901 4992 8523 1153 19664 9308 977 11693 4897 21442 3836
leaf_count=11856 16651 1811 702 8901 4992 8523 1153 19664 9308 977 11693 4897 21442 3836
internal_value=-1.59052e-10 0.107328 -0.0638632 -0.102658 -0.0223632 0.0722371 0.259467 -0.0645868 0.049004 0.15843 -0.140308 0.306028 -0.0361746 0.121036
internal_weight=126406 47156 79250 40960 38290 38318 8838 20366 25959 2788 20594 6050 33298 12359
internal_count=126406 47156 79250 40960 38290 38318 8838 20366 25959 2788 20594 6050 33298 12359
is_linear=0
shrinkage=0.01


Tree=19
num_leaves=15
num_cat=0
split_feature=25 25 0 17 1 4 4 4 25 10 1 2 8 1
split_gain=7.84563e+06 2.03012e+06 1.29839e+06 639603 545858 420604 377514 366737 348195 342895 293315 248362 100107 81156.8
threshold=57.886418579542799 77.727349251538655 36.742692288818368 0.0111948119782202 -118.21337597412109 1.0000000180025095e-35 1.0000000180025095e-35 1.0000000180025095e-35 91.861009110043057 -1.0000000180025095e-35 -119.7866065258789 24.975000000000005 0.37940952255126054 -118.21337597412109
decision_type=2 2 2 2 2 2 2 2 2 2 2 2 2 2
left_child=2 5 4 9 7 10 8 -1 -3 -4 -2 -5 -6 -7
right_child=1 6 3 11 12 13 -8 -9 -10 -11 -12 -13 -14 -15
leaf_value=-0.021937952081998956 -0.0077884107622121111 0.1800242268031679 -0.039622341397342373 -0.18471663983032197 0.11736678390840855 -0.13865217687821041 -0.02429815847030254 -0.14418493043623085 0.29363964753755928 -0.10840460797090233 0.085554640094777562 -0.087633318730277757 0.022231978953184409 0.0167542287761543
leaf_weight=31834 3819 5633 15570 9065 3036 1115 595 2659 5176 13560 28408 3715 1740 481
leaf_count=31834 3819 5633 15570 9065 3036 1115 595 2659 5176 13560 28408 3715 1740 481
internal_value=5.38722e-11 0.105549 -0.058804 -0.0975161 -0.0174884 0.0666456 0.220931 -0.0313617 0.23443 -0.0716405 0.0744932 -0.156496 0.0827071 -0.091816
internal_weight=126406 45227 81179 41910 39269 33823 11404 34493 10809 29130 32227 12780 4776 1596
internal_count=126406 45227 81179 41910 39269 33823 11404 34493 10809 29130 32227 12780 4776 1596
is_linear=0
shrinkage=0.01


Tree=20
num_leaves=15
num_cat=0
split_feature=23 23 23 17 4 7 4 48 16 25 9 7 2 42
split_gain=8.34903e+06 2.06755e+06 1.58518e+06 500260 407873 400529 370317 342423 249992 243997 202753 201460 177851 80308.9
threshold=63.735330704595604 45.952213303290627 84.371915673754401 0.0111948119782202 1.0000000180025095e-35 1003.60017 1.0000000180025095e-35 1.0000000180025095e-35 10.790396980000002 33.080305590761874 -0.5 1005.9001500000001 18.125000000000004 1.0000000180025095e-35
decision_type=2 2 2 2 2 2 2 2 2 2 2 2 2 2
left_child=1 3 6 9 7 8 11 -3 -4 -1 -7 -2 -5 -6
right_child=2 4 5 12 13 10 -8 -9 -10 -11 -12 -13 -14 -15
leaf_value=-0.11004632315617142 0.087438075574792259 0.014676255236783009 0.087882274124513313 -0.18101590517683672 -0.062834719518792423 0.38321389191915056 -0.08843308856110832 -0.070399329799386776 0.29098911334909539 -0.052492351220214541 0.26029404471538847 0.15342081601880364 -0.10888268113888269 -0.1700488749193502
leaf_weight=11608 15208 41605 1736 7012 1329 2174 1009 5338 931 20157 3506 6651 6669 1473
leaf_count=11608 15208 41605 1736 7012 1329 2174 1009 5338 931 20157 3506 6651 6669 1473
internal_value=-1.26928e-12 -0.0465391 0.141922 -0.0952983 -0.00199367 0.259874 0.0988688 0.00500211 0.158783 -0.0735245 0.307341 0.107515 -0.145854 -0.119197
internal_weight=126406 95191 31215 45446 49745 8347 22868 46943 2667 31765 5680 21859 13681 2802
internal_count=126406 95191 31215 45446 49745 8347 22868 46943 2667 31765 5680 21859 13681 2802
is_linear=0
shrinkage=0.01


Tree=21
num_leaves=15
num_cat=0
split_feature=23 23 23 0 47 6 6 6 23 0 3 2 3 2
split_gain=8.19663e+06 2.37334e+06 1.22334e+06 541658 425446 371176 314792 294569 270655 261961 207895 190764 178102 160072
threshold=57.703468994977243 83.241143136468168 38.402220344552411 35.400001525878913 1.0000000180025095e-35 10.197528500000002 12.301683000000002 11.200285500000001 64.427386987748221 34.083213737060554 72.962955000000008 5.7750000000000012 73.47012500000001 18.025000000000002
decision_type=2 2 2 2 2 2 2 2 2 2 2 2 2 2
left_child=2 4 5 10 8 11 -5 9 -2 -3 -4 -1 -6 -9
right_child=1 7 3 6 12 -7 -8 13 -10 -11 -12 -13 -14 -15
leaf_value=0.022603068655160759 0.020002383993665197 0.13560002957599726 0.037153006189201622 -0.041268714013295543 0.1711757350617637 -0.1625269960957591 -0.11614748975164879 -0.0043633146080006404 0.080950082175144586 0.30022410160132157 -0.029161761424966671 -0.097088463406941647 0.082621766068631822 0.22188345737133436
leaf_weight=1451 14015 1137 11043 24620 4874 10417 7273 619 15176 6450 8266 16180 4253 632
leaf_count=1451 14015 1137 11043 24620 4874 10417 7273 619 15176 6450 8266 16180 4253 632
internal_value=-2.67614e-11 0.104391 -0.0621159 -0.0330367 0.0703203 -0.1152 -0.0583444 0.25211 0.0516883 0.275553 0.00876428 -0.0872381 0.129911 0.109936
internal_weight=126406 47156 79250 51202 38318 28048 31893 8838 29191 7587 19309 17631 9127 1251
internal_count=126406 47156 79250 51202 38318 28048 31893 8838 29191 7587 19309 17631 9127 1251
is_linear=0
shrinkage=0.01


Tree=22
num_leaves=15
num_cat=0
split_feature=21 0 22 6 7 1 2 2 31 31 47 2 8 8
split_gain=5.38079e+06 2.01067e+06 1.00557e+06 859853 669065 604194 478798 387429 384155 364891 300173 265524 195123 183536
threshold=63.677670238506749 35.400001525878913 68.171736375158432 10.7017845 1003.9001350000001 -118.21337597412109 20.525000000000002 26.025000000000002 96.367646215870238 44.868715673848762 1.0000000180025095e-35 6.8250000000000002 0.78656609248549325 0.60355339059327384
decision_type=2 2 2 2 2 2 2 2 2 2 2 2 2 2
left_child=1 5 10 9 8 6 -1 -5 -4 -3 12 -6 -2 -7
right_child=2 3 4 7 11 13 -8 -9 -10 -11 -12 -13 -14 -15
leaf_value=-0.027454782334221606 0.058011652090664896 -0.075572489249181016 0.070909212139291397 -0.15563171171817458 0.36703852083144289 0.12236028910210403 0.072600748902956314 -0.053349097587815558 0.36719266562264857 -0.014832352947168627 0.13569708839413466 0.20500188661183796 -0.029184100286058889 0.014606920793415057
leaf_weight=18856 11124 21638 6007 14296 1171 6356 6408 4998 472 18217 4008 7415 3336 2104
leaf_count=18856 11124 21638 6007 14296 1171 6356 6408 4998 472 18217 4008 7415 3336 2104
internal_value=6.23394e-11 -0.039204 0.108579 -0.0743375 0.169211 0.0224171 -0.00207654 -0.129136 0.0924937 -0.0478093 0.0591205 0.227101 0.0378951 0.0955621
internal_weight=126406 92873 33533 59149 15065 33724 25264 19294 6479 39855 18468 8586 14460 8460
internal_count=126406 92873 33533 59149 15065 33724 25264 19294 6479 39855 18468 8586 14460 8460
is_linear=0
shrinkage=0.01


Tree=23
num_leaves=15
num_cat=0
split_feature=25 25 25 1 14 25 44 1 6 5 6 16 3 11
split_gain=7.28876e+06 1.88894e+06 1.16839e+06 650909 380929 349830 323136 310847 300067 223803 159749 149849 139747 92045.4
threshold=57.886418579542799 77.727349251538655 36.722550814439288 -118.21337597412109 10.06482468696843 91.861009110043057 1.0000000180025095e-35 -118.21337597412109 10.197528500000002 19.500000000000004 5.5958002000000002 0.24800415500000014 71.45830500000001 -0.5
decision_type=2 2 2 2 2 2 2 2 2 2 2 2 2 2
left_child=2 7 8 4 -4 10 -7 9 11 -2 -3 -1 -9 -5
right_child=1 5 3 13 -6 6 -8 12 -10 -11 -12 -13 -14 -15
leaf_value=0.062312127167846974 0.073556464890857515 0.21596385278501801 -0.037311791195452797 0.023759899544410906 -0.18325733535252087 0.19884167919072845 0.35315160244626342 0.15658707331226643 -0.16345796331485363 0.013952720879652195 0.11204457397917582 -0.09576661004041874 0.074706308255274578 0.11610589341713072
leaf_weight=626 14061 2748 51292 1726 1853 2906 2546 4329 8549 11413 3204 14252 4020 2881
leaf_count=626 14061 2748 51292 1726 1853 2906 2546 4329 8549 11413 3204 14252 4020 2881
internal_value=3.08461e-11 0.101734 -0.0566787 -0.032516 -0.0424005 0.213032 0.270902 0.0642079 -0.116245 0.0468525 0.160023 -0.0891154 0.117162 0.0815087
internal_weight=126406 45227 81179 57752 53145 11404 5452 33823 23427 25474 5952 14878 8349 4607
internal_count=126406 45227 81179 57752 53145 11404 5452 33823 23427 25474 5952 14878 8349 4607
is_linear=0
shrinkage=0.01


Tree=24
num_leaves=15
num_cat=0
split_feature=23 23 23 1 1 7 17 13 19 23 7 19 2 2
split_gain=7.77893e+06 2.2555e+06 1.16742e+06 512239 399188 392150 349235 306793 266551 256725 200085 199821 193088 188831
threshold=57.703468994977243 83.241143136468168 38.402220344552411 -118.99998249999999 -118.21337597412109 1003.5992500000001 0.010404712066518811 -5.4026652448009971 1.2383364648527835 64.427386987748221 1004.5003 0.53432906591526308 5.7750000000000012 6.8250000000000002
decision_type=2 2 2 2 2 2 2 2 2 2 2 2 2 2
left_child=2 4 6 7 9 8 12 -4 -3 -2 -6 -5 -1 -7
right_child=1 5 3 11 10 13 -8 -9 -10 -11 -12 -13 -14 -15
leaf_value=0.023458489227880581 0.01957458430313179 0.074907966007142515 -0.16262781462182541 -0.025264413713193587 0.090112032812832976 0.409301638977903 -0.15985163929560078 -0.047633917653555173 0.27914177643518234 0.078933171856646056 0.1869435005677175 0.039153604730965082 -0.095895949297768596 0.26455501995076508
leaf_weight=1476 14015 1796 2519 9175 5725 1102 9979 29374 992 15176 3402 10134 16593 4948
leaf_count=1476 14015 1796 2519 9175 5725 1102 9979 29374 992 15176 3402 10134 16593 4948
internal_value=-5.4261e-11 0.101697 -0.0605125 -0.0321057 0.0684822 0.245702 -0.112369 -0.0567165 0.147577 0.0504343 0.126205 0.00854429 -0.0861463 0.29092
internal_weight=126406 47156 79250 51202 38318 8838 28048 31893 2788 29191 9127 19309 18069 6050
internal_count=126406 47156 79250 51202 38318 8838 28048 31893 2788 29191 9127 19309 18069 6050
is_linear=0
shrinkage=0.01


Tree=25
num_leaves=15
num_cat=0
split_feature=23 23 0 10 1 23 7 16 0 10 17 7 0 23
split_gain=7.62413e+06 2.21131e+06 1.14956e+06 548992 436997 421046 378489 311461 293990 268001 254225 200587 192215 161799
threshold=57.703468994977243 84.371915673754401 36.742692288818368 1.0000000180025095e-35 -118.21337597412109 69.104468854152017 1003.60017 0.35014439250000023 35.400001525878913 -0.24999999999999994 0.0081205058601405509 1005.60008 34.083213737060554 43.029866685443373
decision_type=2 2 2 2 2 2 2 2 2 2 2 2 2 2
left_child=2 5 4 7 13 8 9 -4 -2 -3 -5 -7 -8 -1
right_child=1 6 3 10 -6 11 12 -9 -10 -11 -12 -13 -14 -15
leaf_value=-0.063289308616295586 0.070908512979764957 0.22561007118663987 0.14705761919026278 -0.09286809067446454 0.066734775305719904 0.085889699529608454 0.15474493507313608 -0.067305428843460732 0.00073681491825497078 0.017046132665725262 -0.1637927462315614 0.16803604923380308 0.31869789148356703 -0.017231745489776094
leaf_weight=11831 16651 1701 702 8901 4992 8181 839 19664 9308 966 11693 4669 4841 21467
leaf_count=11831 16651 1701 702 8901 4992 8181 839 19664 9308 966 11693 4669 4841 21467
internal_value=3.02505e-11 0.10068 -0.0599073 -0.0967311 -0.0205158 0.0689216 0.248338 -0.0599165 0.0457474 0.150067 -0.133138 0.115737 0.29448 -0.0335963
internal_weight=126406 47156 79250 40960 38290 38809 8347 20366 25959 2667 20594 12850 5680 33298
internal_count=126406 47156 79250 40960 38290 38809 8347 20366 25959 2667 20594 12850 5680 33298
is_linear=0
shrinkage=0.01


Tree=26
num_leaves=15
num_cat=0
split_feature=20 47 20 21 4 27 4 15 47 4 3 20 3 2
split_gain=5.37854e+06 1.48651e+06 1.05663e+06 1.00814e+06 449797 400647 387899 342142 318034 287620 132875 106623 88436.6 70957
threshold=63.677670238506749 1.0000000180025095e-35 41.678743961352659 73.962927756653997 1.0000000180025095e-35 136.72814070351762 1.0000000180025095e-35 0.084043854175721647 1.0000000180025095e-35 1.0000000180025095e-35 65.977335000000011 136.58040201005028 72.962955000000008 14.125000000000002
decision_type=2 2 2 2 2 2 2 2 2 2 2 2 2 2
left_child=1 2 6 8 -4 7 -1 -5 9 -2 -10 -7 13 -3
right_child=3 12 4 5 -6 11 -8 -9 10 -11 -12 -13 -14 -15
leaf_value=-0.081114774239724338 0.052254161472761053 0.18719879321256114 -0.013747423778016901 0.30943221679577332 -0.15013638654661043 0.18124488489081461 -0.18644767674993376 0.14270942114981158 0.19378091466541378 -0.16779380428743426 0.086137324914302454 0.43440437981215674 0.050098559465639063 0.094839369958063316
leaf_weight=32540 15294 1070 45412 1391 2554 216 3917 10693 2220 618 2372 724 3648 3737
leaf_count=32540 15294 1070 45412 1391 2554 216 3917 10693 2220 618 2372 724 3648 3737
internal_value=-3.50387e-11 -0.0391918 -0.0518524 0.108568 -0.0210096 0.17737 -0.0924319 0.161901 0.0648649 0.0437078 0.138178 0.376232 0.0872238 0.115398
internal_weight=126406 92878 84423 33528 47966 13024 36457 12084 20504 15912 4592 940 8455 4807
internal_count=126406 92878 84423 33528 47966 13024 36457 12084 20504 15912 4592 940 8455 4807
is_linear=0
shrinkage=0.01


Tree=27
num_leaves=15
num_cat=0
split_feature=23 23 23 0 0 7 16 4 6 10 2 1 9 13
split_gain=7.37032e+06 1.85056e+06 1.39896e+06 565605 563729 370077 369367 357686 262089 261828 226160 206262 197086 193264
threshold=63.735330704595604 46.685255597803128 84.371915673754401 36.742692288818368 35.400001525878913 1003.60017 0.21375782999999957 1.0000000180025095e-35 12.003749000000001 -0.24999999999999994 23.425000000000001 -118.21337597412109 -0.5 9.4169620096129574
decision_type=2 2 2 2 2 2 2 2 2 2 2 2 2 2
left_child=1 3 7 11 10 9 -5 13 -6 -4 -3 -1 -7 -2
right_child=2 4 5 6 8 12 -8 -9 -10 -11 -12 -13 -14 -15
leaf_value=-0.054450976897968996 0.10708528732190348 0.02076944817998232 0.22164767143287548 0.11318226682373808 -0.016448955758379874 0.36458386601199055 -0.12027372489239792 -0.091181013711273115 -0.096916216747661627 0.015499664672752713 0.10155612958585158 0.06218307542746989 0.24339414612863466 -0.054006998496627143
leaf_weight=16182 21087 19005 1701 694 19399 2174 28885 1009 5115 966 4238 1673 3506 772
leaf_count=16182 21087 19005 1701 694 19399 2174 28885 1009 5115 966 4238 1673 3506 772
internal_value=-4.65599e-12 -0.0437263 0.133345 -0.0879675 0.000215644 0.244152 -0.114796 0.0928989 -0.033239 0.14698 0.0354996 -0.0435225 0.289779 0.101396
internal_weight=126406 95191 31215 47434 47757 8347 29579 22868 24514 2667 23243 17855 5680 21859
internal_count=126406 95191 31215 47434 47757 8347 29579 22868 24514 2667 23243 17855 5680 21859
is_linear=0
shrinkage=0.01


Tree=28
num_leaves=15
num_cat=0
split_feature=23 23 23 4 1 7 23 6 6 10 8 9 15 1
split_gain=7.23054e+06 2.09383e+06 1.09938e+06 485908 475608 368783 367652 339123 292861 261597 211149 200323 181058 88976.9
threshold=57.703468994977243 83.241143136468168 38.402220344552411 1.0000000180025095e-35 -118.99998249999999 1003.5992500000001 69.414882349597136 10.197528500000002 12.301683000000002 -0.6830127018922193 0.60355339059327384 -0.5 0.056582831708599332 -118.21337597412109
decision_type=2 2 2 2 2 2 2 2 2 2 2 2 2 2
left_child=2 3 7 6 8 9 -2 12 -4 -3 -6 -7 -1 -9
right_child=1 5 4 -5 10 11 -8 13 -10 -11 -12 -13 -14 -15
leaf_value=0.05401847218832731 0.052626080735802098 0.24807748317742104 -0.038018386136918825 -0.09630068199907077 0.030674092169249545 0.35376084827733456 0.12122543621955915 -0.157808897020982 -0.11024174337968762 0.05348493490573019 -0.040688801863849426 0.23535926631956691 -0.089489486485345063 0.064656050705294954
leaf_weight=928 25245 1263 24620 1759 13281 2314 11314 10234 7273 1525 6028 3736 16703 183
leaf_count=928 25245 1263 24620 1759 13281 2314 11314 10234 7273 1525 6028 3736 16703 183
internal_value=9.14555e-11 0.0980467 -0.0583405 0.0660446 -0.030774 0.236795 0.0738557 -0.108664 -0.0544885 0.141638 0.00839559 0.280645 -0.081936 -0.153901
internal_weight=126406 47156 79250 38318 51202 8838 36559 28048 31893 2788 19309 6050 17631 10417
internal_count=126406 47156 79250 38318 51202 8838 36559 28048 31893 2788 19309 6050 17631 10417
is_linear=0
shrinkage=0.01


Tree=29
num_leaves=15
num_cat=0
split_feature=23 23 23 0 0 16 17 17 0 8 8 47 47 14
split_gain=7.08768e+06 1.75484e+06 1.36931e+06 568698 513921 343323 279576 266156 250388 223626 200683 225061 185661 127652
threshold=63.511981880486324 45.952213303290627 84.371915673754401 35.400001525878913 36.742692288818368 0.24800415500000014 0.0111948119782202 0.012243216400039598 34.083213737060554 0.60355339059327384 0.78656609248549325 1.0000000180025095e-35 1.0000000180025095e-35 -1.0799915190792375
decision_type=2 2 2 2 2 2 2 2 2 2 2 2 2 2
left_child=1 4 10 9 12 -6 8 -5 -4 -3 11 -2 -1 -8
right_child=2 3 6 7 5 -7 13 -9 -10 -11 -12 -13 -14 -15
leaf_value=-0.054786099069677054 0.08377241746749077 0.053743653789810962 0.12105271750005114 -0.018365237907716797 0.092511042856791875 -0.11967404685820897 0.16548341830640145 -0.09862461096106484 0.28748988300536271 -0.013331212958068463 0.030824252900482522 0.16213756262714016 0.060227116349190569 -0.060499528358615211
leaf_weight=15232 13785 16454 1061 20498 784 27884 823 5175 6104 7122 4587 4992 1546 359
leaf_count=15232 13785 16454 1061 20498 784 27884 823 5175 6104 7122 4587 4992 1546 359
internal_value=4.32141e-11 -0.0433321 0.129398 -0.00197933 -0.0881453 -0.113871 0.239337 -0.0345434 0.262844 0.0334812 0.0901209 0.104606 -0.0441883 0.0968473
internal_weight=126406 94695 31711 49249 45446 28668 8347 25673 7165 23576 23364 18777 16778 1182
internal_count=126406 94695 31711 49249 45446 28668 8347 25673 7165 23576 23364 18777 16778 1182
is_linear=0
shrinkage=0.01


Tree=30
num_leaves=15
num_cat=0
split_feature=23 23 23 0 47 7 6 13 10 15 7 3 15 2
split_gain=6.95578e+06 2.01022e+06 1.06001e+06 455168 370773 359939 331219 294182 263707 255232 193811 193620 191233 176122
threshold=57.703468994977243 83.241143136468168 38.402220344552411 35.400001525878913 1.0000000180025095e-35 1003.5992500000001 10.197528500000002 -5.4026652448009971 0.68301270189221941 0.43519009245032425 1004.5003 72.962955000000008 0.084043854175721647 5.7750000000000012
decision_type=2 2 2 2 2 2 2 2 2 2 2 2 2 2
left_child=2 4 6 11 8 9 13 -5 -2 -3 -6 -4 -7 -1
right_child=1 5 3 7 10 12 -8 -9 -10 -11 -12 -13 -14 -15
leaf_value=0.025320843123496452 0.058884127616177569 0.067829925309539338 0.035562555038109747 -0.15706387021752241 0.084917093009940103 0.39130240194418719 -0.15134194573781887 -0.04445825147480325 -0.03135400673332988 0.26837281028865939 0.18021816528358947 -0.02843510789245943 0.24815636653977255 -0.089685592776376485
leaf_weight=1451 25481 1811 11043 2519 5725 1153 10417 29374 3710 977 3402 8266 4897 16180
leaf_count=1451 25481 1811 11043 2519 5725 1153 10417 29374 3710 977 3402 8266 4897 16180
internal_value=1.9033e-11 0.0961657 -0.0572213 -0.0301529 0.0648091 0.232115 -0.106635 -0.0533522 0.0474154 0.138106 0.12044 0.00816576 0.275437 -0.0802208
internal_weight=126406 47156 79250 51202 38318 8838 28048 31893 29191 2788 9127 19309 6050 17631
internal_count=126406 47156 79250 51202 38318 8838 28048 31893 29191 2788 9127 19309 6050 17631
is_linear=0
shrinkage=0.01


Tree=31
num_leaves=15
num_cat=0
split_feature=23 23 23 6 7 48 10 7 8 14 2 9 14 9
split_gain=6.82423e+06 1.71577e+06 1.28828e+06 452155 316613 274237 251836 239468 230972 226670 226433 188454 183904 154546
threshold=63.735330704595604 46.685255597803128 86.760272104077657 10.197528500000002 1003.5992500000001 1.0000000180025095e-35 -0.24999999999999994 1006.0001850000001 0.60355339059327384 10.800005852034763 19.325000000000006 -0.70710678118654757 8.1439012143298998e-16 -0.5
decision_type=2 2 2 2 2 2 2 2 2 2 2 2 2 2
left_child=1 3 7 8 6 9 -4 10 -1 -3 -2 -6 -5 -9
right_child=2 5 4 12 11 -7 -8 13 -10 -11 -12 -13 -14 -15
leaf_value=-0.043181129118079378 0.033807145593467015 0.012417547869279039 0.2246285355748055 -0.10777084593598263 0.38480534621626761 -0.06768124304829401 0.0063331974342628553 0.20217713853989686 -0.10284955310094521 -0.13453138469164533 0.10761189263845328 0.24962605730795581 -0.18539182350264835 0.10585147059988902
leaf_weight=21037 8085 41393 1480 13031 1442 5287 822 2612 9380 1077 8556 3621 3986 4597
leaf_count=21037 8085 41393 1480 13031 1442 5287 822 2612 9380 1077 8556 3621 3986 4597
internal_value=6.23065e-11 -0.0420753 0.12831 -0.0846748 0.243916 0.000236165 0.146679 0.0926098 -0.0615817 0.00869106 0.071754 0.288127 -0.125953 0.140753
internal_weight=126406 95191 31215 47434 7365 47757 2302 23850 30417 42470 16641 5063 17017 7209
internal_count=126406 95191 31215 47434 7365 47757 2302 23850 30417 42470 16641 5063 17017 7209
is_linear=0
shrinkage=0.01


Tree=32
num_leaves=15
num_cat=0
split_feature=23 23 23 4 1 23 7 6 13 28 8 9 8 1
split_gain=6.69423e+06 1.93199e+06 1.02428e+06 479115 443104 372960 341396 318525 286103 245300 202243 179350 173318 85998.1
threshold=57.703468994977243 84.371915673754401 38.402220344552411 1.0000000180025095e-35 -118.99998249999999 69.414882349597136 1003.9999500000001 10.197528500000002 -5.4026652448009971 105.45018800519789 0.60355339059327384 -0.5 0.60355339059327384 -118.21337597412109
decision_type=2 2 2 2 2 2 2 2 2 2 2 2 2 2
left_child=2 3 7 5 8 -2 9 12 -4 -3 -6 -8 -1 -9
right_child=1 6 4 -5 10 -7 11 13 -10 -11 -12 -13 -14 -15
leaf_value=-0.058128626042773232 0.050670484953096673 0.11152868333507296 -0.15469439552804073 -0.095694898996456071 0.030084149349623415 0.11880118057982939 0.35089988086505342 -0.15239298795316431 -0.043645709990921266 0.41295868267681429 -0.039757512321475674 0.23340724380577119 -0.12634735219865351 0.066316465507948494
leaf_weight=12287 25245 2546 2519 1778 13281 11786 2105 10234 29374 302 6028 3394 5344 183
leaf_count=12287 25245 2546 2519 1778 13281 11786 2105 10234 29374 302 6028 3394 5344 183
internal_value=-5.58165e-11 0.0943404 -0.0561352 0.0646557 -0.0295269 0.0723547 0.232358 -0.104709 -0.0524167 0.143492 0.00828056 0.278383 -0.0788059 -0.148551
internal_weight=126406 47156 79250 38809 51202 37031 8347 28048 31893 2848 19309 5499 17631 10417
internal_count=126406 47156 79250 38809 51202 37031 8347 28048 31893 2848 19309 5499 17631 10417
is_linear=0
shrinkage=0.01


Tree=33
num_leaves=15
num_cat=0
split_feature=23 23 23 0 4 6 7 13 47 28 8 8 9 0
split_gain=6.56319e+06 1.63219e+06 1.25943e+06 519390 427468 357978 334603 275347 261927 240944 227974 200978 175781 149569
threshold=60.160329531051971 84.371915673754401 41.050368492700564 35.400001525878913 1.0000000180025095e-35 10.197528500000002 1003.9999500000001 -5.3999977081772235 1.0000000180025095e-35 100.79866060339724 0.60355339059327384 0.60355339059327384 -0.5 36.742692288818368
decision_type=2 2 2 2 2 2 2 2 2 2 2 2 2 2
left_child=2 4 5 10 8 11 9 -5 -2 -3 -4 -1 -8 -7
right_child=1 6 3 7 -6 13 12 -9 -10 -11 -12 -13 -14 -15
leaf_value=-0.051773213554540377 0.063933210541173083 0.10646028931144373 0.040381196194852025 -0.14658371378965113 -0.095423743185858875 -0.081296292901279127 0.34739088250298472 -0.036322761266620138 0.131693780710151 0.37972171838598634 -0.029325709106793996 -0.1186530236794926 0.2310731709394829 -0.16064616804910892
leaf_weight=14722 22775 2477 15020 2461 1440 3213 2105 28414 7611 371 6823 6467 3394 9113
leaf_count=14722 22775 2477 15020 2461 1440 3213 2105 28414 7611 371 6823 6467 3394 9113
internal_value=9.17042e-11 0.105571 -0.0491817 -0.0187105 0.0729275 -0.097112 0.230035 -0.0451115 0.0809057 0.142057 0.0186072 -0.0721853 0.275599 -0.139962
internal_weight=126406 40173 86233 52718 31826 33515 8347 30875 30386 2848 21843 21189 5499 12326
internal_count=126406 40173 86233 52718 31826 33515 8347 30875 30386 2848 21843 21189 5499 12326
is_linear=0
shrinkage=0.01


Tree=34
num_leaves=15
num_cat=0
split_feature=23 23 23 0 0 4 6 7 10 6 47 7 2 0
split_gain=6.44212e+06 1.62429e+06 1.21255e+06 550170 461747 351252 337816 299351 245205 232246 212736 209806 208143 186392
threshold=63.735330704595604 47.59423555367789 86.760272104077657 36.742692288818368 35.400001525878913 1.0000000180025095e-35 8.5143285000000031 1003.5992500000001 -0.24999999999999994 12.003749000000001 1.0000000180025095e-35 1005.9001500000001 23.425000000000001 34.083213737060554
decision_type=2 2 2 2 2 2 2 2 2 2 2 2 2 2
left_child=1 3 5 10 12 11 -5 8 -4 -6 -1 -2 -3 -9
right_child=2 4 7 6 9 -7 -8 13 -10 -11 -12 -13 -14 -15
leaf_value=-0.04922897636006187 0.077963202727117736 0.020207166100618488 0.21918975955835621 -0.072797613426597657 -0.01277250964025981 -0.088177486170729139 -0.13924074967154412 0.13139338767618455 0.0037873933950513874 -0.091275138480642823 0.063437429785785218 0.1435676649559163 0.098569002151023488 0.30461563849391021
leaf_weight=17448 15729 18227 1480 15051 18123 1057 15566 725 822 4758 1854 7064 4164 4338
leaf_count=17448 15729 18227 1480 15051 18123 1057 15566 725 822 4758 1854 7064 4164 4338
internal_value=-6.3107e-11 -0.0408803 0.124666 -0.0802186 0.00249589 0.0900311 -0.106578 0.236822 0.142274 -0.0290968 -0.0384071 0.0982953 0.0347799 0.279811
internal_weight=126406 95191 31215 49919 45272 23850 30617 7365 2302 22881 19302 22793 22391 5063
internal_count=126406 95191 31215 49919 45272 23850 30617 7365 2302 22881 19302 22793 22391 5063
is_linear=0
shrinkage=0.01


Tree=35
num_leaves=15
num_cat=0
split_feature=23 23 0 10 4 1 1 15 4 4 23 4 8 1
split_gain=6.31642e+06 1.82256e+06 982312 515566 430344 386591 304099 297050 288121 276646 291573 231383 92515.9 53727.8
threshold=57.703468994977243 80.510562423439566 36.742692288818368 1.0000000180025095e-35 1.0000000180025095e-35 -118.21337597412109 -118.21337597412109 0.088465452531560476 1.0000000180025095e-35 1.0000000180025095e-35 115.34937668610237 1.0000000180025095e-35 0.37940952255126054 -118.21337597412109
decision_type=2 2 2 2 2 2 2 2 2 2 2 2 2 2
left_child=2 4 5 7 6 8 -2 -4 -1 10 -3 -5 -7 -6
right_child=1 9 3 11 13 12 -8 -9 -10 -11 -12 -13 -14 -15
leaf_value=-0.021869446955512732 0.050140595988586868 0.1941176460539244 0.099535045559457649 -0.1117499803576578 -0.13438505697908162 0.097925990031100321 0.11993874340553987 -0.062460641220939118 -0.13164116206617343 -0.029459562644900367 0.33305175574386409 -0.21670932974134594 0.009403307780886206 -0.012364889908610573
leaf_weight=30705 27034 7984 1203 18220 1174 3076 8116 19163 2593 464 1863 2374 1916 521
leaf_count=30705 27034 7984 1203 18220 1174 3076 8116 19163 2593 464 1863 2374 1916 521
internal_value=8.56791e-12 0.0916396 -0.0545281 -0.088568 0.0587519 -0.0181146 0.0662567 -0.0528917 -0.0304176 0.209159 0.220403 -0.123849 0.0639497 -0.0968792
internal_weight=126406 47156 79250 40960 36845 38290 35150 20366 33298 10311 9847 20594 4992 1695
internal_count=126406 47156 79250 40960 36845 38290 35150 20366 33298 10311 9847 20594 4992 1695
is_linear=0
shrinkage=0.01


Tree=36
num_leaves=15
num_cat=0
split_feature=23 23 23 0 0 17 17 17 44 2 14 1 1 2
split_gain=6.20174e+06 1.5684e+06 1.1652e+06 519536 466652 304198 263166 252720 238330 213607 186642 177396 172383 130378
threshold=63.735330704595604 45.952213303290627 86.760272104077657 35.400001525878913 36.742692288818368 0.0079293833134127679 0.0111948119782202 0.012243216400039598 1.0000000180025095e-35 22.625000000000004 7.2000092342799205 -119.7866065258789 -118.21337597412109 18.825000000000006
decision_type=2 2 2 2 2 2 2 2 2 2 2 2 2 2
left_child=1 4 10 9 12 -6 8 -5 -4 -3 11 -2 -1 -8
right_child=2 3 6 7 5 -7 13 -9 -10 -11 -12 -13 -14 -15
leaf_value=-0.05090296662469003 0.0054057555456446214 0.01695716440378665 0.1999156075503761 -0.016696860659453333 -0.070553316185897566 -0.13613268481935822 -0.02476363896163862 -0.094693554053861109 0.32315693560888364 0.090575544093622964 -0.01119914111976157 0.10506221825408937 0.059921217733110994 0.19832607203122599
leaf_weight=15232 1960 18926 3411 20640 12695 15973 530 5201 2906 4978 1745 20145 1546 518
leaf_count=15232 1960 18926 3411 20640 12695 15973 530 5201 2906 4978 1745 20145 1546 518
internal_value=-9.6742e-14 -0.0401104 0.122318 -0.00131286 -0.0825779 -0.107092 0.232263 -0.0323952 0.25661 0.0322882 0.0883661 0.0962259 -0.0406911 0.085504
internal_weight=126406 95191 31215 49745 45446 28668 7365 25841 6317 23904 23850 22105 16778 1048
internal_count=126406 95191 31215 49745 45446 28668 7365 25841 6317 23904 23850 22105 16778 1048
is_linear=0
shrinkage=0.01


Tree=37
num_leaves=15
num_cat=0
split_feature=23 23 23 0 0 16 7 4 10 17 1 2 1 15
split_gain=6.07832e+06 1.53889e+06 1.1423e+06 517643 435170 345625 320423 316062 235688 222056 201293 199382 183045 177850
threshold=63.735330704595604 47.59423555367789 84.371915673754401 36.742692288818368 35.400001525878913 0.35014439250000023 1003.60017 1.0000000180025095e-35 -0.24999999999999994 0.012475239838596228 -118.21337597412109 23.425000000000001 -119.7866065258789 0.084043854175721647
decision_type=2 2 2 2 2 2 2 2 2 2 2 2 2 2
left_child=1 3 7 10 11 -5 8 12 -4 -6 -1 -3 -2 -8
right_child=2 4 6 5 9 -7 13 -9 -10 -11 -12 -13 -14 -15
leaf_value=-0.047969485221030873 0.00089363514170366393 0.019589653651935181 0.20164662184599988 0.067358463186397821 -0.013069588384669262 -0.11017216051377277 0.38009458095981524 -0.088491243953328316 0.0060596527888846455 -0.092475101987676209 0.061624646863941236 0.096284551136251575 0.10167187764894592 0.23678224850541157
leaf_weight=17448 1982 18227 1701 1139 18533 29478 1066 1009 966 4348 1854 4164 19877 4614
leaf_count=17448 1982 18227 1701 1139 18533 29478 1066 1009 966 4348 1854 4164 19877 4614
internal_value=1.22212e-12 -0.0397093 0.121094 -0.0779994 0.00251124 -0.103568 0.221223 0.0845468 0.130804 -0.0281588 -0.0374427 0.0338524 0.0925341 0.263679
internal_weight=126406 95191 31215 49919 45272 30617 8347 22868 2667 22881 19302 22391 21859 5680
internal_count=126406 95191 31215 49919 45272 30617 8347 22868 2667 22881 19302 22391 21859 5680
is_linear=0
shrinkage=0.01


Tree=38
num_leaves=15
num_cat=0
split_feature=23 23 23 47 7 47 6 14 10 10 9 15 7 0
split_gain=5.96216e+06 1.71962e+06 932077 392192 347492 308710 295096 281011 268997 225683 192170 170439 156474 112924
threshold=57.703468994977243 80.510562423439566 38.402220344552411 1.0000000180025095e-35 1003.9001350000001 1.0000000180025095e-35 10.197528500000002 10.434159075679382 -0.24999999999999994 0.68301270189221941 -0.5 0.056582831708599332 1005.60008 36.742692288818368
decision_type=2 2 2 2 2 2 2 2 2 2 2 2 2 2
left_child=2 5 6 7 8 9 11 -4 -3 -2 -6 -1 -7 -8
right_child=1 4 3 -5 10 12 13 -9 -10 -11 -12 -13 -14 -15
leaf_value=0.05752690962836917 0.051909578185482051 0.1899793191092633 -0.031811137243518715 0.062333975701456545 0.31328529226039681 0.083276306948939838 -0.082202177404926233 -0.17580645882865212 0.0096609727662953365 -0.03274082379742832 0.2034947070089439 -0.081709253726664849 0.17875329257809364 -0.15978919575826406
leaf_weight=928 24596 2225 45375 4430 2570 6274 2454 1397 1317 3612 4199 16703 2363 7963
leaf_count=928 24596 2225 45375 4430 2570 6274 2454 1397 1317 3612 4199 16703 2363 7963
internal_value=5.18777e-11 0.0890326 -0.0529769 -0.0275945 0.203185 0.0570872 -0.099313 -0.036112 0.122933 0.0410702 0.245179 -0.0743806 0.109398 -0.141512
internal_weight=126406 47156 79250 51202 10311 36845 28048 46772 3542 28208 6769 17631 8637 10417
internal_count=126406 47156 79250 51202 10311 36845 28048 46772 3542 28208 6769 17631 8637 10417
is_linear=0
shrinkage=0.01


Tree=39
num_leaves=15
num_cat=0
split_feature=23 23 23 0 0 4 17 7 44 17 8 47 17 8
split_gain=5.8506e+06 1.48142e+06 1.10218e+06 501822 421177 371956 316571 265212 228593 216762 195847 194587 186901 123498
threshold=63.735330704595604 47.59423555367789 91.137470729227061 36.742692288818368 35.400001525878913 1.0000000180025095e-35 0.0085797121336700765 1005.9001500000001 1.0000000180025095e-35 0.012475239838596228 0.60355339059327384 1.0000000180025095e-35 0.0081723635835423449 0.37940952255126054
decision_type=2 2 2 2 2 2 2 2 2 2 2 2 2 2
left_child=1 3 5 11 10 7 -5 -2 13 -6 -3 -1 -10 -4
right_child=2 4 8 6 9 -7 -8 -9 12 -11 -12 -13 -14 -15
leaf_value=-0.046944536553232795 0.075744900362487724 0.052695168861674468 0.23110255835884153 -0.069386872664876975 -0.01279827186161361 -0.086620826995068956 -0.13369848688195174 0.14674396819670102 0.36765080694201357 -0.091251699780388162 -0.01179654962115796 0.06080866536870122 0.18656215062836207 0.10182614479691469
leaf_weight=17448 16451 15657 2104 15233 18533 1137 15384 7735 1819 4348 6734 1854 830 1139
leaf_count=17448 16451 15657 2104 15233 18533 1137 15384 7735 1819 4348 6734 1854 830 1139
internal_value=2.46019e-11 -0.0389583 0.118804 -0.0765267 0.00246637 0.0901416 -0.101701 0.0984513 0.241993 -0.0277065 0.0332996 -0.0365946 0.310911 0.185698
internal_weight=126406 95191 31215 49919 45272 25323 30617 24186 5892 22881 22391 19302 2649 3243
internal_count=126406 95191 31215 49919 45272 25323 30617 24186 5892 22881 22391 19302 2649 3243
is_linear=0
shrinkage=0.01


Tree=40
num_leaves=15
num_cat=0
split_feature=20 0 21 16 13 2 0 8 7 4 47 11 36 13
split_gain=4.1767e+06 1.5264e+06 741245 703473 572665 457178 475759 358547 326387 280571 252184 162226 109215 54653.8
threshold=63.677670238506749 35.400001525878913 73.962927756653997 0.42024532650000018 -5.4026652448009971 22.425000000000001 34.083213737060554 0.60355339059327384 1003.9001350000001 1.0000000180025095e-35 1.0000000180025095e-35 0.6830127018922193 69.832112081319153 -2.8729692039356158
decision_type=2 2 2 2 2 2 2 2 2 2 2 2 2 2
left_child=1 5 9 11 -5 6 -1 8 -4 10 -2 -3 -9 -7
right_child=2 3 7 4 -6 13 -8 12 -10 -11 -12 -13 -14 -15
leaf_value=-0.024814554583380943 0.046713839143134983 -0.0081828375891379018 0.12018115466858278 -0.17159408621289671 -0.06294981783504687 0.097934825848602428 0.073269122628724218 0.039651659655866478 0.24599718092440667 -0.12055758064796356 0.13286698444851336 0.13758888925829879 0.13821730587478093 0.0065958802524103471
leaf_weight=19770 15294 1270 3554 5366 50612 6624 6595 2546 4911 842 4368 1914 2013 727
leaf_count=19770 15294 1270 3554 5366 50612 6624 6595 2546 4911 842 4368 1914 2013 727
internal_value=-2.49488e-11 -0.0345367 0.0956721 -0.0651404 -0.0733644 0.0191642 -0.000279684 0.154668 0.193174 0.0581982 0.0658531 0.079445 0.0831727 0.0889016
internal_weight=126406 92878 33528 59162 55978 33716 26365 13024 8465 20504 19662 3184 4559 7351
internal_count=126406 92878 33528 59162 55978 33716 26365 13024 8465 20504 19662 3184 4559 7351
is_linear=0
shrinkage=0.01


Tree=41
num_leaves=15
num_cat=0
split_feature=23 23 23 4 1 4 7 6 1 2 2 2 7 1
split_gain=5.64986e+06 1.63399e+06 892629 404998 368633 372349 334384 283372 279924 264246 195009 165823 99542.8 75673.2
threshold=57.703468994977243 80.510562423439566 38.402220344552411 1.0000000180025095e-35 -118.21337597412109 1.0000000180025095e-35 1003.5992500000001 10.197528500000002 -118.21337597412109 15.525000000000002 6.8250000000000002 5.7750000000000012 1006.4001350000001 -118.21337597412109
decision_type=2 2 2 2 2 2 2 2 2 2 2 2 2 2
left_child=2 3 7 8 5 -4 9 11 -2 -3 -8 -1 -6 -9
right_child=1 6 4 -5 12 -7 10 13 -10 -11 -12 -13 -14 -15
leaf_value=0.02992585757294107 0.047347746584128735 -0.0068071756930820409 -0.02774686614381745 -0.095448922198889424 0.032979247132209684 -0.14491399266185423 0.35105497223589338 -0.1418717027048986 0.11431409319649605 0.18055224588933633 0.21267041844188256 -0.081667534748486051 0.14223817253421786 0.063288957276305208
leaf_weight=1451 27034 1156 43881 1695 3316 2891 1237 10234 8116 2158 5760 16180 1114 183
leaf_count=1451 27034 1156 43881 1695 3316 2891 1237 10234 8116 2158 5760 16180 1114 183
internal_value=2.59381e-11 0.0866695 -0.0515708 0.0555295 -0.0267313 -0.034989 0.197944 -0.0969157 0.06281 0.115197 0.237135 -0.0724836 0.0604543 -0.138268
internal_weight=126406 47156 79250 36845 51202 46772 10311 28048 35150 3314 6997 17631 4430 10417
internal_count=126406 47156 79250 36845 51202 46772 10311 28048 35150 3314 6997 17631 4430 10417
is_linear=0
shrinkage=0.01


Tree=42
num_leaves=15
num_cat=0
split_feature=23 23 23 1 17 13 8 44 15 8 8 17 14 1
split_gain=5.54811e+06 1.41149e+06 1.05172e+06 465269 385060 241164 226464 222494 216601 210680 208709 181674 173328 122892
threshold=63.735330704595604 45.952213303290627 91.137470729227061 -118.99998249999999 0.0111948119782202 -5.0732009093110486 0.78656609248549325 1.0000000180025095e-35 0.086456621345978008 0.78656609248549325 0.60355339059327384 0.0081723635835423449 -0.35999609996789256 -118.21337597412109
decision_type=2 2 2 2 2 2 2 2 2 2 2 2 2 2
left_child=1 4 6 5 9 -3 8 13 -2 -1 -5 -9 -6 -4
right_child=2 3 7 10 12 -7 -8 11 -10 -11 -12 -13 -14 -15
leaf_value=-0.045322344373446732 0.21845308635611196 -0.13231670225421058 0.083188521153139836 0.050092121756190239 -0.10299176717068945 -0.021376170135997696 0.027342569900569151 0.35996150611749778 0.093322912140973921 -0.10718403648364934 -0.014278845111054227 0.18142273741188539 -0.18726014553763723 0.21943545061258307
leaf_weight=24679 1493 2136 927 16690 10501 23705 4992 1819 18838 7086 7214 830 3180 2316
leaf_count=24679 1493 2136 927 16690 10501 23705 4992 1819 18838 7086 7214 830 3180 2316
internal_value=4.27084e-11 -0.0379378 0.115692 -0.00113219 -0.0782251 -0.0305464 0.0876935 0.236028 0.102512 -0.0591222 0.0306656 0.304021 -0.122579 0.18049
internal_weight=126406 95191 31215 49745 45446 25841 25323 5892 20331 31765 23904 2649 13681 3243
internal_count=126406 95191 31215 49745 45446 25841 25323 5892 20331 31765 23904 2649 13681 3243
is_linear=0
shrinkage=0.01


Tree=43
num_leaves=15
num_cat=0
split_feature=23 23 23 1 17 7 17 10 7 2 16 2 9 14
split_gain=5.43776e+06 1.36256e+06 1.05021e+06 442442 377397 271016 232610 225114 213569 224948 200147 187660 172053 169879
threshold=63.511981880486324 45.952213303290627 86.760272104077657 -118.99998249999999 0.0111948119782202 1003.5992500000001 0.012243216400039598 -0.24999999999999994 1006.0001850000001 19.925000000000001 0.14802446599999994 22.625000000000004 -0.70710678118654757 -0.35999609996789256
decision_type=2 2 2 2 2 2 2 2 2 2 2 2 2 2
left_child=1 4 8 6 10 7 -3 -4 9 -2 -1 -5 -7 -6
right_child=2 3 5 11 13 12 -8 -9 -10 -11 -12 -13 -14 -15
leaf_value=0.10759980665147108 0.027182736134608223 -0.015114537981972749 0.2017063031391417 0.015349249233783106 -0.10196184917692812 0.35125057290080514 -0.090145758153034772 -0.0046831495668331205 0.12685871834326445 0.099924851081403684 -0.06232368372523471 0.084991054125733378 0.22208760725411578 -0.18538754426632165
leaf_weight=709 8814 20498 1480 18697 10501 1442 5175 822 7320 8212 31056 4879 3621 3180
leaf_count=709 8814 20498 1480 18697 10501 1442 5175 822 7320 8212 31056 4879 3621 3180
internal_value=2.77991e-11 -0.0379549 0.11334 -0.00151609 -0.0774429 0.217971 -0.0302389 0.128009 0.0816881 0.0622678 -0.058531 0.0297615 0.258875 -0.121353
internal_weight=126406 94695 31711 49249 45446 7365 25673 2302 24346 17026 31765 23576 5063 13681
internal_count=126406 94695 31711 49249 45446 7365 25673 2302 24346 17026 31765 23576 5063 13681
is_linear=0
shrinkage=0.01


Tree=44
num_leaves=15
num_cat=0
split_feature=23 23 0 10 4 1 7 15 13 4 2 4 15 7
split_gain=5.33441e+06 1.54493e+06 853882 487433 395392 335716 320710 283016 281097 269038 256149 214587 194493 111781
threshold=57.703468994977243 80.510562423439566 36.742692288818368 -1.0000000180025095e-35 1.0000000180025095e-35 -118.21337597412109 1003.5992500000001 0.088465452531560476 9.7200072708156053 1.0000000180025095e-35 15.525000000000002 1.0000000180025095e-35 0.084043854175721647 1006.3000500000002
decision_type=2 2 2 2 2 2 2 2 2 2 2 2 2 2
left_child=2 4 5 7 8 9 10 -4 -2 -1 -3 -5 -8 -7
right_child=1 6 3 11 -6 13 12 -9 -10 -11 -12 -13 -14 -15
leaf_value=-0.019365329251752567 0.066918947458648848 -0.0087433547398339719 0.10162451826659204 -0.10450040695167678 -0.095241417664365904 0.032029702913875364 0.34116543253451015 -0.056498050287204914 -0.077000370975662827 -0.12543964954285072 0.17572339536019699 -0.20557869237602916 0.20561132116155989 0.13948239012636937
leaf_weight=30705 33736 1156 1203 18220 1695 3678 1300 19163 1414 2593 2158 2374 5697 1314
leaf_count=30705 33736 1156 1203 18220 1695 3678 1300 19163 1414 2593 2158 2374 5697 1314
internal_value=1.17794e-11 0.0842152 -0.0501104 -0.0818471 0.0539358 -0.0161607 0.192415 -0.0471579 0.0611294 -0.0276256 0.111377 -0.116152 0.230796 0.0603135
internal_weight=126406 47156 79250 40960 36845 38290 10311 20366 35150 33298 3314 20594 6997 4992
internal_count=126406 47156 79250 40960 36845 38290 10311 20366 35150 33298 3314 20594 6997 4992
is_linear=0
shrinkage=0.01


Tree=45
num_leaves=15
num_cat=0
split_feature=23 23 23 0 0 4 16 7 44 6 8 47 17 1
split_gain=5.23589e+06 1.33739e+06 996699 468069 374460 348555 323955 248200 216123 205620 186264 179693 176716 120724
threshold=63.735330704595604 47.59423555367789 91.137470729227061 36.742692288818368 35.400001525878913 1.0000000180025095e-35 0.21375782999999957 1005.9001500000001 1.0000000180025095e-35 11.302114500000002 0.60355339059327384 1.0000000180025095e-35 0.0081723635835423449 -118.21337597412109
decision_type=2 2 2 2 2 2 2 2 2 2 2 2 2 2
left_child=1 3 5 11 10 7 -5 -2 13 -6 -3 -1 -10 -4
right_child=2 4 8 6 9 -7 -8 -9 12 -11 -12 -13 -14 -15
leaf_value=-0.043930457949081292 0.071211218383593872 0.050492644709792991 0.078359208342151071 0.11425101304421215 -0.0089938126151465313 -0.085978448574276445 -0.10187541057270855 0.1398953137279903 0.35171970319500534 -0.078957365830484863 -0.012401598146667294 0.059616877303293986 0.17563419297696597 0.21339852857213654
leaf_weight=17448 16451 15657 927 710 17337 1137 29907 7735 1819 5544 6734 1854 830 2316
leaf_count=17448 16451 15657 927 710 17337 1137 29907 7735 1819 5544 6734 1854 830 2316
internal_value=-4.59543e-11 -0.0368549 0.11239 -0.0725503 0.00250454 0.0851332 -0.0968635 0.0931773 0.229536 -0.0259458 0.0315775 -0.0339845 0.296548 0.174798
internal_weight=126406 95191 31215 49919 45272 25323 30617 24186 5892 22881 22391 19302 2649 3243
internal_count=126406 95191 31215 49919 45272 25323 30617 24186 5892 22881 22391 19302 2649 3243
is_linear=0
shrinkage=0.01


Tree=46
num_leaves=15
num_cat=0
split_feature=23 23 23 0 4 17 13 8 44 8 8 17 14 10
split_gain=5.13169e+06 1.31432e+06 976865 526227 341618 324249 262734 234007 211822 206919 195696 173199 125742 119411
threshold=63.735330704595604 43.029866685443373 91.137470729227061 35.400001525878913 1.0000000180025095e-35 0.011276127285715379 -5.0732009093110486 0.60355339059327384 1.0000000180025095e-35 0.78656609248549325 0.78656609248549325 0.0081723635835423449 -0.35999609996789256 -0.6830127018922193
decision_type=2 2 2 2 2 2 2 2 2 2 2 2 2 2
left_child=1 5 4 7 9 10 -5 -3 13 -2 -1 -10 -7 -4
right_child=2 3 8 6 -6 12 -8 -9 11 -11 -12 -13 -14 -15
leaf_value=-0.048321524115828185 0.10670719733458156 0.04648076157782479 0.29590434225967283 -0.13145768573288663 -0.085118664474711447 -0.10783871364418245 -0.025432503638950398 -0.018312907739285799 0.34820250476079212 0.033086879981110387 -0.11382757579415852 0.17387785156376392 -0.18527406825137785 0.14307867957992493
leaf_weight=20616 19435 18255 636 2547 1137 8760 28376 8024 1819 4751 5856 830 2757 2607
leaf_count=20616 19435 18255 636 2547 1137 8760 28376 8024 1819 4751 5856 830 2757 2607
internal_value=-2.25624e-11 -0.0364863 0.111266 -0.00620489 0.0842819 -0.0820827 -0.0341654 0.0266967 0.22724 0.0922455 -0.0628124 0.293582 -0.126376 0.17305
internal_weight=126406 95191 31215 57202 25323 37989 30923 26279 5892 24186 26472 2649 11517 3243
internal_count=126406 95191 31215 57202 25323 37989 30923 26279 5892 24186 26472 2649 11517 3243
is_linear=0
shrinkage=0.01


Tree=47
num_leaves=15
num_cat=0
split_feature=23 23 23 4 1 4 7 13 31 17 9 15 7 0
split_gain=5.03769e+06 1.46276e+06 815902 377474 338411 353880 311829 272454 268188 260078 180221 166854 95907.6 94368.5
threshold=57.703468994977243 80.510562423439566 38.402220344552411 1.0000000180025095e-35 -118.21337597412109 1.0000000180025095e-35 1003.9001350000001 9.7200072708156053 101.51956550814911 0.010404712066518811 -0.5 0.056582831708599332 1006.4001350000001 36.742692288818368
decision_type=2 2 2 2 2 2 2 2 2 2 2 2 2 2
left_child=2 3 9 7 5 -4 8 -2 -3 11 -8 -1 -6 -11
right_child=1 6 4 -5 12 -7 10 -9 -10 13 -12 -13 -14 -15
leaf_value=0.060009381135223208 0.065104877511727499 0.081470172558767373 -0.025800602826710484 -0.093381462422274422 0.03161779929531864 -0.14002489217609201 0.29285744398115532 -0.076584521407706746 0.36664841223680211 -0.077586073704754843 0.18653493706048668 -0.07655411258582108 0.13886313993674393 -0.15008260415006283
leaf_weight=944 33736 3174 43881 1695 3316 2891 2570 1414 368 2348 4199 17125 1114 7631
leaf_count=944 33736 3174 43881 1695 3316 2891 2570 1414 368 2348 4199 17125 1114 7631
internal_value=-2.55506e-12 0.0818395 -0.0486968 0.0523763 -0.0249488 -0.0328609 0.187122 0.0594051 0.111099 -0.0920491 0.226903 -0.0694195 0.0585865 -0.133025
internal_weight=126406 47156 79250 36845 51202 46772 10311 35150 3542 28048 6769 18069 4430 9979
internal_count=126406 47156 79250 36845 51202 46772 10311 35150 3542 28048 6769 18069 4430 9979
is_linear=0
shrinkage=0.01


Tree=48
num_leaves=15
num_cat=0
split_feature=23 23 23 0 0 4 16 7 13 0 17 3 47 13
split_gain=4.9406e+06 1.26564e+06 941367 450527 355243 329793 314816 241173 208127 206869 215552 179941 172933 76669.5
threshold=63.735330704595604 47.59423555367789 91.137470729227061 36.742692288818368 35.400001525878913 1.0000000180025095e-35 0.21375782999999957 1005.9001500000001 -5.0732009093110486 34.083213737060554 0.0081205058601405509 70.927510000000026 1.0000000180025095e-35 2.8800040930426127
decision_type=2 2 2 2 2 2 2 2 2 2 2 2 2 2
left_child=1 3 5 12 11 7 -5 -2 -6 13 -11 -3 -1 -4
right_child=2 4 9 6 8 -7 -8 -9 -10 10 -12 -13 -14 -15
leaf_value=-0.042446139433690862 0.068857040779769035 0.057768573015245787 0.1236732939381452 0.11373694357979046 -0.12694042518571735 -0.083757405987314723 -0.09931919597012101 0.13656194580117886 -0.016279732117719596 0.28988082481541338 0.14804937929440634 0.001000578882104398 0.059134967810448719 -0.11914579003313441
leaf_weight=17448 16451 11756 659 710 1849 1137 29907 7735 21032 3533 1538 10635 1854 162
leaf_count=17448 16451 11756 659 710 1849 1137 29907 7735 21032 3533 1538 10635 1854 162
internal_value=-4.40251e-11 -0.0358005 0.109175 -0.0705253 0.00248852 0.0826854 -0.0943785 0.09051 -0.0252222 0.223022 0.246864 0.0308056 -0.032689 0.0757601
internal_weight=126406 95191 31215 49919 45272 25323 30617 24186 22881 5892 5071 22391 19302 821
internal_count=126406 95191 31215 49919 45272 25323 30617 24186 22881 5892 5071 22391 19302 821
is_linear=0
shrinkage=0.01


Tree=49
num_leaves=15
num_cat=0
split_feature=25 25 25 1 4 7 4 31 13 8 6 7 15 42
split_gain=4.45582e+06 1.18679e+06 798593 472396 466792 402992 304128 285217 237404 211728 181934 109574 87338.6 65011.1
threshold=57.886418579542799 77.727349251538655 34.821574426137168 -118.21337597412109 1.0000000180025095e-35 1003.9999500000001 1.0000000180025095e-35 101.51956550814911 8.6602540378443873 0.60355339059327384 8.3982850000000031 1006.0001850000001 0.04807591837039956 1.0000000180025095e-35
decision_type=2 2 2 2 2 2 2 2 2 2 2 2 2 2
left_child=2 6 10 4 -4 7 8 -3 -2 -7 12 -5 -1 -8
right_child=1 5 3 11 -6 9 13 -9 -10 -11 -12 -13 -14 -15
leaf_value=0.080360472605742819 0.063270848523714091 0.062841066380093638 -0.026748938522944261 0.038992835794031129 -0.14245406166655095 0.24878485802527778 -0.013197548021106644 0.35601001033907409 -0.051873196423627504 0.13240487097637707 -0.12956533407123927 0.14532707431805078 -0.074997625389755684 -0.14171934784361809
leaf_weight=376 30324 3757 52852 3277 3733 5011 705 364 1903 2272 9944 1376 9621 891
leaf_count=376 30324 3757 52852 3277 3733 5011 705 364 1903 2272 9944 1376 9621 891
internal_value=-3.08914e-11 0.0795432 -0.0443157 -0.0264177 -0.0343822 0.167763 0.0497985 0.0887361 0.0564716 0.212479 -0.0992796 0.0704383 -0.0691544 -0.0849475
internal_weight=126406 45227 81179 61238 56585 11404 33823 4121 32227 7283 19941 4653 9997 1596
internal_count=126406 45227 81179 61238 56585 11404 33823 4121 32227 7283 19941 4653 9997 1596
is_linear=0
shrinkage=0.01


Tree=50
num_leaves=15
num_cat=0
split_feature=20 0 20 10 1 15 15 1 8 15 31 27 7 8
split_gain=3.49861e+06 1.09018e+06 808190 540950 415584 476524 414546 383801 311711 255762 243675 211056 168438 112426
threshold=59.80323193916351 36.742692288818368 88.10709759188849 1.0000000180025095e-35 -118.21337597412109 0.081990198154681601 0.094594992829323502 -118.21337597412109 0.12940952255126045 0.063427746452943148 38.880544993662873 126.69011725293133 1007.5001000000001 0.12940952255126045
decision_type=2 2 2 2 2 2 2 2 2 2 2 2 2 2
left_child=1 7 4 6 5 -2 -3 10 -6 -5 -1 12 -4 -9
right_child=2 3 11 9 8 -7 -8 13 -10 -11 -12 -13 -14 -15
leaf_value=-0.044009388592966971 0.18989060546305778 0.11099519135302338 0.10559676229952493 0.027757317298029452 0.1766627573883974 0.022449715370713212 -0.05183456079490438 0.098735154995329047 0.051810048113598753 -0.11999253662183523 0.0088534052217718335 0.28026745704445039 0.21163953450034062 0.012120502976205384
leaf_weight=15860 1822 1701 4481 1248 4095 25313 19346 4263 3908 19140 19369 1299 2250 2311
leaf_count=15860 1822 1701 4481 1248 4095 25313 19346 4263 3908 19140 19369 1299 2250 2311
internal_value=-1.39622e-11 -0.0378865 0.073054 -0.0742369 0.0523695 0.0336927 -0.0386748 -0.00185606 0.115695 -0.110948 -0.0149453 0.163566 0.141044 0.068287
internal_weight=126406 83238 43168 41435 35138 27135 21047 41803 8003 20388 35229 8030 6731 6574
internal_count=126406 83238 43168 41435 35138 27135 21047 41803 8003 20388 35229 8030 6731 6574
is_linear=0
shrinkage=0.01


Tree=51
num_leaves=15
num_cat=0
split_feature=23 23 23 7 0 47 16 31 6 5 8 8 8 8
split_gain=4.69332e+06 1.40731e+06 730262 329381 283010 271246 256688 256668 250328 218012 206978 195456 175311 161885
threshold=57.225026991503547 78.202555978031299 38.402220344552411 1003.9001350000001 35.400001525878913 1.0000000180025095e-35 0.55199999999999994 101.51956550814911 10.197528500000002 19.500000000000004 0.37940952255126054 0.78656609248549325 0.60355339059327384 0.60355339059327384
decision_type=2 2 2 2 2 2 2 2 2 2 2 2 2 2
left_child=2 5 8 7 12 9 -6 -3 13 -2 -7 -5 -4 -1
right_child=1 3 4 11 6 10 -8 -9 -10 -11 -12 -13 -14 -15
leaf_value=-0.046046697511259442 0.056850793411083018 0.075907604856064792 0.026492824351269761 0.23776941963394721 0.075142444877185577 0.13561250838039898 -0.050500985038125522 0.34624469809214892 -0.12785994813365531 0.0012427210694188457 0.032984515549505711 0.11388428859900816 -0.039906643859005338 -0.1119771633828498
leaf_weight=12287 15742 3797 12747 5982 1721 5189 29464 387 10417 12769 3163 1618 5779 5344
leaf_count=12287 15742 3797 12747 5982 1721 5189 29464 387 10417 12769 3163 1618 5779 5344
internal_value=-5.25851e-11 0.0770378 -0.0481958 0.172167 -0.0251767 0.0466277 -0.0435671 0.100912 -0.0889938 0.031946 0.0967461 0.211395 0.00578018 -0.0660304
internal_weight=126406 48647 77759 11784 49711 36863 31185 4184 28048 28511 8352 7600 18526 17631
internal_count=126406 48647 77759 11784 49711 36863 31185 4184 28048 28511 8352 7600 18526 17631
is_linear=0
shrinkage=0.01


Tree=52
num_leaves=15
num_cat=0
split_feature=22 0 27 47 16 10 1 15 15 8 31 31 7 11
split_gain=2.66608e+06 1.03238e+06 740241 617968 598809 458732 404090 372750 265614 259780 247264 231373 155051 116970
threshold=59.583650190114078 35.400001525878913 70.221166032953121 1.0000000180025095e-35 0.35014439250000023 0.25000000000000011 -118.21337597412109 0.088465452531560476 0.25766401639599029 0.37940952255126054 101.51956550814911 38.888994507815802 1006.3000500000002 0.6830127018922193
decision_type=2 2 2 2 2 2 2 2 2 2 2 2 2 2
left_child=1 6 3 11 13 -6 8 -4 -1 -5 -9 -2 -8 -3
right_child=2 4 7 9 5 -7 12 10 -10 -11 -12 -13 -14 -15
leaf_value=-0.035315019665477489 -0.040417261031475665 0.011526807107340244 0.27885364759944986 0.14649359502156853 -0.041534685888832731 -0.10191252847871368 0.056239309422793031 0.092004571157104781 0.03582473005824853 0.036889452115792455 0.24490566202131206 0.030252385050759615 0.16733140340463631 0.1518809540341618
leaf_weight=12198 6592 1007 1480 5899 31665 20882 4806 9322 9212 3414 1193 15588 1701 1447
leaf_count=12198 6592 1007 1480 5899 31665 20882 4806 9322 9212 3414 1193 15588 1701 1447
internal_value=-4.62882e-11 -0.0332593 0.063415 0.0379529 -0.0583981 -0.0655286 0.0162683 0.130266 -0.00470599 0.106314 0.109352 0.00924903 0.08528 0.0942866
internal_weight=126406 82918 43488 31493 55001 52547 27917 11995 21410 9313 10515 22180 6507 2454
internal_count=126406 82918 43488 31493 55001 52547 27917 11995 21410 9313 10515 22180 6507 2454
is_linear=0
shrinkage=0.01


Tree=53
num_leaves=15
num_cat=0
split_feature=23 23 23 1 4 6 6 8 7 0 6 8 15 15
split_gain=4.54662e+06 1.16943e+06 873322 476776 318199 295172 258450 228049 227486 200138 204597 187723 97291.3 47582.6
threshold=63.735330704595604 42.368363610759054 91.137470729227061 -118.99998249999999 1.0000000180025095e-35 11.804439000000002 12.301683000000002 0.60355339059327384 1006.0001850000001 34.083213737060554 8.2046315000000014 0.60355339059327384 0.29435550095552815 0.87576685876802174
decision_type=2 2 2 2 2 2 2 2 2 2 2 2 2 2
left_child=1 5 4 6 8 11 -3 -5 -2 13 -11 -1 -7 -4
right_child=2 3 9 7 -6 12 -8 -9 -10 10 -12 -13 -14 -15
leaf_value=-0.043220480130045209 0.06613303854542664 -0.018226979170700732 0.093855791086693549 0.043762495687180714 -0.084273649797239975 -0.15728579907167101 -0.088351633615805419 -0.019648874171987612 0.13218786985618036 0.2792979986275545 0.14052348783098334 -0.10127697658988025 -0.095584239034206112 -0.16881434079063568
leaf_weight=18197 16581 25298 745 18602 1137 4769 6634 8159 7605 3556 1515 8026 5506 76
leaf_count=18197 16581 25298 745 18602 1137 4769 6634 8159 7605 3556 1515 8026 5506 76
internal_value=9.53776e-12 -0.0343435 0.104731 -0.00670397 0.0792174 -0.078791 -0.0327957 0.0244294 0.0869032 0.214387 0.237838 -0.0609897 -0.124222 0.0695404
internal_weight=126406 95191 31215 58693 25323 36498 31932 26761 24186 5892 5071 26223 10275 821
internal_count=126406 95191 31215 58693 25323 36498 31932 26761 24186 5892 5071 26223 10275 821
is_linear=0
shrinkage=0.01


Tree=54
num_leaves=15
num_cat=0
split_feature=25 25 0 10 7 47 4 4 19 15 15 13 8 7
split_gain=4.08051e+06 1.09292e+06 767608 470404 382186 335824 292371 279671 275686 265850 244092 227482 202088 106271
threshold=57.886418579542799 77.727349251538655 36.742692288818368 1.0000000180025095e-35 1003.9999500000001 1.0000000180025095e-35 1.0000000180025095e-35 1.0000000180025095e-35 1.2553855046634397 0.094594992829323502 0.059999999350877208 8.6602540378443873 0.60355339059327384 1006.0001850000001
decision_type=2 2 2 2 2 2 2 2 2 2 2 2 2 2
left_child=2 6 5 9 8 7 11 -1 -3 -4 -5 -2 -6 -7
right_child=1 4 3 10 12 13 -8 -9 -10 -11 -12 -13 -14 -15
leaf_value=-0.013293071838822315 0.060773811043294233 0.026509414967014928 0.092540402643951691 0.040211974322056969 0.23979488213576683 0.037679554492491309 -0.084540339309093715 -0.12004720847858165 0.20054960425770188 -0.04827394773734394 -0.11353793518936257 -0.051938256933025943 0.12609520707557775 0.14145917854089976
leaf_weight=31834 30324 2764 1440 1089 5011 3383 1596 2659 1357 19450 19931 1903 2272 1393
leaf_count=31834 30324 2764 1440 1089 5011 3383 1596 2659 1357 19450 19931 1903 2272 1393
internal_value=3.7878e-11 0.0761195 -0.0424082 -0.0721738 0.160779 -0.0106408 0.0475753 -0.0215225 0.0838189 -0.0385673 -0.105572 0.0541182 0.204325 0.0679486
internal_weight=126406 45227 81179 41910 11404 39269 33823 34493 4121 20890 21020 32227 7283 4776
internal_count=126406 45227 81179 41910 11404 39269 33823 34493 4121 20890 21020 32227 7283 4776
is_linear=0
shrinkage=0.01


Tree=55
num_leaves=15
num_cat=0
split_feature=20 1 16 20 13 2 1 4 2 8 2 11 36 13
split_gain=3.2205e+06 1.19454e+06 612169 558888 507227 397844 378166 341568 313429 200685 203295 145575 90247.3 40880.2
threshold=63.677670238506749 -118.99998249999999 0.42024532650000018 88.10709759188849 -5.4026652448009971 22.925000000000001 -118.21337597412109 1.0000000180025095e-35 7.8250000000000002 0.37940952255126054 8.1250000000000018 0.6830127018922193 68.236580183404172 -4.6800000030581783
decision_type=2 2 2 2 2 2 2 2 2 2 2 2 2 2
left_child=1 2 11 7 -4 6 -3 8 -2 10 -5 -1 -11 -7
right_child=3 5 4 9 -6 13 -8 -9 -10 12 -12 -13 -14 -15
leaf_value=-0.0055327137171485141 0.18958969379972537 -0.021663799229402095 -0.15751894555535106 0.38495041579903466 -0.055270209313452175 0.096249213762223729 0.06484834761637974 -0.11403751091415371 0.058130370111966159 0.053784100526569761 0.17518223492106244 0.13255585353819327 0.16205073962304195 0.028338401038648011
leaf_weight=1270 1973 20211 5366 518 50612 5719 6737 1067 22458 1977 4274 1914 1261 1049
leaf_count=1270 1973 20211 5366 518 50612 5719 6737 1067 22458 1977 4274 1914 1261 1049
internal_value=2.28385e-13 -0.0303267 -0.0574 0.0840099 -0.0650717 0.0171792 -3.57625e-05 0.0610979 0.0687468 0.156763 0.197858 0.0774766 0.0959472 0.0857234
internal_weight=126406 92878 59162 33528 55978 33716 26948 25498 24431 8030 4792 3184 3238 6768
internal_count=126406 92878 59162 33528 55978 33716 26948 25498 24431 8030 4792 3184 3238 6768
is_linear=0
shrinkage=0.01


Tree=56
num_leaves=15
num_cat=0
split_feature=23 23 23 0 4 4 0 16 7 44 17 1 10 1
split_gain=4.31799e+06 1.12004e+06 834329 400390 307307 304324 291062 290908 219513 196087 160554 151628 119529 96421.2
threshold=63.735330704595604 47.59423555367789 91.137470729227061 36.742692288818368 1.0000000180025095e-35 1.0000000180025095e-35 35.400001525878913 0.21375782999999957 1005.9001500000001 1.0000000180025095e-35 0.0081723635835423449 -118.21337597412109 -0.6830127018922193 -118.21337597412109
decision_type=2 2 2 2 2 2 2 2 2 2 2 2 2 2
left_child=1 3 5 11 6 8 -3 -5 -2 12 -11 -1 -4 -6
right_child=2 4 9 7 13 -7 -8 -9 -10 10 -12 -13 -14 -15
leaf_value=-0.039602672934555133 0.063984917552958431 0.035348651848783448 0.28002057819313858 0.11143482074995106 -0.13381050305978426 -0.082760336902819864 -0.016837735779100523 -0.093371445192421632 0.12857791941860117 0.32566288327897575 0.15782278277370407 0.055515340372496572 0.12711905069934834 0.027887442934229338
leaf_weight=17448 16451 21061 636 710 2064 1137 21698 29907 7735 1819 830 1854 2607 449
leaf_count=17448 16451 21061 636 710 2064 1137 21698 29907 7735 1819 830 1854 2607 449
internal_value=-4.85393e-11 -0.0334689 0.102064 -0.0661352 0.00255057 0.0771262 0.00886674 -0.088622 0.0846426 0.209244 0.273074 -0.0304664 0.157105 -0.10492
internal_weight=126406 95191 31215 49919 45272 25323 42759 30617 24186 5892 2649 19302 3243 2513
internal_count=126406 95191 31215 49919 45272 25323 42759 30617 24186 5892 2649 19302 3243 2513
is_linear=0
shrinkage=0.01


Tree=57
num_leaves=15
num_cat=0
split_feature=23 23 23 47 47 23 14 6 44 5 15 15 31 0
split_gain=4.23706e+06 1.2776e+06 673274 251321 250996 250228 241347 235879 212744 211982 147393 144906 110525 90728.8
threshold=57.225026991503547 78.202555978031299 38.402220344552411 1.0000000180025095e-35 1.0000000180025095e-35 102.9774047759842 10.434159075679382 10.197528500000002 1.0000000180025095e-35 19.500000000000004 0.066467786364130685 0.056582831708599332 44.337135614702156 36.742692288818368
decision_type=2 2 2 2 2 2 2 2 2 2 2 2 2 2
left_child=2 4 7 6 9 10 -4 11 -7 -2 -3 -1 -6 -9
right_child=1 5 3 -5 12 8 -8 13 -10 -11 -12 -13 -14 -15
leaf_value=0.058950384419234947 0.054657463637718937 0.26175457764715232 -0.026473060474962475 0.050161722339963584 0.059730737371811504 0.15853777147183504 -0.16110245323439454 -0.069532675944178002 0.31592042953574551 -0.00017614663432246157 0.12041655075078085 -0.069433609176447697 0.13289896024579043 -0.13907804330103671
leaf_weight=928 15742 818 44121 4217 4619 1753 1373 2454 1684 12769 7529 16703 3733 7963
leaf_count=928 15742 818 44121 4217 4619 1753 1373 2454 1684 12769 7529 16703 3733 7963
internal_value=-5.32394e-11 0.0731974 -0.0457932 -0.0236905 0.0442226 0.163837 -0.0305361 -0.084967 0.235649 0.0300996 0.134268 -0.0626762 0.0924339 -0.122695
internal_weight=126406 48647 77759 49711 36863 11784 45494 28048 3437 28511 8347 17631 8352 10417
internal_count=126406 48647 77759 49711 36863 11784 45494 28048 3437 28511 8347 17631 8352 10417
is_linear=0
shrinkage=0.01


Tree=58
num_leaves=15
num_cat=0
split_feature=23 23 23 1 17 6 3 13 14 46 17 9 14 3
split_gain=4.15652e+06 1.0801e+06 801757 433329 281050 248831 210716 195712 217235 192307 201001 165591 111057 76318.4
threshold=63.735330704595604 42.368363610759054 91.137470729227061 -118.99998249999999 0.011276127285715379 10.7017845 70.927510000000026 9.4169620096129574 7.2000092342799205 1.0000000180025095e-35 0.0081205058601405509 -0.5 -0.35999609996789256 26.896924000000002
decision_type=2 2 2 2 2 2 2 2 2 2 2 2 2 2
left_child=1 4 7 5 11 -3 -5 8 -2 10 -4 -1 -6 -11
right_child=2 3 9 6 12 -7 -8 -9 -10 13 -12 -13 -14 -15
leaf_value=-0.022634975419351364 0.089511479677209987 -0.013250118991380606 0.26973123279044303 0.049816118472351061 -0.099669720153984398 -0.07468592180528992 -0.0064083929116536325 -0.071520192012951261 -0.022726693541344295 -0.19276084068359114 0.13277045772078791 -0.076068539565605706 -0.17355984348563372 0.099534411720377136
leaf_weight=8967 22584 22629 3533 14191 8430 9303 12570 872 1867 102 1538 16420 2681 719
leaf_count=8967 22584 22629 3533 14191 8430 9303 12570 872 1867 102 1538 16420 2681 719
internal_value=-1.54344e-11 -0.0328371 0.100138 -0.00627422 -0.0755533 -0.0311487 0.0234067 0.0756913 0.0809413 0.205205 0.228192 -0.0571951 -0.117499 0.06322
internal_weight=126406 95191 31215 58693 36498 31932 26761 25323 24451 5892 5071 25387 11111 821
internal_count=126406 95191 31215 58693 36498 31932 26761 25323 24451 5892 5071 25387 11111 821
is_linear=0
shrinkage=0.01


Tree=59
num_leaves=15
num_cat=0
split_feature=23 23 23 4 7 4 13 31 4 47 15 16 47 44
split_gain=4.07839e+06 1.23132e+06 647874 333888 307699 276931 250049 228293 224785 198640 180278 168438 82094.8 50712.7
threshold=57.225026991503547 78.202555978031299 38.402220344552411 1.0000000180025095e-35 1003.6996700000001 1.0000000180025095e-35 9.7200072708156053 101.51956550814911 1.0000000180025095e-35 1.0000000180025095e-35 0.084043854175721647 0.14802446599999994 1.0000000180025095e-35 1.0000000180025095e-35
decision_type=2 2 2 2 2 2 2 2 2 2 2 2 2 2
left_child=2 3 8 6 7 9 -2 -3 11 -4 -6 -1 -7 -10
right_child=1 4 5 -5 10 12 -8 -9 13 -11 -12 -13 -14 -15
leaf_value=0.11538863411818077 0.055605434470891231 0.065521979544403516 -0.023254351999124078 -0.09312795306187642 0.29853059242892716 -0.13164088107899838 -0.076987758980737842 0.32722279483071787 -0.13142454577457274 0.0518174567400429 0.17452252766892629 -0.07674399023418528 0.025826279527346296 -0.21347549343280925
leaf_weight=465 33669 3634 42667 1709 1438 2827 1485 367 2032 3842 6345 24354 375 1197
leaf_count=465 33669 3634 42667 1709 1438 2827 1485 367 2032 3842 6345 24354 375 1197
internal_value=-9.64898e-12 0.0718138 -0.0449276 0.0433686 0.160797 -0.0232459 0.0500043 0.089527 -0.0833554 -0.0170528 0.197434 -0.0731443 -0.113199 -0.161841
internal_weight=126406 48647 77759 36863 11784 49711 35154 4001 28048 46509 7783 24819 3202 3229
internal_count=126406 48647 77759 36863 11784 49711 35154 4001 28048 46509 7783 24819 3202 3229
is_linear=0
shrinkage=0.01


Tree=60
num_leaves=15
num_cat=0
split_feature=23 23 23 6 1 6 8 46 13 8 1 8 15 15
split_gain=4.00119e+06 1.04093e+06 774259 336021 284235 223192 204868 201194 193321 180349 174594 168232 155770 104625
threshold=63.735330704595604 47.59423555367789 84.371915673754401 11.501556500000001 -118.99998249999999 11.200285500000001 0.78656609248549325 1.0000000180025095e-35 -5.0732009093110486 0.78656609248549325 -118.21337597412109 0.60355339059327384 0.29435550095552815 0.30427051130709731
decision_type=2 2 2 2 2 2 2 2 2 2 2 2 2 2
left_child=1 3 9 6 8 7 -1 -4 -3 10 -2 -6 -5 -7
right_child=2 4 5 12 11 13 -8 -9 -10 -11 -12 -13 -14 -15
leaf_value=-0.034590506360582751 0.063467623980823382 -0.12031391274349199 0.22372113534349541 -0.14289241445175563 0.045812110417398355 -0.050075043983298782 -0.092034822644072298 0.074654303528727692 -0.013662043098664922 0.011359502067074667 0.13319028859082357 -0.013960234794363702 -0.075889474240552257 0.13931172861662344
leaf_weight=27807 13480 1849 6108 6139 15657 536 7993 1063 21032 4492 4896 6734 7980 640
leaf_count=27807 13480 1849 6108 6139 15657 536 7993 1063 21032 4492 4896 6734 7980 640
internal_value=1.28203e-11 -0.0322177 0.0982488 -0.0637094 0.00250644 0.180684 -0.047416 0.201624 -0.0222805 0.0681594 0.0820441 0.0278358 -0.105023 0.0529926
internal_weight=126406 95191 31215 49919 45272 8347 35800 7171 22881 22868 18376 22391 14119 1176
internal_count=126406 95191 31215 49919 45272 8347 35800 7171 22881 22868 18376 22391 14119 1176
is_linear=0
shrinkage=0.01


Tree=61
num_leaves=15
num_cat=0
split_feature=25 25 0 10 4 47 25 4 15 0 15 17 8 8
split_gain=3.57889e+06 900934 743557 480472 365462 334437 280447 277322 264004 243624 234148 149664 114565 90857.2
threshold=59.14677510209831 91.861009110043057 36.742692288818368 1.0000000180025095e-35 1.0000000180025095e-35 1.0000000180025095e-35 73.593804887033414 1.0000000180025095e-35 0.094594992829323502 36.742692288818368 0.059999999350877208 0.0081205058601405509 0.37940952255126054 0.37940952255126054
decision_type=2 2 2 2 2 2 2 2 2 2 2 2 2 2
left_child=2 4 5 8 6 7 -2 -1 -4 12 -5 -11 -3 -7
right_child=1 9 3 10 -6 13 -8 -9 -10 11 -12 -13 -14 -15
leaf_value=-0.01037831328953325 0.048102635977163327 0.1830398259676172 0.095743413881131584 0.04149325649580303 -0.082794848898478615 0.09721140798183471 0.11318554590935005 -0.11476936718378124 -0.042795194254136346 0.31871306488080337 -0.10799528550374493 0.15326520476380143 0.054177924427984754 0.012227313707569718
leaf_weight=33653 25605 1779 1477 1105 1760 3423 8930 2753 20021 1751 20238 795 1127 1989
leaf_count=33653 25605 1779 1477 1105 1760 3423 8930 2753 20021 1751 20238 795 1127 1989
internal_value=6.04942e-12 0.075773 -0.0373651 -0.0666452 0.0577682 -0.00736876 0.0649317 -0.0182723 -0.033277 0.195634 -0.100256 0.267051 0.133065 0.0659783
internal_weight=126406 41747 84659 42841 36295 41818 34535 36406 21498 5452 21343 2546 2906 5412
internal_count=126406 41747 84659 42841 36295 41818 34535 36406 21498 5452 21343 2546 2906 5412
is_linear=0
shrinkage=0.01


Tree=62
num_leaves=15
num_cat=0
split_feature=25 25 0 16 5 47 4 4 4 8 13 2 42 0
split_gain=3.50911e+06 947517 683367 419979 369265 297781 266698 263385 253676 253645 211778 81207.8 59572.8 55177
threshold=57.886418579542799 77.727349251538655 36.742692288818368 0.21375782999999957 9.5000000000000018 1.0000000180025095e-35 1.0000000180025095e-35 1.0000000180025095e-35 1.0000000180025095e-35 0.60355339059327384 9.4169620096129574 7.2250000000000005 1.0000000180025095e-35 37.042691525878915
decision_type=2 2 2 2 2 2 2 2 2 2 2 2 2 2
left_child=2 7 5 13 -5 8 9 10 -1 -3 -2 -7 -9 -4
right_child=1 6 3 4 -6 11 -8 12 -10 -11 -12 -13 -14 -15
leaf_value=-0.011762660986820148 0.055797743309690853 0.19291014628376918 0.16828464961348694 -0.043054814872520136 -0.10319387569315509 0.23478059080847591 -0.056702198998212126 -0.01270103806651574 -0.11343441677834921 0.087768641794990873 -0.067626078469105635 0.054656520038060943 -0.13572989140195599 -0.0066634906207521764
leaf_weight=31834 30771 7504 821 20859 19999 265 595 705 2659 3305 1456 4511 891 231
leaf_count=31834 30771 7504 821 20859 19999 265 595 705 2659 3305 1456 4511 891 231
internal_value=-2.79164e-11 0.0705891 -0.0393271 -0.0674119 -0.0724914 -0.00935349 0.149416 0.0440114 -0.0196003 0.160762 0.0502215 0.0646508 -0.0813844 0.129869
internal_weight=126406 45227 81179 41910 40858 39269 11404 33823 34493 10809 32227 4776 1596 1052
internal_count=126406 45227 81179 41910 40858 39269 11404 33823 34493 10809 32227 4776 1596 1052
is_linear=0
shrinkage=0.01


Tree=63
num_leaves=15
num_cat=0
split_feature=23 23 23 47 8 10 1 14 6 6 8 8 14 11
split_gain=3.79159e+06 1.14483e+06 615098 297583 246822 234429 225836 227937 219828 216836 172813 153135 110749 75893.3
threshold=57.225026991503547 84.371915673754401 38.402220344552411 1.0000000180025095e-35 0.37940952255126054 0.68301270189221941 -118.21337597412109 10.434159075679382 10.197528500000002 11.200285500000001 0.78656609248549325 0.60355339059327384 0.34793275240016347 -0.5
decision_type=2 2 2 2 2 2 2 2 2 2 2 2 2 2
left_child=2 3 8 5 -5 -2 7 -4 11 10 -3 -1 -11 -8
right_child=1 9 6 4 -6 -7 13 -9 -10 12 -12 -13 -14 -15
leaf_value=-0.03980707610641903 0.04269469933773519 0.22184033564881706 -0.02473353772451874 0.13572126529655562 0.030365471283337754 -0.039652708104974496 -0.0051783766068798634 -0.15556928946974927 -0.11718374598721872 0.11224763665296862 0.10146501388420516 -0.10393088733057824 -0.10125505528807825 0.081775722694624006
leaf_weight=12287 26850 5660 44121 5921 3561 3968 1647 1373 10417 833 1511 5344 343 2570
leaf_count=12287 26850 5660 44121 5921 3561 3968 1647 1373 10417 833 1511 5344 343 2570
internal_value=2.71451e-12 0.0692427 -0.0433191 0.047165 0.0961545 0.032092 -0.0221929 -0.0286821 -0.0807622 0.175836 0.196476 -0.0592432 0.049976 0.0478148
internal_weight=126406 48647 77759 40300 9482 30818 49711 45494 28048 8347 7171 17631 1176 4217
internal_count=126406 48647 77759 40300 9482 30818 49711 45494 28048 8347 7171 17631 1176 4217
is_linear=0
shrinkage=0.01


Tree=64
num_leaves=15
num_cat=0
split_feature=23 23 23 0 17 7 17 8 2 0 17 8 9 14
split_gain=3.72225e+06 978450 723716 383651 265837 235536 232451 210292 201895 184299 189361 179232 166309 110317
threshold=63.735330704595604 43.029866685443373 91.137470729227061 35.400001525878913 0.011276127285715379 1006.0001850000001 0.012359269662975927 0.60355339059327384 20.375000000000004 34.083213737060554 0.0081205058601405509 0.78656609248549325 -0.5 -0.35999609996789256
decision_type=2 2 2 2 2 2 2 2 2 2 2 2 2 2
left_child=1 4 5 7 11 8 -5 -3 -2 -4 -11 -1 -7 -6
right_child=2 3 9 6 13 12 -8 -9 -10 10 -12 -13 -14 -15
leaf_value=-0.039099292098512269 0.020308028509780387 0.041900707439976967 0.055587721409468403 -0.014976316873615383 -0.093158250000670365 0.17775902493186921 -0.083116345656348289 -0.019522055143443195 0.088703521283917883 0.25740713404249155 0.12447132284717903 -0.10178939004881862 0.082226143803065255 -0.16568874649304222
leaf_weight=20616 9606 18255 821 24640 8760 2861 6283 8024 7837 3533 1538 5856 5019 2757
leaf_count=20616 9606 18255 821 24640 8760 2861 6283 8024 7837 3533 1538 5856 5019 2757
internal_value=6.62948e-12 -0.0310744 0.0947623 -0.0049471 -0.0704156 0.0715362 -0.0288212 0.023146 0.0510376 0.194585 0.217089 -0.0529673 0.116911 -0.110521
internal_weight=126406 95191 31215 57202 37989 25323 30923 26279 17443 5892 5071 26472 7880 11517
internal_count=126406 95191 31215 57202 37989 25323 30923 26279 17443 5892 5071 26472 7880 11517
is_linear=0
shrinkage=0.01


Tree=65
num_leaves=15
num_cat=0
split_feature=23 23 23 5 23 47 6 5 6 8 15 44 8 47
split_gain=3.64876e+06 1.10481e+06 592517 236011 231669 230313 211785 204878 194331 190561 180648 161168 147963 120897
threshold=57.225026991503547 78.202555978031299 38.402220344552411 28.500000000000004 115.34937668610237 1.0000000180025095e-35 10.197528500000002 19.500000000000004 9.6966480000000015 0.37940952255126054 0.069413971750104095 1.0000000180025095e-35 0.60355339059327384 1.0000000180025095e-35
decision_type=2 2 2 2 2 2 2 2 2 2 2 2 2 2
left_child=2 5 6 13 10 7 12 -2 -5 -7 -3 -6 -1 -4
right_child=1 4 3 8 11 9 -8 -9 -10 -11 -12 -13 -14 -15
leaf_value=-0.039018012436501708 0.051596008749741053 0.25781685623934619 -0.010253619959242073 -0.026866692987283884 0.15613290394673329 0.1244571514877206 -0.11499382270891072 -0.002310990729603034 -0.094098478604690075 0.02598338740445234 0.11771884515380743 0.33753424996860637 -0.10204964802428784 0.062216111929384449
leaf_weight=12287 15742 1028 27654 13161 933 5189 10417 12769 6385 3163 8792 1031 5344 2511
leaf_count=12287 15742 1028 27654 13161 933 5189 10417 12769 6385 3163 8792 1031 5344 2511
internal_value=-1.70415e-11 0.0679261 -0.0424954 -0.0217606 0.152214 0.0409817 -0.0792448 0.0274531 -0.048829 0.087164 0.132385 0.251359 -0.0581231 -0.00422108
internal_weight=126406 48647 77759 49711 11784 36863 28048 28511 19546 8352 9820 1964 17631 30165
internal_count=126406 48647 77759 49711 11784 36863 28048 28511 19546 8352 9820 1964 17631 30165
is_linear=0
shrinkage=0.01


Tree=66
num_leaves=15
num_cat=0
split_feature=23 23 23 0 4 4 16 0 13 0 6 47 1 3
split_gain=3.5833e+06 942579 696541 359348 280186 279699 268888 246470 184857 179447 181683 135486 86421.1 74959.1
threshold=63.735330704595604 47.59423555367789 91.137470729227061 36.742692288818368 1.0000000180025095e-35 1.0000000180025095e-35 0.21375782999999957 35.400001525878913 9.4169620096129574 34.083213737060554 8.2046315000000014 1.0000000180025095e-35 -118.21337597412109 26.896924000000002
decision_type=2 2 2 2 2 2 2 2 2 2 2 2 2 2
left_child=1 3 5 11 7 8 -5 -3 -2 13 -11 -1 -6 -4
right_child=2 4 9 6 12 -7 -8 -9 -10 10 -12 -13 -14 -15
leaf_value=-0.035300885746954259 0.082608397823456595 0.032954130577158514 -0.19993882029956464 0.11057752295726464 -0.12741605927874858 -0.083090603977243979 -0.086325180852726599 -0.015068522842603696 -0.069258127026080363 0.25218198164996453 0.12140954895258541 0.054611847416579769 0.0256673280538821 0.089741732499093313
leaf_weight=17448 23356 21061 102 710 2064 1137 29907 21698 830 3556 1515 1854 449 719
leaf_count=17448 23356 21061 102 710 2064 1137 29907 21698 830 3556 1515 1854 449 719
internal_value=3.43641e-11 -0.0304889 0.0929767 -0.0604559 0.00255407 0.0701909 -0.0817591 0.0085851 0.0773967 0.190907 0.213113 -0.0266646 -0.100065 0.0537522
internal_weight=126406 95191 31215 49919 45272 25323 30617 42759 24186 5892 5071 19302 2513 821
internal_count=126406 95191 31215 49919 45272 25323 30617 42759 24186 5892 5071 19302 2513 821
is_linear=0
shrinkage=0.01


Tree=67
num_leaves=15
num_cat=0
split_feature=23 23 23 1 6 6 7 3 10 13 7 2 9 0
split_gain=3.51212e+06 913323 693844 388630 243950 240453 227208 202840 201158 175091 182081 157052 153251 98951.1
threshold=63.511981880486324 41.050368492700564 86.760272104077657 -118.99998249999999 11.501556500000001 10.197528500000002 1003.5992500000001 72.962955000000008 -0.24999999999999994 9.4169620096129574 1004.4999700000002 5.7750000000000012 -0.70710678118654757 36.742692288818368
decision_type=2 2 2 2 2 2 2 2 2 2 2 2 2 2
left_child=1 5 9 4 -3 11 8 -5 -4 10 -2 -1 -8 -7
right_child=2 3 6 7 -6 13 12 -9 -10 -11 -12 -13 -14 -15
leaf_value=0.0414070546846338 0.046920670621763132 -0.014756040838791704 0.16342806891588546 0.044815112031799699 -0.076935195196782893 -0.059864436363906579 0.30076780958754756 -0.010005024406699819 -0.03167046380605449 -0.074952896485074763 0.10338230266901681 -0.059965892401982378 0.17886652217270449 -0.12440538121429059
leaf_weight=1658 13685 25439 1480 15226 8391 3213 1442 12124 822 858 9803 19531 3621 9113
leaf_count=1658 13685 25439 1480 15226 8391 3213 1442 12124 822 858 9803 19531 3621 9113
internal_value=-1.96619e-11 -0.030503 0.0910876 -0.00751697 -0.0301786 -0.0724628 0.176134 0.0205139 0.0937621 0.0653601 0.0704856 -0.0520336 0.213585 -0.107582
internal_weight=126406 94695 31711 61180 33830 33515 7365 27350 2302 24346 23488 21189 5063 12326
internal_count=126406 94695 31711 61180 33830 33515 7365 27350 2302 24346 23488 21189 5063 12326
is_linear=0
shrinkage=0.01


Tree=68
num_leaves=15
num_cat=0
split_feature=23 23 0 13 16 4 7 13 31 1 4 8 7 5
split_gain=3.44675e+06 1.04543e+06 564624 375221 337196 308061 288297 230313 215958 210768 202972 182546 90323.6 59454.9
threshold=57.225026991503547 78.202555978031299 36.742692288818368 -5.784346096574116 0.35014439250000023 1.0000000180025095e-35 1003.6996700000001 9.7200072708156053 101.51956550814911 -118.21337597412109 1.0000000180025095e-35 0.78656609248549325 1006.3000500000002 4.5000000000000009
decision_type=2 2 2 2 2 2 2 2 2 2 2 2 2 2
left_child=2 5 9 13 -5 7 8 -2 -3 10 -1 -8 -11 -4
right_child=1 6 3 4 -6 -7 11 -9 -10 12 -12 -13 -14 -15
leaf_value=-0.015047708474408197 0.05155813384480986 0.055676365922582904 -0.034486333471084825 0.093712129487789578 -0.063308018605838678 -0.091302293983204733 0.20853586020615023 -0.075694972912509692 0.31020876075493869 0.022790872059213471 -0.10805330951773753 0.089888109779245981 0.12148357484590283 -0.17232556001866969
leaf_weight=29944 33669 3634 343 1423 35155 1709 6139 1485 367 3520 2546 1644 1259 3569
leaf_count=29944 33669 3634 343 1423 35155 1709 6139 1485 367 3520 2546 1644 1259 3569
internal_value=-6.05499e-11 0.0660189 -0.0413022 -0.0671548 -0.0571994 0.0398087 0.14801 0.0461826 0.0790239 -0.0132153 -0.0223359 0.183474 0.0487909 -0.16024
internal_weight=126406 48647 77759 40490 36578 36863 11784 35154 4001 37269 32490 7783 4779 3912
internal_count=126406 48647 77759 40490 36578 36863 11784 35154 4001 37269 32490 7783 4779 3912
is_linear=0
shrinkage=0.01


Tree=69
num_leaves=15
num_cat=0
split_feature=25 25 25 4 1 4 8 0 9 4 6 8 44 42
split_gain=3.06547e+06 788807 663899 418768 347632 334433 264458 230735 158346 149348 123064 109118 65898.7 65173.7
threshold=59.14677510209831 91.861009110043057 34.821574426137168 1.0000000180025095e-35 -118.21337597412109 1.0000000180025095e-35 0.78656609248549325 36.742692288818368 -0.60355339059327384 1.0000000180025095e-35 8.3982850000000031 0.37940952255126054 1.0000000180025095e-35 1.0000000180025095e-35
decision_type=2 2 2 2 2 2 2 2 2 2 2 2 2 2
left_child=2 5 9 4 -4 6 -2 11 -9 10 -1 -3 -5 -7
right_child=1 7 3 12 -6 13 -8 8 -10 -11 -12 -13 -14 -15
leaf_value=-0.049837652154337428 0.074279089852691188 0.17016282926680559 -0.019333497713390164 -0.095356681338248372 0.068954588072440717 -0.018147738981581743 0.0060001834757151939 0.37463537130088698 0.20115875691687868 -0.16039718340716699 -0.10275093323497111 0.044401826129326742 -0.19499548995778782 -0.13992869154849671
leaf_weight=9209 27380 1779 55565 3484 4849 849 7155 743 1803 2323 8409 1127 820 911
leaf_count=9209 27380 1779 55565 3484 4849 849 7155 743 1803 2323 8409 1127 820 911
internal_value=-2.33885e-12 0.0701275 -0.0345813 -0.0190368 -0.0122472 0.0532804 0.060133 0.182282 0.251784 -0.0850303 -0.0750929 0.12139 -0.11434 -0.0811832
internal_weight=126406 41747 84659 64718 60414 36295 34535 5452 2546 19941 17618 2906 4304 1760
internal_count=126406 41747 84659 64718 60414 36295 34535 5452 2546 19941 17618 2906 4304 1760
is_linear=0
shrinkage=0.01


Tree=70
num_leaves=15
num_cat=0
split_feature=25 25 4 0 16 4 27 47 4 1 44 43 15 10
split_gain=3.00587e+06 824400 620698 530712 362197 298554 253697 241412 199141 177428 116468 52718.2 42698.8 34366.2
threshold=57.886418579542799 74.086761171722586 1.0000000180025095e-35 36.742692288818368 0.21375782999999957 1.0000000180025095e-35 126.69011725293133 1.0000000180025095e-35 1.0000000180025095e-35 -119.7866065258789 1.0000000180025095e-35 1.0000000180025095e-35 0.063427746452943148 0.68301270189221941
decision_type=2 2 2 2 2 2 2 2 2 2 2 2 2 2
left_child=2 8 3 7 -5 6 -3 -1 9 -2 12 -10 -4 -12
right_child=1 5 10 4 -6 -7 -8 -9 11 -11 13 -13 -14 -15
leaf_value=-0.01028934499400774 -0.022991778842237971 0.12451462963960597 0.13748102073868115 0.13073130604623306 -0.059169729219041907 -0.064390589420799338 0.27054475420449514 0.069214413328784238 -0.13128450435483296 0.051080146925250876 -0.15552530166263112 -0.0082062143377170486 -0.1079351712092838 -0.2432836347727555
leaf_weight=31834 3699 12306 72 1032 37501 765 1317 4340 823 25714 899 603 4615 886
leaf_count=31834 3699 12306 72 1032 37501 765 1317 4340 823 25714 899 603 4615 886
internal_value=-3.19821e-11 0.0653317 -0.0363981 -0.0282593 -0.0540838 0.127837 0.138632 -0.000750828 0.0361696 0.0417648 -0.130344 -0.0792395 -0.104165 -0.199085
internal_weight=126406 45227 81179 74707 38533 14388 13623 36174 30839 29413 6472 1426 4687 1785
internal_count=126406 45227 81179 74707 38533 14388 13623 36174 30839 29413 6472 1426 4687 1785
is_linear=0
shrinkage=0.01


Tree=71
num_leaves=15
num_cat=0
split_feature=20 0 16 13 2 4 2 20 0 9 44 11 13 42
split_gain=2.44189e+06 1.00005e+06 564704 458579 425984 363538 361976 323714 323263 249399 187754 151724 42010.9 39532.9
threshold=65.362945039751153 35.400001525878913 0.45605467650000014 -5.4026652448009971 7.6250000000000009 1.0000000180025095e-35 22.925000000000001 132.64070351758798 34.083213737060554 -0.37940952255126015 1.0000000180025095e-35 0.6830127018922193 -2.5199988859378881 1.0000000180025095e-35
decision_type=2 2 2 2 2 2 2 2 2 2 2 2 2 2
left_child=1 6 11 -4 9 7 8 -6 -1 10 -2 -3 -8 -7
right_child=4 2 3 -5 5 13 12 -9 -10 -11 -12 -13 -14 -15
leaf_value=-0.018333239765289402 0.12471773799851393 -0.0071726951671295279 -0.14421518381513351 -0.047652411100821974 0.066667226444870012 -0.042606026441934883 0.087798313922220719 0.21935468840207029 0.058743767352923755 0.051705140699916559 0.34343259345614507 0.12670961123124158 0.0030815289838013252 -0.15897773448723004
leaf_weight=21320 594 1406 5436 51618 24767 547 6635 1471 7306 754 1157 2127 642 626
leaf_count=21320 594 1406 5436 51618 24767 547 6635 1471 7306 754 1157 2127 642 626
internal_value=-4.69676e-11 -0.0244731 -0.0492556 -0.0568527 0.0789347 0.0675274 0.0173478 0.0752275 0.00133855 0.20376 0.269237 0.0734295 0.0803243 -0.104711
internal_weight=126406 96490 60587 57054 29916 27411 35903 26238 28626 2505 1751 3533 7277 1173
internal_count=126406 96490 60587 57054 29916 27411 35903 26238 28626 2505 1751 3533 7277 1173
is_linear=0
shrinkage=0.01


Tree=72
num_leaves=15
num_cat=0
split_feature=23 23 23 0 4 4 17 8 0 8 0 17 3 44
split_gain=3.22181e+06 861877 632953 339494 256704 242683 221085 208791 205840 183214 173417 178544 73889.2 55633.7
threshold=63.735330704595604 42.368363610759054 91.137470729227061 35.400001525878913 1.0000000180025095e-35 1.0000000180025095e-35 0.012359269662975927 0.60355339059327384 36.742692288818368 0.78656609248549325 34.083213737060554 0.0081205058601405509 26.896924000000002 1.0000000180025095e-35
decision_type=2 2 2 2 2 2 2 2 2 2 2 2 2 2
left_child=1 5 4 7 9 8 -5 -3 -1 -2 12 -12 -4 -7
right_child=2 3 10 6 -6 13 -8 -9 -10 -11 11 -13 -14 -15
leaf_value=-0.022363319832575106 0.086952644442539959 0.039588463707084506 -0.20518958524746056 -0.013847713254456532 -0.080404069513961396 -0.11457944971176533 -0.079056230426287219 -0.021086384707564299 -0.075797262522506403 0.01767765825804871 0.24249490456165049 0.11341192897272954 0.082416231573270493 -0.1944734649768978
leaf_weight=10754 19435 18602 102 25394 1137 2547 6538 8159 21872 4751 3533 1538 719 1325
leaf_count=10754 19435 18602 102 25394 1137 2547 6538 8159 21872 4751 3533 1538 719 1325
internal_value=5.32182e-11 -0.0289101 0.0881622 -0.00518184 0.0664412 -0.0670679 -0.027199 0.0210897 -0.0581847 0.0733445 0.181516 0.203345 0.0466844 -0.141919
internal_weight=126406 95191 31215 58693 25323 36498 31932 26761 32626 24186 5892 5071 821 3872
internal_count=126406 95191 31215 58693 25323 36498 31932 26761 32626 24186 5892 5071 821 3872
is_linear=0
shrinkage=0.01


Tree=73
num_leaves=15
num_cat=0
split_feature=23 23 23 5 17 13 23 6 6 1 31 1 2 14
split_gain=3.15921e+06 965152 527628 225966 221225 206764 196406 194560 180167 178773 150610 142216 131306 66463.5
threshold=57.225026991503547 77.466031573159441 38.402220344552411 28.500000000000004 0.0068011637713114937 10.080000457801752 115.34937668610237 10.197528500000002 9.6966480000000015 -118.21337597412109 40.007710181664557 -118.99998249999999 5.7750000000000012 8.1439012143298998e-16
decision_type=2 2 2 2 2 2 2 2 2 2 2 2 2 2
left_child=2 5 7 11 6 9 -3 12 -5 -2 -6 -4 -1 -9
right_child=1 4 3 8 10 -7 -8 13 -10 -11 -12 -13 -14 -15
leaf_value=0.037153488835570604 0.029657526588791602 0.15344826373552578 -0.018781462388276049 -0.025314772258082284 -0.0081303890656836773 -0.083506630028796852 0.29820097524226369 -0.0936040070569681 -0.090050121764547408 0.083294232787306854 0.11976390335390592 0.026711645148905415 -0.062148542232060074 -0.1513600812976397
leaf_weight=1451 26931 5997 19577 13161 1199 1363 1111 7733 6385 8078 3968 10588 16180 2684
leaf_count=1451 26931 5997 19577 13161 1199 1363 1111 7733 6385 8078 3968 10588 16180 2684
internal_value=-3.05257e-11 0.0632052 -0.039542 -0.0199754 0.139878 0.0373292 0.176074 -0.0742208 -0.0464616 0.0420337 0.0900861 -0.00281325 -0.0539762 -0.108485
internal_weight=126406 48647 77759 49711 12275 36372 7108 28048 19546 35009 5167 30165 17631 10417
internal_count=126406 48647 77759 49711 12275 36372 7108 28048 19546 35009 5167 30165 17631 10417
is_linear=0
shrinkage=0.01


Tree=74
num_leaves=15
num_cat=0
split_feature=23 23 23 4 4 4 17 7 1 44 17 1 1 44
split_gain=3.10051e+06 831847 610713 312703 254754 251484 221759 218465 210218 181290 135129 97817 80039.2 76341.3
threshold=63.735330704595604 47.59423555367789 93.096729953103093 1.0000000180025095e-35 1.0000000180025095e-35 1.0000000180025095e-35 0.0111948119782202 1005.9001500000001 -118.99998249999999 1.0000000180025095e-35 0.0081723635835423449 -118.21337597412109 -118.21337597412109 1.0000000180025095e-35
decision_type=2 2 2 2 2 2 2 2 2 2 2 2 2 2
left_child=1 3 5 6 8 7 -1 -2 -3 11 -11 -4 -6 -5
right_child=2 4 9 13 12 -7 -8 -9 -10 10 -12 -13 -14 -15
leaf_value=-0.034730226324558175 0.052404844100746785 -0.013413363708443191 0.038921083537225447 -0.10657000290077971 -0.12149197717509372 -0.077445253337783904 -0.084344976213571676 0.11599431257696408 0.030937209585685039 0.2967118687544153 0.13662476623819558 0.16663461163578586 0.025830710676243585 -0.19293070671228607
leaf_weight=32729 16654 21698 838 3270 2064 1163 12430 7997 21061 1687 767 2109 449 1490
leaf_count=32729 16654 21698 838 3270 2064 1163 12430 7997 21061 1687 767 2109 449 1490
internal_value=2.59637e-11 -0.0283607 0.0864866 -0.0565124 0.00268077 0.0662543 -0.0483867 0.0730338 0.00843157 0.183187 0.246676 0.130318 -0.0951697 -0.133603
internal_weight=126406 95191 31215 49919 45272 25814 45159 24651 42759 5401 2454 2947 2513 4760
internal_count=126406 95191 31215 49919 45272 25814 45159 24651 42759 5401 2454 2947 2513 4760
is_linear=0
shrinkage=0.01


Tree=75
num_leaves=15
num_cat=0
split_feature=23 23 23 0 1 16 7 10 2 7 10 0 0 47
split_gain=3.03881e+06 815688 598587 282874 256888 234944 216528 212208 195122 168781 174419 141924 138961 101634
threshold=63.735330704595604 45.759224052950294 91.137470729227061 36.742692288818368 -118.21337597412109 0.24800415500000014 1006.0001850000001 0.25000000000000011 20.375000000000004 1003.5992500000001 -0.24999999999999994 37.042691525878915 34.083213737060554 1.0000000180025095e-35
decision_type=2 2 2 2 2 2 2 2 2 2 2 2 2 2
left_child=1 3 6 13 7 -5 8 -3 -2 10 -4 -8 -11 -1
right_child=2 4 9 5 -6 -7 11 -9 -10 12 -12 -13 -14 -15
leaf_value=-0.0339740111142703 0.014635079139296356 0.0058319258196549498 0.16719837064495113 0.092807864456025457 0.057934943959449647 -0.082956260448671312 0.11785717939723371 -0.041572971207369809 0.081873433681563385 0.069627654893636357 -0.038374906202368914 -0.074795734752709092 0.23633816809768568 0.051948120658897409
leaf_weight=14979 9606 29868 1204 782 6565 27672 7477 13809 7837 584 628 403 3476 1516
leaf_count=14979 9606 29868 1204 782 6565 27672 7477 13809 7837 584 628 403 3476 1516
internal_value=-2.74589e-11 -0.0280771 0.0856218 -0.0590254 -0.000389122 -0.0781257 0.0644988 -0.00915569 0.0448447 0.176406 0.0967289 0.108004 0.212358 -0.0260772
internal_weight=126406 95191 31215 44949 50242 28454 25323 43677 17443 5892 1832 7880 4060 16495
internal_count=126406 95191 31215 44949 50242 28454 25323 43677 17443 5892 1832 7880 4060 16495
is_linear=0
shrinkage=0.01


Tree=76
num_leaves=15
num_cat=0
split_feature=23 23 23 7 5 2 1 5 2 2 1 16 7 23
split_gain=2.98303e+06 914398 502067 285074 219692 216596 198039 194214 177915 154843 138091 135372 126622 114713
threshold=57.225026991503547 77.466031573159441 38.402220344552411 1003.9001350000001 28.500000000000004 14.625000000000002 -118.21337597412109 19.500000000000004 5.7750000000000012 6.8250000000000002 -119.7866065258789 0.52004025125000075 1005.60008 25.865148101206405
decision_type=2 2 2 2 2 2 2 2 2 2 2 2 2 2
left_child=2 6 8 5 10 -3 7 -2 -1 -5 -4 -6 -8 -10
right_child=1 3 4 9 11 -7 12 -9 13 -11 -12 -13 -14 -15
leaf_value=0.028813150932239871 0.047268546247413605 -0.035597412908802542 -0.030063873320799257 0.26788980697171028 0.040508349331255675 0.11750752698640488 0.055767914780378888 -0.0055212183752226616 -0.10672383543567823 0.15154924912277895 0.014142294469062528 -0.053509616125580618 0.14463679116230557 -0.063122088171250715
leaf_weight=1640 15584 1320 11298 1389 1675 3080 5992 12607 9331 6486 18867 17871 2189 17077
leaf_count=1640 15584 1320 11298 1389 1675 3080 5992 12607 9331 6486 18867 17871 2189 17077
internal_value=-5.13217e-12 0.0614176 -0.0384236 0.136047 -0.0193369 0.071576 0.0362311 0.023661 -0.0722519 0.17207 -0.00241468 -0.0454527 0.0795467 -0.0785283
internal_weight=126406 48647 77759 12275 49711 4400 36372 28191 28048 7875 30165 19546 8181 26408
internal_count=126406 48647 77759 12275 49711 4400 36372 28191 28048 7875 30165 19546 8181 26408
is_linear=0
shrinkage=0.01


Tree=77
num_leaves=15
num_cat=0
split_feature=23 23 23 0 16 7 1 10 19 9 0 17 1 8
split_gain=2.92485e+06 786221 579633 308329 241927 231378 213313 200524 192097 172457 167654 167142 119733 101038
threshold=63.735330704595604 47.59423555367789 93.096729953103093 36.742692288818368 0.17656991099999994 1006.3000500000002 -118.21337597412109 0.25000000000000011 0.84629382610335535 -0.60355339059327384 34.083213737060554 0.0081205058601405509 -118.21337597412109 0.37940952255126054
decision_type=2 2 2 2 2 2 2 2 2 2 2 2 2 2
left_child=1 3 5 12 -5 8 7 -3 -2 -7 -4 -12 -1 -8
right_child=2 6 10 4 -6 9 13 -9 -10 -11 11 -13 -14 -15
leaf_value=-0.031732367693439852 0.014326318134577116 0.0091612426575682759 0.040423689765637254 0.12451560465944464 -0.078614911505548279 0.18029743652252625 0.088391057406324955 -0.039829728771526393 0.079526137332218139 0.078186788774480681 0.24012887761979243 0.10933068614762187 0.052791592249822099 0.0053191737002438334
leaf_weight=17448 9657 26933 759 598 30019 2415 3873 12112 8493 5249 3244 1398 1854 2354
leaf_count=17448 9657 26933 759 598 30019 2415 3873 12112 8493 5249 3244 1398 1854 2354
internal_value=-1.35251e-11 -0.0275456 0.0840009 -0.0549144 -0.0746474 0.0642901 0.00263258 -0.00603606 0.0448355 0.110363 0.178208 0.200737 -0.0236137 0.0569873
internal_weight=126406 95191 31215 49919 30617 25814 45272 39045 18150 7664 5401 4642 19302 6227
internal_count=126406 95191 31215 49919 30617 25814 45272 39045 18150 7664 5401 4642 19302 6227
is_linear=0
shrinkage=0.01


Tree=78
num_leaves=15
num_cat=0
split_feature=23 23 23 7 2 1 5 5 17 17 9 7 1 9
split_gain=2.86951e+06 882731 484760 240535 225798 225200 214980 199483 185379 173776 154777 141174 134678 129287
threshold=57.225026991503547 80.510562423439566 38.402220344552411 1003.5992500000001 14.925000000000002 -118.21337597412109 28.500000000000004 9.5000000000000018 0.010404712066518811 0.0073757442278358743 -0.5 1004.5003 -119.7866065258789 -0.5
decision_type=2 2 2 2 2 2 2 2 2 2 2 2 2 2
left_child=2 5 8 4 -3 7 12 -2 13 -8 -5 -7 -4 -1
right_child=1 3 6 10 -6 11 9 -9 -10 -11 -12 -13 -14 -15
leaf_value=-0.015927082805512013 0.050754393910388385 -0.046117002217141989 -0.02949609345421219 0.23585219570467916 0.12978341617968273 0.052225001255069757 -0.015299544027991786 -0.0012667224576135045 -0.1055197206528832 -0.074937948618675657 0.13889261554857701 0.13527526949305693 0.014160286497372101 -0.071754955946821325
leaf_weight=6452 14813 1085 11298 2650 2229 5636 9889 14673 9979 9657 4347 3214 18867 11617
leaf_count=6452 14813 1085 11298 2650 2229 5636 9889 14673 9979 9657 4347 3214 18867 11617
internal_value=-4.61164e-11 0.0602376 -0.0376854 0.142375 0.0721938 0.0381457 -0.0189306 0.0248673 -0.0709256 -0.0447648 0.175614 0.0823859 -0.00219078 -0.0518202
internal_weight=126406 48647 77759 10311 3314 38336 49711 29486 28048 19546 6997 8850 30165 18069
internal_count=126406 48647 77759 10311 3314 38336 49711 29486 28048 19546 6997 8850 30165 18069
is_linear=0
shrinkage=0.01


Tree=79
num_leaves=15
num_cat=0
split_feature=25 25 4 1 16 4 8 8 44 9 8 44 42 2
split_gain=2.53305e+06 714648 569248 444137 331246 311477 260919 224642 213329 151418 107180 106843 60963.1 42523.6
threshold=57.886418579542799 91.861009110043057 1.0000000180025095e-35 -118.99998249999999 0.35014439250000023 1.0000000180025095e-35 0.78656609248549325 0.60355339059327384 1.0000000180025095e-35 -0.60355339059327384 0.37940952255126054 1.0000000180025095e-35 1.0000000180025095e-35 7.2250000000000005
decision_type=2 2 2 2 2 2 2 2 2 2 2 2 2 2
left_child=2 5 3 4 -1 6 -2 -5 10 -10 -3 13 -7 -4
right_child=1 8 11 7 -6 12 -8 -9 9 -11 -12 -13 -14 -15
leaf_value=0.07689038266970892 0.064983302776130278 0.15712873980252698 0.048634862860359215 0.031707562636861593 -0.047163162393221214 -0.019439715025111094 0.00024629236659881056 -0.036761275037718949 0.35430395911621937 0.18466485358290666 0.032489589437596111 -0.18922035594317926 -0.13246716386141633 -0.10448155427863634
leaf_weight=2250 30004 1779 189 15965 49645 903 7856 6847 743 1803 1127 1785 1012 4498
leaf_count=2250 30004 1779 189 15965 49645 903 7856 6847 743 1803 1127 1785 1012 4498
internal_value=-9.84035e-12 0.0599737 -0.0334129 -0.0256188 -0.0417846 0.0452566 0.0515503 0.0111567 0.167342 0.234171 0.108791 -0.123381 -0.0791701 -0.0983072
internal_weight=126406 45227 81179 74707 51895 39775 37860 22812 5452 2546 2906 6472 1915 4687
internal_count=126406 45227 81179 74707 51895 39775 37860 22812 5452 2546 2906 6472 1915 4687
is_linear=0
shrinkage=0.01


Tree=80
num_leaves=15
num_cat=0
split_feature=25 25 25 47 14 1 15 0 7 9 17 7 10 0
split_gain=2.48445e+06 659298 572541 330884 291827 228280 260789 209084 192571 148405 134265 107974 91464.4 80282
threshold=59.14677510209831 91.861009110043057 34.821574426137168 1.0000000180025095e-35 9.7003882331052846 -118.21337597412109 0.066467786364130685 36.742692288818368 1004.5003 -0.60355339059327384 0.0083147365248462807 1006.0001850000001 -0.6830127018922193 36.742692288818368
decision_type=2 2 2 2 2 2 2 2 2 2 2 2 2 2
left_child=2 5 10 4 -4 6 -2 12 -7 -9 -1 -5 -3 -12
right_child=1 7 3 11 -6 8 -8 9 -10 -11 13 -13 -14 -15
leaf_value=-0.052125610684028378 0.16827540334136185 0.21643336679676697 -0.018998834658242331 0.030272066794674281 -0.13395747505658132 0.052731592802132993 0.025085969508482877 0.35076091907166379 0.14274134820403497 0.18281820439316845 -0.044017332690716289 0.12991903762845627 0.078756221854933472 -0.1174891140086443
leaf_weight=10006 1340 611 57132 3759 2297 5957 25043 743 3955 1803 1821 1530 2295 8114
leaf_count=10006 1340 611 57132 3759 2297 5957 25043 743 3955 1803 1821 1530 2295 8114
internal_value=-2.08742e-11 0.0631328 -0.031132 -0.0166966 -0.0234421 0.0477306 0.0323586 0.165668 0.0886465 0.231829 -0.0779816 0.0590979 0.107703 -0.104022
internal_weight=126406 41747 84659 64718 59429 36295 26383 5452 9912 2546 19941 5289 2906 9935
internal_count=126406 41747 84659 64718 59429 36295 26383 5452 9912 2546 19941 5289 2906 9935
is_linear=0
shrinkage=0.01


Tree=81
num_leaves=15
num_cat=0
split_feature=23 0 23 10 1 0 31 8 2 17 44 17 8 10
split_gain=2.72535e+06 744291 539654 485412 286076 245391 207336 194513 184225 181982 167490 130352 121549 118788
threshold=63.735330704595604 36.742692288818368 93.096729953103093 1.0000000180025095e-35 -118.21337597412109 37.042691525878915 38.880544993662873 0.78656609248549325 7.6250000000000009 0.0075368008358445123 1.0000000180025095e-35 0.011755284112559288 0.37940952255126054 -0.6830127018922193
decision_type=2 2 2 2 2 2 2 2 2 2 2 2 2 2
left_child=1 4 7 5 6 -3 -1 8 -2 -5 13 -12 -6 -4
right_child=2 3 10 9 12 -7 -8 -9 -10 -11 11 -13 -14 -15
leaf_value=-0.037062874382619522 0.17332206758018753 0.00066675259279269183 0.24833571262416893 -0.053771006931526706 0.084767265041769818 -0.066866925625299667 0.0080059419880216792 0.0065076093586347453 0.066540672105511803 -0.11295602991667224 0.25507398773748591 -0.0077491307070533047 0.0048818414990057617 0.089472480441752364
leaf_weight=17369 1766 14613 588 8505 5007 8516 24757 5065 18983 13350 2248 206 3074 2359
leaf_count=17369 1766 14613 588 8505 5007 8516 24757 5065 18983 13350 2248 206 3074 2359
internal_value=-2.8706e-11 -0.0265896 0.0810856 -0.0561306 -0.000121606 -0.0241989 -0.0105764 0.0620667 0.0756291 -0.0899238 0.171986 0.233011 0.054379 0.12117
internal_weight=126406 95191 31215 44984 50207 23129 42126 25814 20749 21855 5401 2454 8081 2947
internal_count=126406 95191 31215 44984 50207 23129 42126 25814 20749 21855 5401 2454 8081 2947
is_linear=0
shrinkage=0.01


Tree=82
num_leaves=15
num_cat=0
split_feature=23 23 23 4 4 0 0 7 2 44 9 10 9 44
split_gain=2.6732e+06 821307 458335 304606 262769 257654 221425 220588 172544 164157 132961 116424 111108 75185.9
threshold=65.596453551143057 48.323170445477167 93.096729953103093 1.0000000180025095e-35 1.0000000180025095e-35 36.742692288818368 35.400001525878913 1006.3000500000002 19.825000000000006 1.0000000180025095e-35 -0.60355339059327384 -0.6830127018922193 -0.60355339059327384 1.0000000180025095e-35
decision_type=2 2 2 2 2 2 2 2 2 2 2 2 2 2
left_child=1 3 7 5 6 -1 -3 8 -2 11 -9 -4 -11 -5
right_child=2 4 9 13 -6 -7 -8 10 -10 12 -12 -13 -14 -15
leaf_value=-0.014669308167772824 0.015003160582503004 0.033330227361135403 0.24585235572742875 -0.1002763744433255 -0.093149486766648262 -0.062592110634525758 -0.011170473594054278 0.18009123000548283 0.082950735330351619 0.32671966141975589 0.084683174090637733 0.088577755538366929 0.18353731275487462 -0.1848995894981541
leaf_weight=18504 8173 22964 588 3385 2527 28496 21792 2136 6886 808 4620 2359 1646 1522
leaf_count=18504 8173 22964 588 3385 2527 28496 21792 2136 6886 808 4620 2359 1646 1522
internal_value=1.61059e-11 -0.0240885 0.0877917 -0.0515522 0.00606094 -0.0437248 0.0116625 0.0673725 0.0460734 0.170266 0.114848 0.119958 0.230681 -0.126524
internal_weight=126406 99190 27216 51907 47283 47000 44756 21815 15059 5401 6756 2947 2454 4907
internal_count=126406 99190 27216 51907 47283 47000 44756 21815 15059 5401 6756 2947 2454 4907
is_linear=0
shrinkage=0.01


Tree=83
num_leaves=15
num_cat=0
split_feature=20 0 20 16 5 1 15 4 7 1 4 7 11 7
split_gain=1.98902e+06 606513 513810 389886 365437 298101 269330 229389 214202 191767 192904 183331 88550.3 85445.7
threshold=57.909062103929038 36.742692288818368 78.807034220532344 0.21375782999999957 3.5000000000000004 -118.21337597412109 0.081990198154681601 1.0000000180025095e-35 1004.6003850000001 -118.21337597412109 1.0000000180025095e-35 1003.9001350000001 0.6830127018922193 1007.3001
decision_type=2 2 2 2 2 2 2 2 2 2 2 2 2 2
left_child=1 9 5 12 -5 6 -2 11 -7 10 -1 -4 -3 -11
right_child=2 3 7 4 -6 8 -8 -9 -10 13 -12 -13 -14 -15
leaf_value=-0.0050054613419815075 0.13789504948887449 0.0068871136015171523 0.064926542218736658 -0.030642897940916118 -0.092353993400811851 0.04568075920961024 0.0079928181773385749 -0.10237274558088461 0.15664649775180897 0.032146704933219937 -0.095036392092994929 0.14369830096968703 0.1912838185682065 0.13146201773771832
leaf_weight=29727 1698 408 4860 17741 20901 4685 26588 516 2767 4605 2587 7536 720 1067
leaf_count=29727 1698 408 4860 17741 20901 4685 26588 516 2767 4605 2587 7536 720 1067
internal_value=-6.92793e-11 -0.0313769 0.0501489 -0.0586722 -0.0640217 0.0306149 0.0157908 0.104215 0.0868834 -0.00279974 -0.0122132 0.112815 0.124587 0.0508296
internal_weight=126406 77756 48650 39770 38642 35738 28286 12912 7452 37986 32314 12396 1128 5672
internal_count=126406 77756 48650 39770 38642 35738 28286 12912 7452 37986 32314 12396 1128 5672
is_linear=0
shrinkage=0.01


Tree=84
num_leaves=15
num_cat=0
split_feature=23 23 4 0 10 7 4 2 1 8 1 44 1 42
split_gain=2.58496e+06 800748 460559 366274 277887 265914 259406 238863 191731 184081 136711 109093 54183 34750.7
threshold=57.225026991503547 77.466031573159441 1.0000000180025095e-35 36.742692288818368 1.0000000180025095e-35 1003.2004000000001 1.0000000180025095e-35 15.225000000000001 -119.7866065258789 0.78656609248549325 -118.21337597412109 1.0000000180025095e-35 -118.21337597412109 1.0000000180025095e-35
decision_type=2 2 2 2 2 2 2 2 2 2 2 2 2 2
left_child=2 6 3 10 -5 7 8 -3 -2 -7 -1 12 -4 -8
right_child=1 5 11 4 -6 9 13 -9 -10 -11 -12 -13 -14 -15
leaf_value=-0.012450403773911359 -0.016928094805031241 -0.061091972762364083 -0.10259269704200467 -0.023563091894730256 -0.078329829767334505 0.1822778731607369 -0.038219653877837947 0.11029842909455245 0.049283354198395635 0.067182593933628396 0.047847759448057366 -0.18230095770690249 0.0097636622798265519 -0.12942057536667817
leaf_weight=29944 5133 1171 4129 19023 18061 6689 771 2661 29556 1754 4300 1823 479 912
leaf_count=29944 5133 1171 4129 19023 18061 6689 771 2661 29556 1754 4300 1823 479 912
internal_value=-3.20219e-11 0.0571729 -0.0357681 -0.0284604 -0.0502361 0.127011 0.0336035 0.0579242 0.0394859 0.158367 -0.0048788 -0.116819 -0.0909133 -0.0876405
internal_weight=126406 48647 77759 71328 37084 12275 36372 3832 34689 8443 34244 6431 4608 1683
internal_count=126406 48647 77759 71328 37084 12275 36372 3832 34689 8443 34244 6431 4608 1683
is_linear=0
shrinkage=0.01


Tree=85
num_leaves=15
num_cat=0
split_feature=23 23 23 4 4 0 0 4 0 17 15 13 42 1
split_gain=2.53585e+06 781770 439364 288739 250146 241816 209442 199339 157760 160485 155189 70072.6 60168.6 57432.9
threshold=65.596453551143057 48.323170445477167 93.096729953103093 1.0000000180025095e-35 1.0000000180025095e-35 36.742692288818368 35.400001525878913 1.0000000180025095e-35 34.083213737060554 0.0081205058601405509 0.086456621345978008 2.8800040930426127 1.0000000180025095e-35 -118.21337597412109
decision_type=2 2 2 2 2 2 2 2 2 2 2 2 2 2
left_child=1 3 7 5 6 -1 -3 10 11 -10 -2 -4 -5 -6
right_child=2 4 8 12 13 -7 -8 -9 9 -11 -12 -13 -14 -15
leaf_value=-0.014486860105316706 0.16057138479391841 0.032491933515334734 0.080482721924138453 -0.08518091219328279 -0.11369252624055438 -0.060913441476580552 -0.010787895544460609 -0.07225481845440572 0.22670928814180846 0.098542273286721715 0.06371458722435358 -0.16020547425312712 -0.15545912546469906 0.0086299276896515641
leaf_weight=18504 1812 22964 608 2249 2055 28496 21792 1002 3244 1398 19001 151 2658 472
leaf_count=18504 1812 22964 608 2249 2055 28496 21792 1002 3244 1398 19001 151 2658 472
internal_value=1.094e-11 -0.0234615 0.0855066 -0.050256 0.00595331 -0.0426352 0.0114187 0.0655144 0.166256 0.18811 0.072147 0.0325988 -0.123249 -0.0908448
internal_weight=126406 99190 27216 51907 47283 47000 44756 21815 5401 4642 20813 759 4907 2527
internal_count=126406 99190 27216 51907 47283 47000 44756 21815 5401 4642 20813 759 4907 2527
is_linear=0
shrinkage=0.01


Tree=86
num_leaves=15
num_cat=0
split_feature=23 23 23 5 1 8 10 17 17 0 17 2 1 8
split_gain=2.48633e+06 771863 436650 245891 235376 225873 208227 187918 175526 156808 148411 130599 117076 93222.1
threshold=57.225026991503547 84.371915673754401 35.373509599586917 28.500000000000004 -118.21337597412109 0.37940952255126054 0.68301270189221941 0.011755284112559288 0.0073757442278358743 34.083213737060554 0.0083147365248462807 19.025000000000002 -119.7866065258789 0.60355339059327384
decision_type=2 2 2 2 2 2 2 2 2 2 2 2 2 2
left_child=2 4 10 12 6 -6 -2 9 -5 -3 13 -9 -4 -1
right_child=1 7 3 8 5 -7 -8 11 -10 -11 -12 -13 -14 -15
leaf_value=-0.02797548307756437 0.034530767341480278 0.050181122716411244 -0.026989858046808011 -0.017740632215874276 0.11936319427340364 0.018577520328925515 -0.043078413563399087 -0.094718292689736874 -0.074425564970452968 0.18058105528856186 -0.097498156561969154 0.13139552778973582 0.011710994478740298 -0.09194614388737718
leaf_weight=7987 26850 1082 12520 10961 5921 3561 3968 519 10890 6243 11406 503 20808 3187
leaf_count=7987 26850 1082 12520 10961 5921 3561 3968 519 10890 6243 11406 503 20808 3187
internal_value=1.00231e-11 0.0560716 -0.0350791 -0.0199203 0.0379434 0.0815128 0.0245381 0.143596 -0.045991 0.161319 -0.072123 0.0165686 -0.00282737 -0.0462209
internal_weight=126406 48647 77759 55179 40300 9482 30818 8347 21851 7325 22580 1022 33328 11174
internal_count=126406 48647 77759 55179 40300 9482 30818 8347 21851 7325 22580 1022 33328 11174
is_linear=0
shrinkage=0.01


Tree=87
num_leaves=15
num_cat=0
split_feature=25 25 4 25 7 2 1 13 4 9 16 44 2 10
split_gain=2.17596e+06 627871 511376 396207 362091 272546 253598 167851 177601 164629 110442 98279.6 41639.6 32511.9
threshold=57.886418579542799 74.086761171722586 1.0000000180025095e-35 33.963361967797972 1003.9999500000001 17.625000000000004 -118.21337597412109 8.6602540378443873 1.0000000180025095e-35 -0.5 0.051000000000000031 1.0000000180025095e-35 5.7750000000000012 0.68301270189221941
decision_type=2 2 2 2 2 2 2 2 2 2 2 2 2 2
left_child=2 7 3 10 5 -3 -5 8 -2 -6 -1 12 -4 -13
right_child=1 4 11 6 9 -7 -8 -9 -10 -11 -12 13 -14 -15
leaf_value=0.22418719620985236 0.04150892356004101 -0.028428744169782232 0.13257051281722976 -0.017271480197557407 0.20876242697795061 0.11213410993081552 0.06291169325229512 -0.062535366168822382 -0.075340226576250779 0.11825336156105941 -0.069579000445009143 -0.13701810730055589 -0.096145313795965526 -0.22237598760831367
leaf_weight=129 27636 2578 81 54196 3088 2967 4254 1838 1365 5755 16128 899 4606 886
leaf_count=129 27636 2578 81 54196 3088 2967 4254 1838 1365 5755 16128 899 4606 886
internal_value=-3.67904e-11 0.0555858 -0.0309684 -0.023581 0.110135 0.0467832 -0.0114357 0.0301359 0.0360091 0.149859 -0.067248 -0.116241 -0.0921927 -0.179386
internal_weight=126406 45227 81179 74707 14388 5545 58450 30839 29001 8843 16257 6472 4687 1785
internal_count=126406 45227 81179 74707 14388 5545 58450 30839 29001 8843 16257 6472 4687 1785
is_linear=0
shrinkage=0.01


Tree=88
num_leaves=15
num_cat=0
split_feature=23 23 23 17 1 7 8 6 2 2 44 14 17 10
split_gain=2.40135e+06 741474 418006 259867 221231 206895 192700 188023 175545 168409 158045 135317 124166 113511
threshold=65.596453551143057 47.59423555367789 93.096729953103093 0.012359269662975927 -118.99998249999999 1006.3000500000002 0.78656609248549325 11.907919750000001 23.425000000000001 19.825000000000006 1.0000000180025095e-35 -0.35999609996789256 0.011755284112559288 -0.6830127018922193
decision_type=2 2 2 2 2 2 2 2 2 2 2 2 2 2
left_child=1 3 5 6 7 9 -1 -3 -6 -2 13 -5 -12 -4
right_child=2 4 10 11 8 -7 -8 -9 -10 -11 12 -13 -14 -15
leaf_value=-0.024984596346133418 0.01238488610717596 -0.0023859653737473238 0.23691711435629828 -0.072095658637139889 0.012485427285259991 0.10968594515172429 -0.079372715835410571 -0.070486197516719654 0.079286022907328835 0.079513252717658536 0.2427831135250817 -0.15166855051617906 -0.013728557956016178 0.081622634583173356
leaf_weight=29384 8173 19028 588 9399 20206 6756 8370 5152 4885 6886 2248 2766 206 2359
leaf_count=29384 8173 19028 588 9399 20206 6756 8370 5152 4885 6886 2248 2766 206 2359
internal_value=1.86424e-11 -0.0228308 0.0832081 -0.0499938 0.00468932 0.0637079 -0.0370424 -0.016896 0.0254909 0.0430805 0.161971 -0.0901884 0.22125 0.112608
internal_weight=126406 99190 27216 49919 49271 21815 37754 24180 25091 15059 5401 12165 2454 2947
internal_count=126406 99190 27216 49919 49271 21815 37754 24180 25091 15059 5401 12165 2454 2947
is_linear=0
shrinkage=0.01


Tree=89
num_leaves=15
num_cat=0
split_feature=23 23 23 4 0 1 16 4 0 15 6 1 10 42
split_gain=2.35525e+06 865666 299026 288725 273114 242519 233589 166761 156415 155826 135944 114161 113619 60614.2
threshold=69.104468854152017 48.323170445477167 102.9774047759842 1.0000000180025095e-35 36.742692288818368 -118.99998249999999 0.35014439250000023 1.0000000180025095e-35 36.742692288818368 0.069413971750104095 8.1987070000000006 -118.21337597412109 -0.6830127018922193 1.0000000180025095e-35
decision_type=2 2 2 2 2 2 2 2 2 2 2 2 2 2
left_child=1 4 7 5 11 -3 -6 9 12 -2 -10 -1 -4 -5
right_child=2 3 8 13 6 -7 -8 -9 10 -11 -12 -13 -14 -15
leaf_value=-0.027750197286621404 0.19273678543928424 -0.0089260770528393901 0.2701379264334357 -0.03901630196773203 0.0719951023168766 0.034984270274331444 -0.072304315797480409 -0.060712217046236069 0.31411138411380152 0.077694448509140229 0.12462699014849804 0.05212532149980037 0.073115521327582936 -0.1325922165981305
leaf_weight=18494 1273 23674 372 1269 1165 26836 30267 808 1120 15679 572 1981 1373 1523
leaf_count=18494 1273 23674 372 1269 1165 26836 30267 808 1120 15679 572 1981 1373 1523
internal_value=-2.05487e-12 -0.0193751 0.0961664 0.0089316 -0.0484426 0.0144035 -0.066956 0.0796436 0.181545 0.0863335 0.250054 -0.0200221 0.115117 -0.0900608
internal_weight=126406 105209 21197 53302 51907 50510 31432 17760 3437 16952 1692 20475 1745 2792
internal_count=126406 105209 21197 53302 51907 50510 31432 17760 3437 16952 1692 20475 1745 2792
is_linear=0
shrinkage=0.01


Tree=90
num_leaves=15
num_cat=0
split_feature=23 23 23 17 1 7 8 17 8 2 46 17 14 9
split_gain=2.309e+06 712029 402515 253821 212666 201663 188867 184045 173096 164819 149335 152440 132676 127654
threshold=65.596453551143057 47.59423555367789 93.096729953103093 0.012359269662975927 -118.99998249999999 1006.3000500000002 0.78656609248549325 0.012475239838596228 0.60355339059327384 19.825000000000006 1.0000000180025095e-35 0.0081205058601405509 -0.35999609996789256 -0.60355339059327384
decision_type=2 2 2 2 2 2 2 2 2 2 2 2 2 2
left_child=1 3 5 6 7 9 -1 -3 -6 -2 11 -4 -5 -7
right_child=2 4 10 12 8 13 -8 -9 -10 -11 -12 -13 -14 -15
leaf_value=-0.02426855913273273 0.011725358519844969 -0.0033001855910879995 0.21776334339409245 -0.070814645039136925 0.042192725672597325 0.17177830497579902 -0.078113007921516889 -0.073887116494005201 -0.015093362565578613 0.078134414165642818 0.028842236301732865 0.092850094423955767 -0.14960721730542811 0.078293505982284184
leaf_weight=29384 8173 19630 3244 9399 17550 2136 8370 4550 7541 6886 759 1398 2766 4620
leaf_count=29384 8173 19630 3244 9399 17550 2136 8370 4550 7541 6886 759 1398 2766 4620
internal_value=-6.96797e-12 -0.0223875 0.0815924 -0.0490057 0.00458067 0.062457 -0.0362058 -0.0165827 0.0249756 0.0420921 0.158882 0.180144 -0.08873 0.10785
internal_weight=126406 99190 27216 49919 49271 21815 37754 24180 25091 15059 5401 4642 12165 6756
internal_count=126406 99190 27216 49919 49271 21815 37754 24180 25091 15059 5401 4642 12165 6756
is_linear=0
shrinkage=0.01


Tree=91
num_leaves=15
num_cat=0
split_feature=25 25 25 1 14 8 1 0 9 17 6 7 8 0
split_gain=2.0123e+06 551315 491739 284228 264939 250132 272097 188162 140575 121606 106076 103892 103842 75169.5
threshold=59.14677510209831 91.861009110043057 34.821574426137168 -118.21337597412109 9.7003882331052846 0.60355339059327384 -118.21337597412109 36.742692288818368 -0.37940952255126015 0.0078646278793753285 12.701857500000001 1006.0001850000001 0.37940952255126054 36.742692288818368
decision_type=2 2 2 2 2 2 2 2 2 2 2 2 2 2
left_child=2 5 9 4 -4 6 -2 12 -9 -1 -7 -5 -3 -11
right_child=1 7 3 11 -6 10 -8 8 -10 13 -12 -13 -14 -15
leaf_value=-0.044815102247836337 0.039600050424214703 0.14317182723107288 -0.016658291412910184 0.027332031776682055 -0.12619299883828539 0.011126097538521265 0.1125386481809678 0.30909294509728874 0.1556789504421747 -0.03923869779199169 -0.10453166881527136 0.1250775726472752 0.02048902121004785 -0.10707113298993624
leaf_weight=9223 18750 1779 57132 3759 2297 9648 7033 957 1589 2011 864 1530 1127 8707
leaf_count=9223 18750 1779 57132 3759 2297 9648 7033 957 1589 2011 864 1530 1127 8707
internal_value=-3.20679e-12 0.0568181 -0.0280181 -0.0146401 -0.0208919 0.0427336 0.059496 0.150581 0.213345 -0.0714361 0.00161998 0.0556078 0.0955932 -0.0943438
internal_weight=126406 41747 84659 64718 59429 36295 25783 5452 2546 19941 10512 5289 2906 10718
internal_count=126406 41747 84659 64718 59429 36295 25783 5452 2546 19941 10512 5289 2906 10718
is_linear=0
shrinkage=0.01


Tree=92
num_leaves=15
num_cat=0
split_feature=23 23 7 4 4 2 0 0 23 31 15 0 32 42
split_gain=2.23128e+06 817980 369549 280262 270616 251315 235530 212857 189486 134564 127888 106999 64923.5 58965.6
threshold=69.104468854152017 49.020419659202936 1003.9001350000001 1.0000000180025095e-35 1.0000000180025095e-35 15.525000000000002 36.742692288818368 35.400001525878913 102.9774047759842 98.826704816859987 0.069413971750104095 36.742692288818368 161.0067954220315 1.0000000180025095e-35
decision_type=2 2 2 2 2 2 2 2 2 2 2 2 2 2
left_child=1 3 5 6 7 12 -1 -3 10 -7 -4 -10 -2 -6
right_child=2 4 8 -5 13 9 -8 -9 11 -11 -12 -13 -14 -15
leaf_value=-0.011941925466815306 -0.048117670987602487 0.03448080150122123 0.20904743744684734 -0.11702523186948587 -0.036729406862178196 0.065140125995903103 -0.056731160385260743 -0.0074674655202927312 0.14717790734727179 0.24773647062463164 0.097527323652742984 0.28453295385094918 0.46418401603698733 -0.13143531405688502
leaf_weight=19625 2353 26156 1168 5045 1200 6347 29225 22504 1198 431 8598 1077 25 1454
leaf_count=19625 2353 26156 1168 5045 1200 6347 29225 22504 1198 431 8598 1077 25 1454
internal_value=-7.68054e-13 -0.0188584 0.0936015 -0.0460659 0.00971762 0.0457189 -0.0387375 0.0150808 0.130011 0.0767511 0.110865 0.212203 -0.0427318 -0.0886143
internal_weight=126406 105209 21197 53895 51314 9156 48850 48660 12041 6778 9766 2275 2378 2654
internal_count=126406 105209 21197 53895 51314 9156 48850 48660 12041 6778 9766 2275 2378 2654
is_linear=0
shrinkage=0.01


Tree=93
num_leaves=15
num_cat=0
split_feature=20 1 16 13 4 15 2 20 1 9 10 13 42 9
split_gain=1.67648e+06 708534 485675 391512 360987 333610 303970 246984 243100 206831 95590.9 38208.7 32713.8 31147.5
threshold=65.362945039751153 -118.99998249999999 0.45605467650000014 -5.4026652448009971 1.0000000180025095e-35 0.086456621345978008 22.925000000000001 132.64070351758798 -118.21337597412109 -0.37940952255126015 0.68301270189221941 -2.5199988859378881 1.0000000180025095e-35 -0.70710678118654757
decision_type=2 2 2 2 2 2 2 2 2 2 2 2 2 2
left_child=1 2 10 -4 5 9 8 -7 -3 -2 -1 -8 -6 -14
right_child=4 6 3 -5 12 7 11 -9 -10 -11 -12 -13 13 -15
leaf_value=0.10954478963838415 0.25340131699202462 -0.01680603212391241 -0.12890527358416506 -0.039682555888162982 -0.04712934015641259 0.055367695014525077 0.079761818872953499 0.18730929845577465 0.050034359934740875 0.03592066886470071 -0.00067351024512072438 -0.0010303449246893141 -0.042507346713984456 -0.19461139058805685
leaf_weight=2350 1551 21320 5436 51618 566 25029 6635 1504 7306 609 1183 642 189 468
leaf_count=2350 1551 21320 5436 51618 566 25029 6635 1504 7306 609 1183 642 189 468
internal_value=-7.04168e-12 -0.020278 -0.041138 -0.0481835 0.065404 0.0725756 0.0149237 0.0628467 0.000253142 0.192084 0.072639 0.0726341 -0.102851 -0.150855
internal_weight=126406 96490 60587 57054 29916 28693 35903 26533 28626 2160 3533 7277 1223 657
internal_count=126406 96490 60587 57054 29916 28693 35903 26533 28626 2160 3533 7277 1223 657
is_linear=0
shrinkage=0.01


Tree=94
num_leaves=15
num_cat=0
split_feature=23 23 7 4 4 16 1 17 23 20 15 12 14 44
split_gain=2.15703e+06 791227 360499 273428 261326 229414 222062 196907 183853 142391 122806 118859 91331.4 68088.2
threshold=69.104468854152017 48.323170445477167 1003.9001350000001 1.0000000180025095e-35 1.0000000180025095e-35 10.790396980000002 -119.7866065258789 0.0111948119782202 102.9774047759842 126.69011725293133 0.069413971750104095 1.0000000180025095e-35 6.8253458887189016 1.0000000180025095e-35
decision_type=2 2 2 2 2 2 2 2 2 2 2 2 2 2
left_child=1 4 5 6 7 12 -3 -1 10 -7 -4 -10 -2 -6
right_child=2 3 8 -5 13 9 -8 -9 11 -11 -12 -13 -14 -15
leaf_value=-0.026532710712538512 0.021696172087738563 -0.021518244614816787 0.2053443339020285 -0.08781380286280141 -0.090795275309883849 0.088469281654879883 0.026277346027647384 -0.072467080158665098 0.15463822721742593 0.31232889423613996 0.096062591664205388 0.30514408803605064 -0.093667618386885698 -0.17132521513024646
leaf_weight=34160 4863 13138 1168 2792 3385 3182 37372 12840 1454 312 8598 821 799 1522
leaf_count=34160 4863 13138 1168 2792 3385 3182 37372 12840 1454 312 8598 821 799 1522
internal_value=-2.76678e-12 -0.0185419 0.0920309 0.0085204 -0.0463316 0.0447383 0.0138454 -0.0390816 0.127992 0.108459 0.109133 0.208953 0.00541647 -0.115773
internal_weight=126406 105209 21197 53302 51907 9156 50510 47000 12041 3494 9766 2275 5662 4907
internal_count=126406 105209 21197 53302 51907 9156 50510 47000 12041 3494 9766 2275 5662 4907
is_linear=0
shrinkage=0.01


Tree=95
num_leaves=15
num_cat=0
split_feature=23 23 4 23 7 4 15 0 13 8 8 42 0 42
split_gain=2.11521e+06 678395 391396 305044 244898 230666 191161 188882 186202 174700 105238 86779.6 43236.2 34476.5
threshold=56.910493827160508 76.794640715194063 1.0000000180025095e-35 32.220450171337376 1003.6996700000001 1.0000000180025095e-35 0.47810574105055076 37.042691525878915 9.7200072708156053 0.78656609248549325 0.60355339059327384 1.0000000180025095e-35 37.042691525878915 1.0000000180025095e-35
decision_type=2 2 2 2 2 2 2 2 2 2 2 2 2 2
left_child=2 5 3 10 6 8 -3 -5 -2 -6 -1 12 -4 -7
right_child=1 4 11 7 9 13 -8 -9 -10 -11 -12 -13 -14 -15
leaf_value=-0.048743037949526502 0.03955007755309272 0.0075526638013547476 -0.02618968312783327 -0.006593792682170029 0.16933761394795965 -0.035376357225747126 0.14688703063029174 -0.055290551847364526 -0.073003754036976107 0.056932150865378096 -0.10642005725145953 -0.14177347153281802 -0.10327514241013327 -0.1255403241814628
leaf_weight=10806 33628 2970 1348 45441 6573 781 1473 9658 1537 1751 4473 3458 1581 928
leaf_count=10806 33628 2970 1348 45441 6573 781 1473 9658 1537 1751 4473 3458 1581 928
internal_value=-1.84121e-11 0.0508691 -0.0328951 -0.0260928 0.113695 0.0291168 0.0537466 -0.0151296 0.0346305 0.145692 -0.0656283 -0.107849 -0.0677985 -0.0843361
internal_weight=126406 49641 76765 70378 12767 36874 4443 55099 35165 8324 15279 6387 2929 1709
internal_count=126406 49641 76765 70378 12767 36874 4443 55099 35165 8324 15279 6387 2929 1709
is_linear=0
shrinkage=0.01


Tree=96
num_leaves=15
num_cat=0
split_feature=23 23 7 17 5 16 8 8 23 13 17 20 14 14
split_gain=2.07666e+06 762150 347800 242853 242414 222150 189125 187550 183353 173246 170032 138801 127564 89238.9
threshold=69.104468854152017 48.323170445477167 1003.9001350000001 0.012359269662975927 11.500000000000002 10.790396980000002 0.60355339059327384 0.78656609248549325 102.9774047759842 -6.1491368971168336 0.0075727672418126691 126.69011725293133 0.53999893568053536 6.8253458887189016
decision_type=2 2 2 2 2 2 2 2 2 2 2 2 2 2
left_child=1 3 5 7 9 13 8 -1 -4 -3 -6 -7 -5 -2
right_child=2 4 6 12 10 11 -8 -9 -10 -11 -12 -13 -14 -15
leaf_value=-0.021569204763807876 0.021245848502133433 0.077992772751979536 0.12893533553775835 -0.066668492415417197 0.0088162084861847477 0.086815652017297823 0.063662173018260784 -0.074075721484811979 0.24834241047062183 0.016048054302289162 -0.0438345066708275 0.30783467268236936 -0.14320525965610831 -0.092788737200139942
leaf_weight=30595 4863 5630 6968 9761 13892 3182 3496 8748 1577 22797 10983 312 2803 799
leaf_count=30595 4863 5630 6968 9761 13892 3182 3496 8748 1577 22797 10983 312 2803 799
internal_value=-2.75578e-11 -0.0181932 0.0903002 -0.0454675 0.00836718 0.043848 0.125622 -0.0332441 0.150972 0.0283163 -0.0144305 0.106552 -0.0837437 0.00515372
internal_weight=126406 105209 21197 51907 53302 9156 12041 39343 8545 28427 24875 3494 12564 5662
internal_count=126406 105209 21197 51907 53302 9156 12041 39343 8545 28427 24875 3494 12564 5662
is_linear=0
shrinkage=0.01


Tree=97
num_leaves=15
num_cat=0
split_feature=23 23 23 1 6 8 15 7 10 8 1 6 12 16
split_gain=2.03724e+06 565578 432174 236150 196623 193423 188386 187955 165997 152272 168257 140599 131454 98057.1
threshold=63.292963432380432 41.050368492700564 84.371915673754401 -118.99998249999999 10.7017845 0.60355339059327384 0.063427746452943148 1003.5992500000001 -0.24999999999999994 0.60355339059327384 -118.21337597412109 8.9936952500000018 1.0000000180025095e-35 0.051000000000000031
decision_type=2 2 2 2 2 2 2 2 2 2 2 2 2 2
left_child=1 6 9 4 -3 -5 13 8 -4 10 -2 -8 -9 -1
right_child=2 3 7 5 -6 -7 11 12 -10 -11 -12 -13 -14 -15
leaf_value=0.26784098172993276 0.043944752932956854 -0.0072568820321830966 0.12035072878988577 0.034512735557951306 -0.060181789723763111 -0.023588291129998749 -0.042206271225102558 0.1292351854980637 -0.044878008940367801 0.0061634271652344875 0.11483365865723688 -0.084260357460233082 0.23134924418014385 0.022280852733103013
leaf_weight=185 12708 23704 1686 18757 9973 8250 17213 3831 951 6606 4546 14773 1879 1344
leaf_count=185 12708 23704 1686 18757 9973 8250 17213 3831 951 6606 4546 14773 1879 1344
internal_value=-9.14479e-12 -0.0234741 0.068657 -0.00526429 -0.0229299 0.0167642 -0.0564457 0.13059 0.0607631 0.0469908 0.0626222 -0.0616293 0.162838 0.0519922
internal_weight=126406 94199 32207 60684 33677 27007 33515 8347 2637 23860 17254 31986 5710 1529
internal_count=126406 94199 32207 60684 33677 27007 33515 8347 2637 23860 17254 31986 5710 1529
is_linear=0
shrinkage=0.01


Tree=98
num_leaves=15
num_cat=0
split_feature=23 23 4 4 23 8 15 1 1 16 44 1 6 42
split_gain=2.00097e+06 725337 333774 257395 245078 206878 206623 194451 161916 104233 89647.6 51991.4 48706.7 40186.7
threshold=54.600021123785389 76.794640715194063 1.0000000180025095e-35 1.0000000180025095e-35 31.86656808900155 0.78656609248549325 0.084043854175721647 -119.7866065258789 -120.84999847412108 0.051000000000000031 1.0000000180025095e-35 -118.21337597412109 14.305990000000003 1.0000000180025095e-35
decision_type=2 2 2 2 2 2 2 2 2 2 2 2 2 2
left_child=2 3 4 7 9 6 -3 -2 -6 -1 11 -4 -7 -5
right_child=1 5 10 13 8 12 -8 -9 -10 -11 -12 -13 -14 -15
leaf_value=0.20024008080451972 -0.015696425526027499 0.24612827809480536 -0.093593986018599848 -0.036844687646122538 -0.056504026104732354 0.040777241401359174 0.11320788509909292 0.040397130514410726 -0.0096576743361174184 -0.067372958231900149 -0.16731467721244694 0.025628419454845758 -0.15570566538581276 -0.12500485275901946
leaf_weight=147 7542 1348 3866 971 9052 2455 8831 34220 39896 14686 1749 404 133 1106
leaf_count=147 7542 1348 3866 971 9052 2455 8831 34220 39896 14686 1749 404 133 1106
internal_value=8.6544e-12 0.0441807 -0.0358294 0.0248632 -0.0291118 0.110513 0.13081 0.0302669 -0.018321 -0.0647208 -0.107013 -0.0823139 0.0306798 -0.0837899
internal_weight=126406 56606 69800 43839 63781 12767 10179 41762 48948 14833 6019 4270 2588 2077
internal_count=126406 56606 69800 43839 63781 12767 10179 41762 48948 14833 6019 4270 2588 2077
is_linear=0
shrinkage=0.01


Tree=99
num_leaves=15
num_cat=0
split_feature=23 23 0 23 4 16 0 6 0 6 0 10 1 4
split_gain=1.96318e+06 720426 258576 257106 245013 230596 191052 157146 143887 127564 119358 111658 111414 99821
threshold=69.104468854152017 49.020419659202936 36.742692288818368 102.9774047759842 1.0000000180025095e-35 0.35014439250000023 35.400001525878913 5.5958002000000002 36.742692288818368 8.1987070000000006 34.083213737060554 -0.6830127018922193 -118.21337597412109 1.0000000180025095e-35
decision_type=2 2 2 2 2 2 2 2 2 2 2 2 2 2
left_child=1 2 12 7 6 -4 -3 10 11 -10 -2 -5 -1 -9
right_child=3 4 5 8 -6 -7 -8 13 9 -11 -12 -13 -14 -15
leaf_value=-0.023995275890826173 0.045811614985661955 0.03261138967276915 0.075773904936404263 0.25693196518071276 -0.084436018484130154 -0.066420245312367496 -0.0071302706347112586 0.055255153211150876 0.29472618866824113 0.11117464549995802 0.13283625291770779 0.061616920591793266 0.052261664960417252 -0.069899263027128206
leaf_weight=19559 2240 26156 1184 372 2654 31028 22504 9520 1120 572 5317 1373 2124 683
leaf_count=19559 2240 26156 1184 372 2654 31028 22504 9520 1120 572 5317 1373 2124 683
internal_value=-1.67339e-12 -0.0176892 -0.0432228 0.0877983 0.00912871 -0.0611937 0.0142319 0.0724773 0.166967 0.232674 0.107041 0.103254 -0.0165254 0.0468772
internal_weight=126406 105209 53895 21197 51314 32212 48660 17760 3437 1692 7557 1745 21683 10203
internal_count=126406 105209 53895 21197 51314 32212 48660 17760 3437 1692 7557 1745 21683 10203
is_linear=0
shrinkage=0.01


Tree=100
num_leaves=15
num_cat=0
split_feature=25 25 4 0 17 4 13 0 47 9 44 10 43 2
split_gain=1.6962e+06 507616 438945 346598 285985 245944 213095 173913 171054 134424 88034.8 81258.4 50776.2 40332
threshold=57.886418579542799 91.861009110043057 1.0000000180025095e-35 36.742692288818368 0.0075368008358445123 1.0000000180025095e-35 9.4169620096129574 36.742692288818368 1.0000000180025095e-35 -0.37940952255126015 1.0000000180025095e-35 -0.6830127018922193 1.0000000180025095e-35 7.2250000000000005
decision_type=2 2 2 2 2 2 2 2 2 2 2 2 2 2
left_child=2 5 3 8 -5 6 -2 11 -1 -9 13 -3 -7 -4
right_child=1 7 10 4 -6 12 -8 9 -10 -11 -12 -13 -14 -15
leaf_value=-0.0062964358109702983 0.047323959213247301 0.18918499041202366 0.059520554359627775 -0.011209943171526291 -0.065977661005743288 -0.1225324970460957 -0.069014651068516827 0.2935362496563742 0.060626396345940831 0.14351612172268571 -0.16610876235579525 0.059416315504036289 -0.019379834599054499 -0.089597941494340611
leaf_weight=31834 36214 611 189 17315 21218 1012 1646 957 4340 1589 1785 2295 903 4498
leaf_count=31834 36214 611 189 17315 21218 1012 1646 957 4340 1589 1785 2295 903 4498
internal_value=-3.46058e-11 0.0490769 -0.0273421 -0.0204979 -0.0413675 0.0366735 0.042266 0.139566 0.00173268 0.199906 -0.106345 0.0867008 -0.0738918 -0.0835848
internal_weight=126406 45227 81179 74707 38533 39775 37860 5452 36174 2546 6472 2906 1915 4687
internal_count=126406 45227 81179 74707 38533 39775 37860 5452 36174 2546 6472 2906 1915 4687
is_linear=0
shrinkage=0.01


Tree=101
num_leaves=15
num_cat=0
split_feature=23 23 7 4 2 4 6 1 8 23 31 6 32 42
split_gain=1.89597e+06 694992 332397 247550 235711 235206 187672 184392 181828 171126 123029 78859.2 62224.5 55147.5
threshold=69.104468854152017 49.020419659202936 1003.9001350000001 1.0000000180025095e-35 15.525000000000002 1.0000000180025095e-35 7.598170500000001 -119.7866065258789 0.60355339059327384 102.9774047759842 98.826704816859987 12.404780500000003 161.0067954220315 1.0000000180025095e-35
decision_type=2 2 2 2 2 2 2 2 2 2 2 2 2 2
left_child=1 3 4 6 12 7 -1 -3 9 -4 -6 -10 -2 -5
right_child=2 5 8 13 10 -7 -8 -9 11 -11 -12 -13 -14 -15
leaf_value=-0.014472820395381185 -0.050063279259782101 -0.019326113720821242 0.12438000859783513 -0.073291599730237023 0.05982143611546914 -0.082716532481964825 -0.053780686338608767 0.025342047964263412 0.069205922284272664 0.23973700140148149 0.23441653511588506 -0.18658060080528258 0.45147693252563481 -0.13963444241618675
leaf_weight=22625 2353 12403 6968 2318 6347 2654 26225 36257 3371 1577 431 125 25 2727
leaf_count=22625 2353 12403 6968 2318 6347 2654 26225 36257 3371 1577 431 125 25 2727
internal_value=2.33284e-11 -0.0173837 0.0862822 -0.0424625 0.0408703 0.00895653 -0.0355751 0.0139565 0.120814 0.145669 0.0709236 0.0600602 -0.0447906 -0.109152
internal_weight=126406 105209 21197 53895 9156 51314 48850 48660 12041 8545 6778 3496 2378 5045
internal_count=126406 105209 21197 53895 9156 51314 48850 48660 12041 8545 6778 3496 2378 5045
is_linear=0
shrinkage=0.01


Tree=102
num_leaves=15
num_cat=0
split_feature=25 25 25 5 8 1 6 0 0 9 16 8 8 6
split_gain=1.63145e+06 462100 426856 268568 232151 230503 216684 169560 148940 131388 104822 97498 89718.6 55190.5
threshold=59.14677510209831 91.861009110043057 33.963361967797972 14.500000000000002 0.78656609248549325 -118.21337597412109 9.6966480000000015 36.742692288818368 35.400001525878913 -0.37940952255126015 0.051000000000000031 0.37940952255126054 0.60355339059327384 11.604825500000002
decision_type=2 2 2 2 2 2 2 2 2 2 2 2 2 2
left_child=2 4 10 8 5 -2 -5 11 -4 -9 -1 -3 -12 -6
right_child=1 7 3 6 13 -7 -8 9 -10 -11 12 -13 -14 -15
leaf_value=0.21409771282808812 0.033837393884825179 0.13090476572316739 0.033240630939985367 -0.016551757956168346 -0.0017860736631938887 0.097350892312922571 -0.073526590955071386 0.28914854970463827 -0.0096060545973510967 0.14083242663021139 -0.055808074274237153 0.01202834494798688 -0.10483130778633851 -0.088715637528050756
leaf_weight=131 20936 1779 12327 20178 6680 7859 9975 957 23732 1589 13094 1127 5222 820
leaf_count=131 20936 1779 12327 20178 6680 7859 9975 957 23732 1589 13094 1127 5222 820
internal_value=-2.50994e-11 0.0511595 -0.0252277 -0.0133756 0.0382648 0.0511721 -0.0353998 0.137002 0.00504136 0.196582 -0.0677689 0.0848023 -0.0697849 -0.0112904
internal_weight=126406 41747 84659 66212 36295 28795 30153 5452 36059 2546 18447 2906 18316 7500
internal_count=126406 41747 84659 66212 36295 28795 30153 5452 36059 2546 18447 2906 18316 7500
is_linear=0
shrinkage=0.01


Tree=103
num_leaves=15
num_cat=0
split_feature=23 23 7 4 0 2 16 0 15 47 31 9 47 7
split_gain=1.82997e+06 670517 325026 238852 234065 231055 212795 193456 160216 141089 119566 116495 102525 61638.5
threshold=69.104468854152017 48.323170445477167 1003.9001350000001 1.0000000180025095e-35 36.742692288818368 15.525000000000002 0.35014439250000023 35.400001525878913 0.084043854175721647 1.0000000180025095e-35 98.826704816859987 -0.37940952255126015 1.0000000180025095e-35 1002.8996150000002
decision_type=2 2 2 2 2 2 2 2 2 2 2 2 2 2
left_child=1 4 5 7 12 13 -6 -3 11 -10 -7 -4 -1 -2
right_child=2 3 8 -5 6 10 -8 -9 9 -11 -12 -13 -14 -15
leaf_value=-0.02367383671341473 -0.077998521333071585 0.031192489451264106 0.24428532220652036 -0.082203455761002964 0.072822703930081667 0.058671825943795962 -0.064904196457724272 -0.0080254375530339102 0.072360629460994558 0.14899127691606492 0.23079195781297585 0.066224459894633866 0.052021637079670294 0.033479560066917775
leaf_weight=18494 1673 26836 1506 2792 1165 6347 30267 23674 6074 3975 431 486 1981 705
leaf_count=18494 1673 26836 1506 2792 1165 6347 30267 23674 6074 3975 431 486 1981 705
internal_value=9.07617e-12 -0.0170785 0.0847672 0.00783414 -0.0426606 0.0398616 -0.0597995 0.0128111 0.118914 0.102673 0.0696166 0.200843 -0.0163501 -0.0449489
internal_weight=126406 105209 21197 53302 51907 9156 31432 50510 12041 10049 6778 1992 20475 2378
internal_count=126406 105209 21197 53302 51907 9156 31432 50510 12041 10049 6778 1992 20475 2378
is_linear=0
shrinkage=0.01


Tree=104
num_leaves=15
num_cat=0
split_feature=23 23 4 4 0 6 7 2 1 8 47 42 0 42
split_gain=1.79655e+06 654780 307607 234422 231731 224344 222699 214022 179379 162821 92367.6 74247.7 40876.8 38292.3
threshold=54.600021123785389 76.794640715194063 1.0000000180025095e-35 1.0000000180025095e-35 36.742692288818368 7.2011247500000009 1003.2004000000001 15.225000000000001 -119.7866065258789 0.78656609248549325 1.0000000180025095e-35 1.0000000180025095e-35 37.042691525878915 1.0000000180025095e-35
decision_type=2 2 2 2 2 2 2 2 2 2 2 2 2 2
left_child=2 3 4 8 10 -6 7 -3 -2 -8 -1 12 -4 -5
right_child=1 6 11 13 5 -7 9 -9 -10 -11 -12 -13 -14 -15
leaf_value=-0.013026850713646905 -0.015479827083401392 -0.068219657699342365 -0.020005469202400872 -0.034356652062777604 -0.014385066706620103 -0.066129244400990106 0.15537480174297616 0.090935897410068467 0.038395864129667577 0.048845245775638035 0.043458658949473435 -0.13438169735353089 -0.09788891326626413 -0.12041376072206075
leaf_weight=25855 7542 1204 1197 971 14176 20490 6920 2833 34220 1810 3260 3280 1542 1106
leaf_count=25855 7542 1204 1197 971 14176 20490 6920 2833 34220 1810 3260 3280 1542 1106
internal_value=-7.60683e-13 0.0418632 -0.03395 0.0235092 -0.0275011 -0.0449694 0.104887 0.0434691 0.0286662 0.133288 -0.00670218 -0.102287 -0.0638522 -0.080182
internal_weight=126406 56606 69800 43839 63781 34666 12767 4037 41762 8730 29115 6019 2739 2077
internal_count=126406 56606 69800 43839 63781 34666 12767 4037 41762 8730 29115 6019 2739 2077
is_linear=0
shrinkage=0.01


Tree=105
num_leaves=15
num_cat=0
split_feature=23 0 10 7 2 15 23 1 31 7 20 7 12 13
split_gain=1.76288e+06 571172 447506 337416 259446 258332 226425 223493 198812 186024 127181 124739 114962 111376
threshold=65.596453551143057 36.742692288818368 1.0000000180025095e-35 1003.9001350000001 19.925000000000001 0.094594992829323502 88.084300356875232 -118.21337597412109 43.334283903675541 1006.5004000000001 126.69011725293133 1007.2001500000001 1.0000000180025095e-35 9.4169620096129574
decision_type=2 2 2 2 2 2 2 2 2 2 2 2 2 2
left_child=1 7 5 4 -2 -3 13 8 -1 -4 -6 -9 -8 -5
right_child=3 2 9 6 10 -7 12 11 -10 -11 -12 -13 -14 -15
leaf_value=-0.028019995431561896 -0.01206422193609037 0.10800881264601644 -0.10665860816873748 0.082777411940944165 0.067393490252735888 -0.02416657054547151 0.12675856936074836 0.031434494571117577 0.014334783018106532 -0.048572775152703702 0.26126824946460114 0.13104834318058761 0.2326555223404457 -0.13314025896240256
leaf_weight=21820 6265 1584 11131 9594 6168 22241 3039 7456 22521 10925 358 1512 1547 245
leaf_count=21820 6265 1584 11131 9594 6168 22241 3039 7456 22521 10925 358 1512 1547 245
internal_value=3.89741e-11 -0.0195616 -0.0454279 0.0712933 0.0339016 -0.0153789 0.10445 0.00270045 -0.00650781 -0.0778869 0.078029 0.0482293 0.162481 0.0774009
internal_weight=126406 99190 45881 27216 12791 23825 14425 53309 44341 22056 6526 8968 4586 9839
internal_count=126406 99190 45881 27216 12791 23825 14425 53309 44341 22056 6526 8968 4586 9839
is_linear=0
shrinkage=0.01


Tree=106
num_leaves=15
num_cat=0
split_feature=23 23 23 7 2 13 17 2 31 2 2 16 0 2
split_gain=1.73255e+06 634524 275138 214444 207815 166069 160177 155377 149428 137398 135721 107701 101956 56587.6
threshold=54.429845561657991 76.794640715194063 31.86656808900155 1003.2004000000001 15.125000000000002 10.080000457801752 0.012359269662975927 19.925000000000001 23.923611111111118 6.8250000000000002 6.2250000000000005 0.14802446599999994 36.742692288818368 28.575000000000006
decision_type=2 2 2 2 2 2 2 2 2 2 2 2 2 2
left_child=2 5 11 4 -3 8 10 -8 -2 -5 -4 -1 -13 -7
right_child=1 3 6 9 -6 13 7 -9 -10 -11 -12 12 -14 -15
leaf_value=0.11270829240912976 -0.038737336270064628 -0.069004235009536535 0.063453595216805936 0.21858042688320417 0.088746434766140733 -0.099309694592933137 -0.093825519068274091 -0.020113552979849278 0.032469331764068819 0.11285047184353791 -0.01728241646619158 -0.025956169220460287 -0.08516159528413203 0.018855209262803832
leaf_weight=322 3187 1180 2201 1480 2857 1440 5462 6002 39145 7250 38558 3746 13012 564
leaf_count=322 3187 1180 2201 1480 2857 1440 5462 6002 39145 7250 38558 3746 13012 564
internal_value=-2.03982e-12 0.0407855 -0.0336057 0.102905 0.0426365 0.0228975 -0.0222107 -0.0552335 0.0271085 0.130775 -0.0129226 -0.0684463 -0.0719271 -0.0660537
internal_weight=126406 57103 69303 12767 4037 44336 52223 11464 42332 8730 40759 17080 16758 2004
internal_count=126406 57103 69303 12767 4037 44336 52223 11464 42332 8730 40759 17080 16758 2004
is_linear=0
shrinkage=0.01


Tree=107
num_leaves=15
num_cat=0
split_feature=23 23 7 2 0 16 0 2 6 8 23 10 1 17
split_gain=1.6988e+06 625411 303503 218343 218220 204696 188350 208240 202185 173735 159967 111753 97238.7 76725.5
threshold=69.104468854152017 48.323170445477167 1003.9001350000001 15.525000000000002 36.742692288818368 0.24800415500000014 35.400001525878913 23.425000000000001 10.7017845 0.60355339059327384 102.9774047759842 -0.93301270189221908 -118.21337597412109 0.012359269662975927
decision_type=2 2 2 2 2 2 2 2 2 2 2 2 2 2
left_child=1 4 3 -2 12 -6 7 -3 -8 10 -4 -5 -1 -11
right_child=2 6 9 11 5 -7 8 -9 -10 13 -12 -13 -14 -15
leaf_value=-0.02288973905016627 -0.044165205129455931 0.011418728227939127 0.11838169719878218 -0.031209576468946391 0.09508341438698191 -0.061972413347828062 0.004867945803745932 0.078383884757594294 -0.059290198344881369 0.064266690870275783 0.22991419328128759 0.083957530761189697 0.050828320405946523 -0.18901328078200741
leaf_weight=18494 2378 22535 6968 986 853 30579 18189 5849 6729 3372 1577 5792 1981 124
leaf_count=18494 2378 22535 6968 986 853 30579 18189 5849 6729 3372 1577 5792 1981 124
internal_value=-6.16616e-12 -0.016455 0.0816725 0.0382792 -0.0411617 -0.0577102 0.00760511 0.025218 -0.0124577 0.114669 0.138965 0.0672041 -0.0157574 0.0552831
internal_weight=126406 105209 21197 9156 51907 31432 53302 28384 24918 12041 8545 6778 20475 3496
internal_count=126406 105209 21197 9156 51907 31432 53302 28384 24918 12041 8545 6778 20475 3496
is_linear=0
shrinkage=0.01


Tree=108
num_leaves=15
num_cat=0
split_feature=23 23 4 4 25 7 15 2 13 15 44 16 47 42
split_gain=1.66691e+06 606682 298027 227807 219521 206333 201039 200815 169709 139070 81606.8 52553.7 47581 37375.9
threshold=54.600021123785389 76.794640715194063 1.0000000180025095e-35 1.0000000180025095e-35 26.500111486645078 1003.2004000000001 0.086456621345978008 15.225000000000001 10.080000457801752 0.084043854175721647 1.0000000180025095e-35 0.051000000000000031 1.0000000180025095e-35 1.0000000180025095e-35
decision_type=2 2 2 2 2 2 2 2 2 2 2 2 2 2
left_child=2 3 4 8 11 7 -6 -3 -2 -7 12 -1 -4 -5
right_child=1 5 10 13 6 9 -8 -9 -10 -11 -12 -13 -14 -15
leaf_value=0.17879705120868319 0.032142224203423539 -0.066316569762094033 -0.087191527340661365 -0.034286395822520764 0.051220100387836913 0.21399411926985712 -0.024682913416078728 0.087850334132091243 -0.064593467567279614 0.1097314318147545 -0.15749969508242248 -0.080520933654100568 0.026862152945619115 -0.11930752282317184
leaf_weight=79 39862 1204 3866 971 3737 1557 52688 2833 1900 7173 1749 7277 404 1106
leaf_count=79 39862 1204 3866 971 3737 1557 52688 2833 1900 7173 1749 7277 404 1106
internal_value=-2.1633e-11 0.0403245 -0.0327021 0.0226574 -0.0263544 0.100989 -0.0196559 0.0418714 0.0277411 0.128327 -0.0999663 -0.077736 -0.0764005 -0.07956
internal_weight=126406 56606 69800 43839 63781 12767 56425 4037 41762 8730 6019 7356 4270 2077
internal_count=126406 56606 69800 43839 63781 12767 56425 4037 41762 8730 6019 7356 4270 2077
is_linear=0
shrinkage=0.01


Tree=109
num_leaves=15
num_cat=0
split_feature=1 31 4 8 0 2 0 7 36 16 7 31 3 3
split_gain=997258 1.02271e+06 387468 379893 375016 281428 245314 215793 194030 115823 103801 49669.6 48807.7 41717.5
threshold=-118.21337597412109 45.000105618926916 1.0000000180025095e-35 0.37940952255126054 37.042691525878915 5.7750000000000012 36.742692288818368 1004.4003000000001 52.117659484579647 0.051000000000000031 1008.4000500000001 41.639839459231105 47.00039300000001 84.737657500000012
decision_type=2 2 2 2 2 2 2 2 2 2 2 2 2 2
left_child=1 5 4 7 -3 9 -7 12 -9 -1 11 -5 -2 -12
right_child=3 2 -4 10 -6 6 -8 8 -10 -11 13 -13 -14 -15
leaf_value=0.21543723692404879 0.11151201905731498 0.032578015313883782 -0.11302171166514502 -0.034869873598398354 -0.047444753481043281 -0.026974126046314554 -0.071890910841098055 0.11974363585169749 0.26616635795976767 0.027814425741764671 0.15981950040360884 0.024217331465503544 0.048222678173928023 0.010565035395010967
leaf_weight=379 1698 48582 2179 2867 6659 24484 24155 3710 1197 2495 587 2824 4315 275
leaf_count=379 1698 48582 2179 2867 6659 24484 24155 3710 1197 2495 587 2824 4315 275
internal_value=3.60499e-12 -0.0112493 0.0177725 0.0701319 0.0229317 -0.0435989 -0.0492806 0.106253 0.155462 0.0525566 0.00994007 -0.0055495 0.0660948 0.112204
internal_weight=126406 108933 57420 17473 55241 51513 48639 10920 4907 2874 6553 5691 6013 862
internal_count=126406 108933 57420 17473 55241 51513 48639 10920 4907 2874 6553 5691 6013 862
is_linear=0
shrinkage=0.01


Tree=110
num_leaves=15
num_cat=0
split_feature=23 23 5 17 46 17 31 8 17 13 23 23 2 31
split_gain=1.61955e+06 593877 234579 226382 216643 210400 185873 179328 161058 158074 150843 125160 115164 44734.2
threshold=69.104468854152017 47.59423555367789 11.500000000000002 0.0054789741426296739 1.0000000180025095e-35 0.012359269662975927 40.007710181664557 0.78656609248549325 0.0075727672418126691 -6.1491368971168336 115.34937668610237 99.973419590559487 17.825000000000006 21.16319444444445
decision_type=2 2 2 2 2 2 2 2 2 2 2 2 2 2
left_child=1 5 9 4 10 7 13 -1 -4 -3 -2 -8 -7 -5
right_child=3 2 8 6 -6 12 11 -9 -10 -11 -12 -13 -14 -15
leaf_value=-0.017785175927708573 0.13030603035766236 0.07282927880314348 0.0067979140206486941 -0.083422696447836592 0.037105463716931256 -0.10887078531663442 0.056286135572525479 -0.070252324964433607 -0.043499953288630072 0.014381938874858677 0.28061433309857148 0.15210007378627288 -0.047310635377686462 0.0053931152183001249
leaf_weight=29384 5831 5747 14348 775 2434 5914 7629 8370 11444 23751 754 1660 6251 2114
leaf_count=29384 5831 5747 14348 775 2434 5914 7629 8370 11444 23751 754 1660 6251 2114
internal_value=2.86626e-12 -0.0160666 0.00650856 0.079745 0.11772 -0.0410708 0.0516211 -0.0294171 -0.0155194 0.025769 0.147517 0.0734087 -0.077238 -0.0184325
internal_weight=126406 105209 55290 21197 9019 49919 12178 37754 25792 29498 6585 9289 12165 2889
internal_count=126406 105209 55290 21197 9019 49919 12178 37754 25792 29498 6585 9289 12165 2889
is_linear=0
shrinkage=0.01


Tree=111
num_leaves=15
num_cat=0
split_feature=25 25 4 7 25 2 15 0 17 2 9 11 44 2
split_gain=1.38279e+06 480302 370967 279020 265378 226167 198846 168323 211604 162732 140082 77880.2 74133.7 39878.1
threshold=56.058178425573871 74.086761171722586 1.0000000180025095e-35 1003.9999500000001 32.770472468666391 17.625000000000004 0.086456621345978008 35.400001525878913 0.010628673178492039 23.425000000000001 -0.5 0.6830127018922193 1.0000000180025095e-35 5.7750000000000012
decision_type=2 2 2 2 2 2 2 2 2 2 2 2 2 2
left_child=2 7 4 5 11 -3 -6 9 -9 -2 -5 -1 13 -4
right_child=1 3 12 10 6 -7 -8 8 -10 -11 -12 -13 -14 -15
leaf_value=-0.071098673102720514 0.022031289730452208 -0.034810358761105699 0.14462492474569724 0.1785215165993739 0.061356263397205978 0.093235346454955001 -0.015488971504277487 0.015507192348349408 -0.078749990487219479 0.083423964506126685 0.095032324677911367 -0.015593383192637133 -0.15621924933079911 -0.083516782059112643
leaf_weight=11209 18173 2578 78 3088 3603 2967 51474 9264 3206 5663 5755 3264 1763 4321
leaf_count=11209 18173 2578 78 3088 3603 2967 51474 9264 3206 5663 5755 3264 1763 4321
internal_value=4.04143e-13 0.0404203 -0.0270639 0.0893157 -0.0204753 0.0337039 -0.0104619 0.0210431 -0.00872605 0.0366171 0.124187 -0.0585809 -0.10143 -0.0794715
internal_weight=126406 50694 75712 14388 69550 5545 55077 36306 12470 23836 8843 14473 6162 4399
internal_count=126406 50694 75712 14388 69550 5545 55077 36306 12470 23836 8843 14473 6162 4399
is_linear=0
shrinkage=0.01


Tree=112
num_leaves=15
num_cat=0
split_feature=23 0 10 7 15 19 23 31 7 20 8 13 8 10
split_gain=1.56158e+06 524144 426886 304543 252819 221505 199401 185998 181233 132845 121117 101921 98341.9 93199.5
threshold=65.836190912078123 36.742692288818368 1.0000000180025095e-35 1003.9001350000001 0.094594992829323502 1.2921407027680318 88.084300356875232 43.334283903675541 1006.5004000000001 126.69011725293133 0.60355339059327384 9.4169620096129574 0.78656609248549325 -0.24999999999999994
decision_type=2 2 2 2 2 2 2 2 2 2 2 2 2 2
left_child=1 7 4 5 -3 13 11 -1 -4 -7 -8 -5 -9 -2
right_child=3 2 8 6 -6 9 10 12 -10 -11 -12 -13 -14 -15
leaf_value=-0.015171584126513584 0.03132776594329964 0.10784849497857611 -0.10305749481945016 0.078864612062229611 -0.022394736777856573 0.070782181769766792 0.18722287391554424 0.032225081238153257 -0.045758397743537939 0.28312060022939528 0.074777403631926087 -0.13110721788310176 -0.014824270171413616 -0.038727383528038443
leaf_weight=27442 4013 1597 11143 9406 22325 4558 3223 20574 10939 315 1363 237 5666 3605
leaf_count=27442 4013 1597 11143 9406 22325 4558 3223 20574 10939 315 1363 237 5666 3605
internal_value=9.34162e-13 -0.018197 -0.0429669 0.0678886 -0.0136999 0.0318561 0.0995199 0.00303018 -0.0746726 0.0845081 0.153803 0.073704 0.0220657 -0.00182382
internal_weight=126406 99686 46004 26720 23922 12491 14229 53682 22082 4873 4586 9643 26240 7618
internal_count=126406 99686 46004 26720 23922 12491 14229 53682 22082 4873 4586 9643 26240 7618
is_linear=0
shrinkage=0.01


Tree=113
num_leaves=15
num_cat=0
split_feature=20 1 7 0 0 16 15 10 4 1 15 2 0 2
split_gain=1.2054e+06 371092 424102 364802 340656 301512 300337 262354 111273 91214.8 61246.4 59801.7 44789.1 36805.9
threshold=56.045944233206605 -119.7866065258789 1006.3000500000002 36.742692288818368 34.083213737060554 0.21375782999999957 0.33454768245190775 1.0000000180025095e-35 1.0000000180025095e-35 -118.21337597412109 0.090528459069358566 4.9250000000000016 34.083213737060554 32.32500000000001
decision_type=2 2 2 2 2 2 2 2 2 2 2 2 2 2
left_child=3 10 6 8 -4 11 -3 -7 9 -1 -2 -5 -10 -12
right_child=1 2 4 5 -6 7 -8 -9 12 -11 13 -13 -14 -15
leaf_value=-0.0045068301479639179 0.047319483565710245 0.0029552393752143298 0.012358681016143678 0.19475947508869998 0.12910707661634527 -0.026203949915364948 0.063272170638179429 -0.079729180119772161 -0.098209729073203272 0.0451768094642419 -0.042112632713631054 0.044752180172796668 -0.020119369772094772 0.035917698178850509
leaf_weight=26575 1021 19785 3470 516 8934 18113 14166 18521 1578 4292 6850 548 1374 663
leaf_count=26575 1021 19785 3470 516 8934 18113 14166 18521 1578 4292 6850 548 1374 663
internal_value=7.90687e-12 0.0352487 0.0464051 -0.0270532 0.0964469 -0.0484449 0.0281224 -0.0532646 -0.00320793 0.00240159 -0.0253509 0.1175 -0.0618628 -0.0352267
internal_weight=126406 54889 46355 71517 12404 37698 33951 36634 33819 30867 8534 1064 2952 7513
internal_count=126406 54889 46355 71517 12404 37698 33951 36634 33819 30867 8534 1064 2952 7513
is_linear=0
shrinkage=0.01


Tree=114
num_leaves=15
num_cat=0
split_feature=23 23 4 4 8 17 7 8 19 8 23 44 1 42
split_gain=1.5135e+06 556690 272270 225316 222916 192596 176821 168691 153235 141778 106051 77765.3 45679.2 33967.7
threshold=54.429845561657991 78.202555978031299 1.0000000180025095e-35 1.0000000180025095e-35 0.78656609248549325 0.010107121014347992 1003.2004000000001 0.78656609248549325 1.3115730614909735 0.78656609248549325 25.312549875604379 1.0000000180025095e-35 -118.21337597412109 1.0000000180025095e-35
decision_type=2 2 2 2 2 2 2 2 2 2 2 2 2 2
left_child=2 3 4 7 5 -1 8 -2 -3 -8 -6 12 -4 -5
right_child=1 6 11 13 10 -7 9 -9 -10 -11 -12 -13 -14 -15
leaf_value=-0.001563029469453196 0.037103529919683534 -0.008202348241712662 -0.083297600221774917 -0.03532825876725372 -0.13570447663219237 -0.043480526788982211 0.14666287469109962 -0.012155132708611849 0.12623168345892086 0.043929633036586216 -0.050605612407312227 -0.15204656566911881 0.02910332393048233 -0.11511027738438921
leaf_weight=33166 34466 2297 3853 1001 1666 16372 6446 8709 1344 1697 12103 1744 399 1143
leaf_count=33166 34466 2297 3853 1001 1666 16372 6446 8709 1344 1697 12103 1744 399 1143
internal_value=4.86062e-12 0.03812 -0.0314094 0.0221986 -0.0253095 -0.0154165 0.099351 0.0271674 0.0414212 0.125253 -0.0609023 -0.0958143 -0.0727501 -0.0778613
internal_weight=126406 57103 69303 45319 63307 49538 11784 43175 3641 8143 13769 5996 4252 2144
internal_count=126406 57103 69303 45319 63307 49538 11784 43175 3641 8143 13769 5996 4252 2144
is_linear=0
shrinkage=0.01


Tree=115
num_leaves=15
num_cat=0
split_feature=23 23 7 4 0 2 17 8 8 23 31 14 17 47
split_gain=1.48602e+06 550367 271921 245460 231788 202167 168894 163821 156143 147165 110547 75568.9 74034.6 63520.7
threshold=69.104468854152017 43.645108670140367 1003.9001350000001 1.0000000180025095e-35 35.400001525878913 15.525000000000002 0.011276127285715379 0.60355339059327384 0.60355339059327384 102.9774047759842 96.367646215870238 -0.35999609996789256 0.012359269662975927 1.0000000180025095e-35
decision_type=2 2 2 2 2 2 2 2 2 2 2 2 2 2
left_child=1 6 5 4 -3 -2 8 9 -1 -4 -7 -8 -9 -5
right_child=2 3 7 13 -6 10 11 12 -10 -11 -12 -13 -14 -15
leaf_value=-0.015510521900681922 -0.044018685331542073 0.026548744218319303 0.1114692109435461 -0.096783140204094092 -0.012095178236985769 0.051971711448334297 -0.062353544319851066 0.058777157955511319 -0.067080711279174365 0.21844574958189952 0.20910483536322086 -0.12162631955015771 -0.1900217860792914 0.013313708167992473
leaf_weight=19135 2378 30701 6968 2999 31392 6296 9056 3372 8470 1577 482 2821 124 635
leaf_count=19135 2378 30701 6968 2999 31392 6296 9056 3372 8470 1577 482 2821 124 635
internal_value=-1.08155e-11 -0.01539 0.0763866 0.00233668 0.00701176 0.035313 -0.0449002 0.107619 -0.0313337 0.131212 0.0631458 -0.0764319 0.0499525 -0.077545
internal_weight=126406 105209 21197 65727 62093 9156 39482 12041 27605 8545 6778 11877 3496 3634
internal_count=126406 105209 21197 65727 62093 9156 39482 12041 27605 8545 6778 11877 3496 3634
is_linear=0
shrinkage=0.01


Tree=116
num_leaves=15
num_cat=0
split_feature=23 0 10 23 15 47 7 8 31 15 0 6 7 3
split_gain=1.45808e+06 434727 374245 326340 227419 188614 164513 159598 150692 149376 134569 130563 109996 70110.5
threshold=63.292963432380432 36.742692288818368 1.0000000180025095e-35 93.096729953103093 0.088465452531560476 1.0000000180025095e-35 1006.5004000000001 0.78656609248549325 38.880544993662873 0.096578519580484232 34.083213737060554 8.0098005000000025 1007.2001500000001 27.853957500000003
decision_type=2 2 2 2 2 2 2 2 2 2 2 2 2 2
left_child=1 5 4 7 -3 8 -4 9 -1 -2 13 -12 -7 -5
right_child=3 2 6 10 -6 12 -8 -9 -10 -11 11 -13 -14 -15
leaf_value=-0.030511551532569344 0.13842125276066161 0.11254937752826116 -0.099273507816759421 -0.24116918840408325 -0.022078985928334044 0.028475251715381157 -0.044316497698513362 -0.0056705590327874996 0.0081235023933414162 0.047442710633133559 0.18465862230978858 0.069899689372732776 0.12768733616106265 0.042995173223203613
leaf_weight=17259 1988 1332 11026 100 21633 6512 10765 5246 24323 19572 3207 1435 1349 659
leaf_count=17259 1988 1332 11026 100 21633 6512 10765 5246 24323 19572 3207 1435 1349 659
internal_value=-2.80264e-11 -0.0198591 -0.0424385 0.0580838 -0.0142704 0.000579862 -0.0721241 0.0437955 -0.00791234 0.0558316 0.128999 0.149183 0.0455007 0.00555586
internal_weight=126406 94199 44756 32207 22965 49443 21791 26806 41582 21560 5401 4642 7861 759
internal_count=126406 94199 44756 32207 22965 49443 21791 26806 41582 21560 5401 4642 7861 759
is_linear=0
shrinkage=0.01


Tree=117
num_leaves=15
num_cat=0
split_feature=23 23 4 4 8 1 15 4 8 23 1 9 9 10
split_gain=1.43355e+06 527924 262127 235561 216856 203883 198247 156400 131831 102487 63981.9 42677.3 28200.5 26766.9
threshold=54.429845561657991 84.371915673754401 1.0000000180025095e-35 1.0000000180025095e-35 0.78656609248549325 -119.7866065258789 0.063427746452943148 1.0000000180025095e-35 0.78656609248549325 25.312549875604379 -118.21337597412109 -0.60355339059327384 -0.70710678118654757 0.93301270189221952
decision_type=2 2 2 2 2 2 2 2 2 2 2 2 2 2
left_child=2 3 4 5 6 -2 -1 8 -3 -6 11 -4 -5 -12
right_child=1 7 10 12 9 -7 -8 -9 -10 -11 13 -13 -14 -15
leaf_value=0.08637257097923845 -0.016966156112667642 0.14074949475559639 -0.05825983802946641 -0.021332555918982535 -0.13322382633829219 0.038857691370085171 -0.018780274196792349 -0.087343873804596461 0.04009370872550741 -0.049566889734232955 -0.008540478118349239 -0.11972593002604517 -0.097749860908553171 0.20928908001850632
leaf_weight=1863 7878 6328 1570 693 1666 38592 47675 381 1638 12103 331 4027 1593 68
leaf_count=1863 7878 6328 1570 693 1666 38592 47675 381 1638 12103 331 4027 1593 68
internal_value=-6.81959e-12 0.0370996 -0.0305686 0.0245188 -0.0245833 0.0293939 -0.0148257 0.110586 0.120052 -0.0596891 -0.0937624 -0.102484 -0.074584 0.0285834
internal_weight=126406 57103 69303 48756 63307 46470 49538 8347 7966 13769 5996 5597 2286 399
internal_count=126406 57103 69303 48756 63307 46470 49538 8347 7966 13769 5996 5597 2286 399
is_linear=0
shrinkage=0.01


Tree=118
num_leaves=15
num_cat=0
split_feature=23 23 7 0 13 8 2 15 8 2 0 10 17 23
split_gain=1.40727e+06 526238 263953 259426 239158 233173 198562 164216 157939 142044 129110 118354 82235.2 74680
threshold=69.104468854152017 41.271757498943821 1003.9001350000001 35.400001525878913 -4.3300917366011875 0.60355339059327384 17.525000000000002 0.063427746452943148 0.60355339059327384 7.6250000000000009 36.742692288818368 -0.93301270189221908 0.0083147365248462807 11.396604938271606
decision_type=2 2 2 2 2 2 2 2 2 2 2 2 2 2
left_child=1 7 6 5 -5 -3 12 13 9 -4 -9 -8 -2 -1
right_child=2 3 8 4 -6 -7 11 10 -10 -11 -12 -13 -14 -15
leaf_value=-0.20798606221436283 0.011271633933770196 0.037442063507402777 0.21295550329449695 -0.094233841043652428 -0.00941913983119037 -0.019415036830410123 -0.035086713244023404 -0.023097008630704831 0.048484677470572085 0.10864234518675918 -0.065822001594049676 0.08939123023174389 -0.090289568606849072 0.072017212013170739
leaf_weight=102 2139 23930 1608 3694 33248 10325 907 10411 3496 6937 22059 4839 1271 1440
leaf_count=102 2139 23930 1608 3694 33248 10325 907 10411 3496 6937 22059 4839 1271 1440
internal_value=-6.08742e-12 -0.0149767 0.074335 0.000481213 -0.0179002 0.0203044 0.0338677 -0.0473345 0.105106 0.128272 -0.0521229 0.0697425 -0.026583 0.0534956
internal_weight=126406 105209 21197 71197 36942 34255 9156 34012 12041 8545 32470 5746 3410 1542
internal_count=126406 105209 21197 71197 36942 34255 9156 34012 12041 8545 32470 5746 3410 1542
is_linear=0
shrinkage=0.01


Tree=119
num_leaves=15
num_cat=0
split_feature=23 23 5 5 6 13 15 0 6 0 13 25 2 2
split_gain=1.38151e+06 510424 241771 201355 192281 177753 171236 190487 153098 135870 112417 112116 109136 83149.1
threshold=54.429845561657991 84.371915673754401 27.500000000000004 6.5000000000000009 7.7890305500000006 7.5600062621682733 0.086456621345978008 36.742692288818368 11.200285500000001 34.083213737060554 -7.1999967193629706 25.007862742336766 18.825000000000006 34.025000000000006
decision_type=2 2 2 2 2 2 2 2 2 2 2 2 2 2
left_child=2 3 5 10 -5 11 -4 -8 9 -3 -2 -1 -10 -7
right_child=1 8 6 4 -6 13 7 -9 12 -11 -12 -13 -14 -15
leaf_value=-0.068600051136792226 0.087661981734820246 0.021680093323277451 0.024413933818745712 0.027083707744259004 -0.028819961973283296 -0.055371719308169205 -0.030140609695591507 -0.083877514333795894 -0.091627094670072906 0.14418011579699461 0.033932387549406008 0.0049603501335534744 0.1010750744276175 0.047198879122690496
leaf_weight=2248 4958 1063 2676 15409 10242 10450 12072 14544 599 6108 18147 26458 577 855
leaf_count=2248 4958 1063 2676 15409 10242 10450 12072 14544 599 6108 18147 26458 577 855
internal_value=8.46411e-12 0.03642 -0.0300087 0.0240495 0.00476234 -0.0140274 -0.0518381 -0.0595045 0.108678 0.126021 0.045462 -0.00080025 0.0029215 -0.0476143
internal_weight=126406 57103 69303 48756 25651 40011 29292 26616 8347 7171 23105 28706 1176 11305
internal_count=126406 57103 69303 48756 25651 40011 29292 26616 8347 7171 23105 28706 1176 11305
is_linear=0
shrinkage=0.01


Tree=120
num_leaves=15
num_cat=0
split_feature=25 25 4 7 25 2 15 0 17 2 9 16 44 2
split_gain=1.17243e+06 414231 335748 250118 238545 208517 187049 154864 200539 153017 130606 74644.3 68576.8 38638.2
threshold=56.058178425573871 74.086761171722586 1.0000000180025095e-35 1003.9999500000001 32.770472468666391 17.625000000000004 0.086456621345978008 35.400001525878913 0.010628673178492039 25.525000000000002 -0.5 0.051000000000000031 1.0000000180025095e-35 5.7750000000000012
decision_type=2 2 2 2 2 2 2 2 2 2 2 2 2 2
left_child=2 7 4 5 11 -3 -6 9 -9 -2 -5 -1 13 -4
right_child=1 3 12 10 6 -7 -8 8 -10 -11 -12 -13 -14 -15
leaf_value=0.19897631294701409 0.022581612796768177 -0.035812522516494853 0.14603623553728445 0.16810730162862006 0.060496648502211203 0.087135484947282779 -0.014034330234580205 0.014260749251353604 -0.077498971007913073 0.089596431200128654 0.087491445026001605 -0.056812665776336528 -0.14836415362033531 -0.078530736257742637
leaf_weight=115 19717 2578 78 3088 3603 2967 51474 9264 3206 4119 5755 14358 1763 4321
leaf_count=115 19717 2578 78 3088 3603 2967 51474 9264 3206 4119 5755 14358 1763 4321
internal_value=-2.38457e-11 0.0372189 -0.0249204 0.0826268 -0.0186523 0.0299741 -0.0091587 0.0192238 -0.0093304 0.0341622 0.115643 -0.0547802 -0.095668 -0.0745489
internal_weight=126406 50694 75712 14388 69550 5545 55077 36306 12470 23836 8843 14473 6162 4399
internal_count=126406 50694 75712 14388 69550 5545 55077 36306 12470 23836 8843 14473 6162 4399
is_linear=0
shrinkage=0.01


Tree=121
num_leaves=15
num_cat=0
split_feature=23 23 5 7 17 2 13 15 8 2 6 10 16 17
split_gain=1.33498e+06 504675 253106 250864 196319 194668 193671 158217 153774 137250 116925 106121 86433.5 69533.2
threshold=69.414882349597136 41.271757498943821 10.500000000000002 1003.9001350000001 0.0075727672418126691 15.525000000000002 -6.1491368971168336 0.063427746452943148 0.60355339059327384 6.8250000000000002 7.598170500000001 -0.93301270189221908 0.051000000000000031 0.012359269662975927
decision_type=2 2 2 2 2 2 2 2 2 2 2 2 2 2
left_child=1 7 6 5 -4 -2 -3 12 9 -5 -9 -7 -1 -10
right_child=3 2 4 8 -6 11 -8 10 13 -11 -12 -13 -14 -15
leaf_value=0.25501747537204017 -0.04542649072087402 0.068667660034985978 0.002638637419006014 0.22040319129249283 -0.045852882175049986 -0.03739355008288249 0.008232685826237646 -0.028753387692378896 0.055938054930467267 0.10919574539368827 -0.06713448762003181 0.077654888307987696 0.025139739236225728 -0.18618368280127764
leaf_weight=186 2324 6371 18473 1316 15234 936 31620 13816 3324 7083 18654 5590 1356 123
leaf_count=186 2324 6371 18473 1316 15234 936 31620 13816 3324 7083 18654 5590 1356 123
internal_value=-4.27658e-11 -0.0143793 0.000669753 0.0734461 -0.0192773 0.033166 0.0183675 -0.0461032 0.103539 0.12662 -0.0508033 0.0611539 0.0528682 0.0472984
internal_weight=126406 105710 71698 20696 33707 8850 37991 34012 11846 8399 32470 6526 1542 3447
internal_count=126406 105710 71698 20696 33707 8850 37991 34012 11846 8399 32470 6526 1542 3447
is_linear=0
shrinkage=0.01


Tree=122
num_leaves=15
num_cat=0
split_feature=25 25 4 1 25 5 15 7 44 9 13 44 17 15
split_gain=1.12943e+06 401192 326866 235171 230589 203653 182399 163524 155159 123318 69830.3 67123.9 66264 37272.6
threshold=56.058178425573871 91.861009110043057 1.0000000180025095e-35 -118.21337597412109 32.770472468666391 8.5000000000000018 0.086456621345978008 1004.5003 1.0000000180025095e-35 -0.37940952255126015 6.4800040128523086 1.0000000180025095e-35 0.00748316289466974 0.063427746452943148
decision_type=2 2 2 2 2 2 2 2 2 2 2 2 2 2
left_child=2 3 4 5 12 -2 -6 -5 10 -10 -3 13 -1 -4
right_child=1 8 11 7 6 -7 -8 -9 9 -11 -12 -13 -14 -15
leaf_value=-0.030050367304428924 0.038792941100021537 0.078580425803433843 0.15721791025737059 0.035629926819328417 0.059843414249739997 -0.010223286497038136 -0.013755279251307595 0.11346590460883402 0.26424141833840897 0.12055192316165504 -0.15190698148655718 -0.14639968185019966 -0.073077054363757332 -0.077045037717088483
leaf_weight=6486 16493 2768 69 6860 3603 17439 51474 4450 957 1589 138 1763 7987 4330
leaf_count=6486 16493 2768 69 6860 3603 17439 51474 4450 957 1589 138 1763 7987 4330
internal_value=1.16625e-11 0.0365301 -0.0244592 0.0267643 -0.0182746 0.0136016 -0.00894064 0.066255 0.117569 0.174562 0.067635 -0.0942648 -0.0537949 -0.0733705
internal_weight=126406 50694 75712 45242 69550 33932 55077 11310 5452 2546 2906 6162 14473 4399
internal_count=126406 50694 75712 45242 69550 33932 55077 11310 5452 2546 2906 6162 14473 4399
is_linear=0
shrinkage=0.01


Tree=123
num_leaves=15
num_cat=0
split_feature=23 0 13 7 16 2 1 23 31 7 20 0 6 13
split_gain=1.28967e+06 444293 318021 267378 258394 224540 188470 172584 167653 117862 112391 103865 103056 100920
threshold=65.596453551143057 36.742692288818368 -5.7599991003876534 1003.9001350000001 0.17656991099999994 19.925000000000001 -118.21337597412109 88.084300356875232 43.334283903675541 1007.2001500000001 126.69011725293133 34.083213737060554 8.4002140000000018 9.4169620096129574
decision_type=2 2 2 2 2 2 2 2 2 2 2 2 2 2
left_child=1 6 -3 5 -4 12 8 13 -1 -8 -7 -9 -2 -5
right_child=3 2 4 7 -6 10 9 11 -10 -11 -12 -13 -14 -15
leaf_value=-0.025307748098780926 0.013359457806598616 -0.11993766649380189 0.13470427870260529 0.071996887900488415 -0.034687620900887069 0.058746727080731843 0.028387146198281567 0.023202389920844096 0.013586688837458312 0.12521625780643372 0.24099994649038803 0.16035845407696558 -0.072931554786081002 -0.13353578957884896
leaf_weight=21820 4201 4444 921 9594 40516 6168 7456 642 22521 1512 358 3944 2064 245
leaf_count=21820 4201 4444 921 9594 40516 6168 7456 642 22521 1512 358 3944 2064 245
internal_value=-4.68476e-13 -0.0167314 -0.0395446 0.0609785 -0.0309226 0.0276929 0.00290293 0.0904937 -0.00555308 0.0447125 0.0687447 0.141158 -0.0150691 0.0668789
internal_weight=126406 99190 45881 27216 41437 12791 53309 14425 44341 8968 6526 4586 6265 9839
internal_count=126406 99190 45881 27216 41437 12791 53309 14425 44341 8968 6526 4586 6265 9839
is_linear=0
shrinkage=0.01


Tree=124
num_leaves=15
num_cat=0
split_feature=23 23 4 4 8 8 0 4 8 23 42 42 19 8
split_gain=1.26861e+06 468613 240254 222520 211613 189997 167094 147926 125875 96415.9 66246.3 35516 35337.1 29477.4
threshold=54.429845561657991 84.371915673754401 1.0000000180025095e-35 1.0000000180025095e-35 0.78656609248549325 0.78656609248549325 35.400001525878913 1.0000000180025095e-35 0.78656609248549325 25.312549875604379 1.0000000180025095e-35 1.0000000180025095e-35 0.12212612734153784 0.60355339059327384
decision_type=2 2 2 2 2 2 2 2 2 2 2 2 2 2
left_child=2 3 4 5 6 -2 -1 8 -3 -6 12 -5 -4 -12
right_child=1 7 10 11 9 -7 -8 -9 -10 -11 13 -13 -14 -15
leaf_value=0.01615027864350984 0.037956632614133408 0.13356603588210567 0.035387694075186674 -0.031438336461202004 -0.12902831182606062 -0.012412109513021382 -0.024806765643238343 -0.088357901673011108 0.035210437642328521 -0.047887087569643889 -0.10245114461402409 -0.11041050410391894 -0.067546746284891934 -0.17215126960381757
leaf_weight=13812 37086 6328 389 1075 1666 9384 35726 381 1638 12103 2464 1211 2338 805
leaf_count=13812 37086 6328 389 1075 1666 9384 35726 381 1638 12103 2464 1211 2338 805
internal_value=-4.81028e-12 0.0349 -0.0287563 0.023047 -0.0230262 0.0277853 -0.0133873 0.104135 0.113342 -0.0577049 -0.0892561 -0.0732735 -0.0528634 -0.119615
internal_weight=126406 57103 69303 48756 63307 46470 49538 8347 7966 13769 5996 2286 2727 3269
internal_count=126406 57103 69303 48756 63307 46470 49538 8347 7966 13769 5996 2286 2727 3269
is_linear=0
shrinkage=0.01


Tree=125
num_leaves=15
num_cat=0
split_feature=25 25 4 8 0 4 8 8 1 25 42 4 16 8
split_gain=1.06721e+06 381241 312405 235903 215896 193678 174949 149885 162782 86240.9 58675.7 42336.8 32517 28907.9
threshold=56.058178425573871 74.086761171722586 1.0000000180025095e-35 0.78656609248549325 35.400001525878913 1.0000000180025095e-35 0.78656609248549325 0.78656609248549325 -118.21337597412109 23.938817302727319 1.0000000180025095e-35 1.0000000180025095e-35 0.64399999999999979 0.60355339059327384
decision_type=2 2 2 2 2 2 2 2 2 2 2 2 2 2
left_child=2 7 3 4 -1 6 -3 8 -2 -5 12 -9 -4 -12
right_child=1 5 10 9 -6 -7 -8 11 -10 -11 13 -13 -14 -15
leaf_value=0.022849887335023682 0.015945399041809517 0.10643512400466344 0.070081101538532448 -0.13957070462256593 -0.020874759267278522 -0.075754674979601228 0.018977157697728494 -0.016327013688464266 0.073177560558039131 -0.046561240961108002 -0.10402298680969295 -0.13282283966846628 -0.067413976694346206 -0.17328388790549246
leaf_weight=15892 22346 10715 184 1076 39018 765 2908 7243 6391 13564 2551 326 2638 789
leaf_count=15892 22346 10715 184 1076 39018 765 2908 7243 6391 13564 2551 326 2638 789
internal_value=-2.41743e-12 0.0355096 -0.0237759 -0.0177296 -0.00822001 0.0790718 0.0877661 0.0182459 0.0286736 -0.0533972 -0.0920199 -0.0213445 -0.058449 -0.120384
internal_weight=126406 50694 75712 69550 54910 14388 13623 36306 28737 14640 6162 7569 2822 3340
internal_count=126406 50694 75712 69550 54910 14388 13623 36306 28737 14640 6162 7569 2822 3340
is_linear=0
shrinkage=0.01


Tree=126
num_leaves=15
num_cat=0
split_feature=23 0 10 2 7 1 31 2 7 9 6 7 10 14
split_gain=1.22516e+06 472630 420139 247815 237820 196815 191254 187081 184758 141446 151106 119816 103593 97060.8
threshold=69.414882349597136 36.742692288818368 1.0000000180025095e-35 9.1250000000000018 1003.9001350000001 -118.21337597412109 45.000105618926916 15.525000000000002 1006.5004000000001 -0.70710678118654757 10.800749500000002 1006.7002200000001 -0.93301270189221908 6.1548938593388476
decision_type=2 2 2 2 2 2 2 2 2 2 2 2 2 2
left_child=1 5 3 -3 7 6 -1 -2 -4 10 -6 -7 -9 -11
right_child=4 2 8 -5 9 11 -8 12 -10 13 -12 -13 -14 -15
leaf_value=-0.023112815585416471 -0.045904455888475762 0.085391525037824184 -0.097249610766539651 -0.01954486511577113 0.17192371999099376 0.02750000397668639 0.016911438782803684 -0.038788243904229733 -0.039800747625872684 0.089350314743579615 -0.11293962712540773 0.11161371718733777 0.074881738899865796 -0.022923131115325492
leaf_weight=24138 2324 2500 11258 22548 3128 8386 23623 936 11135 7664 198 2122 5590 856
leaf_count=24138 2324 2500 11258 22548 3128 8386 23623 936 11135 7664 198 2122 5590 856
internal_value=-1.01426e-11 -0.0137752 -0.0372091 -0.00907134 0.0703602 0.00530404 -0.00331648 0.0311414 -0.068683 0.0996601 0.154966 0.044486 0.0585785 0.0780703
internal_weight=126406 105710 47441 25048 20696 58269 47761 8850 22393 11846 3326 10508 6526 8520
internal_count=126406 105710 47441 25048 20696 58269 47761 8850 22393 11846 3326 10508 6526 8520
is_linear=0
shrinkage=0.01


Tree=127
num_leaves=15
num_cat=0
split_feature=25 25 4 8 15 1 8 31 0 9 8 25 2 0
split_gain=1.02754e+06 372379 305186 231231 221136 220510 239890 196356 150158 120202 85451 84022.9 40501.4 31455.2
threshold=56.058178425573871 91.861009110043057 1.0000000180025095e-35 0.78656609248549325 0.063427746452943148 -118.21337597412109 0.37940952255126054 26.677052527812993 36.742692288818368 -0.37940952255126015 0.25881904510252091 23.938817302727319 7.2250000000000005 36.742692288818368
decision_type=2 2 2 2 2 2 2 2 2 2 2 2 2 2
left_child=2 5 3 4 -1 7 -7 -2 10 -10 -3 -5 -4 -14
right_child=1 8 12 11 -6 6 -8 -9 9 -11 -12 -13 13 -15
leaf_value=0.091689882977130072 -0.068750214597203971 0.11107337354693105 0.0099322343165675793 -0.13772458373226198 -0.01198111365625882 0.09939411503414379 0.0042938757825403528 0.019794584178590029 0.25752412117079543 0.11566176388170946 0.0015993614322821279 -0.045918945797131204 -0.072429785875225652 -0.1191562608180943
leaf_weight=2141 2723 1651 375 1076 52769 7062 4248 31209 957 1589 1255 13564 2706 3081
leaf_count=2141 2723 1651 375 1076 52769 7062 4248 31209 957 1589 1255 13564 2706 3081
internal_value=6.46556e-12 0.0348434 -0.0233299 -0.0173538 -0.00793887 0.0254349 0.0636748 0.012689 0.112918 0.168986 0.0637954 -0.0526664 -0.0907807 -0.097307
internal_weight=126406 50694 75712 69550 54910 45242 11310 33932 5452 2546 2906 14640 6162 5787
internal_count=126406 50694 75712 69550 54910 45242 11310 33932 5452 2546 2906 14640 6162 5787
is_linear=0
shrinkage=0.01


Tree=128
num_leaves=15
num_cat=0
split_feature=23 23 5 5 17 13 15 0 17 0 8 1 2 2
split_gain=1.18489e+06 438803 225642 192072 182381 166560 159296 173194 148577 123922 116491 107096 105555 80262.7
threshold=54.429845561657991 84.371915673754401 27.500000000000004 6.5000000000000009 0.0075727672418126691 7.5600062621682733 0.086456621345978008 36.742692288818368 0.011755284112559288 34.083213737060554 0.78656609248549325 -119.7866065258789 19.025000000000002 34.025000000000006
decision_type=2 2 2 2 2 2 2 2 2 2 2 2 2 2
left_child=2 3 5 11 -5 10 -4 -8 9 -3 -1 -2 -10 -7
right_child=1 8 6 4 -6 13 7 -9 12 -11 -12 -13 -14 -15
leaf_value=0.011079265306112147 -0.0050885357524321755 0.017685466960396159 0.024665550466222996 0.025822406418406118 -0.028318714506368216 -0.052486160677052814 -0.028274922707633092 -0.079514659776647414 -0.11227434497951083 0.13360808217463258 -0.037732713150142976 0.0527766027804333 0.091006695003791244 0.048288387153232311
leaf_weight=22456 3835 1082 2676 15038 10613 10450 12072 14544 519 6243 6250 19270 503 855
leaf_count=22456 3835 1082 2676 15038 10613 10450 12072 14544 519 6243 6250 19270 503 855
internal_value=-2.18488e-11 0.0337288 -0.0277913 0.022259 0.00342173 -0.0123523 -0.0488799 -0.0562743 0.100726 0.116485 0.000451701 0.0431721 -0.0122251 -0.0448646
internal_weight=126406 57103 69303 48756 25651 40011 29292 26616 8347 7325 28706 23105 1022 11305
internal_count=126406 57103 69303 48756 25651 40011 29292 26616 8347 7325 28706 23105 1022 11305
is_linear=0
shrinkage=0.01


Tree=129
num_leaves=15
num_cat=0
split_feature=23 23 1 8 6 17 46 31 2 23 8 23 19 1
split_gain=1.16412e+06 446001 224095 220741 217661 199985 188654 174705 147105 132894 106700 101116 74410 43216.7
threshold=69.104468854152017 41.050368492700564 -118.99998249999999 0.60355339059327384 10.7017845 0.0054789741426296739 1.0000000180025095e-35 40.007710181664557 5.7750000000000012 115.34937668610237 0.60355339059327384 99.973419590559487 0.014118626289191695 -118.99998249999999
decision_type=2 2 2 2 2 2 2 2 2 2 2 2 2 2
left_child=1 8 4 -4 -3 6 9 13 12 -2 -10 -9 -1 -7
right_child=5 2 3 -5 -6 7 -8 11 10 -11 -12 -13 -14 -15
leaf_value=0.3023482489764977 0.11495246671784122 -0.0011275307593604726 0.035497475549606375 -0.019692782423220225 -0.054434895218562936 -0.10968312364086046 0.028074273368437552 0.046908234872765964 -0.037036966556992505 0.2560351097528929 -0.077421785685484315 0.13302892366208766 0.027108667226617828 -0.0087053084649338693
leaf_weight=104 5831 26510 24037 10375 10772 516 2434 7629 22402 754 9241 1660 1768 2373
leaf_count=104 5831 26510 24037 10375 10772 516 2434 7629 22402 754 9241 1660 1768 2373
internal_value=1.22027e-11 -0.0136215 0.00045578 0.018858 -0.0165298 0.067609 0.103301 0.0411756 -0.0437352 0.131107 -0.0488309 0.0622985 0.0423998 -0.0267408
internal_weight=126406 105209 71694 34412 37282 21197 9019 12178 33515 6585 31643 9289 1872 2889
internal_count=126406 105209 71694 34412 37282 21197 9019 12178 33515 6585 31643 9289 1872 2889
is_linear=0
shrinkage=0.01


Tree=130
num_leaves=15
num_cat=0
split_feature=23 23 4 8 4 2 8 6 8 23 44 6 47 44
split_gain=1.14153e+06 423149 222735 194811 186339 180276 171939 177078 136141 90840 67109.2 42554.5 38947 24834.6
threshold=54.429845561657991 76.18367119595537 1.0000000180025095e-35 0.78656609248549325 1.0000000180025095e-35 7.2250000000000005 0.78656609248549325 8.9029540000000029 0.78656609248549325 25.312549875604379 1.0000000180025095e-35 12.501600000000002 1.0000000180025095e-35 1.0000000180025095e-35
decision_type=2 2 2 2 2 2 2 2 2 2 2 2 2 2
left_child=2 4 3 5 8 -1 7 -3 -2 -5 12 -8 -4 -6
right_child=1 6 10 9 13 -7 11 -9 -10 -11 -12 -13 -14 -15
leaf_value=0.054002969739993162 0.031799752276239969 0.12576901814661759 -0.073843833733907918 -0.12426459155908014 -0.058560001361255123 -0.017983563196385 0.023103295200786859 0.033952385880418608 -0.013149301154703455 -0.045504595170306257 -0.13776799641835819 -0.12086926513592645 0.029944356453597998 -0.14948081526037765
leaf_weight=3765 33326 7696 3853 1666 1698 45773 2459 2889 8446 12103 1744 224 399 365
leaf_count=3765 33326 7696 3853 1666 1698 45773 2459 2889 8446 12103 1744 224 399 365
internal_value=-7.11548e-14 0.0331059 -0.027278 -0.0217607 0.0181294 -0.0125124 0.0825854 0.100709 0.0227114 -0.0550343 -0.0855303 0.0110832 -0.0641045 -0.0746463
internal_weight=126406 57103 69303 63307 43835 49538 13268 10585 41772 13769 5996 2683 4252 2063
internal_count=126406 57103 69303 63307 43835 49538 13268 10585 41772 13769 5996 2683 4252 2063
is_linear=0
shrinkage=0.01


Tree=131
num_leaves=15
num_cat=0
split_feature=23 0 10 15 17 1 31 0 31 17 8 9 23 31
split_gain=1.12112e+06 443540 404847 258776 194438 186103 182552 179410 172297 140850 138670 130940 96576.9 42139.7
threshold=69.414882349597136 36.742692288818368 1.0000000180025095e-35 0.094594992829323502 0.0054789741426296739 -118.21337597412109 45.000105618926916 34.083213737060554 40.007710181664557 0.0075368008358445123 0.37940952255126054 -0.5 99.973419590559487 20.595238095238102
decision_type=2 2 2 2 2 2 2 2 2 2 2 2 2 2
left_child=1 5 3 -3 7 6 -1 -2 13 -4 -7 -9 -10 -6
right_child=4 2 9 -5 8 10 -8 11 12 -11 -12 -13 -14 -15
leaf_value=-0.022417987354930502 0.027970912082647296 0.11059766189031002 -0.035548704544302576 -0.016949921368270102 -0.094407157177620743 0.071972320437916015 0.016685201719820394 0.18333972800270995 0.046635179681402121 -0.086917762248969702 -0.0027904686630763819 0.092111753501321766 0.13104024510572562 -0.0051023031110027893
leaf_weight=24138 2349 1707 8781 23341 705 6493 23623 2690 7393 13612 4015 3790 1660 2109
leaf_count=24138 2349 1707 8781 23341 705 6493 23623 2690 7393 13612 4015 3790 1660 2109
internal_value=-2.5056e-14 -0.0131773 -0.0358786 -0.00825766 0.0673064 0.00530542 -0.00307721 0.102842 0.0408682 -0.0667743 0.0434062 0.129983 0.0621121 -0.0274761
internal_weight=126406 105710 47441 25048 20696 58269 47761 8829 11867 22393 10508 6480 9053 2814
internal_count=126406 105710 47441 25048 20696 58269 47761 8829 11867 22393 10508 6480 9053 2814
is_linear=0
shrinkage=0.01


Tree=132
num_leaves=15
num_cat=0
split_feature=23 23 5 4 13 25 17 17 13 0 0 11 9 42
split_gain=1.10099e+06 407535 219533 207537 176606 161694 152058 141680 131813 119210 108403 97165.6 79730.8 33837.4
threshold=54.429845561657991 84.371915673754401 27.500000000000004 1.0000000180025095e-35 10.080000457801752 26.021235272027418 0.0075368008358445123 0.011755284112559288 8.6602540378443873 34.083213737060554 36.742692288818368 0.6830127018922193 0.60355339059327384 1.0000000180025095e-35
decision_type=2 2 2 2 2 2 2 2 2 2 2 2 2 2
left_child=2 3 5 4 -2 -1 11 9 -7 -3 -8 -4 -9 -5
right_child=1 7 6 13 -6 8 10 12 -10 -11 -12 -13 -14 -15
leaf_value=-0.071937132805087595 0.030246594046384731 0.015564937084090735 -0.045877756726163767 -0.030727438239025517 -0.064205676464821879 0.0049902390067358424 -0.038365550804191087 -0.10435553516477647 -0.041992535982378336 0.12926203018246957 -0.092817939252445608 0.0071694330767999616 0.072382722257776089 -0.10781078961351001
leaf_weight=3993 44398 1082 8475 1075 2072 28461 6324 495 7557 6243 8666 5827 527 1211
leaf_count=3993 44398 1082 8475 1075 2072 28461 6324 495 7557 6243 8666 5827 527 1211
internal_value=-2.50913e-12 0.0325128 -0.0267893 0.0214592 0.0260352 -0.0115607 -0.0475905 0.0970784 -0.0048673 0.112467 -0.0698455 -0.024265 -0.0132195 -0.0715621
internal_weight=126406 57103 69303 48756 46470 40011 29292 8347 36018 7325 14990 14302 1022 2286
internal_count=126406 57103 69303 48756 46470 40011 29292 8347 36018 7325 14990 14302 1022 2286
is_linear=0
shrinkage=0.01


Tree=133
num_leaves=15
num_cat=0
split_feature=23 0 10 23 15 47 4 7 13 4 0 17 7 3
split_gain=1.08223e+06 342794 330398 251688 205218 158022 157719 150100 140299 125087 120967 117526 104122 69094.9
threshold=63.292963432380432 36.742692288818368 1.0000000180025095e-35 93.096729953103093 0.088465452531560476 1.0000000180025095e-35 1.0000000180025095e-35 1006.5004000000001 9.4169620096129574 1.0000000180025095e-35 34.083213737060554 0.0081205058601405509 1007.2001500000001 27.853957500000003
decision_type=2 2 2 2 2 2 2 2 2 2 2 2 2 2
left_child=1 5 4 6 -3 9 8 -4 -2 -1 13 -12 -7 -5
right_child=3 2 7 10 -6 12 -8 -9 -10 -11 11 -13 -14 -15
leaf_value=-0.0019398020587874426 0.047218983049424949 0.10977755893294507 -0.090984767882637846 -0.24965087835192681 -0.018110481063808075 0.025592630201107518 -0.073495014849943516 -0.038490425076171612 -0.081135457322643462 -0.069497433537787798 0.16448691588426848 0.054807394914784056 0.12211942856149642 0.032447956159519391
leaf_weight=38632 24702 1332 11026 100 21633 6512 1222 10765 882 2950 3244 1398 1349 659
leaf_count=38632 24702 1332 11026 100 21633 6512 1222 10765 882 2950 3244 1398 1349 659
internal_value=-2.98328e-11 -0.0171092 -0.0371594 0.0500408 -0.0106928 0.00104044 0.0374928 -0.065052 0.042794 -0.00673262 0.112319 0.131455 0.0421573 -0.00471922
internal_weight=126406 94199 44756 32207 22965 49443 26806 21791 25584 41582 5401 4642 7861 759
internal_count=126406 94199 44756 32207 22965 49443 26806 21791 25584 41582 5401 4642 7861 759
is_linear=0
shrinkage=0.01


Tree=134
num_leaves=15
num_cat=0
split_feature=25 25 4 8 15 8 47 0 9 8 25 42 4 15
split_gain=899435 330532 283543 216888 209306 207588 247775 142234 116610 83792.4 78673.7 56248.5 49098.5 31426.8
threshold=56.058178425573871 91.861009110043057 1.0000000180025095e-35 0.78656609248549325 0.063427746452943148 0.78656609248549325 1.0000000180025095e-35 36.742692288818368 -0.37940952255126015 0.25881904510252091 23.938817302727319 1.0000000180025095e-35 1.0000000180025095e-35 0.059999999350877208
decision_type=2 2 2 2 2 2 2 2 2 2 2 2 2 2
left_child=2 5 3 4 -1 6 -2 9 -9 -3 -5 13 -7 -4
right_child=1 7 11 10 -6 12 -8 8 -10 -11 -12 -13 -14 -15
leaf_value=0.089978718606429905 0.019530829579100888 0.10516401588524169 0.17439517211105865 -0.13257283997784289 -0.010881268697044958 -0.01324893432455959 0.080266968509067491 0.24792994072623825 0.10820311843865371 -0.0032423428690331836 -0.043737610930383412 -0.11461389705089645 -0.12502313190018599 -0.058849622045332763
leaf_weight=2141 26910 1651 59 1076 52769 8970 8951 957 1589 1255 13564 3340 411 2763
leaf_count=2141 26910 1651 59 1076 52769 8970 8951 957 1589 1255 13564 3340 411 2763
internal_value=6.92487e-12 0.0325991 -0.0218271 -0.0160669 -0.00694863 0.023735 0.0346907 0.106156 0.160724 0.0583471 -0.0502668 -0.0868424 -0.018146 -0.0539731
internal_weight=126406 50694 75712 69550 54910 45242 35861 5452 2546 2906 14640 6162 9381 2822
internal_count=126406 50694 75712 69550 54910 45242 35861 5452 2546 2906 14640 6162 9381 2822
is_linear=0
shrinkage=0.01


Tree=135
num_leaves=15
num_cat=0
split_feature=23 0 15 14 7 2 47 2 15 1 7 20 23 11
split_gain=1.04706e+06 417051 243641 262169 223609 183669 175130 170878 134724 120324 116301 89347.7 86072.5 58823
threshold=69.414882349597136 36.742692288818368 0.063427746452943148 7.1992299054654554 1003.9001350000001 20.375000000000004 1.0000000180025095e-35 20.525000000000002 0.084043854175721647 -118.21337597412109 1006.7002200000001 136.58040201005028 11.396604938271606 0.93301270189221952
decision_type=2 2 2 2 2 2 2 2 2 2 2 2 2 2
left_child=1 6 12 -4 5 13 7 -1 -6 -10 -8 -7 -3 -2
right_child=4 2 3 -5 8 11 10 -9 9 -11 -12 -13 -14 -15
leaf_value=-0.015944957995631691 -0.0061924499798291311 -0.20857949337009157 -0.032452235855677566 -0.12226262506454964 0.16894169463903985 0.062327695575399779 0.025413223772975838 0.024575451357588238 0.050122884024711441 0.12149544339346775 0.10828398165655122 0.24687036617238114 0.091336349541289427 -0.13881264780773769
leaf_weight=32437 4252 101 41997 3523 1971 3954 8386 15324 5964 3911 2122 281 1820 363
leaf_count=32437 4252 101 41997 3523 1971 3954 8386 15324 5964 3911 2122 281 1820 363
internal_value=2.85815e-13 -0.0127347 -0.0347476 -0.0394031 0.0650454 0.0270164 0.00518769 -0.00294408 0.0934565 0.07839 0.0421483 0.0745724 0.0755677 -0.0166239
internal_weight=126406 105710 47441 45520 20696 8850 58269 47761 11846 9875 10508 4235 1921 4615
internal_count=126406 105710 47441 45520 20696 8850 58269 47761 11846 9875 10508 4235 1921 4615
is_linear=0
shrinkage=0.01


Tree=136
num_leaves=15
num_cat=0
split_feature=25 25 4 7 5 8 15 8 0 2 25 44 5 2
split_gain=867256 367094 249081 219590 195212 189502 186786 159533 166200 116694 71287.4 53509.3 48108.8 35625.5
threshold=53.103752992536265 74.086761171722586 1.0000000180025095e-35 1003.9999500000001 6.5000000000000009 0.78656609248549325 0.063427746452943148 0.78656609248549325 35.400001525878913 6.8250000000000002 23.938817302727319 1.0000000180025095e-35 2.5000000000000004 5.7750000000000012
decision_type=2 2 2 2 2 2 2 2 2 2 2 2 2 2
left_child=2 7 5 4 -3 6 -1 8 -2 -5 -7 13 -9 -4
right_child=1 3 11 9 -6 10 -8 12 -10 -11 -12 -13 -14 -15
leaf_value=0.085580354771080586 0.040406393965014671 0.090797168326971087 0.14782485629717509 0.18690535024631491 -0.029077949405305375 -0.13090430968534547 -0.013844446727808548 0.00027811251396437958 -0.0038314475259488851 0.086983641188703373 -0.04587324833439306 -0.13508566298638061 -0.044941408883109255 -0.072213089656839188
leaf_weight=1970 22021 2380 75 1386 3165 1076 46262 4589 13824 7457 11782 1702 4828 3889
leaf_count=1970 22021 2380 75 1386 3165 1076 46262 4589 13824 7457 11782 1702 4828 3889
internal_value=8.73119e-12 0.0277096 -0.02476 0.0717093 0.0223743 -0.0188772 -0.00978352 0.0137228 0.0233456 0.102645 -0.0529889 -0.0881867 -0.0229055 -0.0680499
internal_weight=126406 59650 66756 14388 5545 61090 48232 45262 35845 8843 12858 5666 9417 3964
internal_count=126406 59650 66756 14388 5545 61090 48232 45262 35845 8843 12858 5666 9417 3964
is_linear=0
shrinkage=0.01


Tree=137
num_leaves=15
num_cat=0
split_feature=25 0 10 4 8 25 42 1 17 4 11 36 42 9
split_gain=850560 384725 322638 237544 211942 207607 206209 183705 134703 126752 119490 96107.2 25793.3 18842
threshold=64.535511430314997 36.742692288818368 1.0000000180025095e-35 1.0000000180025095e-35 0.60355339059327384 91.861009110043057 1.0000000180025095e-35 -118.21337597412109 0.0075368008358445123 1.0000000180025095e-35 -0.5 60.694761301225192 1.0000000180025095e-35 -0.70710678118654757
decision_type=2 2 2 2 2 2 2 2 2 2 2 2 2 2
left_child=1 7 6 4 5 -2 -3 9 -4 -1 -9 -6 -5 -14
right_child=3 2 8 12 11 -7 -8 10 -10 -11 -12 -13 13 -15
leaf_value=0.0010902381217779567 0.057239854844585762 -0.048557780470457827 -0.031895824659463543 -0.037102387071865833 -0.022929592574455437 0.14211121502878182 0.012687955129196694 0.0046436528323011237 -0.082386396064210637 -0.066152623560601781 0.081043687926338648 0.047374740200757978 -0.041413547309433543 -0.15641741696210695
leaf_weight=40811 15529 8616 8713 792 4020 3539 15188 3631 13426 3010 4693 3766 205 467
leaf_count=40811 15529 8616 8713 792 4020 3539 15188 3631 13426 3010 4693 3766 205 467
internal_value=-1.63746e-11 -0.0139377 -0.0350368 0.0482776 0.0550401 0.0729919 -0.0094803 0.0046519 -0.0625154 -0.00352858 0.0477173 0.0110758 -0.0757663 -0.121334
internal_weight=126406 98088 45943 28318 26854 19068 23804 52145 22139 43821 8324 7786 1464 672
internal_count=126406 98088 45943 28318 26854 19068 23804 52145 22139 43821 8324 7786 1464 672
is_linear=0
shrinkage=0.01


Tree=138
num_leaves=15
num_cat=0
split_feature=23 23 5 4 1 25 15 0 4 13 8 18 42 11
split_gain=997189 367127 208924 194361 170029 153892 146828 153023 132396 125840 113946 75928.1 31688.6 25778.6
threshold=54.429845561657991 84.371915673754401 27.500000000000004 1.0000000180025095e-35 -119.7866065258789 26.021235272027418 0.086456621345978008 36.742692288818368 1.0000000180025095e-35 8.000189336657936 0.78656609248549325 0.37800000000000028 1.0000000180025095e-35 0.6830127018922193
decision_type=2 2 2 2 2 2 2 2 2 2 2 2 2 2
left_child=2 3 5 4 -2 13 11 -8 10 -7 -3 -4 -5 -1
right_child=1 8 6 12 -6 9 7 -9 -10 -11 -12 -13 -14 -15
leaf_value=-0.080465707098529043 -0.017457353881832244 0.12017546510166847 0.095292006206200028 -0.03005227051013255 0.033521661262270144 0.0065430062569908996 -0.026568296136631902 -0.074731743302391185 -0.089885120965647977 -0.036908007301485489 0.026596429721089547 -0.015441914448422706 -0.10464790923528612 -0.010446040549257211
leaf_weight=3370 7878 6328 973 1075 38592 27188 12072 14544 381 8830 1638 1703 1211 623
leaf_count=3370 7878 6328 973 1075 38592 27188 12072 14544 381 8830 1638 1703 1211 623
internal_value=1.79502e-11 0.0309422 -0.0254952 0.0204509 0.0248793 -0.0106392 -0.0457876 -0.0528866 0.0922234 -0.00410924 0.100933 0.0248212 -0.069569 -0.069541
internal_weight=126406 57103 69303 48756 46470 40011 29292 26616 8347 36018 7966 2676 2286 3993
internal_count=126406 57103 69303 48756 46470 40011 29292 26616 8347 36018 7966 2676 2286 3993
is_linear=0
shrinkage=0.01


Tree=139
num_leaves=15
num_cat=0
split_feature=25 25 4 7 2 25 15 1 31 9 11 2 43 2
split_gain=819475 347859 239635 213965 186182 177856 166983 155110 140926 114399 64938.6 62114.4 47183.8 30666.4
threshold=53.103752992536265 74.086761171722586 1.0000000180025095e-35 1003.9999500000001 17.625000000000004 26.500111486645078 0.086456621345978008 -119.7866065258789 44.337135614702156 -0.5 0.6830127018922193 10.575000000000001 1.0000000180025095e-35 4.9250000000000016
decision_type=2 2 2 2 2 2 2 2 2 2 2 2 2 2
left_child=2 7 5 4 -3 10 -7 11 -9 -5 -1 -2 -4 -14
right_child=1 3 12 9 -6 6 -8 8 -10 -11 -12 -13 13 -15
leaf_value=-0.080821799257066687 0.024441167906201922 -0.041095633766087547 -0.1126758198745766 0.14940511920506261 0.075081271282037801 0.051310130132045266 -0.016894661301780755 -0.0034898803061770957 0.03724639259077394 0.073956795771152745 -0.010609954442079069 -0.039286603982806735 0.19051288283169271 -0.059575990706075561
leaf_weight=5637 1983 2578 3085 3088 2967 3868 49866 13398 23194 5755 1719 6687 50 2531
leaf_count=5637 1983 2578 3085 3088 2967 3868 49866 13398 23194 5755 1719 6687 50 2531
internal_value=3.76439e-12 0.0269354 -0.0240682 0.0697669 0.0210679 -0.0182981 -0.011985 0.0133201 0.022331 0.100304 -0.0644142 -0.0247108 -0.0862806 -0.0547312
internal_weight=126406 59650 66756 14388 5545 61090 53734 45262 36592 8843 7356 8670 5666 2581
internal_count=126406 59650 66756 14388 5545 61090 53734 45262 36592 8843 7356 8670 5666 2581
is_linear=0
shrinkage=0.01


Tree=140
num_leaves=15
num_cat=0
split_feature=25 25 4 7 5 8 15 8 47 2 25 5 42 2
split_gain=803168 340936 234867 209707 188674 185657 180121 155289 159381 113276 67767.6 46785.8 46244.9 30224.8
threshold=53.103752992536265 74.086761171722586 1.0000000180025095e-35 1003.9999500000001 6.5000000000000009 0.78656609248549325 0.063427746452943148 0.78656609248549325 1.0000000180025095e-35 6.8250000000000002 23.938817302727319 2.5000000000000004 1.0000000180025095e-35 7.2250000000000005
decision_type=2 2 2 2 2 2 2 2 2 2 2 2 2 2
left_child=2 7 5 4 -3 6 -1 8 -2 -5 -7 -9 13 -4
right_child=1 3 12 9 -6 10 -8 11 -10 -11 -12 -13 -14 -15
leaf_value=0.084532775465488846 0.012160533566491634 0.088124412204772865 0.084564440443205685 0.1823178321062883 -0.029725980818183364 -0.12784649502419587 -0.013101975467393525 -8.8316512986770846e-05 0.064945835228914547 0.083870458397836758 -0.044941216480590657 -0.044681738920722677 -0.11154906183824613 -0.062623967778345696
leaf_weight=1970 28701 2380 148 1386 3165 1076 46262 4589 7144 7457 11782 4828 3085 2433
leaf_count=1970 28701 2380 148 1386 3165 1076 46262 4589 7144 7457 11782 4828 3085 2433
internal_value=1.02343e-11 0.0266661 -0.0238275 0.0690692 0.0208572 -0.0181151 -0.00911416 0.0131869 0.0226808 0.0993005 -0.051879 -0.0229509 -0.0854178 -0.0541839
internal_weight=126406 59650 66756 14388 5545 61090 48232 45262 35845 8843 12858 9417 5666 2581
internal_count=126406 59650 66756 14388 5545 61090 48232 45262 35845 8843 12858 9417 5666 2581
is_linear=0
shrinkage=0.01


Tree=141
num_leaves=15
num_cat=0
split_feature=23 23 5 4 13 13 17 17 8 8 8 2 1 42
split_gain=944836 348982 202337 188854 166310 148520 141334 136008 117872 109446 104655 76967.9 70376.4 30818.2
threshold=54.429845561657991 84.371915673754401 27.500000000000004 1.0000000180025095e-35 10.080000457801752 7.5600062621682733 0.0073757442278358743 0.015882416233083056 0.37940952255126054 0.78656609248549325 0.78656609248549325 34.025000000000006 -118.21337597412109 1.0000000180025095e-35
decision_type=2 2 2 2 2 2 2 2 2 2 2 2 2 2
left_child=2 3 5 4 -2 10 8 9 -4 -3 -1 -7 -8 -5
right_child=1 7 6 13 -6 11 12 -9 -10 -11 -12 -13 -14 -15
leaf_value=0.011966969908383352 0.028342245930623351 0.11715840958084435 -0.00079028857912179381 -0.029874922134961155 -0.063315399258548538 -0.04836159018642084 -0.071061132250815076 -0.10337212384430249 -0.061975855984664437 0.025740919873869103 -0.03429888778000921 0.050322895143061271 0.020903831228338571 -0.10343892738332282
leaf_weight=22456 44398 6348 9177 1075 2072 10450 14439 349 4793 1650 6250 855 883 1211
leaf_count=22456 44398 6348 9177 1075 2072 10450 14439 349 4793 1650 6250 855 883 1211
internal_value=-2.26205e-12 0.030119 -0.0248169 0.0198903 0.0242554 -0.010197 -0.0447868 0.0898667 -0.0217826 0.0982988 0.00189376 -0.0408981 -0.0657612 -0.0688452
internal_weight=126406 57103 69303 48756 46470 40011 29292 8347 13970 7998 28706 11305 15322 2286
internal_count=126406 57103 69303 48756 46470 40011 29292 8347 13970 7998 28706 11305 15322 2286
is_linear=0
shrinkage=0.01


Tree=142
num_leaves=15
num_cat=0
split_feature=23 0 6 8 16 2 7 2 8 12 0 10 6 4
split_gain=929063 380538 350306 266086 218973 216327 206264 174786 135038 124901 117515 95446.6 87438.1 84692.9
threshold=69.414882349597136 35.400001525878913 10.7017845 0.37940952255126054 0.35014439250000023 27.025000000000002 1003.9001350000001 20.375000000000004 0.60355339059327384 1.0000000180025095e-35 34.083213737060554 -0.93301270189221908 11.001790500000002 1.0000000180025095e-35
decision_type=2 2 2 2 2 2 2 2 2 2 2 2 2 2
left_child=1 3 4 10 -3 -4 7 12 9 -8 -1 -9 -2 -5
right_child=6 2 5 13 -6 -7 8 11 -10 -11 -12 -13 -14 -15
leaf_value=0.019079971476249086 0.0035100827526398262 0.076976687353633055 -0.079354559792724613 -0.014707229658465649 -0.017022778122989479 -0.0015771387686289635 0.084178784071778076 -0.039649322506882349 0.035854795367037111 0.16736438000255696 0.068336817434328831 0.091481296831378567 -0.10662802033926416 -0.11373048551266761
leaf_weight=19066 3721 2637 15675 15133 41157 4633 5773 657 3447 2626 6493 3578 894 916
leaf_count=19066 3721 2637 15675 15133 41157 4633 5773 657 3447 2626 6493 3578 894 916
internal_value=1.71821e-11 -0.0119957 -0.0272817 0.0115542 -0.0113627 -0.0616107 0.0612708 0.0247464 0.0885577 0.110187 0.0315932 0.0711382 -0.0178254 -0.020359
internal_weight=126406 105710 64102 41608 43794 20308 20696 8850 11846 8399 25559 4235 4615 16049
internal_count=126406 105710 64102 41608 43794 20308 20696 8850 11846 8399 25559 4235 4615 16049
is_linear=0
shrinkage=0.01


Tree=143
num_leaves=15
num_cat=0
split_feature=20 15 47 5 14 3 13 15 3 17 10 17 15 20
split_gain=753285 297364 285544 270970 259505 213511 192608 179166 115648 96539.6 91234.2 65764.6 45890.9 45082.5
threshold=56.045944233206605 0.084043854175721647 1.0000000180025095e-35 9.5000000000000018 7.1992299054654554 70.927510000000026 2.5200024509007526 0.086456621345978008 54.001220000000011 0.014850907113320105 -1.0000000180025095e-35 0.0059535722214857324 0.052876765647565632 145.69095477386938
decision_type=2 2 2 2 2 2 2 2 2 2 2 2 2 2
left_child=3 10 4 6 -3 -4 12 11 -9 -8 13 -5 -1 -2
right_child=1 2 5 7 -6 -7 9 8 -10 -11 -12 -13 -14 -15
leaf_value=0.1303386337457004 0.16471313400392293 0.015726429476476518 0.10734154616124274 0.078397396507376108 -0.085840885005343287 0.024292283016944687 -0.010511087485622029 -0.017820143012080118 -0.059755515736087651 -0.064211248516703012 0.067587373182197 -0.0093258812523722718 0.022911497640638524 0.52252737608013877
leaf_weight=409 1609 36461 5899 1462 2702 6514 16483 9141 23438 4201 1668 2057 14326 36
leaf_count=409 1609 36461 5899 1462 2702 6514 16483 9141 23438 4201 1668 2057 14326 36
internal_value=5.80924e-13 0.0278649 0.0219658 -0.0213862 0.00871893 0.0637596 -0.00173543 -0.0406674 -0.0479893 -0.0214178 0.119701 0.0271195 0.0258934 0.172544
internal_weight=126406 54889 51576 71517 39163 12413 35419 36098 32579 20684 3313 3519 14735 1645
internal_count=126406 54889 51576 71517 39163 12413 35419 36098 32579 20684 3313 3519 14735 1645
is_linear=0
shrinkage=0.01


Tree=144
num_leaves=15
num_cat=0
split_feature=25 25 7 6 2 2 8 2 0 31 0 2 1 7
split_gain=750220 319922 200290 197165 178683 178280 167993 149260 149109 175222 116686 108804 77013.2 67322.5
threshold=53.103752992536265 74.086761171722586 1003.9999500000001 9.3065760000000015 18.125000000000004 17.625000000000004 0.78656609248549325 7.2250000000000005 37.042691525878915 42.777883396704702 35.400001525878913 6.8250000000000002 -118.21337597412109 1016.7678500000001
decision_type=2 2 2 2 2 2 2 2 2 2 2 2 2 2
left_child=3 8 5 6 12 -3 7 -1 9 -2 -6 -4 -5 -10
right_child=1 2 11 4 10 -7 -8 -9 13 -11 -12 -13 -14 -15
leaf_value=0.064094677230194672 -0.0097479476032349549 -0.041099377559657632 0.17775472385507793 -0.076399123909430794 0.041577718295349106 0.07258521501518557 -0.048272957950729591 -0.0060278998742896283 -0.079045993436622233 0.032564900833970081 -0.033196629869530592 0.081270013269568481 0.039726838328205484 0.059514863558014115
leaf_weight=3399 15284 2578 1386 12258 2581 2967 8633 28383 2355 27211 10903 7457 599 412
leaf_count=3399 15284 2578 1386 12258 2581 2967 8633 28383 2355 27211 10903 7457 599 412
internal_value=-7.92717e-12 0.0257721 0.0668477 -0.0230288 -0.0443163 0.0197306 -0.00915434 0.00147152 0.0127149 0.0173464 -0.0188839 0.0963925 -0.0709889 -0.0584146
internal_weight=126406 59650 14388 66756 26341 5545 40415 31782 45262 42495 13484 8843 12857 2767
internal_count=126406 59650 14388 66756 26341 5545 40415 31782 45262 42495 13484 8843 12857 2767
is_linear=0
shrinkage=0.01


Tree=145
num_leaves=15
num_cat=0
split_feature=23 0 6 13 7 2 31 0 8 2 1 31 8 6
split_gain=885006 367633 305197 219369 197868 170087 165258 158294 132268 118465 105975 99270.2 86572.6 62854.6
threshold=69.414882349597136 36.742692288818368 7.6066910000000005 -3.6000019342008662 1003.9001350000001 15.125000000000002 43.863751584283911 37.042691525878915 0.60355339059327384 6.8250000000000002 -118.21337597412109 98.826704816859987 0.60355339059327384 12.404780500000003
decision_type=2 2 2 2 2 2 2 2 2 2 2 2 2 2
left_child=1 6 7 -4 5 -2 10 -3 9 -6 -1 -7 -8 -10
right_child=4 2 3 -5 8 11 12 -9 13 -11 -12 -13 -14 -15
leaf_value=-0.021769078814533618 -0.052889923002120226 0.01968665923794681 -0.11531199441192809 -0.041261373730670188 0.19506162080305875 0.038889551673349114 0.033445431635102663 -0.035565538000531687 0.042615458176252966 0.09174450077422 0.024427294839217885 0.19580070632689237 -0.0039433048312587718 -0.18668940124492492
leaf_weight=22806 2170 12046 4922 21369 1316 6249 20180 9104 3323 7083 6348 431 8935 124
leaf_count=22806 2170 12046 4922 21369 1316 6249 20180 9104 3323 7083 6348 431 8935 124
internal_value=-7.54368e-12 -0.0117078 -0.0323754 -0.0551246 0.0598004 0.0240271 0.00511926 -0.0040966 0.0865262 0.107933 -0.0117103 0.0490136 0.0219713 0.0343666
internal_weight=126406 105710 47441 26291 20696 8850 58269 21150 11846 8399 29154 6680 29115 3447
internal_count=126406 105710 47441 26291 20696 8850 58269 21150 11846 8399 29154 6680 29115 3447
is_linear=0
shrinkage=0.01


Tree=146
num_leaves=15
num_cat=0
split_feature=20 31 4 8 47 4 48 47 16 36 8 44 42 9
split_gain=715981 315523 242112 240024 213790 190257 169563 160910 153064 102057 64788.5 50393.6 20819.7 26192.4
threshold=65.362945039751153 34.43610054921843 1.0000000180025095e-35 0.37940952255126054 1.0000000180025095e-35 1.0000000180025095e-35 1.0000000180025095e-35 1.0000000180025095e-35 0.17656991099999994 59.385509083227724 0.12940952255126045 1.0000000180025095e-35 1.0000000180025095e-35 -0.70710678118654757
decision_type=2 2 2 2 2 2 2 2 2 2 2 2 2 2
left_child=1 7 3 4 -2 6 -3 8 -1 -5 -9 -7 -4 -14
right_child=2 5 12 9 -6 11 -8 10 -10 -11 -12 -13 13 -15
leaf_value=0.089399198451737508 0.051772123702185847 0.010790387458234758 -0.050599513791646324 -0.012867564850851511 0.13296440231365542 -0.049350950277794133 -0.035144973786320352 0.053188584646496027 -0.050817457033408626 0.046686526863085838 -0.031212995040593418 -0.13557602920070075 -0.033991326196168466 -0.1734726871843012
leaf_weight=801 12685 51287 566 6466 4357 2272 9529 2437 27747 5185 1451 966 189 468
leaf_count=801 12685 51287 566 6466 4357 2272 9529 2437 27747 5185 1451 966 189 468
internal_value=1.56634e-12 -0.0132519 0.0427422 0.0486155 0.0725299 -0.000383765 0.00359297 -0.0386636 -0.0468833 0.0136356 0.0216899 -0.0750747 -0.0950523 -0.133348
internal_weight=126406 96490 29916 28693 17042 64054 60816 32436 28548 11651 3888 3238 1223 657
internal_count=126406 96490 29916 28693 17042 64054 60816 32436 28548 11651 3888 3238 1223 657
is_linear=0
shrinkage=0.01


Tree=147
num_leaves=15
num_cat=0
split_feature=23 23 5 5 17 25 17 17 8 8 9 8 2 11
split_gain=858673 320924 192004 182621 162531 136679 133273 131044 120742 103892 92805.3 81350.5 77720 38996.6
threshold=54.429845561657991 84.371915673754401 21.500000000000004 6.5000000000000009 0.0075727672418126691 27.433119748392247 0.0073757442278358743 0.015882416233083056 0.37940952255126054 0.78656609248549325 0.60355339059327384 0.78656609248549325 22.925000000000001 0.6830127018922193
decision_type=2 2 2 2 2 2 2 2 2 2 2 2 2 2
left_child=2 3 5 10 -5 13 8 9 -4 -3 -2 -7 -8 -1
right_child=1 7 6 4 -6 11 12 -9 -10 -11 -12 -13 -14 -15
leaf_value=-0.072205675803377584 0.024859491548485237 0.11266010785394884 0.00026218205501520042 0.021682472741405348 -0.029427604796569588 0.0066967994523838186 -0.070681728862003371 -0.10367180919557553 -0.059991700146937846 0.02359233054780599 0.06711906465261068 -0.029989467729138283 -0.0053161490099109966 0.008454777346608244
leaf_weight=3907 15212 6348 9638 15038 10613 26024 13984 349 5078 1650 7893 7873 2091 708
leaf_count=3907 15212 6348 9638 15038 10613 26024 13984 349 5078 1650 7893 7873 2091 708
internal_value=-2.69101e-11 0.0287129 -0.0236583 0.0189039 0.00053588 -0.00877522 -0.0422734 0.0860084 -0.0205294 0.0942853 0.039296 -0.00182404 -0.0621791 -0.0598313
internal_weight=126406 57103 69303 48756 25651 38512 30791 8347 14716 7998 23105 33897 16075 4615
internal_count=126406 57103 69303 48756 25651 38512 30791 8347 14716 7998 23105 33897 16075 4615
is_linear=0
shrinkage=0.01


Tree=148
num_leaves=15
num_cat=0
split_feature=23 23 48 7 14 15 8 15 8 15 20 23 14 17
split_gain=842457 356272 190178 188530 176822 161314 126367 115361 113508 138833 98064.5 72877.7 66089.8 59877.8
threshold=69.758813312678981 38.402220344552411 1.0000000180025095e-35 1003.9001350000001 10.800005852034763 0.47810574105055076 0.60355339059327384 0.084043854175721647 0.60355339059327384 0.084043854175721647 126.69011725293133 17.137345679012352 4.6799974912770201 0.012359269662975927
decision_type=2 2 2 2 2 2 2 2 2 2 2 2 2 2
left_child=1 8 4 5 -3 12 7 -5 9 -1 -7 -10 -2 -8
right_child=3 2 -4 6 -6 10 13 -9 11 -11 -12 -13 -14 -15
leaf_value=0.056011237185660798 0.010894221609910727 0.0081177116611044556 -0.042052939116574269 0.19071543619431869 -0.094453587461265101 0.063503087072561193 0.042061074047131185 0.08989083442404551 -0.16522215267497475 -0.037160185645590399 0.2540710175404946 -0.06352463014916819 -0.070078741961239643 -0.18358042433857918
leaf_weight=1754 4213 66876 9567 1358 1724 2703 3265 6905 779 18132 300 7383 1325 122
leaf_count=1754 4213 66876 9567 1358 1724 2703 3265 6905 779 18132 300 7383 1325 122
internal_value=-3.54658e-11 -0.0112558 -0.00028501 0.0592112 0.00553997 0.0235234 0.0853751 0.106461 -0.0418303 -0.0289422 0.0825408 -0.0732309 -0.00847905 0.0339334
internal_weight=126406 106215 78167 20191 68600 8541 11650 8263 28048 19886 3003 8162 5538 3387
internal_count=126406 106215 78167 20191 68600 8541 11650 8263 28048 19886 3003 8162 5538 3387
is_linear=0
shrinkage=0.01


Tree=149
num_leaves=15
num_cat=0
split_feature=31 25 47 15 0 8 4 10 2 10 10 9 16 25
split_gain=693996 466941 393872 236297 211040 187518 178520 153893 109738 93604.6 90609.3 82259.2 81251.8 41381.6
threshold=45.429657794676807 73.593804887033414 1.0000000180025095e-35 0.063427746452943148 37.042691525878915 0.12940952255126045 1.0000000180025095e-35 0.25000000000000011 6.8250000000000002 -0.93301270189221908 -0.24999999999999994 -0.12940952255126037 0.051000000000000031 63.120173801811958
decision_type=2 2 2 2 2 2 2 2 2 2 2 2 2 2
left_child=2 4 3 12 6 11 -2 -5 10 -10 -3 -4 -1 -6
right_child=1 8 5 7 13 -7 -8 -9 9 -11 -12 -13 -14 -15
leaf_value=0.18853824216027448 0.022645611454922908 0.35192977959704969 0.10402632232489918 -0.02513522593309523 -0.033780518434197264 -0.016420542441632279 -0.082827852707280089 -0.061039226411011407 -0.070991350799726002 0.079475288675133857 0.13191313562832954 0.029276543337846534 0.034561373950901059 -0.13626226516747247
leaf_weight=410 45049 229 3171 29115 6608 4482 1664 20235 434 8729 1025 2748 2088 419
leaf_count=410 45049 229 3171 29115 6608 4482 1664 20235 434 8729 1025 2748 2088 419
internal_value=-2.1027e-11 0.0230802 -0.0237876 -0.0350539 0.0112025 0.0323741 0.0188885 -0.039857 0.0843556 0.0723485 0.172092 0.0693224 0.0598338 -0.0398912
internal_weight=126406 64157 62249 51848 53740 10401 46713 49350 10417 9163 1254 5919 2498 7027
internal_count=126406 64157 62249 51848 53740 10401 46713 49350 10417 9163 1254 5919 2498 7027
is_linear=0
shrinkage=0.01


Tree=150
num_leaves=15
num_cat=0
split_feature=23 23 5 5 17 13 15 0 17 0 13 8 18 15
split_gain=816143 303730 186079 178700 157758 137263 130463 144778 127947 109573 93266.6 92384.2 68912.3 67515.6
threshold=54.429845561657991 84.371915673754401 21.500000000000004 6.5000000000000009 0.0075727672418126691 7.5600062621682733 0.086456621345978008 36.742692288818368 0.011755284112559288 34.083213737060554 -7.1999967193629706 0.78656609248549325 0.37800000000000028 0.31157823599856788
decision_type=2 2 2 2 2 2 2 2 2 2 2 2 2 2
left_child=2 3 5 10 -5 11 12 -8 9 -3 -2 -1 -4 -10
right_child=1 8 6 4 -6 -7 7 -9 13 -11 -12 -13 -14 -15
leaf_value=0.013214828629636093 0.077059985992519633 0.0054532441512858852 0.08884463138069805 0.021114163920326053 -0.029239780643189633 -0.038262472291076197 -0.023097571266562315 -0.068782726646545347 -0.11056883499106933 0.11445791651401471 0.028120396782500025 -0.031140341768074387 -0.013846430914909171 0.052741088092859302
leaf_weight=21500 4958 1082 1024 15038 10613 11004 12757 15204 462 6243 18147 6008 1806 560
leaf_count=21500 4958 1082 1024 15038 10613 11004 12757 15204 462 6243 18147 6008 1806 560
internal_value=-4.83423e-12 0.0279928 -0.023065 0.0184502 0.000280418 -0.00841329 -0.0413906 -0.0479392 0.0837323 0.0983565 0.0386221 0.00352725 0.023311 -0.0210839
internal_weight=126406 57103 69303 48756 25651 38512 30791 27961 8347 7325 23105 27508 2830 1022
internal_count=126406 57103 69303 48756 25651 38512 30791 27961 8347 7325 23105 27508 2830 1022
is_linear=0
shrinkage=0.01


Tree=151
num_leaves=15
num_cat=0
split_feature=23 0 10 0 4 23 2 1 31 17 2 0 32 26
split_gain=800068 307216 322329 194058 188573 217460 135958 135745 128754 107352 92173.9 88384.7 16948.2 8921.58
threshold=65.596453551143057 36.742692288818368 1.0000000180025095e-35 37.042691525878915 1.0000000180025095e-35 115.34937668610237 6.6250000000000009 -118.21337597412109 38.880544993662873 0.0075368008358445123 7.2250000000000005 34.083213737060554 64.251119702158178 11.146902054781089
decision_type=2 2 2 2 2 2 2 2 2 2 2 2 2 2
left_child=1 7 3 -3 5 6 -2 8 -1 -4 -9 -7 -6 -14
right_child=4 2 9 -5 12 11 -8 10 -10 -11 -12 -13 13 -15
leaf_value=-0.024821872347020216 0.12605975281714021 0.014784029827255591 -0.032110431505607891 -0.044654027040162025 -0.043940006863726719 -0.034880275913465646 0.038699822853650992 0.194054418248786 0.0099363655047338701 -0.077340229284177484 0.032018426883283858 0.18246422347809993 -0.027116952714998099 -0.14091646469360253
leaf_weight=17814 1937 15235 8604 8590 762 211 22187 366 26527 13452 8602 1652 84 383
leaf_count=17814 1937 15235 8604 8590 762 211 22187 366 26527 13452 8602 1652 84 383
internal_value=-1.09605e-11 -0.0131783 -0.0321484 -0.0066461 0.0480288 0.0537531 0.0457143 0.00314865 -0.00402776 -0.0596962 0.0386314 0.157848 -0.0730115 -0.120447
internal_weight=126406 99190 45881 23825 27216 25987 24124 53309 44341 22056 8968 1863 1229 467
internal_count=126406 99190 45881 23825 27216 25987 24124 53309 44341 22056 8968 1863 1229 467
is_linear=0
shrinkage=0.01


Tree=152
num_leaves=15
num_cat=0
split_feature=23 23 17 8 5 2 17 2 17 0 8 9 23 1
split_gain=786265 294771 182414 173282 172847 159699 153290 153112 125218 103869 100474 92015.3 73648.1 49803.6
threshold=54.261876261559415 84.371915673754401 0.012359269662975927 0.78656609248549325 6.5000000000000009 7.2250000000000005 0.0075727672418126691 18.375000000000004 0.015882416233083056 35.400001525878913 0.78656609248549325 0.60355339059327384 18.680402994883352 -118.21337597412109
decision_type=2 2 2 2 2 2 2 2 2 2 2 2 2 2
left_child=2 4 3 5 11 -1 -6 13 10 -9 -3 -2 -5 -4
right_child=1 8 7 12 6 -7 -8 9 -10 -11 -12 -13 -14 -15
leaf_value=0.058123970448818361 0.023366502336084474 0.10837115021597972 -0.090952405162803965 -0.15953460719091106 0.020623123683525414 -0.010423314997602877 -0.028782207117320081 0.043027838549411015 -0.10320509543951953 -0.041768996751755313 0.020780844177480672 0.065202265842322873 -0.04212158432704146 0.026077642698064642
leaf_weight=3739 15394 6348 7192 561 15147 37352 10728 1855 349 6528 1650 7984 11196 383
leaf_count=3739 15394 6348 7192 561 15147 37352 10728 1855 349 6528 1650 7984 11196 383
internal_value=-1.88178e-13 0.0272585 -0.0228191 -0.0138718 0.0179457 -0.00418598 0.000139244 -0.0524498 0.0822104 -0.0230051 0.0903011 0.0376542 -0.0477241 -0.0850352
internal_weight=126406 57600 68806 52848 49253 41091 25875 15958 8347 8383 7998 23378 11757 7575
internal_count=126406 57600 68806 52848 49253 41091 25875 15958 8347 8383 7998 23378 11757 7575
is_linear=0
shrinkage=0.01


Tree=153
num_leaves=15
num_cat=0
split_feature=23 23 5 7 6 2 13 12 23 15 10 15 25 16
split_gain=772746 331728 226766 181154 165720 162234 159036 123650 182013 105375 95817.3 90545.7 80735.5 67947.6
threshold=69.758813312678981 38.402220344552411 12.500000000000002 1003.9001350000001 7.6066910000000005 15.125000000000002 -5.784346096574116 1.0000000180025095e-35 128.40500444375346 0.056582831708599332 -0.93301270189221908 0.066467786364130685 22.640027226212272 0.051000000000000031
decision_type=2 2 2 2 2 2 2 2 2 2 2 2 2 2
left_child=1 9 6 5 -4 -2 -3 11 -9 13 -7 -5 -11 -1
right_child=3 2 4 7 -6 10 -8 8 -10 12 -12 -13 -14 -15
leaf_value=0.25381712729951333 -0.053980768434574118 0.058361634093418095 0.00086671790149013973 0.15339354651996281 -0.042172122365058171 -0.049982958126247201 0.0067494164255661971 0.1138216951322374 0.43161219605960344 -0.081634392815287463 0.062246163514295863 0.047950150763781778 -0.036099430023720978 0.025220638762625293
leaf_weight=153 2126 7205 19812 921 16313 882 34837 3504 190 4717 5533 7035 22312 866
leaf_count=153 2126 7205 19812 921 16313 882 34837 3504 190 4717 5533 7035 22312 866
internal_value=4.41483e-12 -0.01078 -0.000193911 0.0567085 -0.0185684 0.0217258 0.0155945 0.0823556 0.130167 -0.0402825 0.0468158 0.0601565 -0.044046 0.0595438
internal_weight=126406 106215 78167 20191 36125 8541 42042 11650 3694 28048 6415 7956 27029 1019
internal_count=126406 106215 78167 20191 36125 8541 42042 11650 3694 28048 6415 7956 27029 1019
is_linear=0
shrinkage=0.01


Tree=154
num_leaves=15
num_cat=0
split_feature=20 15 14 8 0 16 9 44 10 0 8 11 0 7
split_gain=630656 293439 284443 225575 194801 210305 152849 165235 146993 102359 72425.6 57065.5 45232.9 37732.9
threshold=52.322813688212939 0.086456621345978008 7.2000092342799205 0.60355339059327384 36.742692288818368 0.21375782999999957 -0.37940952255126015 1.0000000180025095e-35 0.25000000000000011 35.400001525878913 0.78656609248549325 0.25000000000000017 34.083213737060554 1007.4002250000001
decision_type=2 2 2 2 2 2 2 2 2 2 2 2 2 2
left_child=4 6 3 -3 10 11 7 -2 -7 -4 13 -6 -12 -1
right_child=1 2 9 -5 5 8 -8 -9 -10 -11 12 -13 -14 -15
leaf_value=-0.0023906119877951785 0.056826097830405028 0.032841959908005203 -0.023961000410063164 -0.0099886279460340375 -0.072295737535365542 -0.026772121535074262 -1.044520050856183e-05 0.2008329124267666 -0.070631401402514157 -0.12106338921336382 -0.068584718036194203 0.14193008214357408 -0.010313718472889095 0.030176908836953568
leaf_weight=14549 1467 43329 2862 17169 148 18167 1134 1744 13189 1749 2370 778 3042 4709
leaf_count=14549 1467 43329 2862 17169 148 18167 1134 1744 13189 1749 2370 778 3042 4709
internal_value=2.3435e-11 0.0202264 0.0149165 0.0206869 -0.0246664 -0.0408341 0.0997939 0.135041 -0.0452203 -0.0607929 -0.00351026 0.107691 -0.0358315 0.00557286
internal_weight=126406 69454 65109 60498 56952 32282 4345 3211 31356 4611 24670 926 5412 19258
internal_count=126406 69454 65109 60498 56952 32282 4345 3211 31356 4611 24670 926 5412 19258
is_linear=0
shrinkage=0.01


Tree=155
num_leaves=15
num_cat=0
split_feature=31 25 1 1 2 8 5 4 27 2 8 9 19 25
split_gain=651509 427115 363754 198961 192848 182156 181220 170088 107861 105227 81162.9 80285.3 56490.7 41823.3
threshold=45.429657794676807 73.593804887033414 -118.21337597412109 -120.84999847412108 5.7750000000000012 0.12940952255126045 4.5000000000000009 1.0000000180025095e-35 126.69011725293133 5.7750000000000012 0.60355339059327384 -0.12940952255126037 4.0429853927501158 63.120173801811958
decision_type=2 2 2 2 2 2 2 2 2 2 2 2 2 2
left_child=2 3 4 13 10 11 -6 -5 9 -3 -1 -4 -10 -2
right_child=1 8 5 7 6 -7 -8 -9 12 -11 -12 -13 -14 -15
leaf_value=0.077040782064983798 -0.032464155118505734 0.17412407519579212 0.10162503509575123 0.022132794317990964 -0.016234749287548714 -0.017168136546926449 -0.055136879704029411 -0.080819650662765169 0.14862196015527679 0.05796364665742279 -0.043893243495225907 0.027777539889654892 0.40844216756688229 -0.13549137980955028
leaf_weight=2134 6608 861 3171 45049 20870 4482 28094 1664 1192 8274 750 2748 90 419
leaf_count=2134 6608 861 3171 45049 20870 4482 28094 1664 1192 8274 750 2748 90 419
internal_value=-1.33741e-11 0.0223625 -0.0230479 0.0110026 -0.033875 0.0309238 -0.0385556 0.0184654 0.0809666 0.0689121 0.0455912 0.06734 0.166862 -0.0386074
internal_weight=126406 64157 62249 53740 51848 10401 48964 46713 10417 9135 2884 5919 1282 7027
internal_count=126406 64157 62249 53740 51848 10401 48964 46713 10417 9135 2884 5919 1282 7027
is_linear=0
shrinkage=0.01


Tree=156
num_leaves=15
num_cat=0
split_feature=25 25 1 5 17 7 2 9 11 44 36 3 1 10
split_gain=610506 274231 200039 207235 178740 159845 156340 142782 203263 127829 109654 99175.4 95562.1 77699.2
threshold=52.601282683190171 91.861009110043057 -118.21337597412109 9.5000000000000018 0.0092843582353456106 1004.5003 18.125000000000004 -0.5 0.25000000000000017 1.0000000180025095e-35 42.777883396704702 64.002132500000016 -118.99998249999999 -0.6830127018922193
decision_type=2 2 2 2 2 2 2 2 2 2 2 2 2 2
left_child=4 2 3 -2 7 -4 -6 8 -1 13 -11 -9 -8 -3
right_child=1 9 5 -5 6 -7 12 11 -10 10 -12 -13 -14 -15
leaf_value=-0.017444569250172709 0.027843525725891837 0.1452824530390788 0.022735248261258278 -0.015927174081376682 -0.066915276566493875 0.096254983199008853 -0.030411610108428723 -0.0052152998925956255 0.05622443592911245 -0.15556901633865752 0.156589953945382 -0.045894265542750022 0.039239703279923883 0.01838755823171866
leaf_weight=8182 21598 611 7573 21669 12613 4852 10745 13821 6907 118 2428 10582 2412 2295
leaf_count=8182 21598 611 7573 21669 12613 4852 10745 13821 6907 118 2428 10582 2412 2295
internal_value=1.70411e-11 0.0227046 0.0160785 0.00592226 -0.021272 0.0514449 -0.041759 -0.00790345 0.0162775 0.0903907 0.142122 -0.0228551 -0.0176428 0.0450678
internal_weight=126406 61144 55692 43267 65262 12425 25770 39492 15089 5452 2546 24403 13157 2906
internal_count=126406 61144 55692 43267 65262 12425 25770 39492 15089 5452 2546 24403 13157 2906
is_linear=0
shrinkage=0.01


Tree=157
num_leaves=15
num_cat=0
split_feature=23 0 10 15 6 0 31 8 47 23 6 4 4 31
split_gain=727471 315511 328693 226040 162977 158615 156016 148120 157136 115128 106220 78356.5 47206.6 41617.6
threshold=68.782427664303796 36.742692288818368 1.0000000180025095e-35 0.094594992829323502 5.4975805000000006 34.083213737060554 40.007710181664557 0.78656609248549325 1.0000000180025095e-35 115.34937668610237 5.8617570500000005 1.0000000180025095e-35 1.0000000180025095e-35 21.16319444444445
decision_type=2 2 2 2 2 2 2 2 2 2 2 2 2 2
left_child=1 7 3 -3 5 -2 13 8 -1 -7 -4 -8 -9 -6
right_child=4 2 10 -5 6 9 11 12 -10 -11 -12 -13 -14 -15
leaf_value=0.0044897621484948523 0.016808550867624134 0.1066604015846313 -0.021548110081973389 -0.013197982340249461 -0.096368591507948784 0.095561827443294403 0.054872960737968837 -0.021272624218140052 0.05320553516759835 0.22712171766350669 -0.070980017551665484 -0.087924267334162157 -0.10688792989422673 -0.011530393123168765
leaf_weight=37197 2488 1688 5910 23182 788 5881 9210 11565 8055 750 16437 401 682 2172
leaf_count=37197 2488 1688 5910 23182 788 5881 9210 11565 8055 750 16437 401 682 2172
internal_value=-2.73079e-11 -0.0109181 -0.0300731 -0.00506284 0.0527109 0.0848953 0.0293644 0.00481158 0.0131613 0.110442 -0.057907 0.048915 -0.0260403 -0.0341157
internal_weight=126406 104716 47217 24870 21690 9119 12571 57499 45252 6631 22347 9611 12247 2960
internal_count=126406 104716 47217 24870 21690 9119 12571 57499 45252 6631 22347 9611 12247 2960
is_linear=0
shrinkage=0.01


Tree=158
num_leaves=15
num_cat=0
split_feature=23 23 4 5 1 0 19 25 0 17 26 3 3 42
split_gain=714973 269661 182366 174341 155395 119541 155216 115745 108907 103906 73341.3 68619.2 42817.4 33203.3
threshold=54.261876261559415 93.096729953103093 1.0000000180025095e-35 14.500000000000002 -119.7866065258789 36.742692288818368 0.060183553588154255 27.433119748392247 34.083213737060554 0.0081205058601405509 32.164607570649991 27.853957500000003 55.99804000000001 1.0000000180025095e-35
decision_type=2 2 2 2 2 2 2 2 2 2 2 2 2 2
left_child=3 2 4 7 -2 12 -7 -1 11 -10 -9 -3 -5 -4
right_child=1 8 13 5 -6 6 -8 10 9 -11 -12 -13 -14 -15
leaf_value=-0.055360614030173089 -0.016707767370813635 -0.26187913156598808 -0.026693515242476321 0.011208232931364951 0.031021627047412546 0.061415080791286762 -0.063096399516337942 -0.0012031729113578795 0.14247499040417333 0.039346349702362581 0.20122391737418041 0.019246916828467901 -0.02754667676386886 -0.10022024269520877
leaf_weight=4295 8160 100 1179 3879 41578 1064 16960 31673 3244 1398 180 659 10755 1282
leaf_count=4295 8160 100 1179 3879 41578 1064 16960 31673 3244 1398 180 659 10755 1282
internal_value=1.7169e-11 0.0259934 0.0190335 -0.02176 0.0231912 -0.0385069 -0.0557462 -0.00663001 0.0932588 0.111416 -5.92657e-05 -0.0177921 -0.017274 -0.0649955
internal_weight=126406 57600 52199 68806 49738 32658 18024 36148 5401 4642 31853 759 14634 2461
internal_count=126406 57600 52199 68806 49738 32658 18024 36148 5401 4642 31853 759 14634 2461
is_linear=0
shrinkage=0.01


Tree=159
num_leaves=15
num_cat=0
split_feature=23 31 4 7 1 15 15 1 12 23 15 10 23 10
split_gain=702234 320514 211905 173287 168840 153403 146011 134817 120890 175754 85309.2 75680.2 60757.6 59500.3
threshold=69.758813312678981 34.43610054921843 1.0000000180025095e-35 1003.9001350000001 -120.84999847412108 0.43519009245032425 0.052876765647565632 -118.21337597412109 1.0000000180025095e-35 128.40500444375346 0.066467786364130685 -0.93301270189221908 11.396604938271606 -0.6830127018922193
decision_type=2 2 2 2 2 2 2 2 2 2 2 2 2 2
left_child=1 6 4 5 -3 13 12 -8 10 -10 -5 -7 -1 -2
right_child=3 2 -4 8 -6 11 7 -9 9 -11 -12 -13 -14 -15
leaf_value=-0.22910029223312936 0.035290988128960102 -0.032592546826084853 -0.074268968275284522 0.14769427508413063 0.011768660922176429 -0.042441908921505407 -0.047430947045534688 0.013972017315891929 0.11035616670800033 0.42263508778183079 0.045345288408579112 0.093177507501897239 0.098581081599023346 -0.036865012043168263
leaf_weight=60 1682 10033 3513 921 59227 482 28295 4093 3504 190 7035 2812 994 3565
leaf_count=60 1682 10033 3513 921 59227 482 28295 4093 3504 190 7035 2812 994 3565
internal_value=1.26651e-11 -0.0102764 0.00149938 0.0540594 0.0053425 0.0198447 -0.0359018 -0.0396712 0.0791433 0.126418 0.0571934 0.0733328 0.0799275 -0.0137344
internal_weight=126406 106215 72773 20191 69260 8541 33442 32388 11650 3694 7956 3294 1054 5247
internal_count=126406 106215 72773 20191 69260 8541 33442 32388 11650 3694 7956 3294 1054 5247
is_linear=0
shrinkage=0.01


Tree=160
num_leaves=15
num_cat=0
split_feature=23 23 8 1 8 2 5 44 33 11 17 23 5 5
split_gain=690525 260291 179521 188279 171996 177216 143430 97537.6 97634 95597.3 94703.3 77522 58279.9 41616.6
threshold=54.261876261559415 93.096729953103093 0.78656609248549325 -118.21337597412109 0.78656609248549325 7.2250000000000005 28.500000000000004 1.0000000180025095e-35 70.101522080193988 0.25000000000000017 0.011755284112559288 24.783046988687044 6.5000000000000009 2.5000000000000004
decision_type=2 2 2 2 2 2 2 2 2 2 2 2 2 2
left_child=4 2 3 -2 5 9 -7 8 -3 -1 -9 -6 -13 -4
right_child=1 7 13 -5 11 6 -8 10 -10 -11 -12 12 -14 -15
leaf_value=-0.035137394416809582 0.016585935803050719 0.091813867494011409 0.0028213368377397719 0.067528899712140752 -0.11326188918315 -0.0036686956490436392 -0.037869195336799451 0.15700643171958983 -0.032180508980029672 0.078385556516232816 -0.06701423843400281 -0.02357873072039833 -0.066278066959278611 -0.037074021861003788
leaf_weight=981 32354 2021 4947 9352 1798 28702 21409 2248 926 3042 206 6969 5905 5546
leaf_count=981 32354 2021 4947 9352 1798 28702 21409 2248 926 3042 206 6969 5905 5546
internal_value=1.92391e-11 0.0255451 0.0187072 0.0280092 -0.0213847 -0.0131537 -0.0182802 0.0916316 0.0528526 0.0507032 0.138201 -0.0517542 -0.0431639 -0.0182651
internal_weight=126406 57600 52199 41706 68806 54134 50111 5401 2947 4023 2454 14672 12874 10493
internal_count=126406 57600 52199 41706 68806 54134 50111 5401 2947 4023 2454 14672 12874 10493
is_linear=0
shrinkage=0.01


Tree=161
num_leaves=15
num_cat=0
split_feature=23 31 7 2 4 2 0 0 9 2 0 17 20 19
split_gain=678478 279810 189900 189665 185086 146985 145232 141619 139514 121906 90904.8 88256.1 87420.3 63177.3
threshold=65.596453551143057 34.43610054921843 1003.9999500000001 19.925000000000001 1.0000000180025095e-35 4.9250000000000016 36.742692288818368 37.042691525878915 -0.70710678118654757 11.225000000000001 37.042691525878915 0.0083975123010708013 136.58040201005028 0.014118626289191695
decision_type=2 2 2 2 2 2 2 2 2 2 2 2 2 2
left_child=1 5 3 11 7 13 -7 -3 9 -4 -10 -2 -5 -1
right_child=2 4 8 12 -6 6 -8 -9 10 -11 -12 -13 -14 -15
leaf_value=0.31870485764517581 0.003399438650859482 0.0097245335541240301 0.15948403105115541 0.046224761004849006 -0.073343367183334673 -0.020919135616589105 -0.064388527707912854 -0.031528368982758653 0.054409203980875932 0.042264746185399077 -0.14836833528053445 -0.076146036607759482 0.22382569706799654 0.048282796273451827
leaf_weight=93 4255 53724 2618 6257 3312 16903 14095 9847 10153 1342 226 2075 290 1216
leaf_count=93 4255 53724 2618 6257 3312 16903 14095 9847 10153 1342 226 2075 290 1216
internal_value=-1.57497e-11 -0.0121356 0.0442289 0.0163547 -0.000462483 -0.0363018 -0.040685 0.00333455 0.069261 0.11976 0.0499938 -0.0226759 0.0540916 0.0674954
internal_weight=126406 99190 27216 12877 66883 32307 30998 63571 14339 3960 10379 6330 6547 1309
internal_count=126406 99190 27216 12877 66883 32307 30998 63571 14339 3960 10379 6330 6547 1309
is_linear=0
shrinkage=0.01


Tree=162
num_leaves=15
num_cat=0
split_feature=23 15 1 8 5 6 8 15 19 10 9 13 23 1
split_gain=666326 255161 205845 268533 267678 169826 160875 138145 114394 105736 83305.8 79832.2 67440.4 39805.9
threshold=54.105419424494208 0.084043854175721647 -118.21337597412109 0.12940952255126045 9.5000000000000018 12.301683000000002 0.78656609248549325 0.063427746452943148 0.97062494040937441 0.25000000000000011 -0.60355339059327384 -5.0399892016161312 18.680402994883352 -118.21337597412109
decision_type=2 2 2 2 2 2 2 2 2 2 2 2 2 2
left_child=5 9 4 -4 -3 6 7 -1 13 10 -2 -10 -8 -7
right_child=1 2 3 -5 -6 8 12 -9 11 -11 -12 -13 -14 -15
leaf_value=0.080921697101041801 0.20596863751696426 0.03335767079514141 0.093282266151138063 0.0045503668450407745 -0.018052936914350084 -0.083508296900846213 -0.15250204933600295 -0.0070997139753978854 0.036640225054475783 0.051576918718715108 0.067966939318451963 -0.03984436087777718 -0.039828303280573303 0.017936340544741684
leaf_weight=1869 1223 20517 7469 6277 20000 7127 558 38765 1707 1930 681 6805 11069 409
leaf_count=1869 1223 20517 7469 6277 20000 7127 558 38765 1707 1930 681 6805 11069 409
internal_value=9.65853e-12 0.0248956 0.0193249 0.0527636 0.00798037 -0.0211737 -0.0124363 -0.00305108 -0.0496276 0.103737 0.15661 -0.0245061 -0.0452357 -0.0780026
internal_weight=126406 58097 54263 13746 40517 68309 52261 40634 16048 3834 1904 8512 11627 7536
internal_count=126406 58097 54263 13746 40517 68309 52261 40634 16048 3834 1904 8512 11627 7536
is_linear=0
shrinkage=0.01


Tree=163
num_leaves=15
num_cat=0
split_feature=31 20 1 15 8 5 48 4 8 4 17 16 5 2
split_gain=603549 321223 313907 202548 169579 163931 139310 138821 135008 116588 76292.4 74077.5 40639.9 24377.9
threshold=44.868715673848762 67.962841341168357 -118.21337597412109 0.063427746452943148 0.12940952255126045 4.5000000000000009 1.0000000180025095e-35 1.0000000180025095e-35 0.60355339059327384 1.0000000180025095e-35 0.0111948119782202 0.051000000000000031 21.500000000000004 7.2250000000000005
decision_type=2 2 2 2 2 2 2 2 2 2 2 2 2 2
left_child=2 6 3 11 10 -5 9 8 -3 -2 -4 -1 -8 -6
right_child=1 7 4 5 13 -7 12 -9 -10 -11 -12 -13 -14 -15
leaf_value=0.17914139764282502 0.017655130854283888 0.079115885068864925 0.086527787776131793 -0.015970016365459166 0.09258035721138437 -0.053239364145487647 -0.012102506733687748 -0.10264822170018442 0.018869096878688658 -0.071425975202088571 0.0064809908086486331 0.031298717298240256 -0.061278388366173116 -0.023802285495593056
leaf_weight=406 38815 12563 4130 20574 188 27681 3648 532 5284 1527 1673 2051 3116 4218
leaf_count=406 38815 12563 4130 20574 188 27681 3648 532 5284 1527 1673 2051 3116 4218
internal_value=3.50117e-11 0.0210758 -0.0226548 -0.0328396 0.0279371 -0.0373492 0.0072416 0.0565335 0.0612785 0.0142833 0.0634504 0.0557286 -0.0347566 -0.0188363
internal_weight=126406 65485 60921 50712 10209 48255 47106 18379 17847 40342 5803 2457 6764 4406
internal_count=126406 65485 60921 50712 10209 48255 47106 18379 17847 40342 5803 2457 6764 4406
is_linear=0
shrinkage=0.01


Tree=164
num_leaves=15
num_cat=0
split_feature=31 25 1 47 16 5 8 4 6 11 8 44 9 11
split_gain=591538 377369 307660 189895 173896 168293 166205 154316 99427.8 98544.9 93917.9 76304.5 75842.7 38738.3
threshold=44.868715673848762 73.593804887033414 -118.21337597412109 1.0000000180025095e-35 0.21375782999999957 4.5000000000000009 0.12940952255126045 1.0000000180025095e-35 17.101420000000005 -0.5 0.78656609248549325 1.0000000180025095e-35 -0.12940952255126037 -0.24999999999999994
decision_type=2 2 2 2 2 2 2 2 2 2 2 2 2 2
left_child=2 3 4 7 11 -6 12 -2 10 -5 -3 -1 -4 -10
right_child=1 8 6 9 5 -7 -8 -9 13 -11 -12 -13 -14 -15
leaf_value=0.0074777602886850827 0.0082233600329528582 0.09702794455429356 0.096445182349661721 0.018504123593715682 -0.014668420103697705 -0.052074198815033813 -0.018647981009644144 -0.081526431531298751 0.035643228560455084 0.11061190724966435 0.023027039369385549 0.14323747625476388 0.023952256396376978 -0.18889693707737482
leaf_weight=935 48239 8014 3111 2042 21154 27880 4406 1995 129 2694 2182 743 2692 190
leaf_count=935 48239 8014 3111 2042 21154 27880 4406 1995 129 2694 2182 743 2692 190
internal_value=-5.48914e-12 0.0208651 -0.0224282 0.0103659 -0.0325112 -0.0359368 0.0276577 0.00465902 0.0757522 0.0708982 0.0811913 0.0675907 0.0628159 -0.0980954
internal_weight=126406 65485 60921 54970 50712 49034 10209 50234 10515 4736 10196 1678 5803 319
internal_count=126406 65485 60921 54970 50712 49034 10209 50234 10515 4736 10196 1678 5803 319
is_linear=0
shrinkage=0.01


Tree=165
num_leaves=15
num_cat=0
split_feature=23 31 4 1 6 31 2 0 0 23 13 23 44 3
split_gain=637027 295758 194913 160184 155378 152211 138095 155370 131540 105805 73421.7 61653 53469.4 42685.8
threshold=69.758813312678981 34.43610054921843 1.0000000180025095e-35 -118.99998249999999 5.4975805000000006 40.007710181664557 5.7750000000000012 36.742692288818368 34.083213737060554 115.34937668610237 11.569279319124648 11.396604938271606 1.0000000180025095e-35 28.866941500000003
decision_type=2 2 2 2 2 2 2 2 2 2 2 2 2 2
left_child=1 6 3 -3 8 -6 11 -8 13 -10 -7 -1 -4 -2
right_child=4 2 12 -5 5 10 7 -9 9 -11 -12 -13 -14 -15
leaf_value=-0.21199059083711441 -0.14454558444536286 -0.0075256133839826022 -0.045670127627166414 0.023370019984033489 -0.03741889267522297 0.051853730053954661 -0.019646073230254926 -0.064319043768701858 0.092096105213068477 0.21859835265348357 -0.15560571657750627 0.062193037418254056 -0.13089469792239722 0.029580771904917594
leaf_weight=86 151 40710 2463 28550 2744 8709 17672 13916 5582 750 174 1768 1050 2081
leaf_count=86 151 40710 2463 28550 2744 8709 17672 13916 5582 750 174 1768 1050 2081
internal_value=-1.28309e-11 -0.00978771 0.00152421 0.00521003 0.0514884 0.0276805 -0.0344035 -0.0393266 0.0838114 0.10708 0.04779 0.0494747 -0.0711429 0.0178007
internal_weight=126406 106215 72773 69260 20191 11627 33442 31588 8564 6332 8883 1854 3513 2232
internal_count=126406 106215 72773 69260 20191 11627 33442 31588 8564 6332 8883 1854 3513 2232
is_linear=0
shrinkage=0.01


Tree=166
num_leaves=15
num_cat=0
split_feature=23 15 14 23 17 8 13 2 2 10 9 13 23 7
split_gain=624539 257460 210623 207930 162719 152439 150084 134328 123852 106104 81947.3 74742.8 65802.8 61247.8
threshold=53.282131624653807 0.084043854175721647 6.5215796741871808 115.34937668610237 0.012359269662975927 0.78656609248549325 -2.1999999999999993 7.2250000000000005 18.375000000000004 0.25000000000000011 -0.37940952255126015 -5.0732009093110486 18.680402994883352 1003.6996700000001
decision_type=2 2 2 2 2 2 2 2 2 2 2 2 2 2
left_child=4 9 3 -3 5 7 -4 -1 -6 10 -2 -10 -7 -11
right_child=1 2 6 -5 8 12 -8 -9 11 13 -12 -13 -14 -15
leaf_value=0.054677512343875155 0.18936856866863999 0.020199954231247746 -0.097519936033976296 0.13831915213338411 -0.079321099597265021 -0.15073942519060324 0.012250878359268216 -0.0092575216421722766 0.036809284640981176 -0.094200291087036023 0.034928981117202558 -0.038291384659879836 -0.039618373954105883 0.071350021092837959
leaf_weight=3620 1496 50102 2571 1536 7387 561 2416 35633 1678 256 446 6303 10642 1759
leaf_count=3620 1496 50102 2571 1536 7387 561 2416 35633 1678 256 446 6303 10642 1759
internal_value=2.24038e-12 0.0231695 0.0177199 0.0237135 -0.0213243 -0.0126471 -0.0443404 -0.00336129 -0.0498132 0.101153 0.1539 -0.0225015 -0.0451829 0.0503173
internal_weight=126406 60582 56625 51638 65824 50456 4987 39253 15368 3957 1942 7981 11203 2015
internal_count=126406 60582 56625 51638 65824 50456 4987 39253 15368 3957 1942 7981 11203 2015
is_linear=0
shrinkage=0.01


Tree=167
num_leaves=15
num_cat=0
split_feature=23 0 13 8 15 7 2 8 3 20 10 5 5 7
split_gain=616234 287017 309134 239213 206988 161989 152147 114922 108699 100644 92574.6 76336.6 72171.9 60726
threshold=69.758813312678981 35.400001525878913 -5.0732009093110486 0.37940952255126054 0.086456621345978008 1003.9001350000001 15.125000000000002 0.60355339059327384 50.999748000000004 57.909062103929038 -0.93301270189221908 10.500000000000002 1.5000000000000002 1002.8996150000002
decision_type=2 2 2 2 2 2 2 2 2 2 2 2 2 2
left_child=1 3 12 8 -4 6 13 9 -1 -7 -8 -5 -3 -2
right_child=5 2 4 11 -6 7 10 -9 -10 -11 -12 -13 -14 -15
leaf_value=0.05518314988989264 -0.090985679911712233 0.012159583614904832 0.045000673729300444 0.00084517007245690139 -0.02152708224673432 -0.0044498024124314979 -0.053288592684601142 0.025836604279882984 0.013132080411358698 0.10724922488461212 0.057025125207562588 -0.042685511739942721 -0.10010034973884327 0.025320244557455598
leaf_weight=10113 1482 636 5132 8654 52715 906 882 3387 15675 7357 5533 7537 5753 644
leaf_count=10113 1482 636 5132 8654 52715 906 882 3387 15675 7357 5533 7537 5753 644
internal_value=-5.86071e-12 -0.00962665 -0.0229155 0.0107079 -0.015625 0.0506411 0.0175606 0.0748935 0.0296228 0.0950019 0.0418581 -0.0194186 -0.0889253 -0.0557547
internal_weight=126406 106215 64236 41979 57847 20191 8541 11650 25788 8263 6415 16191 6389 2126
internal_count=126406 106215 64236 41979 57847 20191 8541 11650 25788 8263 6415 16191 6389 2126
is_linear=0
shrinkage=0.01


Tree=168
num_leaves=15
num_cat=0
split_feature=25 8 2 1 6 2 8 2 10 0 28 1 25 14
split_gain=496059 246032 264978 247136 162542 135992 135562 122966 110979 86391.5 67918.6 63350.4 61121.6 32971.5
threshold=52.601282683190171 0.78656609248549325 8.8250000000000011 -118.21337597412109 9.3065760000000015 18.125000000000004 0.60355339059327384 7.2250000000000005 0.68301270189221941 35.400001525878913 55.115547106041411 -118.21337597412109 23.938817302727319 -10.440000150288759
decision_type=2 2 2 2 2 2 2 2 2 2 2 2 2 2
left_child=4 2 8 -4 6 11 7 -1 -2 -7 -3 -6 -8 -12
right_child=1 10 3 -5 5 9 12 -9 -10 -11 13 -13 -14 -15
leaf_value=0.066353140887142226 0.1262908989373614 -0.038661168579984702 0.0092159131191765359 0.064249683651258091 -0.066947662713866041 0.038002155003200568 -0.11065738543213854 -0.001683381724505671 0.010514866362132554 -0.028300541512838898 -0.090095655086735726 0.040482908664967704 -0.028074915508269342 0.014043732077513646
leaf_weight=2975 3782 7264 32663 10877 12093 2407 978 24808 1060 10707 323 575 10719 5175
leaf_count=2975 3782 7264 32663 10877 12093 2407 978 24808 1060 10707 323 575 10719 5175
internal_value=1.46133e-12 0.0204661 0.0307685 0.0229642 -0.0191747 -0.0387039 -0.00642145 0.00560196 0.100945 -0.0161311 -0.0185911 -0.0620714 -0.0349797 0.00792569
internal_weight=126406 61144 48382 43540 65262 25782 39480 27783 4842 13114 12762 12668 11697 5498
internal_count=126406 61144 48382 43540 65262 25782 39480 27783 4842 13114 12762 12668 11697 5498
is_linear=0
shrinkage=0.01


Tree=169
num_leaves=15
num_cat=0
split_feature=31 25 47 15 1 10 8 5 7 19 7 15 16 7
split_gain=561267 349744 287621 186943 180052 185513 159600 155239 110248 130353 89147.4 74351.9 70556.3 57462.3
threshold=44.868715673848762 73.593804887033414 1.0000000180025095e-35 0.063427746452943148 -118.21337597412109 1.0000000180025095e-35 0.12940952255126045 4.5000000000000009 1002.8996150000002 1.1720055094599726 1004.6003850000001 0.084043854175721647 0.051000000000000031 1008.5001850000001
decision_type=2 2 2 2 2 2 2 2 2 2 2 2 2 2
left_child=2 4 3 12 5 -2 -4 -5 9 -3 -6 -10 -1 -8
right_child=1 8 6 7 10 -7 13 -9 11 -11 -12 -13 -14 -15
leaf_value=0.17393595025005287 0.020081245887646756 -0.038733403137971058 0.061033080503671212 -0.015123670627234907 0.036499834217696821 -0.019287070593727952 -0.031319679240319628 -0.051391437654394787 0.16436834920376253 0.091036503512155392 0.12679454958747574 0.079836332288210118 0.02964976978793353 0.08534014168488803
leaf_weight=406 30556 1624 5803 20574 3023 19678 3933 27681 1252 1479 1713 6160 2051 473
leaf_count=406 30556 1624 5803 20574 3023 19678 3933 27681 1252 1479 1713 6160 2051 473
internal_value=1.38286e-11 0.0203242 -0.0218468 -0.0315959 0.0102167 0.00465962 0.0265805 -0.0359283 0.0731641 0.0231195 0.0691592 0.0941151 0.0534919 -0.0187958
internal_weight=126406 65485 60921 50712 54970 50234 10209 48255 10515 3103 4736 7412 2457 4406
internal_count=126406 65485 60921 50712 54970 50234 10209 48255 10515 3103 4736 7412 2457 4406
is_linear=0
shrinkage=0.01


Tree=170
num_leaves=15
num_cat=0
split_feature=23 5 13 0 13 17 0 47 9 5 23 7 15 9
split_gain=585730 279272 247483 238376 196792 157099 129970 126764 110706 108901 97988 87997.3 83113.3 76206.7
threshold=69.758813312678981 12.500000000000002 2.5364398232830756 36.742692288818368 -4.3300917366011875 0.0054789741426296739 34.083213737060554 1.0000000180025095e-35 -0.5 1.0000000180025095e-35 128.40500444375346 1008.3002700000001 0.31157823599856788 0.60355339059327384
decision_type=2 2 2 2 2 2 2 2 2 2 2 2 2 2
left_child=1 2 13 11 -5 6 -2 -4 -8 10 -7 -3 -11 -1
right_child=5 3 7 4 -6 9 8 -9 -10 12 -12 -13 -14 -15
leaf_value=0.016027986687001169 0.016276055870671859 -0.014830485695151319 -0.018662372893799167 -0.10481520660645152 -0.034468425372443247 0.056643717486262089 0.15403399776040189 0.097336667319740652 0.069553866078430962 -0.018237724184906906 0.27233171032475573 0.03237964028014477 0.0519561849670718 0.051726070379061934
leaf_weight=18286 2250 23561 27106 5145 17512 3529 2654 976 3733 5334 224 4743 2467 8886
leaf_count=18286 2250 23561 27106 5145 17512 3529 2654 976 3733 5334 224 4743 2467 8886
internal_value=-1.31831e-11 -0.00938536 0.00618713 -0.0262697 -0.0504429 0.0493718 0.0816339 -0.0146308 0.104658 0.0252548 0.0695172 -0.00691932 0.0039605 0.0277023
internal_weight=126406 106215 55254 50961 22657 20191 8637 28082 6387 11554 3753 28304 7801 27172
internal_count=126406 106215 55254 50961 22657 20191 8637 28082 6387 11554 3753 28304 7801 27172
is_linear=0
shrinkage=0.01


Tree=171
num_leaves=15
num_cat=0
split_feature=20 15 14 1 5 9 44 13 16 13 13 14 15 11
split_gain=491075 251782 256597 231177 165731 140140 147094 121870 113854 99640.5 76697.9 69623 41836.3 32764.6
threshold=52.322813688212939 0.086456621345978008 7.2000092342799205 -119.7866065258789 12.500000000000002 -0.37940952255126015 1.0000000180025095e-35 2.490620541896063 0.21375782999999957 -1.4245943447333447 -3.6085664016840036 1.4543710369490448 0.056582831708599332 0.93301270189221952
decision_type=2 2 2 2 2 2 2 2 2 2 2 2 2 2
left_child=4 5 3 -3 7 6 -2 12 13 -4 -10 -9 -1 -6
right_child=1 2 9 -5 8 -7 -8 11 10 -11 -12 -13 -14 -15
leaf_value=0.12049872132646662 0.051505460946569277 -0.022422453911264458 -0.096363696381466329 0.027768586344348742 0.028227664559552692 -0.0040132866121707009 0.18737717388267203 -0.028232291734742589 -0.068800122726839941 -0.0011767764582670504 -0.032010999096124947 0.035067849045870292 0.017434689330541736 0.15225606637470651
leaf_weight=409 1467 11280 2800 49218 753 1134 1744 15560 8019 1811 19320 1956 10638 297
leaf_count=409 1467 11280 2800 49218 753 1134 1744 15560 8019 1811 19320 1956 10638 297
internal_value=-1.6694e-11 0.0178483 0.0129297 0.0184103 -0.0217663 0.091552 0.125302 -0.00475957 -0.0388772 -0.0589784 -0.0428019 -0.0211636 0.0212505 0.06331
internal_weight=126406 69454 65109 60498 56952 4345 3211 28563 28389 4611 27339 17516 11047 1050
internal_count=126406 69454 65109 60498 56952 4345 3211 28563 28389 4611 27339 17516 11047 1050
is_linear=0
shrinkage=0.01


Tree=172
num_leaves=15
num_cat=0
split_feature=23 23 8 1 17 8 2 2 0 17 3 0 23 1
split_gain=569249 238466 176220 172674 149325 142317 125258 104018 100673 95120.7 67672 66928.6 62063 46866.1
threshold=52.245213897886067 93.096729953103093 0.78656609248549325 -118.21337597412109 0.012359269662975927 0.78656609248549325 7.2250000000000005 18.375000000000004 34.083213737060554 0.0081205058601405509 27.853957500000003 35.400001525878913 18.680402994883352 -118.21337597412109
decision_type=2 2 2 2 2 2 2 2 2 2 2 2 2 2
left_child=4 2 3 -2 5 6 -1 13 10 -10 -3 -9 -7 -6
right_child=1 8 -4 -5 7 12 -8 11 9 -11 -12 -13 -14 -15
leaf_value=0.053408639287079736 0.013999848942583302 -0.26450569570586085 -0.019312164598846989 0.061302327860283175 -0.082257410850521656 -0.14743261457552034 -0.0095025666600515486 0.03554796698720121 0.13183567239478305 0.033163182623417935 0.014673208322528641 -0.038371265697149708 -0.039369389375948034 0.037872528430727199
leaf_weight=3490 36588 100 11796 9780 6817 561 33967 1537 3244 1398 659 6032 10096 341
leaf_count=3490 36588 100 11796 9780 6817 561 33967 1537 3244 1398 659 6032 10096 341
internal_value=1.34604e-11 0.0210999 0.0151977 0.023977 -0.021343 -0.0128146 -0.00364091 -0.0492057 0.0846614 0.102119 -0.0221093 -0.0233608 -0.045058 -0.0765345
internal_weight=126406 63565 58164 46368 62841 48114 37457 14727 5401 4642 759 7569 10657 7158
internal_count=126406 63565 58164 46368 62841 48114 37457 14727 5401 4642 759 7569 10657 7158
is_linear=0
shrinkage=0.01


Tree=173
num_leaves=15
num_cat=0
split_feature=23 31 7 2 4 10 8 2 0 20 20 17 17 19
split_gain=558882 250013 170516 178679 162938 134535 132212 127383 128194 112511 82045.8 78337.9 73665.5 59581.3
threshold=65.836190912078123 34.43610054921843 1003.9001350000001 19.925000000000001 1.0000000180025095e-35 1.0000000180025095e-35 0.60355339059327384 4.9250000000000016 36.742692288818368 60.15256653992396 136.58040201005028 0.0084488385090746385 0.012359269662975927 0.014118626289191695
decision_type=2 2 2 2 2 2 2 2 2 2 2 2 2 2
left_child=1 7 3 11 5 -3 9 13 -9 -4 -5 -2 -8 -1
right_child=2 4 6 10 -6 -7 12 8 -10 -11 -12 -13 -14 -15
leaf_value=0.30674859337348453 8.5725766128755027e-06 0.016127497134540796 0.009913000708937544 0.042884056591234315 -0.067979520392748849 -0.013210398916384215 0.025701579721974489 -0.019274901042507932 -0.060071173699714112 0.099112070429996424 0.21504931665237606 -0.076249594686261676 -0.18741960672672683 0.044165956404121201
leaf_weight=93 4118 36770 1703 6081 3341 27188 4022 16970 14104 8335 290 2002 169 1220
leaf_count=93 4118 36770 1703 6081 3341 27188 4022 16970 14104 8335 290 2002 169 1220
internal_value=-1.3241e-11 -0.0108862 0.0406139 0.0136519 9.99148e-05 0.00365621 0.0642827 -0.033715 -0.0377917 0.083979 0.0507208 -0.0249373 0.0171076 0.0627647
internal_weight=126406 99686 26720 12491 67299 63958 14229 32387 31074 10038 6371 6120 4191 1313
internal_count=126406 99686 26720 12491 67299 63958 14229 32387 31074 10038 6371 6120 4191 1313
is_linear=0
shrinkage=0.01


Tree=174
num_leaves=15
num_cat=0
split_feature=23 15 5 0 17 23 9 16 10 2 9 26 0 7
split_gain=549496 236967 196320 219011 145568 130170 123782 105949 102312 101072 76367.9 74069.1 65401.3 54522
threshold=52.245213897886067 0.084043854175721647 6.5000000000000009 35.400001525878913 0.012359269662975927 102.9774047759842 -0.60355339059327384 4.9201431525000006 0.25000000000000011 18.375000000000004 -0.60355339059327384 16.598326507614885 35.400001525878913 1003.6996700000001
decision_type=2 2 2 2 2 2 2 2 2 2 2 2 2 2
left_child=4 8 5 -4 6 -3 11 -8 10 -6 -2 -1 -11 -10
right_child=1 2 3 -5 9 -7 7 -9 13 12 -12 -13 -14 -15
leaf_value=0.0012764324372243072 0.19197457737106313 0.030297728198638695 0.017349010447983728 -0.038561706680144345 -0.075418327156295331 0.13738178504310267 -0.044736268940027912 -0.0083963958775613908 -0.088077232782777987 0.035229670917330508 0.062780778423254746 0.060594349644376939 -0.037841276518882715 0.065047929244024236
leaf_weight=12436 1277 26998 20683 10595 7158 1185 13619 19525 266 1537 713 2534 6032 1848
leaf_count=12436 1277 26998 20683 10595 7158 1185 13619 19525 266 1537 713 2534 6032 1848
internal_value=-2.51864e-12 0.0207306 0.0156581 -0.00158999 -0.0209694 0.0348003 -0.012549 -0.0233286 0.0942237 -0.0484793 0.145686 0.0113173 -0.0230031 0.0457805
internal_weight=126406 63565 59461 31278 62841 28183 48114 33144 4104 14727 1990 14970 7569 2114
internal_count=126406 63565 59461 31278 62841 28183 48114 33144 4104 14727 1990 14970 7569 2114
is_linear=0
shrinkage=0.01


Tree=175
num_leaves=15
num_cat=0
split_feature=23 31 4 17 0 31 0 2 0 9 13 23 7 3
split_gain=541877 269538 177391 150824 145283 143351 124588 123869 137436 106031 70411.9 59890.8 51013.4 41716.7
threshold=69.758813312678981 34.43610054921843 1.0000000180025095e-35 0.0054789741426296739 37.042691525878915 40.007710181664557 34.083213737060554 5.7750000000000012 36.742692288818368 -0.5 11.569279319124648 11.396604938271606 1009.2000650000001 28.866941500000003
decision_type=2 2 2 2 2 2 2 2 2 2 2 2 2 2
left_child=1 7 4 6 -3 12 13 11 -9 -8 -7 -1 -5 -2
right_child=3 2 -4 5 -6 10 9 8 -10 -11 -12 -13 -14 -15
leaf_value=-0.21078762797768724 -0.14486358109665545 0.011248939637365132 -0.067552251283793954 -0.054256150989873547 -0.029901360769624099 0.047512533158970228 0.14996320607402441 -0.01867925733555939 -0.06069496027848735 0.067286259558678271 -0.15566638767847729 0.05944921483191961 0.085157689146735549 0.026698673253513171
leaf_weight=86 152 59227 3513 2447 10033 8639 2654 17672 13916 3733 174 1768 294 2098
leaf_count=86 152 59227 3513 2447 10033 8639 2654 17672 13916 3733 174 1768 294 2098
internal_value=-6.79296e-12 -0.00902719 0.00177167 0.0474876 0.00528791 0.0238572 0.0790988 -0.0325265 -0.0371892 0.101641 0.0435011 0.046914 -0.0393026 0.0151087
internal_weight=126406 106215 72773 20191 69260 11554 8637 33442 31588 6387 8813 1854 2741 2250
internal_count=126406 106215 72773 20191 69260 11554 8637 33442 31588 6387 8813 1854 2741 2250
is_linear=0
shrinkage=0.01


Tree=176
num_leaves=15
num_cat=0
split_feature=20 0 16 10 8 15 1 8 1 11 28 6 1 4
split_gain=456467 277105 268928 232690 190839 155798 194338 126778 121417 79281.7 69815.5 70267.7 48255.6 37723.8
threshold=67.962841341168357 36.742692288818368 0.21375782999999957 1.0000000180025095e-35 0.37940952255126054 0.09867972160913803 -118.21337597412109 0.78656609248549325 -118.21337597412109 0.6830127018922193 55.115547106041411 12.100785000000002 -119.7866065258789 1.0000000180025095e-35
decision_type=2 2 2 2 2 2 2 2 2 2 2 2 2 2
left_child=1 7 9 -4 5 12 -7 8 -1 -3 -6 -12 -2 -9
right_child=4 2 3 -5 10 6 -8 13 -10 -11 11 -13 -14 -15
leaf_value=0.0054502371276082548 0.027666357186198795 0.0012128475130472763 -0.010116595795661629 -0.055762169884265557 -0.027733064929721229 0.027044354384419517 0.1112266194225657 -0.019291875065373602 0.048002001037643675 0.16149080042618541 0.036709348897876588 -0.085756252415594647 0.19209893311870413 -0.096177376074562601
leaf_weight=35748 213 459 23600 21201 3961 9507 3854 10859 8254 942 5517 512 1101 678
leaf_count=35748 213 459 23600 21201 3961 9507 3854 10859 8254 942 5517 512 1101 678
internal_value=1.48949e-11 -0.0093565 -0.0274509 -0.0317173 0.0385948 0.0615449 0.0513269 0.0056959 0.0134322 0.10898 0.00488164 0.0263092 0.165444 -0.0238102
internal_weight=126406 101741 46202 44801 24665 14675 13361 55539 44002 1401 9990 6029 1314 11537
internal_count=126406 101741 46202 44801 24665 14675 13361 55539 44002 1401 9990 6029 1314 11537
is_linear=0
shrinkage=0.01


Tree=177
num_leaves=15
num_cat=0
split_feature=23 15 14 23 8 17 2 47 6 7 44 23 2 35
split_gain=522620 227711 200560 192304 143079 144200 99210.4 92808 89588.9 73952.6 81465.7 65745.3 40195.7 21505.4
threshold=52.245213897886067 0.084043854175721647 6.5215796741871808 115.34937668610237 0.78656609248549325 0.00748316289466974 8.4250000000000025 1.0000000180025095e-35 12.600642500000001 1003.0992000000001 1.0000000180025095e-35 18.680402994883352 15.425000000000002 105.68340036685329
decision_type=2 2 2 2 2 2 2 2 2 2 2 2 2 2
left_child=4 9 3 -3 5 6 -1 -7 -4 13 -11 -6 -13 -2
right_child=1 2 8 -5 11 7 -8 -9 -10 10 -12 12 -14 -15
leaf_value=0.057906029965481692 -0.0018080220000688421 0.017733155702879404 -0.01966429915248066 0.13124393691335476 -0.14121998074805228 -0.03248678660645736 -0.002407697754497925 0.05124005979223225 -0.11458996059660441 0.045721642004521952 0.14095598325131731 -0.060312055946628862 -0.024467271926445815 -0.18381528357264176
leaf_weight=3177 215 52695 3895 1536 738 25634 19265 1396 1335 1459 2337 6924 5707 93
leaf_count=3177 215 52695 3895 1536 738 25634 19265 1396 1335 1459 2337 6924 5707 93
internal_value=1.71379e-12 0.0202172 0.0152448 0.0209482 -0.0204501 -0.0126062 0.00613061 -0.0281626 -0.0438948 0.0922608 0.104352 -0.0494768 -0.0441165 -0.0567648
internal_weight=126406 63565 59461 54231 62841 49472 22442 27030 5230 4104 3796 13369 12631 308
internal_count=126406 63565 59461 54231 62841 49472 22442 27030 5230 4104 3796 13369 12631 308
is_linear=0
shrinkage=0.01


Tree=178
num_leaves=15
num_cat=0
split_feature=23 5 0 16 25 17 31 1 0 8 23 4 14 0
split_gain=515636 262728 218310 191175 154940 146459 140274 132385 120611 98103.2 95262.8 67489.2 47193.4 39160.3
threshold=69.758813312678981 12.500000000000002 36.742692288818368 0.48914212500000021 33.963361967797972 0.0054789741426296739 40.007710181664557 -119.7866065258789 34.083213737060554 0.37940952255126054 115.34937668610237 1.0000000180025095e-35 -3.4199908321316079 36.742692288818368
decision_type=2 2 2 2 2 2 2 2 2 2 2 2 2 2
left_child=1 4 9 -4 12 8 13 -6 -2 -3 -10 -8 -1 -7
right_child=5 2 3 -5 7 6 11 -9 10 -11 -12 -13 -14 -15
leaf_value=-0.052980319261418982 0.014513278721794488 0.006887436931639194 0.052147965566585484 -0.056714739763651566 -0.011858232972422125 -0.025050600299031021 0.048335675260119504 0.02466673503266454 0.085524051693016467 -0.032240622578033729 0.20521317568259309 -0.088073224438487072 -0.005508897720762177 -0.13872189051350875
leaf_weight=4924 2250 18501 1748 20909 14309 2394 8434 32377 5633 9803 754 379 3644 347
leaf_count=4924 2250 18501 1748 20909 14309 2394 8434 32377 5633 9803 754 379 3644 347
internal_value=1.24802e-11 -0.0088059 -0.0251825 -0.0483159 0.00629829 0.0463235 0.0230375 0.013472 0.077474 -0.00666444 0.0996536 0.0424695 -0.0327906 -0.0394409
internal_weight=126406 106215 50961 22657 55254 20191 11554 46686 8637 28304 6387 8813 8568 2741
internal_count=126406 106215 50961 22657 55254 20191 11554 46686 8637 28304 6387 8813 8568 2741
is_linear=0
shrinkage=0.01


Tree=179
num_leaves=15
num_cat=0
split_feature=31 23 1 8 2 23 4 0 0 0 8 9 0 7
split_gain=509996 327993 251572 151651 145476 143323 134496 128007 109877 96313.6 88811.3 72729.9 71187.9 54974.9
threshold=44.868715673848762 69.758813312678981 -118.21337597412109 0.12940952255126045 6.8250000000000002 115.34937668610237 1.0000000180025095e-35 37.042691525878915 36.742692288818368 37.042691525878915 0.60355339059327384 -0.12940952255126037 34.083213737060554 1008.5001850000001
decision_type=2 2 2 2 2 2 2 2 2 2 2 2 2 2
left_child=2 6 4 11 10 9 7 -2 -6 -3 -1 -4 -7 -5
right_child=1 5 3 13 8 12 -8 -9 -10 -11 -12 -13 -14 -15
leaf_value=0.055052380620892863 0.0172196056340038 0.054319258106046091 0.090981397049882048 -0.032015777860237779 -0.019879873315620886 -0.029414087801836849 -0.071337488282733411 -0.029959673633146361 -0.050627823261156224 -0.17734317188980162 -0.046970636148675214 0.019991699119443061 0.18460569031530497 0.082091146192024123
leaf_weight=3028 42288 12878 3111 3933 23567 178 2078 6656 22929 182 1188 2692 1225 473
leaf_count=3028 42288 12878 3111 3933 23567 178 2078 6656 22929 182 1188 2692 1225 473
internal_value=2.51383e-11 0.0193737 -0.0208251 0.0244658 -0.0299428 0.0614086 0.00745819 0.0108036 -0.0350429 0.0510909 0.026304 0.0580494 0.157453 -0.019766
internal_weight=126406 65485 60921 10209 50712 14463 51022 48944 46496 13060 4216 5803 1403 4406
internal_count=126406 65485 60921 10209 50712 14463 51022 48944 46496 13060 4216 5803 1403 4406
is_linear=0
shrinkage=0.01


Tree=180
num_leaves=15
num_cat=0
split_feature=20 5 13 8 17 2 8 15 1 17 1 6 44 1
split_gain=427030 255163 226429 186023 182218 181407 155974 149308 188500 104536 72241.7 67473.4 70016.1 46481.6
threshold=67.962841341168357 4.5000000000000009 2.5364398232830756 0.37940952255126054 0.0075368008358445123 24.525000000000002 0.60355339059327384 0.09867972160913803 -118.21337597412109 0.014850907113320105 -119.7866065258789 12.404780500000003 1.0000000180025095e-35 -119.7866065258789
decision_type=2 2 2 2 2 2 2 2 2 2 2 2 2 2
left_child=1 2 10 7 6 -6 -3 13 -9 -4 -1 12 -5 -2
right_child=3 4 9 11 5 -7 -8 8 -10 -11 -12 -13 -14 -15
leaf_value=-0.0022302511830511631 0.026478913025012322 0.0088230388837218648 -0.0030517849739503142 -0.0061008968053325808 -0.05308182353781489 0.018678089757284112 -0.045063453173667625 0.026070391874556093 0.1089785711568403 -0.056033414668318904 0.040795980436855117 -0.086012101351273795 0.05457180264826772 0.18786078282717369
leaf_weight=5039 213 20103 20216 6540 23030 4159 7330 9507 3854 4565 17299 768 2682 1101
leaf_count=5039 213 20103 20216 6540 23030 4159 7330 9507 3854 4565 17299 768 2682 1101
internal_value=-5.73034e-13 -0.00904978 0.0080011 0.0373296 -0.0237585 -0.042105 -0.00557524 0.0599884 0.0499854 -0.0128117 0.0310901 0.00404449 0.0115443 0.161701
internal_weight=126406 101741 47119 24665 54622 27189 27433 14675 13361 24781 22338 9990 9222 1314
internal_count=126406 101741 47119 24665 54622 27189 27433 14675 13361 24781 22338 9990 9222 1314
is_linear=0
shrinkage=0.01


Tree=181
num_leaves=15
num_cat=0
split_feature=23 2 14 23 6 25 2 2 7 0 44 0 1 11
split_gain=489514 213306 204277 176038 135694 109108 96135.8 95045.5 92442.5 88546.5 82217 60819.9 44277.7 40437.9
threshold=52.245213897886067 7.6250000000000009 6.5215796741871808 115.34937668610237 12.301683000000002 24.466771112049951 18.375000000000004 6.8250000000000002 1003.2999500000001 36.742692288818368 1.0000000180025095e-35 35.400001525878913 -118.21337597412109 0.93301270189221952
decision_type=2 2 2 2 2 2 2 2 2 2 2 2 2 2
left_child=4 8 3 -3 5 13 12 -7 -2 -4 -10 -8 -6 -1
right_child=1 2 9 -5 6 7 11 -9 10 -11 -12 -13 -14 -15
leaf_value=-0.065548962941571379 -0.056868496647682683 0.016879742593745823 -0.024359759450194023 0.12669108052893024 -0.077627051734529412 0.044494754753541199 0.034710776761451491 -0.010890701199663226 0.047230402543058672 -0.12550896314418697 0.13302743093888597 -0.035556927033266711 0.038123790526290231 0.041590699324282207
leaf_weight=4392 435 52033 3941 1502 6939 3360 1545 39799 1976 1109 2569 6076 347 383
leaf_count=4392 435 52033 3941 1502 6939 3360 1545 39799 1976 1109 2569 6076 347 383
internal_value=2.35543e-11 0.0195664 0.0142255 0.0199607 -0.0197918 -0.0115972 -0.0461421 -0.00657885 0.082397 -0.0465725 0.095726 -0.0213116 -0.0721144 -0.0569554
internal_weight=126406 63565 58585 53535 62841 47934 14907 43159 4980 5050 4545 7621 7286 4775
internal_count=126406 63565 58585 53535 62841 47934 14907 43159 4980 5050 4545 7621 7286 4775
is_linear=0
shrinkage=0.01


Tree=182
num_leaves=15
num_cat=0
split_feature=23 8 0 6 7 5 9 11 0 15 27 5 0 45
split_gain=481333 214606 219252 246326 159848 164426 120132 127072 114417 99839.4 94239.6 84811.8 78452.5 50018.7
threshold=65.596453551143057 0.78656609248549325 35.400001525878913 10.7017845 1003.9999500000001 19.500000000000004 -0.60355339059327384 0.6830127018922193 35.400001525878913 0.25766401639599029 126.69011725293133 6.5000000000000009 37.042691525878915 1.0000000180025095e-35
decision_type=2 2 2 2 2 2 2 2 2 2 2 2 2 2
left_child=1 2 9 -4 5 10 7 -6 -7 -1 -2 -3 -8 -13
right_child=4 11 3 -5 6 8 12 -9 -10 -11 -12 13 -14 -15
leaf_value=0.00013037165804072063 0.034655164179816948 -0.019877433496603428 -0.00031152841150172017 -0.048509518578374843 0.02718386881805741 -0.0044490984126722291 0.044514404388979391 0.13928839081209451 -0.11208720983953377 0.037164906280967726 0.19825383255649812 -0.069407423993973968 -0.15415058887283789 -0.0042879731849938879
leaf_weight=14197 6914 11188 33637 15485 1506 4311 9553 3077 1281 14939 371 8371 203 1373
leaf_count=14197 6914 11188 33637 15485 1506 4311 9553 3077 1281 14939 371 8371 203 1373
internal_value=3.25301e-11 -0.0102216 -0.00261432 -0.0155052 0.037253 0.0116793 0.0602192 0.10245 -0.0291065 0.0191192 0.0429867 -0.0386626 0.0403806 -0.0602316
internal_weight=126406 99190 78258 49122 27216 12877 14339 4583 5592 29136 7285 20932 9756 9744
internal_count=126406 99190 78258 49122 27216 12877 14339 4583 5592 29136 7285 20932 9756 9744
is_linear=0
shrinkage=0.01


Tree=183
num_leaves=15
num_cat=0
split_feature=23 4 23 13 17 9 11 12 19 2 0 1 43 9
split_gain=472829 209313 225185 176812 131903 117089 186506 103645 98600.4 93678.9 58297 42880 34970.9 23848.4
threshold=52.245213897886067 1.0000000180025095e-35 115.34937668610237 10.260001480763526 0.012359269662975927 -0.60355339059327384 0.6830127018922193 1.0000000180025095e-35 0.51162172361507741 18.375000000000004 35.400001525878913 -118.21337597412109 1.0000000180025095e-35 -0.70710678118654757
decision_type=2 2 2 2 2 2 2 2 2 2 2 2 2 2
left_child=4 2 3 -2 5 6 -1 -4 -7 11 -11 -6 13 -3
right_child=1 12 7 -5 9 8 -8 -9 -10 10 -12 -13 -14 -15
leaf_value=-0.008205264538384667 0.023633322372734834 -0.038470710290505764 0.076340837942017084 -0.05977963747274459 -0.077047688420457741 -0.04408723768648419 0.074128142169133521 0.2323406208350644 -0.0084998034563686514 0.033867319788142711 -0.035120878168370166 0.037860137141771243 -0.02748157588426476 -0.12277907825905826
leaf_weight=11337 56016 496 1204 2662 6817 12499 3633 659 20645 1537 6032 341 1491 1037
leaf_count=11337 56016 496 1204 2662 6817 12499 3633 659 20645 1537 6032 341 1491 1037
internal_value=1.12616e-11 0.0192301 0.0232857 0.0198492 -0.0194516 -0.0114362 0.0117758 0.131523 -0.0219203 -0.0456385 -0.0211118 -0.0715736 -0.0619638 -0.0955012
internal_weight=126406 63565 60541 58678 62841 48114 14970 1863 33144 14727 7569 7158 3024 1533
internal_count=126406 63565 60541 58678 62841 48114 14970 1863 33144 14727 7569 7158 3024 1533
is_linear=0
shrinkage=0.01


Tree=184
num_leaves=15
num_cat=0
split_feature=31 23 1 8 2 5 23 0 7 0 8 2 0 7
split_gain=486079 300760 241788 148619 140193 150542 133719 120724 95895.5 93452.4 86032.8 73294.3 69001 53352.4
threshold=45.429657794676807 69.758813312678981 -118.21337597412109 0.12940952255126045 6.8250000000000002 4.5000000000000009 115.34937668610237 37.042691525878915 1006.0001850000001 37.042691525878915 0.60355339059327384 11.225000000000001 34.083213737060554 1008.5001850000001
decision_type=2 2 2 2 2 2 2 2 2 2 2 2 2 2
left_child=2 7 4 11 10 -6 9 8 -2 -3 -1 -4 -8 -5
right_child=1 6 3 13 5 -7 12 -9 -10 -11 -12 -13 -14 -15
leaf_value=0.054090972197574506 0.0053660816054621994 0.052861528129381573 0.1415330176354222 -0.031391067348646023 -0.013163757694099568 -0.049104549708600169 -0.031707137176440768 -0.031157522875487845 0.040004299903385825 -0.1753478780110459 -0.045577650084411454 0.042341886974388884 0.17961742239647432 0.079472778666605765
leaf_weight=3079 32306 12766 874 3995 20426 27138 177 6890 10620 182 1205 5045 1216 487
leaf_count=3079 32306 12766 874 3995 20426 27138 177 6890 10620 182 1205 5045 1216 487
internal_value=-1.49648e-11 0.0193158 -0.0199079 0.0240949 -0.0287351 -0.03367 0.0596694 0.00769887 0.0139357 0.0496538 0.0260563 0.0569885 0.152766 -0.019345
internal_weight=126406 64157 62249 10401 51848 47564 14341 49816 42926 12948 4284 5919 1393 4482
internal_count=126406 64157 62249 10401 51848 47564 14341 49816 42926 12948 4284 5919 1393 4482
is_linear=0
shrinkage=0.01


Tree=185
num_leaves=15
num_cat=0
split_feature=31 23 1 8 23 4 1 6 35 1 11 9 46 3
split_gain=476581 298706 231465 143260 131479 127411 119457 112264 103112 91419.8 91189.5 70750.5 68187.1 29477.1
threshold=44.868715673848762 69.758813312678981 -118.21337597412109 0.12940952255126045 115.34937668610237 1.0000000180025095e-35 -120.84999847412108 7.598170500000001 66.649978876214632 -120.84999847412108 0.93301270189221952 -0.12940952255126037 1.0000000180025095e-35 74.868908000000019
decision_type=2 2 2 2 2 2 2 2 2 2 2 2 2 2
left_child=2 5 7 11 9 6 -2 10 -9 -3 -1 -4 -6 -5
right_child=1 4 3 13 12 -7 -8 8 -10 -11 -12 -13 -14 -15
leaf_value=-0.019980232007853749 -0.028765148595649201 -0.17359439865409673 0.08843402079878479 0.016875536389734446 0.17740729980897157 -0.069335080578808272 0.016811295018568279 -0.02990458226591448 -0.072219790035174564 0.052105736157135346 0.041219797898653578 0.018417039675362006 -0.032053131712286659 -0.037980912957348088
leaf_weight=20489 6656 182 3111 1470 1225 2078 42288 19242 8218 12878 2763 2692 178 2936
leaf_count=20489 6656 182 3111 1470 1225 2078 42288 19242 8218 12878 2763 2692 178 2936
internal_value=6.51915e-12 0.0187282 -0.0201313 0.023312 0.0588427 0.00735716 0.0106133 -0.028877 -0.0425683 0.0489605 -0.0127079 0.0559533 0.150833 -0.0196788
internal_weight=126406 65485 60921 10209 14463 51022 48944 50712 27460 13060 23252 5803 1403 4406
internal_count=126406 65485 60921 10209 14463 51022 48944 50712 27460 13060 23252 5803 1403 4406
is_linear=0
shrinkage=0.01


Tree=186
num_leaves=15
num_cat=0
split_feature=31 25 1 15 1 10 5 10 11 5 2 16 3 26
split_gain=467097 272674 226858 158831 158783 166678 136275 97736.1 94872.9 91462.1 69232.3 64110.7 61047.3 39058
threshold=44.868715673848762 73.593804887033414 -118.21337597412109 0.063427746452943148 -118.21337597412109 1.0000000180025095e-35 4.5000000000000009 -0.93301270189221908 -0.5 3.5000000000000004 10.575000000000001 0.051000000000000031 70.927510000000026 37.698913730712952
decision_type=2 2 2 2 2 2 2 2 2 2 2 2 2 2
left_child=2 4 3 11 5 -2 -5 13 -6 -9 -4 -1 -12 -3
right_child=1 7 10 6 8 -7 -8 9 -10 -11 12 -13 -14 -15
leaf_value=0.16465221255630877 0.019015581624338789 -0.10754915298793118 0.088809932868672198 -0.013089076645587155 0.013559572018579654 -0.018300770457466604 -0.047069567828444375 0.11073574007301229 0.10393497199071808 0.048389024122072327 0.041305891703057512 0.027114482147411158 -0.011475516035535633 0.25532326033338903
leaf_weight=406 30556 406 1385 20574 2042 19678 27681 3744 2694 6333 4052 2051 4772 32
leaf_count=406 30556 406 1385 20574 2042 19678 27681 3744 2694 6333 4052 2051 4772 32
internal_value=-4.97397e-12 0.018541 -0.01993 -0.0285882 0.00961628 0.00439777 -0.0325816 0.0651971 0.0649682 0.0715533 0.0230789 0.0498415 0.0127618 -0.0810379
internal_weight=126406 65485 60921 50712 54970 50234 48255 10515 4736 10077 10209 2457 8824 438
internal_count=126406 65485 60921 50712 54970 50234 48255 10515 4736 10077 10209 2457 8824 438
is_linear=0
shrinkage=0.01


Tree=187
num_leaves=15
num_cat=0
split_feature=31 23 47 15 8 5 23 10 47 48 48 2 23 46
split_gain=457866 284275 227723 157096 142359 138442 127795 119780 107803 104040 89555.5 70562.7 66481.6 66288.8
threshold=45.429657794676807 69.758813312678981 1.0000000180025095e-35 0.063427746452943148 0.12940952255126045 4.5000000000000009 115.34937668610237 1.0000000180025095e-35 1.0000000180025095e-35 1.0000000180025095e-35 1.0000000180025095e-35 10.575000000000001 11.396604938271606 1.0000000180025095e-35
decision_type=2 2 2 2 2 2 2 2 2 2 2 2 2 2
left_child=2 7 3 12 11 -5 10 9 -9 -2 -3 -4 -1 -8
right_child=1 6 4 5 -6 -7 13 8 -10 -11 -12 -13 -14 -15
leaf_value=-0.21286317702903543 0.02706131911211164 0.051327901273837552 0.14902231754591005 -0.012426523300150186 -0.019132974760375898 -0.046281287446901798 0.17530856821759558 -0.018606203673793648 0.067467175060989135 -0.028992835369065339 -0.17207277281926228 0.042818179235651663 0.059625119421197387 -0.031821128349161926
leaf_weight=93 26306 12766 711 21103 4482 28247 1216 18140 1582 3788 182 5208 2405 177
leaf_count=93 26306 12766 711 21103 4482 28247 1216 18140 1582 3788 182 5208 2405 177
internal_value=9.45702e-13 0.0187469 -0.0193215 -0.0278881 0.0233822 -0.0318043 0.0579791 0.00745276 -0.0117018 0.0200057 0.0481877 0.0555756 0.0494804 0.14899
internal_weight=126406 64157 62249 51848 10401 49350 14341 49816 19722 30094 12948 5919 2498 1393
internal_count=126406 64157 62249 51848 10401 49350 14341 49816 19722 30094 12948 5919 2498 1393
is_linear=0
shrinkage=0.01


Tree=188
num_leaves=15
num_cat=0
split_feature=31 25 1 1 10 15 8 5 10 14 10 9 18 26
split_gain=448902 263556 219290 154018 162474 150339 137168 129654 95662.6 95430.2 83028 69132.7 61109.6 38312.2
threshold=44.444550063371366 73.593804887033414 -118.21337597412109 -118.21337597412109 1.0000000180025095e-35 0.063427746452943148 0.12940952255126045 4.5000000000000009 -0.93301270189221908 6.1200053661614797 0.68301270189221941 -0.12940952255126037 0.12309227659233994 37.698913730712952
decision_type=2 2 2 2 2 2 2 2 2 2 2 2 2 2
left_child=2 3 5 4 -2 12 11 -7 13 -10 -5 -4 -1 -3
right_child=1 8 6 10 -6 7 -8 -9 9 -11 -12 -13 -14 -15
leaf_value=0.16306991203501819 0.018641542630889116 -0.10702152170240879 0.086661353047639819 0.044642648518601502 -0.018069652663956867 -0.013014652389367281 -0.019452263101341963 -0.046279597087924743 0.08110108191378336 -0.01645277353340184 0.15503711960704039 0.017449472275373919 0.02651525925123269 0.25236983816605063
leaf_weight=390 30721 406 3111 3911 19842 20408 4406 27513 8968 1129 825 2692 2052 32
leaf_count=390 30721 406 3111 3911 19842 20408 4406 27513 8968 1129 825 2692 2052 32
internal_value=-1.71035e-11 0.018076 -0.0196463 0.00934288 0.00423529 -0.0282129 0.0226144 -0.0321131 0.0639169 0.0701931 0.0638731 0.0545541 0.0483237 -0.0807646
internal_weight=126406 65834 60572 55299 50563 50363 10209 47921 10535 10097 4736 5803 2442 438
internal_count=126406 65834 60572 55299 50563 50363 10209 47921 10535 10097 4736 5803 2442 438
is_linear=0
shrinkage=0.01


Tree=189
num_leaves=15
num_cat=0
split_feature=31 23 1 8 2 5 23 10 0 0 0 8 17 0
split_gain=439969 280449 214926 134438 128455 133990 124964 118626 158934 104030 87462.9 80561.5 67856.5 65539.7
threshold=44.444550063371366 69.758813312678981 -118.21337597412109 0.12940952255126045 6.8250000000000002 4.5000000000000009 115.34937668610237 1.0000000180025095e-35 36.742692288818368 37.042691525878915 37.042691525878915 0.60355339059327384 0.011276127285715379 34.083213737060554
decision_type=2 2 2 2 2 2 2 2 2 2 2 2 2 2
left_child=2 7 4 12 11 -6 10 9 -9 -2 -3 -1 -4 -8
right_child=1 6 3 -5 5 -7 13 8 -10 -11 -12 -13 -14 -15
leaf_value=0.052442595968703064 0.026273558487681602 0.050194354605366781 0.075626587452345836 -0.019257740272270004 -0.013034468843051769 -0.047466849412596365 -0.03287054718880171 0.014280110526509739 -0.041575579740407237 -0.029079718134222943 -0.17056337951221964 -0.045195868672308029 -8.2170581039014301e-05 0.17248338487010106
leaf_weight=3016 26981 12911 4146 4406 19746 26427 178 10937 9536 3884 182 1174 1657 1225
leaf_count=3016 26981 12911 4146 4406 19746 26427 178 10937 9536 3884 182 1174 1657 1225
internal_value=2.17982e-11 0.0178953 -0.0194498 0.0223883 -0.0279308 -0.0327418 0.0567369 0.00692777 -0.0117366 0.019308 0.0471257 0.0250852 0.0540086 0.14643
internal_weight=126406 65834 60572 10209 50363 46173 14496 51338 20473 30865 13093 4190 5803 1403
internal_count=126406 65834 60572 10209 50363 46173 14496 51338 20473 30865 13093 4190 5803 1403
is_linear=0
shrinkage=0.01


Tree=190
num_leaves=15
num_cat=0
split_feature=31 25 1 15 1 10 8 5 10 5 10 2 16 26
split_gain=431326 251200 214456 149058 145619 151478 134122 128983 94924.1 89396.6 80848.8 68649.5 58712.8 36320.2
threshold=45.429657794676807 73.593804887033414 -118.21337597412109 0.059999999350877208 -118.21337597412109 1.0000000180025095e-35 0.12940952255126045 3.5000000000000004 -0.93301270189221908 3.5000000000000004 0.68301270189221941 11.225000000000001 0.051000000000000031 37.698913730712952
decision_type=2 2 2 2 2 2 2 2 2 2 2 2 2 2
left_child=2 4 3 12 5 -2 11 -5 13 -10 -6 -4 -1 -3
right_child=1 8 6 7 10 -7 -8 -9 9 -11 -12 -13 -14 -15
leaf_value=0.16409885590224316 0.018480218853524313 -0.10701138053653259 0.13575791016770888 -0.011608127197477933 0.044104161061246455 -0.017518801362145741 -0.018578767675162929 -0.044308342777256392 0.10825291097819534 0.0463651807668648 0.15488962466951223 0.039761180723264435 0.029204110815426898 0.24819894916107579
leaf_weight=391 29993 403 874 20696 3797 19153 4482 28915 3721 6262 797 5045 1846 31
leaf_count=391 29993 403 874 20696 3797 19153 4482 28915 3721 6262 797 5045 1846 31
internal_value=-2.92293e-12 0.0181955 -0.0187532 -0.0270665 0.00948363 0.00445081 0.022688 -0.0306669 0.0631388 0.0694328 0.063324 0.0539361 0.052782 -0.0816392
internal_weight=126406 64157 62249 51848 53740 49146 10401 49611 10417 9983 4594 5919 2237 434
internal_count=126406 64157 62249 51848 53740 49146 10401 49611 10417 9983 4594 5919 2237 434
is_linear=0
shrinkage=0.01


Tree=191
num_leaves=15
num_cat=0
split_feature=23 8 2 1 8 17 2 25 0 23 4 2 6 19
split_gain=415500 210315 232148 194899 133590 129969 90931.2 80861 80081.9 61508.7 40487.9 36974.2 30982.7 12941
threshold=52.245213897886067 0.78656609248549325 7.6250000000000009 -118.21337597412109 0.78656609248549325 0.00748316289466974 8.4250000000000025 90.178145979756309 36.742692288818368 18.680402994883352 1.0000000180025095e-35 15.425000000000002 13.416919000000002 0.21442160563727949
decision_type=2 2 2 2 2 2 2 2 2 2 2 2 2 2
left_child=4 2 7 -4 5 6 -1 -2 -7 13 12 -11 -3 -6
right_child=1 10 3 -5 9 8 -8 -9 -10 11 -12 -13 -14 -15
leaf_value=0.056701348296756222 0.080755288448634874 -0.0099265229810854335 0.0095940729797109915 0.057564599130120242 -0.18327766175243757 -0.004518901732493209 -0.0010409722270404394 0.20247522029883536 -0.039596081272418017 -0.056630174065769937 -0.10407612887516847 -0.02225177907105878 -0.070976839979328882 -0.098683309619007481
leaf_weight=3177 3273 11507 35596 11114 317 10921 19265 655 16109 6924 524 5707 896 421
leaf_count=3177 3273 11507 35596 11114 317 10921 19265 655 16109 6924 524 5707 896 421
internal_value=-9.15682e-12 0.0180266 0.027217 0.021008 -0.0182343 -0.0106549 0.00713331 0.101052 -0.0254238 -0.0462819 -0.0179744 -0.0410972 -0.0143368 -0.13502
internal_weight=126406 63565 50638 46710 62841 49472 22442 3928 27030 13369 12927 12631 12403 738
internal_count=126406 63565 50638 46710 62841 49472 22442 3928 27030 13369 12927 12631 12403 738
is_linear=0
shrinkage=0.01


Tree=192
num_leaves=15
num_cat=0
split_feature=31 25 1 1 15 5 5 7 2 7 11 2 19 3
split_gain=421286 245890 202846 145110 141099 120584 116346 100557 168858 93250.7 91680.6 72130 49421.7 38209.1
threshold=44.444550063371366 73.593804887033414 -118.21337597412109 -118.21337597412109 0.059999999350877208 3.5000000000000004 21.500000000000004 1002.8996150000002 13.425000000000002 1008.3002700000001 -0.5 6.8250000000000002 0.014118626289191695 70.927510000000026
decision_type=2 2 2 2 2 2 2 2 2 2 2 2 2 2
left_child=2 3 4 6 12 -6 -2 8 -3 13 -5 -9 -1 -4
right_child=1 7 9 10 5 -7 -8 11 -10 -11 -12 -13 -14 -15
leaf_value=0.17960119492317916 0.016543377024140216 -0.14491976015080105 0.033404742248375363 0.011469311507762639 -0.012069850407461421 -0.044173832963379116 -0.014400745340181596 0.15374054625922559 0.048206056095146776 0.094866585638486975 0.10031122735230831 0.068283504244698798 0.033684395746508194 -0.0089089587128168939
leaf_weight=264 30260 550 3722 2042 20014 28163 20303 1173 2560 1485 2694 6252 1922 5002
leaf_count=264 30260 550 3722 2042 20014 28163 20303 1173 2560 1485 2694 6252 1922 5002
internal_value=5.04196e-12 0.0175112 -0.0190324 0.00907581 -0.0272716 -0.030837 0.00411812 0.0617891 0.014052 0.021613 0.0620057 0.081784 0.0513066 0.00914372
internal_weight=126406 65834 60572 55299 50363 48177 50563 10535 3110 10209 4736 7425 2186 8724
internal_count=126406 65834 60572 55299 50363 48177 50563 10535 3110 10209 4736 7425 2186 8724
is_linear=0
shrinkage=0.01


Tree=193
num_leaves=15
num_cat=0
split_feature=1 4 15 8 5 9 36 3 13 44 30 15 9 15
split_gain=351242 298912 261518 244250 217204 132363 131736 61782.1 58858.9 53079.5 43040.2 40361.7 36136 33057.4
threshold=-118.21337597412109 1.0000000180025095e-35 0.086456621345978008 0.37940952255126054 6.5000000000000009 1.0000000180025095e-35 52.117659484579647 74.868908000000019 -9.3774950368194041 1.0000000180025095e-35 100.17278407245355 0.15005796614070185 -0.37940952255126015 0.063427746452943148
decision_type=2 2 2 2 2 2 2 2 2 2 2 2 2 2
left_child=1 2 5 6 -4 -1 10 11 -8 13 -2 -5 -11 -3
right_child=3 9 4 7 -6 -7 8 -9 -10 12 -12 -13 -14 -15
leaf_value=0.06787491330618399 0.046140957449467619 0.16254270968337853 0.0074962107954388039 0.15312452359749551 -0.023049869308853475 -0.049756831893761379 0.025511041467669859 -0.029663550070761144 0.15741307773442018 -0.056487706745749308 0.1388840402051639 0.01990523707278824 -0.13887731366415834 -0.053262609571816423
leaf_weight=7080 7951 72 49170 255 44208 1106 406 4195 2029 847 534 2103 1433 5017
leaf_count=7080 7951 72 49170 255 44208 1106 406 4195 2029 847 534 2103 1433 5017
internal_value=-3.44837e-12 -0.00667611 -0.00221414 0.0416213 -0.00696524 0.0519818 0.0705842 -0.00664293 0.13542 -0.0681737 0.0519777 0.0343119 -0.10827 -0.0502094
internal_weight=126406 108933 101564 17473 93378 8186 10920 6553 2435 7369 8485 2358 2280 5089
internal_count=126406 108933 101564 17473 93378 8186 10920 6553 2435 7369 8485 2358 2280 5089
is_linear=0
shrinkage=0.01


Tree=194
num_leaves=15
num_cat=0
split_feature=31 23 47 15 8 23 10 44 10 48 48 9 23 16
split_gain=412522 261747 195236 135959 125317 120822 113252 107277 106867 100989 85181.9 66685.7 62139.5 58849.8
threshold=44.444550063371366 69.758813312678981 1.0000000180025095e-35 0.059999999350877208 0.12940952255126045 115.34937668610237 1.0000000180025095e-35 1.0000000180025095e-35 0.25000000000000011 1.0000000180025095e-35 1.0000000180025095e-35 -0.12940952255126037 11.396604938271606 29.072478333000003
decision_type=2 2 2 2 2 2 2 2 2 2 2 2 2 2
left_child=2 6 3 12 11 10 9 -8 -5 -2 -3 -4 -1 -7
right_child=1 5 4 8 -6 13 7 -9 -10 -11 -12 -13 -14 -15
leaf_value=-0.21485414885422763 0.025692146773745855 0.048430083117839827 0.083104953834764489 -0.017940820919942698 -0.01916619024591917 0.1280936285518893 0.0038240951610817677 -0.04568894723237487 -0.048196914183572498 -0.028846014778431406 -0.16942996572764529 0.015129038463038756 0.060940811413343371 0.42356820467492229
leaf_weight=85 26981 12911 3111 28312 4406 1332 14135 6338 19865 3884 182 2692 2101 71
leaf_count=85 26981 12911 3111 28312 4406 1332 14135 6338 19865 3884 182 2692 2101 71
internal_value=1.63348e-11 0.0173281 -0.0188334 -0.0269165 0.0210423 0.0548523 0.00673261 -0.0115041 -0.0304164 0.0188292 0.0454017 0.0515711 0.0502169 0.143046
internal_weight=126406 65834 60572 50363 10209 14496 51338 20473 48177 30865 13093 5803 2186 1403
internal_count=126406 65834 60572 50363 10209 14496 51338 20473 48177 30865 13093 5803 2186 1403
is_linear=0
shrinkage=0.01


Tree=195
num_leaves=15
num_cat=0
split_feature=31 23 47 15 8 23 14 0 10 0 2 23 0 7
split_gain=404366 250759 194879 136881 125074 118247 116700 107866 111648 83577.2 66404.9 63529.1 63140.9 50722.4
threshold=45.429657794676807 69.758813312678981 1.0000000180025095e-35 0.063427746452943148 0.12940952255126045 115.34937668610237 5.7923611947433917 37.042691525878915 1.0000000180025095e-35 37.042691525878915 10.575000000000001 11.396604938271606 34.083213737060554 1008.5001850000001
decision_type=2 2 2 2 2 2 2 2 2 2 2 2 2 2
left_child=2 7 3 11 10 9 -5 8 -2 -3 -4 -1 -7 -6
right_child=1 5 4 6 13 12 -8 -9 -10 -11 -12 -13 -14 -15
leaf_value=-0.21031534132137095 0.025724509862268739 0.04807962302560017 0.14217423771470061 -0.023490265514085663 -0.030249303312747937 -0.034456083170101466 -0.06758737552420041 -0.029718846488947792 -0.0073842855266297615 -0.16773566613669744 0.039146525515910316 0.056053681915736293 0.1676956553743558 0.07784753632519463
leaf_weight=93 26306 12766 711 42358 3995 177 6992 6890 16620 182 5208 2405 1216 487
leaf_count=93 26306 12766 711 42358 3995 177 6992 6890 16620 182 5208 2405 1216 487
internal_value=-1.17953e-11 0.0176176 -0.0181576 -0.0260824 0.0213467 0.0544645 -0.029738 0.00701018 0.0129055 0.0450461 0.0515224 0.0461368 0.142009 -0.0185038
internal_weight=126406 64157 62249 51848 10401 14341 49350 49816 42926 12948 5919 2498 1393 4482
internal_count=126406 64157 62249 51848 10401 14341 49350 49816 42926 12948 5919 2498 1393 4482
is_linear=0
shrinkage=0.01


Tree=196
num_leaves=15
num_cat=0
split_feature=31 23 1 15 5 23 10 0 0 0 2 0 23 3
split_gain=396498 251420 187553 130766 116083 116059 108865 150616 97006.9 81828.5 64001 62412.3 61986.2 56241
threshold=44.444550063371366 69.758813312678981 -118.21337597412109 0.063427746452943148 4.5000000000000009 115.34937668610237 1.0000000180025095e-35 36.742692288818368 37.042691525878915 37.042691525878915 10.575000000000001 34.083213737060554 11.396604938271606 70.927510000000026
decision_type=2 2 2 2 2 2 2 2 2 2 2 2 2 2
left_child=2 6 3 12 -5 9 8 -8 -2 -3 -4 -7 -1 -12
right_child=1 5 10 4 -6 11 7 -9 -10 -11 13 -13 -14 -15
leaf_value=-0.20821218796955643 0.02519014658935816 0.047470407590369627 0.083818085543349435 -0.011952667271672908 -0.043428525121982517 -0.034767383700341326 0.014050560324431572 -0.040323703135803489 -0.028262088093035022 -0.16605830981181219 0.038096969763456501 0.16562714868379491 0.055019027941775808 -0.012564104876515346
leaf_weight=93 26981 12911 1385 20408 27513 178 10937 9536 3884 182 4052 1225 2349 4772
leaf_count=93 26981 12911 1385 20408 27513 178 10937 9536 3884 182 4052 1225 2349 4772
internal_value=1.7981e-11 0.0169882 -0.018464 -0.0263865 -0.030024 0.0537647 0.00660387 -0.0112761 0.0184638 0.0445022 0.0206192 0.140203 0.0449943 0.0106996
internal_weight=126406 65834 60572 50363 47921 14496 51338 20473 30865 13093 10209 1403 2442 8824
internal_count=126406 65834 60572 50363 47921 14496 51338 20473 30865 13093 10209 1403 2442 8824
is_linear=0
shrinkage=0.01


Tree=197
num_leaves=15
num_cat=0
split_feature=31 1 10 15 1 7 15 8 14 8 16 17 8 16
split_gain=388608 218238 205649 259783 183820 152389 128311 119967 110429 102139 73275.6 65370.3 64476.6 54524.5
threshold=44.444550063371366 -118.21337597412109 1.0000000180025095e-35 0.094594992829323502 -118.21337597412109 1004.6003850000001 0.059999999350877208 0.12940952255126045 5.7923611947433917 0.12940952255126045 0.28500000000000003 0.011276127285715379 0.37940952255126054 0.051000000000000031
decision_type=2 2 2 2 2 2 2 2 2 2 2 2 2 2
left_child=4 2 3 -2 6 12 13 11 -8 -7 -4 -6 -3 -1
right_child=1 5 10 -5 7 9 8 -9 -10 -11 -12 -13 -14 -15
leaf_value=0.15699872866893808 0.13081453604934759 0.059918702432781357 0.06842233938690917 0.01814859741597832 0.071501279136696558 0.18100836446912952 -0.023353586502370294 -0.018927842308397232 -0.066678182502548713 0.066224131189614316 -0.018075048442517051 -0.0028075916884338016 -0.021105505579145353 0.02575521649818632
leaf_weight=384 2175 2569 1028 34657 4146 1496 41317 4406 6860 1609 20710 1657 1590 1802
leaf_count=384 2175 2569 1028 34657 4146 1496 41317 4406 6860 1609 20710 1657 1590 1802
internal_value=-1.32756e-11 0.0168183 0.0104064 0.0248017 -0.0182794 0.0685182 -0.0261226 0.020413 -0.0295226 0.121528 -0.0139845 0.050283 0.0289429 0.0488099
internal_weight=126406 65834 58570 36832 60572 7264 50363 10209 48177 3105 21738 5803 4159 2186
internal_count=126406 65834 58570 36832 60572 7264 50363 10209 48177 3105 21738 5803 4159 2186
is_linear=0
shrinkage=0.01


Tree=198
num_leaves=15
num_cat=0
split_feature=31 23 17 8 35 4 23 48 11 48 5 44 12 5
split_gain=380962 238344 158220 125536 124264 119345 112180 103199 102098 83982.9 82518.8 60264.7 58421.5 48815.8
threshold=45.429657794676807 70.076515044829378 0.0065245609208621847 0.37940952255126054 66.096430080270395 1.0000000180025095e-35 115.34937668610237 1.0000000180025095e-35 0.93301270189221952 1.0000000180025095e-35 26.500000000000004 1.0000000180025095e-35 1.0000000180025095e-35 3.5000000000000004
decision_type=2 2 2 2 2 2 2 2 2 2 2 2 2 2
left_child=2 5 3 8 10 7 9 -2 -1 -3 -4 -6 -8 -5
right_child=1 6 4 13 11 -7 12 -9 -10 -11 -12 -13 -14 -15
leaf_value=0.0091006906917402118 0.015858536420565353 0.047250409884022536 -0.0026913384974670096 -0.00074492265421558792 -0.044122022004721762 -0.068414100001282757 0.089397192159902814 -0.027022081921646741 0.086946491235872031 -0.17397929011919033 -0.038568929893561921 -0.096008928364051976 0.22371667153292948 -0.050890040827824085
leaf_weight=14402 41673 12413 14818 3311 8818 2018 881 6486 1908 174 11299 3000 512 4693
leaf_count=14402 41673 12413 14818 3311 8818 2018 881 6486 1908 174 11299 3000 512 4693
internal_value=-8.78137e-12 0.0171002 -0.0176243 0.00228957 -0.0303879 0.00692644 0.0536158 0.0100834 0.0182074 0.0441922 -0.0182131 -0.0572935 0.138767 -0.0301466
internal_weight=126406 64157 62249 24314 37935 50177 13980 48159 16310 12587 26117 11818 1393 8004
internal_count=126406 64157 62249 24314 37935 50177 13980 48159 16310 12587 26117 11818 1393 8004
is_linear=0
shrinkage=0.01


Tree=199
num_leaves=15
num_cat=0
split_feature=23 8 23 1 8 17 12 5 26 23 5 5 23 4
split_gain=369879 203696 177667 140248 127393 122050 89981.4 77828.9 73313.4 58816 44146.6 42442.6 35578.9 25089.3
threshold=52.068030324367463 0.78656609248549325 102.9774047759842 -118.21337597412109 0.78656609248549325 0.00748316289466974 1.0000000180025095e-35 50.500000000000007 15.599064955882175 18.680402994883352 2.5000000000000004 27.500000000000004 121.35305614459516 1.0000000180025095e-35
decision_type=2 2 2 2 2 2 2 2 2 2 2 2 2 2
left_child=4 2 3 -2 5 8 -4 -7 -1 -6 12 -11 -3 -12
right_child=1 10 6 -5 9 7 -8 -9 -10 11 13 -13 -14 -15
leaf_value=-0.0032875445605519784 0.012495636757964725 -0.0024071131448460104 0.063547515773255792 0.053837230541655991 -0.13157318369595228 -0.011793059492797953 0.18533834284569436 -0.047528469289291657 0.038209848097735241 -0.02537524590622289 -0.030328130098953524 -0.063316387646468575 0.16871853732774333 -0.10200890580244144
leaf_weight=16499 37854 6017 1800 10477 738 17466 915 9361 5738 7803 6346 4739 124 529
leaf_count=16499 37854 6017 1800 10477 738 17466 915 9361 5738 7803 6346 4739 124 529
internal_value=1.9831e-11 0.016875 0.0258793 0.0214575 -0.01734 -0.00990308 0.104593 -0.0242626 0.00742038 -0.0448163 -0.0184379 -0.0397113 0.00104828 -0.0358436
internal_weight=126406 64062 51046 48331 62344 49064 2715 26827 22237 13280 13016 12542 6141 6875
internal_count=126406 64062 51046 48331 62344 49064 2715 26827 22237 13280 13016 12542 6141 6875
is_linear=0
shrinkage=0.01


Tree=200
num_leaves=15
num_cat=0
split_feature=31 23 1 15 4 5 23 1 7 7 23 16 9 4
split_gain=371364 236184 176701 125131 116049 111463 109508 101237 88199.7 78481.1 60566.6 57551.3 56061.3 30826.6
threshold=44.444550063371366 69.758813312678981 -118.21337597412109 0.063427746452943148 1.0000000180025095e-35 3.5000000000000004 115.34937668610237 -120.84999847412108 1008.3002700000001 1002.8996150000002 11.396604938271606 29.072478333000003 -0.5 0.25000000000000006
decision_type=2 2 2 2 2 2 2 2 2 2 2 2 2 2
left_child=2 4 3 10 7 -5 9 -2 12 -3 -1 -8 -4 -10
right_child=1 6 8 5 -6 -7 11 -9 13 -11 -12 -13 -14 -15
leaf_value=-0.20602333412695956 -0.026785313568756325 0.0089505958810588131 0.040478801763043616 -0.011051671962204109 -0.066389493104021688 -0.041992485459115318 0.12126201801393573 0.015152001954510823 0.099987737843669322 0.060647069381307268 0.054176066351298006 0.41345870841976623 -0.011809185668499094 -0.14786934857185072
leaf_weight=93 6656 4447 3295 19941 2102 27980 1332 42580 1433 8646 2349 71 5429 52
leaf_count=93 6656 4447 3295 19941 2102 27980 1332 42580 1433 8646 2349 71 5429 52
internal_value=5.62643e-12 0.0164409 -0.0178692 -0.0255591 0.00637614 -0.0291173 0.0520857 0.00948268 0.0200665 0.0430885 0.0442668 0.136049 0.00793966 0.0913086
internal_weight=126406 65834 60572 50363 51338 47921 14496 49236 10209 13093 2442 1403 8724 1485
internal_count=126406 65834 60572 50363 51338 47921 14496 49236 10209 13093 2442 1403 8724 1485
is_linear=0
shrinkage=0.01


Tree=201
num_leaves=15
num_cat=0
split_feature=31 23 1 15 8 4 10 5 23 8 9 23 7 40
split_gain=363974 231484 173185 122781 115476 113740 110783 107876 107068 100078 63438 57244.3 48980.9 33055.5
threshold=44.444550063371366 69.758813312678981 -118.21337597412109 0.059999999350877208 0.12940952255126045 1.0000000180025095e-35 -0.93301270189221908 3.5000000000000004 115.34937668610237 0.78656609248549325 -0.12940952255126037 11.396604938271606 1008.5001850000001 78.405747294530585
decision_type=2 2 2 2 2 2 2 2 2 2 2 2 2 2
left_child=2 5 3 11 10 9 13 -5 -8 -2 -4 -1 -6 -3
right_child=1 6 4 7 12 -7 8 -9 -10 -11 -12 -13 -14 -15
leaf_value=-0.20641968511132633 0.016814652832553807 -0.021841195730042871 0.079927821713141986 -0.010878754270433468 -0.030294303061269977 -0.065725598163463239 0.048920045502483023 -0.041243912761000562 0.14178062509628017 -0.017980850307092844 0.013627845632730069 0.05828937139771518 0.077412467642015842 -0.16351398469107831
leaf_weight=85 38727 580 3111 20014 3933 2102 12305 28163 1381 10509 2692 2101 473 230
leaf_count=85 38727 580 3111 20014 3933 2102 12305 28163 1381 10509 2692 2101 473 230
internal_value=2.02784e-12 0.0162765 -0.0176905 -0.0253035 0.0198658 0.00631238 0.0515649 -0.0286294 0.0582902 0.00938785 0.0491714 0.0479965 -0.0187316 -0.0620693
internal_weight=126406 65834 60572 50363 10209 51338 14496 48177 13686 49236 5803 2186 4406 810
internal_count=126406 65834 60572 50363 10209 51338 14496 48177 13686 49236 5803 2186 4406 810
is_linear=0
shrinkage=0.01


Tree=202
num_leaves=15
num_cat=0
split_feature=23 8 2 14 8 2 11 0 44 23 5 5 23 4
split_gain=351872 203607 216954 174254 117900 122314 89102.7 87508 81962.4 79612.8 59812.2 46465.8 34004.4 28372.1
threshold=51.000393137116852 0.78656609248549325 7.6250000000000009 6.5215796741871808 0.60355339059327384 8.4250000000000025 0.25000000000000017 35.400001525878913 1.0000000180025095e-35 17.137345679012352 27.500000000000004 2.5000000000000004 121.35305614459516 1.0000000180025095e-35
decision_type=2 2 2 2 2 2 2 2 2 2 2 2 2 2
left_child=4 2 8 -4 5 6 -1 -7 -2 -6 -11 12 -3 -13
right_child=1 11 3 -5 9 7 -8 -9 -10 10 -12 13 -14 -15
leaf_value=-0.029472573442893654 0.045366879076766196 -0.0025528279069496258 0.024232301180563943 -0.045027377800124509 -0.13823635934554376 0.010982842135729276 0.069485753786607429 -0.023697723900602905 0.13502108478842204 -0.019953728623394555 -0.058664421063759797 -0.030518395859394389 0.16465695198925753 -0.10458991310733526
leaf_weight=1277 1869 6342 45344 3949 779 9911 3165 27363 2244 10383 6484 6611 124 561
leaf_count=1277 1869 6342 45344 3949 779 9911 3165 27363 2244 10383 6484 6611 124 561
internal_value=1.26447e-11 0.0156994 0.0245058 0.0186837 -0.017731 -0.00856515 0.0410369 -0.0144763 0.0942811 -0.0393996 -0.0348349 -0.0187861 0.000653793 -0.0363123
internal_weight=126406 67044 53406 49293 59362 41716 4442 37274 4113 17646 16867 13638 6466 7172
internal_count=126406 67044 53406 49293 59362 41716 4442 37274 4113 17646 16867 13638 6466 7172
is_linear=0
shrinkage=0.01


Tree=203
num_leaves=15
num_cat=0
split_feature=31 25 1 1 4 7 15 5 7 0 11 9 18 3
split_gain=354339 211533 207052 171870 147602 133553 122006 110562 87960.7 85775.2 76788.9 55261.9 50793.2 47326.6
threshold=45.429657794676807 93.869811976001969 -118.21337597412109 -118.21337597412109 1.0000000180025095e-35 1004.5003 0.059999999350877208 3.5000000000000004 1008.3002700000001 34.083213737060554 -0.68301270189221952 -0.5 0.13604163685630008 39.67797800000001
decision_type=2 2 2 2 2 2 2 2 2 2 2 2 2 2
left_child=3 2 4 6 -2 -4 12 -8 11 13 -11 -5 -1 -3
right_child=1 9 5 8 -6 -7 7 -9 -10 10 -12 -13 -14 -15
leaf_value=0.15182223775568043 0.0091293139800626977 -0.21273633423748364 0.027616299568731618 0.040096170566258388 -0.07641412700054985 0.12218603506614173 -0.010051582103641727 -0.040326759011478953 0.090667308265916915 0.53538074765886579 0.10486934263413784 -0.011319011031324022 0.025972765514492614 0.021116504106687247
leaf_weight=388 52287 109 3578 3361 2098 2563 20696 28915 1510 42 3060 5530 1849 420
leaf_count=388 52287 109 3578 3361 2098 2563 20696 28915 1510 42 3060 5530 1849 420
internal_value=4.68175e-11 0.0164919 0.0120444 -0.0169974 0.00582932 0.0670858 -0.0244396 -0.027697 0.0201016 0.0906271 0.110698 0.0081171 0.0478009 -0.0270687
internal_weight=126406 64157 60526 62249 54385 6141 51848 49611 10401 3631 3102 8891 2237 529
internal_count=126406 64157 60526 62249 54385 6141 51848 49611 10401 3631 3102 8891 2237 529
is_linear=0
shrinkage=0.01


Tree=204
num_leaves=15
num_cat=0
split_feature=23 15 14 13 13 17 9 10 23 2 9 26 46 7
split_gain=340289 185769 175658 173284 134297 116984 105387 90107.3 86693.1 79823.4 70556.2 65480.1 53097.1 50400.6
threshold=52.068030324367463 0.084043854175721647 6.5215796741871808 11.569279319124648 -2.1999999999999993 0.012359269662975927 -0.60355339059327384 0.25000000000000011 25.312549875604379 18.375000000000004 -0.60355339059327384 16.598326507614885 1.0000000180025095e-35 1005.4001500000001
decision_type=2 2 2 2 2 2 2 2 2 2 2 2 2 2
left_child=5 7 3 -3 -4 6 11 10 -8 -7 -2 -1 -11 -9
right_child=1 2 4 -5 -6 9 8 13 -10 12 -12 -13 -14 -15
leaf_value=0.00359272691071927 0.17344170505541329 0.020283097433390598 -0.092318630635629798 -0.080441183737397379 0.0086845148947300842 -0.065329170676743625 -0.058380672038318995 -0.063316043599774149 -0.012326244388079992 -0.029819416393645184 0.049712208309120043 0.059597200900760781 0.044476156018095694 0.059625287756536818
leaf_weight=12311 1287 52893 2719 1765 2552 7129 4783 414 28103 6371 718 2514 1133 1714
leaf_count=12311 1287 52893 2719 1765 2552 7129 4783 414 28103 6371 718 2514 1133 1714
internal_value=-1.16092e-11 0.0161859 0.0117139 0.0170305 -0.0434171 -0.0166319 -0.00904575 0.0810302 -0.0190245 -0.0413668 0.129134 0.0130899 -0.0186018 0.0357072
internal_weight=126406 64062 59929 54658 5271 62344 47711 4133 32886 14633 2005 14825 7504 2128
internal_count=126406 64062 59929 54658 5271 62344 47711 4133 32886 14633 2005 14825 7504 2128
is_linear=0
shrinkage=0.01


Tree=205
num_leaves=15
num_cat=0
split_feature=31 23 1 10 23 10 0 17 35 0 7 9 9 35
split_gain=344597 219539 164051 108124 103097 101964 142336 101419 107210 90808.7 83621.7 57350.4 52576.9 36093
threshold=44.444550063371366 69.758813312678981 -118.21337597412109 -0.93301270189221908 115.34937668610237 1.0000000180025095e-35 36.742692288818368 0.0065245609208621847 66.649978876214632 37.042691525878915 1008.3002700000001 1.0000000180025095e-35 -0.5 86.030852933870889
decision_type=2 2 2 2 2 2 2 2 2 2 2 2 2 2
left_child=2 5 7 13 -5 9 -7 11 -9 -2 12 -1 -4 -3
right_child=1 3 10 4 -6 6 -8 8 -10 -11 -12 -13 -14 -15
leaf_value=0.0053600381929478844 0.024119507427668267 -0.034493839006731024 0.039043119806836411 0.047652492045916324 0.138774633073834 0.01345035679099804 -0.039408215825483942 -0.023443158605022524 -0.063605507202174366 -0.027596895144938155 0.08870789482485604 -0.032277409164596677 -0.011593830679487736 -0.22371084485013609
leaf_weight=13042 26981 692 3295 12305 1381 10937 9536 21909 9541 3884 1485 5871 5429 118
leaf_count=13042 26981 692 3295 12305 1381 10937 9536 21909 9541 3884 1485 5871 5429 118
internal_value=1.20445e-11 0.0158373 -0.0172132 0.0502031 0.0568473 0.0061337 -0.0111703 -0.0246227 -0.0356272 0.0176116 0.0193393 -0.00632343 0.00753143 -0.0620588
internal_weight=126406 65834 60572 14496 13686 51338 20473 50363 31450 30865 10209 18913 8724 810
internal_count=126406 65834 60572 14496 13686 51338 20473 50363 31450 30865 10209 18913 8724 810
is_linear=0
shrinkage=0.01


Tree=206
num_leaves=15
num_cat=0
split_feature=31 25 0 16 0 7 17 7 2 0 11 25 11 3
split_gain=337739 201863 155431 179169 151199 155269 104325 101344 93233.8 85208.7 75538.3 64765.4 55927.5 45760
threshold=44.444550063371366 93.869811976001969 36.742692288818368 0.21375782999999957 37.042691525878915 1006.0001850000001 0.0064392328990211323 1008.3002700000001 20.875000000000004 34.083213737060554 -0.68301270189221952 68.518545704629815 0.6830127018922193 39.67797800000001
decision_type=2 2 2 2 2 2 2 2 2 2 2 2 2 2
left_child=2 4 7 12 5 -2 -5 8 -1 13 -11 -6 -4 -3
right_child=1 9 3 6 11 -7 -8 -9 -10 10 -12 -13 -14 -15
leaf_value=-0.022142393930912024 0.0068222399190832773 -0.21162864983081819 -0.010252650166534321 -0.01285052053179892 -0.027396090105205349 0.044603267554156771 -0.056142846087201895 0.035081570982045389 0.017248210229607323 0.52908723149980819 0.10211453035435118 -0.25177785029051869 0.15820555957625976 0.01804229639575762
leaf_weight=21083 39969 109 293 8562 7133 14945 15909 5719 8404 42 3080 131 602 425
leaf_count=21083 39969 109 293 8562 7133 14945 15909 5719 8404 42 3080 131 602 425
internal_value=-5.47971e-12 0.015679 -0.017041 -0.0359129 0.0114329 0.0171045 -0.0409956 -0.00344381 -0.0109158 0.0878925 0.107859 -0.0314426 0.103057 -0.0288381
internal_weight=126406 65834 60572 25366 62178 54914 24471 35206 29487 3656 3122 7264 895 534
internal_count=126406 65834 60572 25366 62178 54914 24471 35206 29487 3656 3122 7264 895 534
is_linear=0
shrinkage=0.01


Tree=207
num_leaves=15
num_cat=0
split_feature=31 25 1 1 4 11 16 5 1 9 9 11 13 11
split_gain=331121 198753 200748 163035 143155 126146 118739 115911 79104.4 89101.8 76436.9 102869 59746 55078.9
threshold=45.429657794676807 93.869811976001969 -118.21337597412109 -118.21337597412109 1.0000000180025095e-35 1.0000000180025095e-35 0.21375782999999957 3.5000000000000004 -118.99998249999999 -0.37940952255126015 -0.5 0.25000000000000017 -2.899999999999999 0.93301270189221952
decision_type=2 2 2 2 2 2 2 2 2 2 2 2 2 2
left_child=3 2 4 6 -2 -4 13 -8 9 -3 11 -5 -10 -1
right_child=1 8 5 10 -6 -7 7 -9 12 -11 -12 -13 -14 -15
leaf_value=0.023889842435761612 0.0087615364676999364 0.21069833918388664 0.023747940970553653 0.013517660381945271 -0.075483225024988013 0.11464336789956082 -0.0087064392259353796 -0.039484210165698384 0.11245542297970584 0.077577678717676207 -0.0015456159883888501 0.11803504498972837 -0.019282013167878531 0.15200357707505457
leaf_weight=1248 52287 791 3298 2414 2098 2843 21199 28942 556 1380 6443 1544 904 459
leaf_count=1248 52287 791 3298 2414 2098 2843 21199 28942 556 1380 6443 1544 904 459
internal_value=7.32039e-12 0.0159424 0.0116314 -0.016431 0.00551164 0.0658283 -0.0236795 -0.0264717 0.0878033 0.12608 0.0197019 0.0542895 0.0308865 0.0583387
internal_weight=126406 64157 60526 62249 54385 6141 51848 50141 3631 2171 10401 3958 1460 1707
internal_count=126406 64157 60526 62249 54385 6141 51848 50141 3631 2171 10401 3958 1460 1707
is_linear=0
shrinkage=0.01


Tree=208
num_leaves=15
num_cat=0
split_feature=31 23 1 15 10 4 23 10 1 2 23 3 35 3
split_gain=324611 209884 156656 112480 105250 105225 98315.7 95319.1 93605.4 59450.7 57665.4 54511.9 35548.3 26648.2
threshold=44.444550063371366 69.758813312678981 -118.21337597412109 0.063427746452943148 -0.93301270189221908 1.0000000180025095e-35 115.34937668610237 0.25000000000000011 -120.84999847412108 10.575000000000001 11.396604938271606 70.927510000000026 86.030852933870889 82.737700000000004
decision_type=2 2 2 2 2 2 2 2 2 2 2 2 2 2
left_child=2 5 3 10 12 8 -6 -5 -2 13 -1 -11 -3 -4
right_child=1 4 9 7 6 -7 -8 -9 -10 11 -12 -13 -14 -15
leaf_value=-0.20196716407934825 -0.026032803042148781 -0.034430882493491591 0.11895314258264231 -0.015534155086162136 0.04654903252814107 -0.063405861708164549 0.13553307844320506 -0.044196632655552924 0.014292927515746564 0.036425086159512711 0.051923942727359118 -0.013451119766187911 -0.22221468854253576 0.030626196223737221
leaf_weight=93 6656 692 773 28215 12305 2102 1381 19706 42580 4052 2349 4772 118 612
leaf_count=93 6656 692 773 28215 12305 2102 1381 19706 42580 4052 2349 4772 118 612
internal_value=9.15237e-12 0.0153712 -0.0167065 -0.0239471 0.0489728 0.00588335 0.0555281 -0.0273207 0.00884147 0.0190126 0.0422549 0.00945214 -0.061787 0.0799235
internal_weight=126406 65834 60572 50363 14496 51338 13686 47921 49236 10209 2442 8824 810 1385
internal_count=126406 65834 60572 50363 14496 51338 13686 47921 49236 10209 2442 8824 810 1385
is_linear=0
shrinkage=0.01


Tree=209
num_leaves=15
num_cat=0
split_feature=31 25 47 1 15 14 8 10 7 10 0 17 8 7
split_gain=318649 186594 176828 174506 132206 140976 130736 123878 120487 85026.5 88892.2 59401.4 54300 48690.2
threshold=51.006548373468533 93.869811976001969 1.0000000180025095e-35 -118.21337597412109 0.063427746452943148 5.7600020486954646 0.12940952255126045 1.0000000180025095e-35 1004.5003 -0.93301270189221908 34.083213737060554 0.0111948119782202 0.78656609248549325 1008.7002800000001
decision_type=2 2 2 2 2 2 2 2 2 2 2 2 2 2
left_child=2 3 4 7 12 -6 11 -2 -5 -3 -11 -4 -1 -8
right_child=1 9 6 8 5 -7 13 -9 -10 10 -12 -13 -14 -15
leaf_value=0.066575635937910521 0.020323630472020123 -0.24671571048104191 0.070304031335502434 0.026637021167464327 -0.017069698544102192 -0.061786576087140561 -0.026140324324449096 -0.014720787244512588 0.12812307093615025 -0.023801294764872676 0.12034146076831967 0.0052588222046913461 -0.047790163750834169 0.073757140252705022
leaf_weight=2355 28165 73 4745 2638 51438 8170 4657 15715 2102 505 2800 1994 504 545
leaf_count=2355 28165 73 4745 2638 51438 8170 4657 15715 2102 505 2800 1994 504 545
internal_value=-1.53776e-11 0.0189928 -0.0132726 0.0139996 -0.0200126 -0.0231987 0.0219865 0.00777297 0.071642 0.0908603 0.0983166 0.0510578 0.0464146 -0.0156743
internal_weight=126406 51998 74408 48620 62467 59608 11941 43880 4740 3378 3305 6739 2859 5202
internal_count=126406 51998 74408 48620 62467 59608 11941 43880 4740 3378 3305 6739 2859 5202
is_linear=0
shrinkage=0.01


Tree=210
num_leaves=15
num_cat=0
split_feature=23 4 15 13 6 9 0 13 9 11 3 35 42 32
split_gain=310028 183418 178004 156057 107003 93280.5 86380.8 80837.9 78546.8 134367 41837.4 32977.1 30233.8 24579.9
threshold=51.000393137116852 1.0000000180025095e-35 0.086456621345978008 11.569279319124648 7.598170500000001 -0.37940952255126015 36.742692288818368 -3.6662440706919139 -0.5 0.6830127018922193 71.905555000000007 62.742501056189276 1.0000000180025095e-35 55.481903957189139
decision_type=2 2 2 2 2 2 2 2 2 2 2 2 2 2
left_child=4 2 5 -4 8 -2 11 -8 9 -1 -10 -6 -3 -14
right_child=1 12 3 -5 6 -7 7 -9 10 -11 -12 -13 13 -15
leaf_value=-0.0013650324592492688 0.10538430462360461 -0.027437375955208527 0.016866190969922909 -0.075981935110145463 0.0027617302721957837 -0.0049839011592707864 -0.082473154851404704 -0.031797906282548347 -0.0034196732537597808 0.081788079670184824 -0.036559952608819044 -0.032240208336727381 -0.052514396868993812 -0.129744226643695
leaf_weight=7532 3358 1587 57582 1869 8600 992 3909 16168 10701 2619 5915 3918 884 772
leaf_count=7532 3358 1587 57582 1869 8600 992 3909 16168 10701 2619 5915 3918 884 772
internal_value=-2.18821e-11 0.0147364 0.0184655 0.0139473 -0.0166434 0.0802153 -0.02881 -0.0416644 -0.00182779 0.0200888 -0.015217 -0.0081935 -0.0586273 -0.0885177
internal_weight=126406 67044 63801 59451 59362 4350 32595 20077 26767 10151 16616 12518 3243 1656
internal_count=126406 67044 63801 59451 59362 4350 32595 20077 26767 10151 16616 12518 3243 1656
is_linear=0
shrinkage=0.01


Tree=211
num_leaves=15
num_cat=0
split_feature=31 23 1 10 10 0 23 17 0 0 7 9 9 40
split_gain=311580 201592 145618 100731 100500 141870 95950.7 95837.4 91279.4 87102.4 78158.1 53401 48753.5 31825.7
threshold=43.334283903675541 69.758813312678981 -118.21337597412109 -0.93301270189221908 1.0000000180025095e-35 36.742692288818368 115.34937668610237 0.0065245609208621847 36.742692288818368 37.042691525878915 1008.3002700000001 1.0000000180025095e-35 -0.5 78.405747294530585
decision_type=2 2 2 2 2 2 2 2 2 2 2 2 2 2
left_child=2 4 7 13 9 -6 -5 11 -9 -2 12 -1 -4 -3
right_child=1 3 10 6 5 -7 -8 8 -10 -11 -12 -13 -14 -15
leaf_value=0.0055164828416882829 0.023031770587554873 -0.021448675680575006 0.037156118602917017 0.044856270940040986 0.012720249128071881 -0.038662647056486608 0.1324077705516146 -0.017272247692871917 -0.052082699604978952 -0.026648818205989248 0.085555264285884947 -0.031574587537512876 -0.01249712483992931 -0.16004292219974006
leaf_weight=12504 27903 586 3179 12505 11553 10046 1391 14716 15432 4040 1459 5629 5232 231
leaf_count=12504 27903 586 3179 12505 11553 10046 1391 14716 15432 4040 1459 5629 5232 231
internal_value=-1.35611e-11 0.0144915 -0.0170094 0.0472757 0.00548254 -0.0111787 0.0536202 -0.0241642 -0.0350908 0.0167484 0.0179898 -0.00599764 0.00626969 -0.0606351
internal_weight=126406 68255 58151 14713 53542 21599 13896 48281 30148 31943 9870 18133 8411 817
internal_count=126406 68255 58151 14713 53542 21599 13896 48281 30148 31943 9870 18133 8411 817
is_linear=0
shrinkage=0.01


Tree=212
num_leaves=15
num_cat=0
split_feature=8 15 31 10 44 23 44 5 25 10 44 4 23 2
split_gain=313353 288769 246756 183686 140632 129078 94473.4 85266.3 44512.4 44146.5 53057.8 34050.3 30682.7 28708.4
threshold=0.78656609248549325 0.090528459069358566 45.429657794676807 0.68301270189221941 1.0000000180025095e-35 69.758813312678981 1.0000000180025095e-35 6.5000000000000009 33.963361967797972 0.68301270189221941 1.0000000180025095e-35 1.0000000180025095e-35 121.35305614459516 4.2250000000000005
decision_type=2 2 2 2 2 2 2 2 2 2 2 2 2 2
left_child=1 3 6 4 -1 -4 -3 8 -2 11 -11 -9 -10 -5
right_child=7 2 5 13 -6 -7 -8 9 12 10 -12 -13 -14 -15
leaf_value=0.042152818663956371 -0.059940150848313625 -0.0056196629253038935 0.010523530598474547 0.052579418807598692 0.15024307212832294 0.050976340212646534 -0.039826724723499643 -0.031954849747221535 -0.0080536808620018073 -0.057438635527236735 -0.148306202145396 -0.099503766359256465 0.14412966577864406 -0.017148298389942605
leaf_weight=2113 1782 34367 37414 831 2797 9995 10553 8401 11702 2605 853 819 134 2040
leaf_count=2113 1782 34367 37414 831 2797 9995 10553 8401 11702 2605 853 819 134 2040
internal_value=-8.13574e-12 0.00806936 0.00313892 0.0665737 0.103727 0.019052 -0.0136559 -0.0307204 -0.0133459 -0.0493831 -0.0798533 -0.0379551 -0.00633075 0.00303412
internal_weight=126406 100110 92329 7781 4910 47409 44920 26296 13618 12678 3458 9220 11836 2871
internal_count=126406 100110 92329 7781 4910 47409 44920 26296 13618 12678 3458 9220 11836 2871
is_linear=0
shrinkage=0.01


Tree=213
num_leaves=15
num_cat=0
split_feature=4 20 0 6 7 15 3 1 43 39 40 15 7 24
split_gain=277216 266896 175829 178127 120033 123385 110297 106343 76750.3 33331.5 23320.9 19623.7 16729.7 13571.5
threshold=1.0000000180025095e-35 67.962841341168357 35.400001525878913 11.700692500000001 1003.9999500000001 0.42931424092215315 72.962955000000008 -119.7866065258789 1.0000000180025095e-35 53.97834811998311 68.514786649767657 0.056582831708599332 1010.0000500000001 19.477438425886994
decision_type=2 2 2 2 2 2 2 2 2 2 2 2 2 2
left_child=1 2 6 -4 5 -3 -1 -6 10 11 13 -10 -12 -2
right_child=8 4 3 -5 7 -7 -8 -9 9 -11 12 -13 -14 -15
leaf_value=0.027328486341484066 -0.060984470487553351 -0.013784322440611868 -0.0042718683825469662 -0.04490306749498784 -0.032455772437830682 0.057248919283477716 -0.0085048349335733794 0.064631593902626558 0.19961497300741624 -0.056357890176870908 -0.12643838464498081 -0.0026310222132338418 0.060197708916664122 -0.12160830271635073
leaf_weight=22533 2907 7340 43288 14372 1252 3667 13882 11409 49 1721 1218 2295 50 423
leaf_count=22533 2907 7340 43288 14372 1252 3667 13882 11409 49 1721 1218 2295 50 423
internal_value=1.21827e-11 0.00401691 -0.00353483 -0.0143994 0.0340334 0.00988052 0.0136682 0.055031 -0.0545958 -0.0229395 -0.0825825 0.00159682 -0.119079 -0.0686853
internal_weight=126406 117743 94075 57660 23668 11007 36415 12661 8663 4065 4598 2344 1268 3330
internal_count=126406 117743 94075 57660 23668 11007 36415 12661 8663 4065 4598 2344 1268 3330
is_linear=0
shrinkage=0.01


Tree=214
num_leaves=15
num_cat=0
split_feature=31 23 9 11 4 23 13 0 11 17 0 0 13 44
split_gain=299059 222895 132987 149875 126569 100676 97517 86565.2 76056.5 75336.5 74849.5 69548.3 49275.1 45288.9
threshold=34.43610054921843 69.758813312678981 -0.5 0.25000000000000017 1.0000000180025095e-35 115.34937668610237 9.7200072708156053 36.742692288818368 -0.24999999999999994 0.0052905838817010479 37.042691525878915 34.083213737060554 -3.9638138379338961 1.0000000180025095e-35
decision_type=2 2 2 2 2 2 2 2 2 2 2 2 2 2
left_child=2 4 3 -1 6 10 -2 8 -4 -5 -3 -7 -9 -6
right_child=1 5 7 9 13 11 -8 12 -10 -11 -12 -13 -14 -15
leaf_value=-0.030535665997853588 0.0092657671245119488 0.037444367795783341 0.010220034060687149 0.079813074161208086 -0.032781791983823527 -0.054051399464064308 -0.030221272483587788 -0.1092639117739541 -0.03983043122206946 0.00955780856170412 -0.16387199615651274 0.14474811118762904 -0.050896794707982751 -0.11121646747000162
leaf_weight=7426 62308 14916 4670 2388 2463 202 6952 1776 8678 4230 187 1366 7794 1050
leaf_count=7426 62308 14916 4670 2388 2463 202 6952 1776 8678 4230 187 1366 7794 1050
internal_value=-1.26072e-11 0.00988773 -0.0239272 0.000303709 0.00233211 0.0428699 0.00530224 -0.0387758 -0.0223195 0.0349083 0.0349517 0.119137 -0.0617286 -0.0562251
internal_weight=126406 89444 36962 14044 72773 16671 69260 22918 13348 6618 15103 1568 9570 3513
internal_count=126406 89444 36962 14044 72773 16671 69260 22918 13348 6618 15103 1568 9570 3513
is_linear=0
shrinkage=0.01


Tree=215
num_leaves=15
num_cat=0
split_feature=8 1 15 5 11 7 36 10 44 10 31 4 31 31
split_gain=305616 305632 297546 245208 199327 152769 133896 83430.2 74277.9 52362.3 51215.9 37499.4 21242.5 19427.7
threshold=0.78656609248549325 -118.21337597412109 0.090528459069358566 20.500000000000004 0.6830127018922193 1004.4003000000001 52.117659484579647 0.68301270189221941 1.0000000180025095e-35 -0.6830127018922193 34.43610054921843 1.0000000180025095e-35 10.694444444444445 55.287213068581906
decision_type=2 2 2 2 2 2 2 2 2 2 2 2 2 2
left_child=1 2 4 -4 -1 9 -7 10 13 -3 12 -12 -2 -9
right_child=7 5 3 -5 -6 6 -8 8 -10 -11 11 -13 -14 -15
leaf_value=-0.0072759745871371836 -0.11605772874403147 0.056576724425126373 0.011277212338169085 -0.024144680624989173 0.10113808017387582 0.060589062627565103 0.16625237779320873 -0.056180022728511227 -0.12573775949498298 0.0024965637245033595 -0.0087037436587107664 -0.10895031650329383 -0.040993556556998101 -0.0071299044949145194
leaf_weight=2659 405 2811 43354 35583 4682 4448 1642 2963 1470 4931 14512 383 5453 1110
leaf_count=2659 405 2811 43354 35583 4682 4448 1642 2963 1470 4931 14512 383 5453 1110
internal_value=-5.44897e-13 0.00796911 0.000973061 -0.00469017 0.0618692 0.0516075 0.0890783 -0.0303388 -0.0648043 0.0221322 -0.0211332 -0.0112814 -0.0461832 -0.0428126
internal_weight=126406 100110 86278 78937 7341 13832 6090 26296 5543 7742 20753 14895 5858 4073
internal_count=126406 100110 86278 78937 7341 13832 6090 26296 5543 7742 20753 14895 5858 4073
is_linear=0
shrinkage=0.01


Tree=216
num_leaves=15
num_cat=0
split_feature=31 1 25 1 4 11 16 44 3 14 9 3 44 3
split_gain=292499 185942 188426 137395 136997 114784 104826 100430 95598.5 87401 68234.6 102328 56118.3 40545.9
threshold=43.334283903675541 -118.21337597412109 93.869811976001969 -118.21337597412109 1.0000000180025095e-35 -0.5 0.21375782999999957 1.0000000180025095e-35 71.45830500000001 5.7923611947433917 -0.5 72.48366750000001 1.0000000180025095e-35 70.927510000000026
decision_type=2 2 2 2 2 2 2 2 2 2 2 2 2 2
left_child=3 2 4 6 -2 -3 12 -4 -7 -8 11 -5 -1 -12
right_child=1 5 7 10 -6 8 9 -9 -10 -11 13 -13 -14 -15
leaf_value=0.0036156540282971258 0.0075074371421053375 0.0046961972566138465 -0.030244701810890083 0.14493489448699298 -0.071151133186255752 0.12387913080165242 -0.020492643767482794 0.1203188808873214 0.036218881282844756 -0.05913130957198158 0.018896473365563507 0.022040344227437138 0.12218935072187559 -0.033251644451210177
leaf_weight=910 55624 2473 557 887 2306 3009 39796 2165 2121 6864 3536 2869 711 2578
leaf_count=910 55624 2473 557 887 2306 3009 39796 2165 2121 6864 3536 2869 711 2578
internal_value=-8.25825e-12 0.0140407 0.00819698 -0.0164804 0.0043763 0.0606585 -0.0234302 0.0895092 0.087636 -0.0261767 0.0175163 0.0510626 0.0556242 -0.00309205
internal_weight=126406 68255 60652 58151 57930 7603 48281 2722 5130 46660 9870 3756 1621 6114
internal_count=126406 68255 60652 58151 57930 7603 48281 2722 5130 46660 9870 3756 1621 6114
is_linear=0
shrinkage=0.01


Tree=217
num_leaves=15
num_cat=0
split_feature=31 23 5 9 11 13 10 17 23 14 17 35 25 9
split_gain=287735 213115 136737 127570 145618 110921 106108 99470.8 96472.5 81161.8 73110.9 43883.9 42353.5 37132.2
threshold=34.43610054921843 69.758813312678981 21.500000000000004 -0.5 0.25000000000000017 -5.784346096574116 -0.93301270189221908 0.0074140690712812818 115.34937668610237 5.400003095642842 0.0052905838817010479 83.260752431358341 23.938817302727319 0.25881904510252057
decision_type=2 2 2 2 2 2 2 2 2 2 2 2 2 2
left_child=3 2 5 4 11 -2 -3 -4 -8 12 -6 -1 -5 -11
right_child=1 6 7 9 10 -7 8 -9 -10 13 -12 -13 -14 -15
leaf_value=-0.018156218016490904 0.050899801603015202 -0.062499486341934668 0.0027651297001394393 -0.070606275535243304 0.07860853385951852 0.0067581853613930898 0.039881805869765398 -0.034019999237151891 0.12308772158145326 -0.052968298500348954 0.009398828110194362 -0.079465647300299022 -0.024250331917354404 -0.11624574290977309
leaf_weight=5975 6746 919 15884 2231 2388 36459 14207 13684 1545 2141 4230 1451 16910 1636
leaf_count=5975 6746 919 15884 2231 2388 36459 14207 13684 1545 2141 4230 1451 16910 1636
internal_value=-6.8207e-12 0.00969872 0.00231073 -0.0234699 0.000262473 0.0136504 0.0419492 -0.0142589 0.0480429 -0.0380129 0.034372 -0.0301357 -0.0296534 -0.0803768
internal_weight=126406 89444 72773 36962 14044 43205 16671 29568 15752 22918 6618 7426 19141 3777
internal_count=126406 89444 72773 36962 14044 43205 16671 29568 15752 22918 6618 7426 19141 3777
is_linear=0
shrinkage=0.01


Tree=218
num_leaves=15
num_cat=0
split_feature=8 1 15 5 11 11 36 5 25 23 4 23 34 13
split_gain=297758 292782 289028 236366 193731 142922 93010.9 81622.1 40671.8 37655.9 35511.8 30185.5 16495.7 15922.1
threshold=0.78656609248549325 -118.21337597412109 0.090528459069358566 20.500000000000004 0.6830127018922193 -0.68301270189221952 45.442332065906221 2.5000000000000004 33.963361967797972 18.680402994883352 1.0000000180025095e-35 121.35305614459516 54.912406703281235 0.17999545519653334
decision_type=2 2 2 2 2 2 2 2 2 2 2 2 2 2
left_child=1 2 4 -4 -1 12 -7 8 13 -9 -11 -10 -3 -2
right_child=7 5 3 -5 -6 6 -8 9 11 10 -12 -13 -14 -15
leaf_value=-0.0071309791462877345 0.012268526340852045 -0.030603551464039144 0.011113884785373422 -0.023663520835458047 0.09975055573538677 0.045548517719759374 0.10720389602993406 -0.13217920165241956 -0.0062280972011826774 -0.037951679031180241 -0.091450493529358287 0.15069298314952081 0.013517202883588817 -0.071766099713363937
leaf_weight=2659 270 1443 43354 35583 4682 6359 3977 497 10740 11913 1385 124 2053 1367
leaf_count=2659 270 1443 43354 35583 4682 6359 3977 497 10740 11913 1385 124 2053 1367
internal_value=-2.65564e-12 0.00786601 0.0010186 -0.00456298 0.0610368 0.0505771 0.0692718 -0.0299462 -0.0114387 -0.0467177 -0.0435236 -0.00443702 -0.00469397 -0.0579058
internal_weight=126406 100110 86278 78937 7341 13832 10336 26296 12501 13795 13298 10864 3496 1637
internal_count=126406 100110 86278 78937 7341 13832 10336 26296 12501 13795 13298 10864 3496 1637
is_linear=0
shrinkage=0.01


Tree=219
num_leaves=15
num_cat=0
split_feature=31 25 1 1 5 7 7 14 7 0 9 0 9 3
split_gain=282662 164780 158006 156062 132298 134705 114383 101315 86314.3 73023.9 72291.3 63929.9 50080.4 47304.8
threshold=51.006548373468533 93.869811976001969 -118.21337597412109 -118.21337597412109 4.5000000000000009 1007.4002250000001 1004.5003 10.800005852034763 1008.4000500000001 34.083213737060554 -0.37940952255126015 35.400001525878913 -0.70710678118654757 39.67797800000001
decision_type=2 2 2 2 2 2 2 2 2 2 2 2 2 2
left_child=3 2 7 4 11 -6 -4 -2 12 13 -11 -1 -5 -3
right_child=1 9 6 8 5 -7 -8 -9 -10 10 -12 -13 -14 -15
leaf_value=0.021797973072932911 0.0092000427033028225 -0.21325003601470083 0.02419544575725225 0.045272260766478979 -0.047182203504529507 -0.0069106235769458855 0.12307729925181395 -0.11241995127684298 0.087956988779679349 0.17227164008341184 0.067559275073090008 -0.012024143064870716 -0.0038542837576520566 0.024411542519348156
leaf_weight=7825 43184 106 2638 2881 21588 13500 2102 696 1642 1025 1848 19554 7418 399
leaf_count=7825 43184 106 2638 2881 21588 13500 2102 696 1642 1025 1848 19554 7418 399
internal_value=1.62003e-12 0.0178882 0.0131959 -0.0125007 -0.0188326 -0.0316878 0.0680456 0.00727097 0.0206234 0.0854244 0.104917 -0.00235768 0.00988817 -0.0254739
internal_weight=126406 51998 48620 74408 62467 35088 4740 43880 11941 3378 2873 27379 10299 505
internal_count=126406 51998 48620 74408 62467 35088 4740 43880 11941 3378 2873 27379 10299 505
is_linear=0
shrinkage=0.01


Tree=220
num_leaves=15
num_cat=0
split_feature=8 1 2 5 11 7 36 10 44 10 28 5 45 28
split_gain=291786 281666 263328 225349 200221 145447 127613 80638.9 71922.5 50024.1 47770.6 43171.4 24791 16194
threshold=0.78656609248549325 -118.21337597412109 7.9750000000000005 20.500000000000004 0.6830127018922193 1004.4003000000001 52.117659484579647 0.68301270189221941 1.0000000180025095e-35 -0.6830127018922193 34.991656104773988 6.5000000000000009 1.0000000180025095e-35 54.173003802281379
decision_type=2 2 2 2 2 2 2 2 2 2 2 2 2 2
left_child=1 2 4 -4 -1 9 -7 10 13 -3 12 -12 -2 -9
right_child=7 5 3 -5 -6 6 -8 8 -10 -11 11 -13 -14 -15
leaf_value=-0.0096903338263937509 -0.058383389222765453 0.054585661974814084 0.010770200438913944 -0.023420256154319974 0.091211555654630308 0.05842841044167478 0.16158255833438193 -0.054062372035788578 -0.12348800997532663 0.001726720576208365 0.0028154202593132578 -0.030246190092272997 0.0020228523364823432 -0.0092293336432533266
leaf_weight=3112 4010 2811 42638 35185 5343 4448 1642 2967 1470 4931 8673 7252 818 1106
leaf_count=3112 4010 2811 42638 35185 5343 4448 1642 2967 1470 4931 8673 7252 818 1106
internal_value=-1.41909e-11 0.00778671 0.00107055 -0.00468784 0.054073 0.0496792 0.0862411 -0.0296444 -0.0635284 0.020919 -0.0205941 -0.0122403 -0.0481489 -0.0418882
internal_weight=126406 100110 86278 77823 8455 13832 6090 26296 5543 7742 20753 15925 4828 4073
internal_count=126406 100110 86278 77823 8455 13832 6090 26296 5543 7742 20753 15925 4828 4073
is_linear=0
shrinkage=0.01


Tree=221
num_leaves=15
num_cat=0
split_feature=8 15 0 13 3 11 44 5 0 13 23 31 33 23
split_gain=285979 264551 345853 257611 185903 173493 134800 78312.1 46532.4 44862 36989 33620.9 31048.4 29072.5
threshold=0.78656609248549325 0.090528459069358566 35.400001525878913 -4.6849037743654405 72.48366750000001 0.6830127018922193 1.0000000180025095e-35 2.5000000000000004 36.742692288818368 -1.4496933262870577 35.373509599586917 52.491972961554723 83.260752431358341 121.35305614459516
decision_type=2 2 2 2 2 2 2 2 2 2 2 2 2 2
left_child=1 5 4 -4 -3 12 -7 10 11 -10 -2 -9 -1 -12
right_child=7 2 3 -5 -6 6 -8 8 9 -11 13 -13 -14 -15
leaf_value=0.0085795920066680069 -0.050367172760258302 0.040891384926814663 -0.079706102330014655 -0.0067933737777912178 -0.0024260056608647177 0.039634011698761386 0.14619041827123305 -0.045348663704965868 -0.10901678278425191 -0.048823651975985691 -0.0054841801853953613 -0.0024469215602684869 -0.18762529984296086 0.14854954307958965
leaf_weight=2852 2023 25771 5430 45033 16095 2080 2766 5126 1784 4047 10354 2838 83 124
leaf_count=2852 2023 25771 5430 45033 16095 2080 2766 5126 1784 4047 10354 2838 83 124
internal_value=-1.36667e-11 0.00770885 0.00298969 -0.014639 0.0242384 0.0637061 0.100454 -0.0293479 -0.0457758 -0.0672398 -0.0112196 -0.0300605 0.00303104 -0.0036613
internal_weight=126406 100110 92329 50463 41866 7781 4846 26296 13795 5831 12501 7964 2935 10478
internal_count=126406 100110 92329 50463 41866 7781 4846 26296 13795 5831 12501 7964 2935 10478
is_linear=0
shrinkage=0.01


Tree=222
num_leaves=15
num_cat=0
split_feature=31 47 10 15 7 9 7 0 47 19 15 14 15 16
split_gain=276282 189526 223477 267146 141715 120527 91960.3 80741.3 75667.8 75372.2 72273.4 49981.1 49806.9 48626.2
threshold=34.43610054921843 1.0000000180025095e-35 0.25000000000000011 0.10013529468512262 1004.5003 -0.5 1005.10008 36.742692288818368 1.0000000180025095e-35 0.18728823249483156 0.096578519580484232 5.0345002079920951 0.56049570214188982 4.7087218175000016
decision_type=2 2 2 2 2 2 2 2 2 2 2 2 2 2
left_child=5 2 3 -2 12 8 -4 13 10 -6 -1 -9 -3 -7
right_child=1 4 6 -5 9 7 -8 11 -10 -11 -12 -13 -14 -15
leaf_value=0.03392450311286687 0.10374068333440428 0.0037942853608907996 -0.041896093271602625 0.010022618906689616 0.012790041148716907 -0.043157659734544336 -0.0035306638712579237 -0.049215699528562418 0.049385843141259302 0.11247996953063638 -0.024893603972591976 -0.11108574015477177 0.072401612880485411 -0.0046191009463429338
leaf_weight=2744 3239 5045 11117 49907 963 5757 14264 8010 2547 3570 8753 1560 1339 7591
leaf_count=2744 3239 5045 11117 49907 963 5757 14264 8010 2547 3570 8753 1560 1339 7591
internal_value=7.05835e-13 0.00950374 0.00407624 0.0157343 0.0485443 -0.022998 -0.0203349 -0.0371339 6.98422e-05 0.0913016 -0.0108554 -0.0593011 0.0181842 -0.0212408
internal_weight=126406 89444 78527 53146 10917 36962 25381 22918 14044 4533 11497 9570 6384 13348
internal_count=126406 89444 78527 53146 10917 36962 25381 22918 14044 4533 11497 9570 6384 13348
is_linear=0
shrinkage=0.01


Tree=223
num_leaves=15
num_cat=0
split_feature=8 1 2 14 11 11 10 36 42 9 11 2 2 5
split_gain=279081 295950 250352 200222 179627 136863 128140 99044.1 81350.1 73292.3 97461.1 96513 35312.8 17857.1
threshold=0.60355339059327384 -118.21337597412109 8.4250000000000025 6.5215796741871808 0.6830127018922193 -0.68301270189221952 0.68301270189221941 45.442332065906221 1.0000000180025095e-35 -0.37940952255126015 0.25000000000000017 11.425000000000002 12.075000000000001 1.0000000180025095e-35
decision_type=2 2 2 2 2 2 2 2 2 2 2 2 2 2
left_child=1 2 4 -4 -1 -3 9 -7 13 11 -11 -2 -10 -8
right_child=6 5 3 -5 -6 7 8 -9 12 10 -12 -13 -14 -15
leaf_value=-0.0065365922087565389 0.067807007168415909 -0.0022545808727083053 0.0011319225058202271 -0.060344172838970991 0.089332181534916871 0.049202145671090575 0.010620635411560988 0.11699619238756807 -0.11756705973855727 -0.0026057555406263228 -0.045966560157691773 -0.0090873875329868844 -0.057939355303915863 -0.038863136904386808
leaf_weight=3103 2232 3128 63031 5784 5280 5829 990 3419 2195 10719 10038 6075 1814 2769
leaf_count=3103 2232 3128 63031 5784 5280 5829 990 3419 2195 10719 10038 6075 1814 2769
internal_value=-2.27816e-11 0.00952803 0.00225014 -0.00403523 0.053846 0.0549254 -0.0231718 0.0742657 -0.0592507 -0.0135289 -0.0235749 0.0115733 -0.0905866 -0.0258307
internal_weight=126406 89574 77198 68815 8383 12376 36832 9248 7768 29064 20757 8307 4009 3759
internal_count=126406 89574 77198 68815 8383 12376 36832 9248 7768 29064 20757 8307 4009 3759
is_linear=0
shrinkage=0.01


Tree=224
num_leaves=15
num_cat=0
split_feature=8 1 15 14 11 7 23 4 9 15 8 43 23 45
split_gain=274042 263701 264537 201015 161378 139634 65361.1 58738.5 53773.5 47758.4 33469.3 17194.1 16884.9 10433.3
threshold=0.78656609248549325 -118.21337597412109 0.086456621345978008 6.5215796741871808 0.6830127018922193 1004.4003000000001 25.312549875604379 1.0000000180025095e-35 -0.70710678118654757 0.56891520933851547 0.91597561503675362 1.0000000180025095e-35 11.396604938271606 1.0000000180025095e-35
decision_type=2 2 2 2 2 2 2 2 2 2 2 2 2 2
left_child=1 2 4 -4 -1 9 12 10 -7 -3 -8 -9 -2 -14
right_child=6 5 3 -5 -6 8 7 11 -10 -11 -12 -13 13 -15
leaf_value=-0.0043206706733835898 -0.17777907566011325 0.0074245666078757641 0.00092128398889771573 -0.054965125218438562 0.097917604654420898 0.12665224574271575 -0.0059441879536320762 -0.12536272028667442 0.063248868685325615 0.069343650823593353 -0.030505260115336542 -0.051990594810020982 -0.080569573687818988 0.049565372872166336
leaf_weight=2405 179 6182 72498 7063 4312 1984 9241 668 4106 1560 13884 612 1648 64
leaf_count=2405 179 6182 72498 7063 4312 1984 9241 668 4106 1560 13884 612 1648 64
internal_value=2.58606e-12 0.00754625 0.0010478 -0.00404001 0.0613115 0.0480807 -0.0287289 -0.0243403 0.0839044 0.0199012 -0.0206904 -0.0902817 -0.085367 -0.0757047
internal_weight=126406 100110 86278 79561 6717 13832 26296 24405 6090 7742 23125 1280 1891 1712
internal_count=126406 100110 86278 79561 6717 13832 26296 24405 6090 7742 23125 1280 1891 1712
is_linear=0
shrinkage=0.01


Tree=225
num_leaves=15
num_cat=0
split_feature=23 4 13 23 17 0 15 9 26 19 19 1 9 0
split_gain=256308 162583 161594 140029 95257.8 82818.1 74191.4 65429.6 70854.2 50436.1 32286 30135.6 28262.4 29750.9
threshold=51.000393137116852 1.0000000180025095e-35 11.569279319124648 115.34937668610237 0.0072331836522701917 36.742692288818368 0.67952615739211086 -0.5 16.501278629201227 2.7096299260112686 0.38533829078764265 -118.21337597412109 -0.70710678118654757 36.742692288818368
decision_type=2 2 2 2 2 2 2 2 2 2 2 2 2 2
left_child=4 2 3 -2 7 11 -7 8 -1 -4 -9 -6 -3 -14
right_child=1 12 9 -5 5 6 -8 10 -10 -11 -12 -13 13 -15
leaf_value=0.0075884802000468531 0.017060024984964974 -0.01031528194655949 -0.1062297072726005 0.10581001203884391 -0.012015287720596447 -0.04965014395346052 -0.0063774761758378555 -0.033753306280151163 0.079071916872957393 0.0095843843599558894 -0.0031365524866396217 0.034941675720914771 -0.054180323503711929 -0.13796032013335194
leaf_weight=7985 60085 965 1365 1832 11671 15430 5331 5097 1678 519 10622 1548 1715 563
leaf_count=7985 60085 965 1365 1832 11671 15430 5331 5097 1678 519 10622 1548 1715 563
internal_value=-9.24866e-12 0.013399 0.0169099 0.019686 -0.0151329 -0.0260812 -0.0385386 -0.000475942 0.0200017 -0.0743255 -0.0130643 -0.00651643 -0.0556723 -0.0748863
internal_weight=126406 67044 63801 61917 59362 33980 20761 25382 9663 1884 15719 13219 3243 2278
internal_count=126406 67044 63801 61917 59362 33980 20761 25382 9663 1884 15719 13219 3243 2278
is_linear=0
shrinkage=0.01


Tree=226
num_leaves=15
num_cat=0
split_feature=31 23 8 0 16 1 10 7 2 11 9 0 10 24
split_gain=269625 154790 143547 162981 200782 131731 111384 100888 90359.7 86384 94706 85736.6 48867.4 43638.9
threshold=51.006548373468533 99.973419590559487 0.60355339059327384 35.400001525878913 0.58097045499999955 -118.21337597412109 1.0000000180025095e-35 1004.5003 25.825000000000006 -0.5 -0.37940952255126015 34.083213737060554 -0.93301270189221908 24.318762131658143
decision_type=2 2 2 2 2 2 2 2 2 2 2 2 2 2
left_child=2 5 3 8 -5 6 -2 -7 -1 -4 -11 13 -13 -3
right_child=1 11 9 4 -6 7 -8 -9 -10 10 -12 12 -14 -15
leaf_value=0.0098464972634912939 0.019777066225087573 -0.12408612163925943 -0.0080584969433506078 0.062585081413378263 -0.026264904066710532 0.02203559629264348 -0.013306969097563723 0.1125226332148612 0.072454746843336693 -0.0086694574258165662 -0.067231270334340315 -0.24382579017229178 0.12263331559743933 0.075744629052220555
leaf_weight=19627 28492 247 7882 2795 28251 2780 15830 2213 2612 3925 9316 37 2203 196
leaf_count=19627 28492 247 7882 2795 28251 2780 15830 2213 2612 3925 9316 37 2203 196
internal_value=7.21072e-12 0.0174708 -0.012209 -0.00346393 -0.0182659 0.0134464 0.00796081 0.0621413 0.0171999 -0.0342693 -0.0498719 0.091441 0.11658 -0.0356734
internal_weight=126406 51998 74408 53285 31046 49315 44322 4993 22239 21123 13241 2683 2240 443
internal_count=126406 51998 74408 53285 31046 49315 44322 4993 22239 21123 13241 2683 2240 443
is_linear=0
shrinkage=0.01


Tree=227
num_leaves=15
num_cat=0
split_feature=23 4 13 15 17 5 11 9 11 34 13 1 9 44
split_gain=247140 158776 157841 137214 93133.8 72225.6 61166.8 56495.8 119365 51319.5 40284.5 31840.6 27606.8 37760.3
threshold=51.000393137116852 1.0000000180025095e-35 11.569279319124648 0.086456621345978008 0.0070336277922804806 48.500000000000007 -0.5 -0.5 0.6830127018922193 58.286931418110136 0.75558992911191514 -120.84999847412108 -0.70710678118654757 1.0000000180025095e-35
decision_type=2 2 2 2 2 2 2 2 2 2 2 2 2 2
left_child=4 2 3 -2 7 9 -4 8 -1 -6 -7 -9 -3 -14
right_child=1 12 6 -5 5 10 -8 11 -10 -11 -12 -13 13 -15
leaf_value=-0.0015560421810852233 0.073625707963019649 -0.010272885876490586 -0.0050829223853121634 0.015285799639212424 -0.0049359324856950403 -0.061137478316094979 -0.12096691686626582 -0.039147380786086927 0.080516429747941917 -0.037267613288695725 -0.024312939150354328 -0.0040114174967845933 -0.053778380849641205 -0.15569713767573837
leaf_weight=6854 4335 965 771 57582 15957 6809 1113 3310 2390 7091 5270 11681 1824 454
leaf_count=6854 4335 965 771 57582 15957 6809 1113 3310 2390 7091 5270 11681 1824 454
internal_value=1.02348e-11 0.0131571 0.0166267 0.0193704 -0.0148598 -0.0252638 -0.0735431 0.000220093 0.0196635 -0.0148832 -0.0450711 -0.0117694 -0.0551007 -0.0740905
internal_weight=126406 67044 63801 61917 59362 35127 1884 24235 9244 23048 12079 14991 3243 2278
internal_count=126406 67044 63801 61917 59362 35127 1884 24235 9244 23048 12079 14991 3243 2278
is_linear=0
shrinkage=0.01


Tree=228
num_leaves=15
num_cat=0
split_feature=8 1 31 11 19 10 23 31 44 9 11 11 5 23
split_gain=264829 278373 198376 132885 131592 122722 96908.8 96603.4 85451.5 69957.5 94881.6 88934.5 23245 22345.7
threshold=0.60355339059327384 -118.21337597412109 60.322137727080694 -0.68301270189221952 0.067773503659988368 0.68301270189221941 115.34937668610237 23.388888888888896 1.0000000180025095e-35 -0.37940952255126015 0.25000000000000017 0.6830127018922193 1.5000000000000002 17.137345679012352
decision_type=2 2 2 2 2 2 2 2 2 2 2 2 2 2
left_child=1 2 4 -3 -1 9 -4 -5 12 11 -11 -2 -7 -10
right_child=5 3 6 7 -6 8 -8 -9 13 10 -12 -13 -14 -15
leaf_value=0.051499269625331953 -0.012936604238057805 -0.0030324772551741071 0.029165967344086458 0.0046063322604012668 -0.0093436205193682207 -0.0067737153321725677 0.14783978920828625 0.087783085483627357 -0.1928631679435571 -0.0022605644595392808 -0.045043698613797208 0.055400219249824433 -0.05101537057310275 -0.099491890551453591
leaf_weight=3785 5350 3128 14256 1714 58434 1685 723 7534 300 10719 10038 2957 4023 1760
leaf_count=3785 5350 3128 14256 1714 58434 1685 723 7534 300 10719 10038 2957 4023 1760
internal_value=-2.01819e-11 0.00928155 0.00222309 0.0533102 -0.00564233 -0.0225724 0.0348941 0.0723673 -0.0578802 -0.0131356 -0.0229503 0.0113889 -0.0379552 -0.11309
internal_weight=126406 89574 77198 12376 62219 36832 14979 9248 7768 29064 20757 8307 5708 2060
internal_count=126406 89574 77198 12376 62219 36832 14979 9248 7768 29064 20757 8307 5708 2060
is_linear=0
shrinkage=0.01


Tree=229
num_leaves=15
num_cat=0
split_feature=31 23 9 4 0 23 0 0 1 3 0 16 3 14
split_gain=262529 184583 111213 110081 88730.3 88308.8 74990.2 71670.6 70127.6 64260.8 64126.1 56837.9 47121.9 47045.7
threshold=34.43610054921843 69.758813312678981 -0.5 1.0000000180025095e-35 37.042691525878915 115.34937668610237 36.742692288818368 37.042691525878915 -118.21337597412109 72.48366750000001 34.083213737060554 0.17656991099999994 75.384370000000004 5.0345002079920951
decision_type=2 2 2 2 2 2 2 2 2 2 2 2 2 2
left_child=2 3 8 4 -2 7 12 -3 11 -10 -7 -1 -4 -8
right_child=1 5 6 -5 -6 10 13 -9 9 -11 -12 -13 -14 -15
leaf_value=0.068828557697175149 0.0098169664645383157 0.0343014669979817 -0.0075004226943733987 -0.052221542510570922 -0.022341988741320748 -0.055592666749316864 -0.047575388865019851 -0.16269352038117016 0.13910247508830589 0.019758643574380088 0.13530012402846445 -0.016987630287976344 -0.047465462414820719 -0.10760108028213755
leaf_weight=832 59227 14916 8946 3513 10033 202 8010 187 586 1961 1366 10665 4402 1560
leaf_count=832 59227 14916 8946 3513 10033 202 8010 187 586 1961 1366 10665 4402 1560
internal_value=1.18276e-11 0.00926418 -0.0224183 0.0023885 0.00515842 0.0392782 -0.035997 0.0318623 -0.000259681 0.0472166 0.110708 -0.0107774 -0.0206804 -0.0573601
internal_weight=126406 89444 36962 72773 69260 16671 22918 15103 14044 2547 1568 11497 13348 9570
internal_count=126406 89444 36962 72773 69260 16671 22918 15103 14044 2547 1568 11497 13348 9570
is_linear=0
shrinkage=0.01


Tree=230
num_leaves=15
num_cat=0
split_feature=8 47 15 14 44 7 36 4 23 6 15 43 23 9
split_gain=258746 270614 248073 180190 130424 124824 129446 90071.7 84116 75617.1 41589.4 27640.4 22273 19576.7
threshold=0.60355339059327384 1.0000000180025095e-35 0.096578519580484232 6.5215796741871808 1.0000000180025095e-35 1004.5003 52.117659484579647 1.0000000180025095e-35 25.312549875604379 13.416919000000002 0.57816393141435529 1.0000000180025095e-35 17.137345679012352 0.25881904510252057
decision_type=2 2 2 2 2 2 2 2 2 2 2 2 2 2
left_child=1 2 4 -4 -1 10 -7 8 12 -10 -3 -9 -2 -13
right_child=7 5 3 -5 -6 6 -8 11 9 -11 -12 13 -14 -15
leaf_value=0.014594626736912924 -0.12606926633811627 0.011986499514030094 0.0013761935558863911 -0.055800076484368598 0.099470329164646237 0.060110243618953042 0.1727352036902563 -0.11896836917193836 -0.0090577684642268747 -0.059303080466135354 0.071048384866740213 -0.0091640826269088378 -0.057194287091287883 -0.099061908304548377
leaf_weight=3547 650 5490 63921 6032 3698 3992 1371 1140 29016 3340 1523 578 1691 417
leaf_count=3547 650 5490 63921 6032 3698 3992 1371 1140 29016 3340 1523 578 1691 417
internal_value=-2.36882e-11 0.00917434 0.00221495 -0.00355408 0.057917 0.0525851 0.0889017 -0.0223116 -0.0184325 -0.0142444 0.0248129 -0.0853534 -0.0763181 -0.0468399
internal_weight=126406 89574 77198 69953 7245 12376 5363 36832 34697 32356 7013 2135 2341 995
internal_count=126406 89574 77198 69953 7245 12376 5363 36832 34697 32356 7013 2135 2341 995
is_linear=0
shrinkage=0.01


Tree=231
num_leaves=15
num_cat=0
split_feature=31 8 2 0 17 0 10 11 9 2 35 8 10 4
split_gain=256863 161489 172041 152406 121313 116268 102316 93736 92177.7 85924.9 65318.7 64280.2 40763.2 30503.4
threshold=43.334283903675541 0.78656609248549325 8.4250000000000025 35.400001525878913 0.0065245609208621847 36.742692288818368 -0.24999999999999994 0.93301270189221952 -0.12940952255126037 22.425000000000001 64.022813688212949 0.37940952255126054 0.68301270189221941 0.15000000000000005
decision_type=2 2 2 2 2 2 2 2 2 2 2 2 2 2
left_child=4 2 6 -4 7 9 -2 11 -9 -6 -7 -1 13 -3
right_child=1 12 3 -5 5 10 -8 8 -10 -11 -12 -13 -14 -15
leaf_value=0.0077664622018468275 0.1904493631293547 -0.0059092110667702145 0.034234636293301375 -0.0010146899382380294 -0.023053563914284585 -0.03259889630736007 0.059352333723132047 0.10824912664685062 -0.011318867993536848 0.024859427536039841 -0.075784986940323568 -0.030273222143986256 -0.049964382947285342 -0.12813192170399884
leaf_weight=13450 699 11161 23143 26098 14995 10059 4014 1548 1105 4988 5373 6633 2932 208
leaf_count=13450 699 11161 23143 26098 14995 10059 4014 1548 1105 4988 5373 6633 2932 208
internal_value=6.38368e-12 0.0131577 0.0210768 0.0155523 -0.0154439 -0.0270166 0.0787958 0.00258264 0.0584479 -0.0110939 -0.0476351 -0.00479726 -0.0167191 -0.00814532
internal_weight=126406 68255 53954 49241 58151 35415 4713 22736 2653 19983 15432 20083 14301 11369
internal_count=126406 68255 53954 49241 58151 35415 4713 22736 2653 19983 15432 20083 14301 11369
is_linear=0
shrinkage=0.01


Tree=232
num_leaves=15
num_cat=0
split_feature=31 23 5 17 10 0 13 8 35 8 1 0 5 40
split_gain=252761 177590 123930 106486 102421 102178 100957 97768 83104.9 81177.9 75893.4 50082.2 36841.7 34885.8
threshold=34.43610054921843 69.758813312678981 21.500000000000004 0.0073757442278358743 -0.93301270189221908 36.742692288818368 -5.0732009093110486 0.78656609248549325 69.274081115335875 0.37940952255126054 -118.21337597412109 36.742692288818368 3.5000000000000004 78.405747294530585
decision_type=2 2 2 2 2 2 2 2 2 2 2 2 2 2
left_child=3 2 6 9 13 -4 -2 -6 11 10 -1 -5 -11 -3
right_child=1 4 5 8 7 -7 -8 -9 -10 12 -12 -13 -14 -15
leaf_value=-0.00053829990991237104 0.046465143888841327 -0.02330352686721604 0.0029556325579562547 -0.0077770502258990275 0.056980217527084397 -0.034520163422341203 0.0061294367969793265 -0.0052836495136366277 -0.068894599792091893 -0.0014795261665762199 0.065622086734312135 -0.04553570508222566 -0.054713535091621752 -0.15716415573882736
leaf_weight=9081 7511 639 16641 7993 12599 12927 35694 3153 5938 2084 2143 6267 3456 280
leaf_count=9081 7511 639 16641 7993 12599 12927 35694 3153 5938 2084 2143 6267 3456 280
internal_value=-9.02175e-12 0.0090902 0.00234601 -0.0219973 0.0385302 -0.0134286 0.0131416 0.0445172 -0.0374607 -0.00336635 0.0120937 -0.0243713 -0.0346883 -0.064088
internal_weight=126406 89444 72773 36962 16671 29568 43205 15752 20198 16764 11224 14260 5540 919
internal_count=126406 89444 72773 36962 16671 29568 43205 15752 20198 16764 11224 14260 5540 919
is_linear=0
shrinkage=0.01


Tree=233
num_leaves=15
num_cat=0
split_feature=31 25 1 8 0 15 10 7 2 11 9 10 39 9
split_gain=248799 146127 134276 131107 150146 185078 107433 104370 87099.5 82038.3 90488.5 79565.4 82007.2 22455
threshold=51.006548373468533 93.869811976001969 -118.21337597412109 0.60355339059327384 35.400001525878913 0.096578519580484232 1.0000000180025095e-35 1004.5003 25.825000000000006 -0.5 -0.37940952255126015 -0.93301270189221908 87.392902408111553 0.37940952255126048
decision_type=2 2 2 2 2 2 2 2 2 2 2 2 2 2
left_child=3 2 6 4 8 -6 -2 -4 -1 13 -11 -3 -13 -5
right_child=1 11 7 9 5 -7 -8 -9 -10 10 -12 12 -14 -15
leaf_value=0.0092434958602509911 0.018589774442413678 -0.24617371486168205 0.021040435423322554 -0.017786964370674042 0.043406148795909191 -0.027353049530751159 -0.014045642190632947 0.11549498946047619 0.07071189451216929 -0.0077412560952750224 -0.064984289205635301 0.11811309059562403 0.0062899920335679647 0.019815039848456055
leaf_weight=19627 28165 73 2638 5677 4289 26757 15715 2102 2612 3925 9316 2403 902 2205
leaf_count=19627 28165 73 2638 5677 4289 26757 15715 2102 2612 3925 9316 2403 902 2205
internal_value=2.32777e-12 0.0167825 0.0123638 -0.011728 -0.00337046 -0.0175777 0.00690186 0.0629272 0.016463 -0.0328108 -0.0480159 0.0803815 0.0875944 -0.00726775
internal_weight=126406 51998 48620 74408 53285 31046 43880 4740 22239 21123 13241 3378 3305 7882
internal_count=126406 51998 48620 74408 53285 31046 43880 4740 22239 21123 13241 3378 3305 7882
is_linear=0
shrinkage=0.01


Tree=234
num_leaves=15
num_cat=0
split_feature=8 47 16 5 44 11 8 5 0 13 25 31 37 34
split_gain=245745 233561 208460 221682 156576 128317 85846.7 71683.8 42169.7 41421.9 35113.3 29672.5 24529.2 15679.9
threshold=0.78656609248549325 1.0000000180025095e-35 0.35014439250000023 19.500000000000004 1.0000000180025095e-35 -0.68301270189221952 0.12940952255126045 2.5000000000000004 36.742692288818368 -1.4496933262870577 33.963361967797972 53.426066751161819 137.31909547738698 54.912406703281235
decision_type=2 2 2 2 2 2 2 2 2 2 2 2 2 2
left_child=1 2 4 -4 -1 13 -7 10 11 -10 -2 -9 -12 -3
right_child=7 5 3 -5 -6 6 -8 8 9 -11 12 -13 -14 -15
leaf_value=0.013583905715345859 -0.053036169557238798 -0.032338009202176457 0.012308105900421537 -0.020786402575815079 0.13142962090457116 0.082586487822523771 0.020586471618078254 -0.041485107133878658 -0.10349878334804155 -0.04565958542241684 -0.0050659477402920684 -0.00041038201172416286 0.12863373053266849 0.010677967816232887
leaf_weight=2492 1637 1443 44818 36909 2059 7072 3264 5342 1784 4047 10725 2622 139 2053
leaf_count=2492 1637 1443 44818 36909 2059 7072 3264 5342 1784 4047 10725 2622 139 2053
internal_value=-1.79873e-12 0.00714602 0.00103021 -0.00263781 0.0669006 0.0452938 0.0630075 -0.0272052 -0.0429225 -0.0633555 -0.009861 -0.027962 -0.00335532 -0.0070772
internal_weight=126406 100110 86278 81727 4551 13832 10336 26296 13795 5831 12501 7964 10864 3496
internal_count=126406 100110 86278 81727 4551 13832 10336 26296 13795 5831 12501 7964 10864 3496
is_linear=0
shrinkage=0.01


Tree=235
num_leaves=15
num_cat=0
split_feature=31 8 1 15 7 9 10 14 1 15 3 5 8 42
split_gain=244354 172606 204735 165027 116647 104474 82325.3 69900.4 65404.1 62387.3 62366.2 48237.6 46349.2 41715.5
threshold=34.43610054921843 0.60355339059327384 -118.21337597412109 0.096578519580484232 1004.4003000000001 -0.5 0.68301270189221941 5.400003095642842 -118.21337597412109 0.096578519580484232 72.48366750000001 97.500000000000014 0.12940952255126045 1.0000000180025095e-35
decision_type=2 2 2 2 2 2 2 2 2 2 2 2 2 2
left_child=5 2 3 -2 -4 8 11 12 9 -1 -10 -3 -7 -8
right_child=1 6 4 -5 -6 7 13 -9 10 -11 -12 -13 -14 -15
leaf_value=0.031295745911966918 0.069469499300058482 0.0029286087408033385 0.033137422131185645 0.0060932196651149045 0.11203662625560216 -0.01202854108867858 -0.017393775686458876 -0.074104387733108207 0.13621903841406005 -0.023351711191775332 0.01864773010739889 -0.038424884058366228 -0.043171411791864574 -0.073507487054681325
leaf_weight=2744 4470 17769 4461 50829 3231 9920 2460 3777 586 8753 1961 3353 9221 2871
leaf_count=2744 4470 17769 4461 50829 3231 9920 2460 3777 586 8753 1961 3353 9221 2871
internal_value=-1.18265e-11 0.00893775 0.01794 0.0112161 0.0662788 -0.0216284 -0.0124987 -0.0347892 -0.000151627 -0.010309 0.0456979 -0.00363603 -0.0270313 -0.0476137
internal_weight=126406 89444 62991 55299 7692 36962 26453 22918 14044 11497 2547 21122 19141 5331
internal_count=126406 89444 62991 55299 7692 36962 26453 22918 14044 11497 2547 21122 19141 5331
is_linear=0
shrinkage=0.01


Tree=236
num_leaves=15
num_cat=0
split_feature=31 25 8 17 4 48 5 11 19 10 39 9 13 44
split_gain=240902 142203 123204 133763 109524 107774 105696 101586 79643.4 77954.1 80092.6 60836.1 49788 22810.1
threshold=51.006548373468533 93.869811976001969 0.37940952255126054 0.0072811554433693847 1.0000000180025095e-35 1.0000000180025095e-35 3.5000000000000004 0.25000000000000017 1.6682815671424722 -0.93301270189221908 87.392902408111553 -0.37940952255126015 0.34345619167778108 1.0000000180025095e-35
decision_type=2 2 2 2 2 2 2 2 2 2 2 2 2 2
left_child=2 4 3 7 5 -2 12 -1 -5 -3 -11 -8 -4 -6
right_child=1 9 6 8 13 -7 11 -9 -10 10 -12 -13 -14 -15
leaf_value=-0.0049457825940794056 0.020358047278957483 -0.24397853503284389 0.020794040884128812 -0.028996683952716533 -0.040924703056401432 -0.027798559473909395 -0.01970506636829408 0.03776960137200637 0.0097822298150455882 0.11655306985469235 0.0060430322557753838 -0.062744728120428514 -0.021668545840273751 -0.11890756958266292
leaf_weight=11372 41712 73 4164 17983 1112 5230 5121 10908 7507 2403 902 9156 8197 566
leaf_count=11372 41712 73 4164 17983 1112 5230 5121 10908 7507 2403 902 9156 8197 566
internal_value=8.06047e-12 0.016514 -0.0115404 -0.00193144 0.012155 0.0149927 -0.0287721 0.0159671 -0.017576 0.0792532 0.0863927 -0.0473069 -0.00736435 -0.0672288
internal_weight=126406 51998 74408 47770 48620 46942 26638 22280 25490 3378 3305 14277 12361 1678
internal_count=126406 51998 74408 47770 48620 46942 26638 22280 25490 3378 3305 14277 12361 1678
is_linear=0
shrinkage=0.01


Tree=237
num_leaves=15
num_cat=0
split_feature=8 2 0 13 11 19 1 10 1 43 28 4 2 32
split_gain=234710 226680 294553 227943 168900 155473 112062 68588.2 63140.3 60819.1 42425.8 39766.5 26599 23368.6
threshold=0.78656609248549325 8.4250000000000025 35.400001525878913 -4.6849037743654405 0.6830127018922193 0.53432906591526308 -119.7866065258789 0.68301270189221941 -118.21337597412109 1.0000000180025095e-35 34.991656104773988 1.0000000180025095e-35 11.925000000000002 71.727186311787094
decision_type=2 2 2 2 2 2 2 2 2 2 2 2 2 2
left_child=1 4 5 -4 8 -3 -6 10 -1 12 13 -12 -9 -2
right_child=7 2 3 -5 6 -7 -8 9 -10 -11 11 -13 -14 -15
leaf_value=-0.013433474640902361 -0.036102882024451249 -0.0018158621716278798 -0.077449735891308935 -0.0072661817160879476 0.017234041442952115 0.037852024905057978 0.10995033776572521 -0.11765345292674356 0.11592564516369766 -0.023662408156684658 -0.0072604271418063547 -0.090719089400538369 -0.056356846151812919 -0.10392430627876748
leaf_weight=3564 4251 16688 5176 43677 1830 24221 4532 1566 422 2685 15332 593 1292 577
leaf_count=3564 4251 16688 5176 43677 1830 24221 4532 1566 422 2685 15332 593 1292 577
internal_value=-2.23212e-11 0.00698375 0.00187458 -0.0147022 0.0513024 0.0216703 0.0832809 -0.0265874 0.000261846 -0.0578373 -0.0182408 -0.0103682 -0.0899434 -0.0442083
internal_weight=126406 100110 89762 48853 10348 40909 6362 26296 3986 5543 20753 15925 2858 4828
internal_count=126406 100110 89762 48853 10348 40909 6362 26296 3986 5543 20753 15925 2858 4828
is_linear=0
shrinkage=0.01


Tree=238
num_leaves=15
num_cat=0
split_feature=31 4 23 9 11 23 13 0 11 17 44 7 35 37
split_gain=235636 166802 168659 100805 130221 91696.7 85914.7 68630.2 70167.7 64321.5 47410.5 44634.9 42712.7 21835.6
threshold=34.43610054921843 1.0000000180025095e-35 69.758813312678981 -0.5 0.25000000000000017 115.34937668610237 10.260001480763526 36.742692288818368 -0.24999999999999994 0.0052905838817010479 1.0000000180025095e-35 1007.10008 83.260752431358341 6.1458333333333348
decision_type=2 2 2 2 2 2 2 2 2 2 2 2 2 2
left_child=3 2 6 4 12 -4 -2 8 -5 -6 13 -9 -1 -3
right_child=1 10 5 7 9 -7 -8 11 -10 -11 -12 -13 -14 -15
leaf_value=-0.017070373122129886 0.0084136175328969158 0.072677633082888354 0.033149533969210117 0.011740420102034233 0.07360551571195019 0.11479737230384236 -0.030833792800211427 -0.076527774248816044 -0.036333394348311482 0.0086891679730361007 -0.10522035526688044 -0.033330076128388064 -0.077556139418743314 -0.038691950936922452
leaf_weight=5975 63142 189 14654 4670 2388 1518 6118 4713 8678 4230 1254 4857 1451 2569
leaf_count=5975 63142 189 14654 4670 2388 1518 6118 4713 8678 4230 1254 4857 1451 2569
internal_value=1.04419e-11 0.00877686 0.0117362 -0.021239 -0.000142715 0.0408135 0.00494674 -0.0341667 -0.019514 0.0321132 -0.0542397 -0.0546039 -0.028889 -0.03106
internal_weight=126406 89444 85432 36962 14044 16172 69260 22918 13348 6618 4012 9570 7426 2758
internal_count=126406 89444 85432 36962 14044 16172 69260 22918 13348 6618 4012 9570 7426 2758
is_linear=0
shrinkage=0.01


Tree=239
num_leaves=15
num_cat=0
split_feature=31 25 1 1 16 10 7 10 7 10 39 0 9 25
split_gain=231880 136703 126206 119446 108067 103439 100806 99736.7 79304.6 76296 78503.6 45606.8 43223.5 33453.9
threshold=51.006548373468533 93.869811976001969 -118.21337597412109 -118.21337597412109 0.21375782999999957 1.0000000180025095e-35 1004.5003 0.25000000000000011 1008.4000500000001 -0.93301270189221908 87.392902408111553 36.742692288818368 -0.70710678118654757 123.90799523780971
decision_type=2 2 2 2 2 2 2 2 2 2 2 2 2 2
left_child=3 2 5 4 11 -2 -4 -6 12 -3 -11 -1 -5 -10
right_child=1 9 6 8 7 -7 -8 -9 13 10 -12 -13 -14 -15
leaf_value=0.0028370859608677136 0.018101343598383821 -0.24205978129008046 0.019782900542301113 0.040239153305065056 -0.0086730957787158752 -0.013921803810776359 0.11261089586336467 -0.034843733720618386 0.088859570996306134 0.11463860397975742 0.0052302949852464998 0.099347565385539571 -0.005400522948965196 -0.22365332562582832
leaf_weight=891 28165 73 2638 2881 36065 15715 2102 24424 1607 2403 902 1087 7418 35
leaf_count=891 28165 73 2638 2881 36065 15715 2102 24424 1607 2403 902 1087 7418 35
internal_value=-9.11778e-12 0.0162018 0.011928 -0.0113222 -0.0168617 0.00663271 0.0609484 -0.0192402 0.0176566 0.0777158 0.0847789 0.0558739 0.00736653 0.0821982
internal_weight=126406 51998 48620 74408 62467 43880 4740 60489 11941 3378 3305 1978 10299 1642
internal_count=126406 51998 48620 74408 62467 43880 4740 60489 11941 3378 3305 1978 10299 1642
is_linear=0
shrinkage=0.01


Tree=240
num_leaves=15
num_cat=0
split_feature=8 1 15 5 11 11 10 31 43 4 8 11 25 34
split_gain=230085 241509 225341 170009 161618 123638 111215 90181.4 73872.1 59798.8 57342.4 28113.9 17572.3 14273.9
threshold=0.60355339059327384 -118.21337597412109 0.096578519580484232 10.500000000000002 0.6830127018922193 -0.68301270189221952 0.68301270189221941 23.388888888888896 1.0000000180025095e-35 1.0000000180025095e-35 0.91597561503675362 1.0000000180025095e-35 77.727349251538655 54.912406703281235
decision_type=2 2 2 2 2 2 2 2 2 2 2 2 2 2
left_child=1 2 4 -4 -1 13 9 -7 11 10 -2 -8 -10 -3
right_child=6 5 3 -5 -6 7 8 -9 12 -11 -12 -13 -14 -15
leaf_value=-0.0065317100073996447 0.0033137972287948974 -0.030992086426869493 0.012106801468989075 -0.019072485818914683 0.091321930213991001 0.0025733532357956591 -0.049802817598124181 0.082937852642550838 -0.014277260154680385 -0.081969283371338741 -0.025657978721679485 -0.1047163446846138 -0.077625382625692976 0.012660904677653937
leaf_weight=2677 15927 1243 35114 34839 4568 1714 1475 7534 3253 1174 11963 2534 506 1885
leaf_count=2677 15927 1243 35114 34839 4568 1714 1475 7534 3253 1174 11963 2534 506 1885
internal_value=5.2465e-13 0.00865131 0.0020768 -0.00342156 0.0551654 0.0496612 -0.0210396 0.0680433 -0.0546515 -0.0120561 -0.00911321 -0.0845124 -0.0228046 -0.00468586
internal_weight=126406 89574 77198 69953 7245 12376 36832 9248 7768 29064 27890 4009 3759 3128
internal_count=126406 89574 77198 69953 7245 12376 36832 9248 7768 29064 27890 4009 3759 3128
is_linear=0
shrinkage=0.01


Tree=241
num_leaves=15
num_cat=0
split_feature=31 8 1 15 7 6 10 8 1 40 0 5 44 5
split_gain=228073 162209 190647 155002 111227 98049.8 76711 71952.6 70921.7 67344.5 53321.2 46433.3 43336.9 39571.4
threshold=34.43610054921843 0.60355339059327384 -118.21337597412109 0.096578519580484232 1004.4003000000001 7.598170500000001 0.68301270189221941 0.12940952255126045 -118.21337597412109 74.85081087736954 36.742692288818368 97.500000000000014 1.0000000180025095e-35 3.5000000000000004
decision_type=2 2 2 2 2 2 2 2 2 2 2 2 2 2
left_child=5 2 3 -2 -4 7 11 8 -1 10 -7 -3 -8 -9
right_child=1 6 4 -5 -6 9 12 13 -10 -11 -12 -13 -14 -15
leaf_value=0.00063147315791287301 0.067329586007671902 0.0028498229139491188 0.031645584480885634 0.0059085012144767437 0.10868989147447657 -0.0080954838034555526 -0.028342322740615968 0.0031282565696731483 0.067620490473298378 -0.067052588981393851 -0.046543220907491002 -0.037722881815357087 -0.091969839804567174 -0.04676119994124834
leaf_weight=8357 4470 17769 4461 50829 3231 8163 3848 2507 1949 5177 6463 3353 1483 4346
leaf_count=8357 4470 17769 4461 50829 3231 8163 3848 2507 1949 5177 6463 3353 1483 4346
internal_value=-2.43466e-11 0.00863485 0.0173618 0.0108734 0.0640078 -0.0208954 -0.012146 -0.00339834 0.0133 -0.0360563 -0.0250849 -0.00359087 -0.0460425 -0.0285104
internal_weight=126406 89444 62991 55299 7692 36962 26453 17159 10306 19803 14626 21122 5331 6853
internal_count=126406 89444 62991 55299 7692 36962 26453 17159 10306 19803 14626 21122 5331 6853
is_linear=0
shrinkage=0.01


Tree=242
num_leaves=15
num_cat=0
split_feature=31 1 4 25 5 7 8 7 0 9 25 7 32 7
split_gain=225204 127235 124525 125902 120600 115747 111055 78104.1 74588.2 64006.4 58666.3 44829.1 15500 11841.9
threshold=52.303971271651889 -118.21337597412109 1.0000000180025095e-35 73.077016012324705 3.5000000000000004 1007.4002250000001 0.12940952255126045 997.92504500000007 37.042691525878915 -0.12940952255126037 27.433119748392247 1008.7002800000001 56.250604908399595 998.70015000000012
decision_type=2 2 2 2 2 2 2 2 2 2 2 2 2 2
left_child=1 4 3 8 10 -6 9 -5 -2 -3 -1 -8 13 -4
right_child=2 6 12 7 5 -7 11 -9 -10 -11 -12 -13 -14 -15
leaf_value=-0.04113053024580033 0.017331317158428509 0.073731005070579808 -0.12151864635256621 -0.080394121231443919 -0.041413951181137276 -0.0053526161168243073 -0.024685040558989436 0.060044050379499121 -0.026163888721733676 0.01385757884392032 0.0045856170249781144 0.068383372079187876 -0.10618565968021232 -0.025308125857630568
leaf_weight=3153 32187 3687 156 415 23281 14410 4949 8653 4493 3462 25583 578 688 711
leaf_count=3153 32187 3687 156 415 23281 14410 4949 8653 4493 3462 25583 578 688 711
internal_value=4.59082e-12 -0.0103217 0.0172606 0.020252 -0.0158619 -0.027627 0.018711 0.0536169 0.0120035 0.0447365 -0.000430496 -0.0149522 -0.0707439 -0.0426194
internal_weight=126406 79103 47303 45748 66427 37691 12676 9068 36680 7149 28736 5527 1555 867
internal_count=126406 79103 47303 45748 66427 37691 12676 9068 36680 7149 28736 5527 1555 867
is_linear=0
shrinkage=0.01


Tree=243
num_leaves=15
num_cat=0
split_feature=31 4 25 6 35 47 6 11 9 47 40 42 9 6
split_gain=221678 154992 143542 105588 95153.2 76940.2 75488.1 74932.2 93612.3 49898.6 38303 33310.1 20658.8 19138.7
threshold=39.999313476975082 1.0000000180025095e-35 73.593804887033414 7.598170500000001 73.93187579214198 1.0000000180025095e-35 18.314103500000005 0.93301270189221952 1.0000000180025095e-35 1.0000000180025095e-35 68.903398288973406 1.0000000180025095e-35 -0.60355339059327384 11.001790500000002
decision_type=2 2 2 2 2 2 2 2 2 2 2 2 2 2
left_child=3 2 5 7 10 -2 -4 9 -9 -1 -5 -3 -13 -6
right_child=1 11 6 4 13 -7 -8 8 -10 -11 -12 12 -14 -15
leaf_value=-0.015473455364438971 0.0042768868181700705 -0.016288266319628403 0.050780702718071988 -0.012353129235887677 -0.047542599470850211 0.042616724964472365 -0.14826797894672636 0.090339744253433316 -0.03475398164254951 0.02234492180418509 -0.04374053406170425 -0.037170308959628751 -0.10614693605317593 -0.084519924328089038
leaf_weight=16519 56852 1192 10647 15348 2691 5765 194 1792 898 4423 5207 649 1312 2917
leaf_count=16519 56852 1192 10647 15348 2691 5765 194 1792 898 4423 5207 649 1312 2917
internal_value=1.59009e-11 0.0106764 0.0136232 -0.0164259 -0.0302654 0.00780675 0.0472187 -0.00110421 0.0485798 -0.00748612 -0.0203042 -0.0579778 -0.0833189 -0.0667763
internal_weight=126406 76611 73458 49795 26163 62617 10841 23632 2690 20942 20555 3153 1961 5608
internal_count=126406 76611 73458 49795 26163 62617 10841 23632 2690 20942 20555 3153 1961 5608
is_linear=0
shrinkage=0.01


Tree=244
num_leaves=15
num_cat=0
split_feature=8 2 0 13 11 3 44 1 5 0 13 25 7 23
split_gain=221368 214787 276075 211836 170777 165161 124042 68840.6 65657.8 39934.3 39017.6 32129.2 26475 25872.1
threshold=0.78656609248549325 8.8250000000000011 35.400001525878913 -4.6849037743654405 0.6830127018922193 72.48366750000001 1.0000000180025095e-35 -118.21337597412109 2.5000000000000004 36.742692288818368 -1.4496933262870577 33.963361967797972 1008.10008 121.35305614459516
decision_type=2 2 2 2 2 2 2 2 2 2 2 2 2 2
left_child=1 4 5 -4 7 -3 -6 -1 11 12 -11 -2 -10 -13
right_child=8 2 3 -5 6 -7 -8 -9 9 10 -12 13 -14 -15
leaf_value=-0.01458692029646616 -0.050521293757514657 0.036753398970176196 -0.075946537241416562 -0.0074972657076420469 0.035487093365601553 -0.0046731766976134802 0.11977059128288124 0.11138967233874456 -0.034859374764795822 -0.09970772671267901 -0.043572227448966716 -0.0046565783578746177 0.012553760816181751 0.14062079266434716
leaf_weight=3969 1637 24882 5052 43039 3429 15694 3558 487 6527 1784 4047 10740 1437 124
leaf_count=3969 1637 24882 5052 43039 3429 15694 3558 487 6527 1784 4047 10740 1437 124
internal_value=-8.19924e-12 0.00678235 0.0015203 -0.0146879 0.0475557 0.0207304 0.0784069 -0.000818832 -0.0258207 -0.0408628 -0.0607469 -0.0092215 -0.0263043 -0.00299841
internal_weight=126406 100110 88667 48091 11443 40576 6987 4456 26296 13795 5831 12501 7964 10864
internal_count=126406 100110 88667 48091 11443 40576 6987 4456 26296 13795 5831 12501 7964 10864
is_linear=0
shrinkage=0.01


Tree=245
num_leaves=15
num_cat=0
split_feature=8 47 15 14 11 11 10 9 42 9 11 11 23 25
split_gain=217553 224663 213526 162291 153539 120262 106136 75547.8 71357.8 65024.2 91579.1 85406.4 32358.5 17611.3
threshold=0.60355339059327384 1.0000000180025095e-35 0.096578519580484232 6.5215796741871808 0.6830127018922193 -0.68301270189221952 0.68301270189221941 -0.12940952255126037 1.0000000180025095e-35 -0.37940952255126015 0.25000000000000017 0.6830127018922193 20.071627235600626 77.727349251538655
decision_type=2 2 2 2 2 2 2 2 2 2 2 2 2 2
left_child=1 2 4 -4 -1 -3 9 -7 13 11 -11 -2 -10 -8
right_child=6 5 3 -5 -6 7 8 -9 12 10 -12 -13 -14 -15
leaf_value=-0.0063857882840125399 -0.011876854841049792 -0.0056338209933092191 0.0013980809650029813 -0.052864180012114022 0.088990699680871338 0.096410934949666738 -0.013457026701860584 0.039148512198747147 -0.16022816421071123 -0.00081856182354563814 -0.042850526367930512 0.055090764842232666 -0.072239143781644546 -0.076875323508626858
leaf_weight=2677 5350 3128 63921 6032 4568 4352 3253 4896 474 10719 10038 2957 3535 506
leaf_count=2677 5350 3128 63921 6032 4568 4352 3253 4896 474 10719 10038 2957 3535 506
internal_value=-1.0235e-11 0.00841242 0.00207136 -0.00328092 0.0537494 0.0479661 -0.0204587 0.0660955 -0.053294 -0.0116827 -0.021145 0.0119613 -0.0826424 -0.0219938
internal_weight=126406 89574 77198 69953 7245 12376 36832 9248 7768 29064 20757 8307 4009 3759
internal_count=126406 89574 77198 69953 7245 12376 36832 9248 7768 29064 20757 8307 4009 3759
is_linear=0
shrinkage=0.01


Tree=246
num_leaves=15
num_cat=0
split_feature=31 0 7 9 10 6 35 0 25 15 1 0 7 26
split_gain=217156 137634 164416 192249 184781 104299 102913 64657.5 64352.1 59390.4 51138.5 43486.5 32097.4 23766.5
threshold=43.334283903675541 37.042691525878915 1005.60008 -0.37940952255126015 -0.24999999999999994 6.4912397000000004 66.096430080270395 36.742692288818368 68.518545704629815 0.086456621345978008 -118.21337597412109 36.742692288818368 1016.1812250000002 14.458050972184385
decision_type=2 2 2 2 2 2 2 2 2 2 2 2 2 2
left_child=5 2 4 -4 -2 9 7 -7 12 13 -11 -8 -3 -1
right_child=1 8 3 -5 -6 6 11 -9 -10 10 -12 -13 -14 -15
leaf_value=0.020008892203969536 0.02269944182103573 -0.033682758844655936 0.084474779609987907 0.017740636691291986 -0.020470725991424774 0.0012578967105453739 -0.033012013652362358 -0.031465881341433452 -0.24773057007053087 -0.011170734422914701 0.027262974895522322 -0.072730174806546213 0.020940051448080439 0.085229662436840728
leaf_weight=1153 25809 6169 6742 12001 16100 13608 6544 10854 131 15704 4441 4763 1303 1084
leaf_count=1153 25809 6169 6742 12001 16100 13608 6544 10854 131 15704 4441 4763 1303 1084
internal_value=7.46524e-12 0.012098 0.0171257 0.0417454 0.00611494 -0.0142001 -0.024794 -0.0132619 -0.0280096 0.00273027 -0.00269796 -0.049743 -0.0241574 0.0516134
internal_weight=126406 68255 60652 18743 41909 58151 35769 24462 7603 22382 20145 11307 7472 2237
internal_count=126406 68255 60652 18743 41909 58151 35769 24462 7603 22382 20145 11307 7472 2237
is_linear=0
shrinkage=0.01


Tree=247
num_leaves=15
num_cat=0
split_feature=8 1 15 14 10 10 36 44 9 15 17 0 15 23
split_gain=212968 218981 207221 158520 149523 103681 96292.5 75894.9 63332.6 72150.3 47780.2 46795.2 31527.8 20216.2
threshold=0.60355339059327384 -118.21337597412109 0.096578519580484232 6.5215796741871808 0.25000000000000011 0.68301270189221941 51.18610054921843 1.0000000180025095e-35 -0.37940952255126015 0.10706476412954051 0.011120144310811616 37.042691525878915 0.10541303152975949 17.137345679012352
decision_type=2 2 2 2 2 2 2 2 2 2 2 2 2 2
left_child=1 2 4 -4 -1 8 12 -7 9 -2 -8 -10 -3 -9
right_child=5 6 3 -5 -6 7 10 13 11 -11 -12 -13 -14 -15
leaf_value=0.10643212381933972 0.082458122034201303 0.11239858909341313 0.001414599220904635 -0.052213533842572248 0.014367414002921295 -0.033917523833438698 0.11516467672741787 -0.18060328449999602 -0.015043811190924712 -0.00052010163880705145 0.026872741939463273 -0.059360117370031738 0.026264526132078764 -0.091792368194416413
leaf_weight=3038 1230 447 63921 6032 4207 5708 2500 300 18011 7077 812 2746 8617 1760
leaf_count=3038 1230 447 63921 6032 4207 5708 2500 300 18011 7077 812 2746 8617 1760
internal_value=-1.1505e-11 0.0083233 0.00206294 -0.00320972 0.0529723 -0.0202419 0.0473736 -0.0526953 -0.0115681 0.0117663 0.0935182 -0.0209065 0.0305123 -0.104726
internal_weight=126406 89574 77198 69953 7245 36832 12376 7768 29064 8307 3312 20757 9064 2060
internal_count=126406 89574 77198 69953 7245 36832 12376 7768 29064 8307 3312 20757 9064 2060
is_linear=0
shrinkage=0.01


Tree=248
num_leaves=15
num_cat=0
split_feature=31 25 47 5 13 7 47 7 10 10 39 7 3 15
split_gain=213629 115578 115477 116743 157373 112959 110924 103625 87862.6 75803.6 79948.6 74211.6 57307.9 57114.9
threshold=52.303971271651889 93.869811976001969 1.0000000180025095e-35 4.5000000000000009 1.0549740469210389 1007.4002250000001 1.0000000180025095e-35 1004.5003 -0.24999999999999994 -0.93301270189221908 87.392902408111553 1006.8000250000001 84.737657500000012 0.58711564825818641
decision_type=2 2 2 2 2 2 2 2 2 2 2 2 2 2
left_child=2 6 3 4 -1 -5 8 -8 -2 -3 -11 13 -13 -4
right_child=1 9 11 5 -6 -7 7 -9 -10 10 -12 12 -14 -15
leaf_value=0.03064168368984857 0.021396614285968975 -0.25124732429640634 -0.0046399600644355474 -0.040914491344024952 -0.017666616906949179 -0.0049876554382878337 0.01615790234112241 0.11724830776366693 -0.0083218669761026508 0.1121855333221686 -6.8396553908660164e-05 0.087843772210206408 -0.010983028129638542 0.070941531430472798
leaf_weight=10476 21248 70 8562 22834 18927 14190 2228 1861 18707 2315 874 2179 803 1132
leaf_count=10476 21248 70 8562 22834 18927 14190 2228 1861 18707 2315 874 2179 803 1132
internal_value=-1.56142e-11 0.0168112 -0.010053 -0.015331 -0.000454844 -0.027145 0.0125592 0.0621665 0.00748237 0.0742751 0.0814204 0.0176058 0.0612315 0.00418594
internal_weight=126406 47303 79103 66427 29403 37024 44044 4089 39955 3259 3189 12676 2982 9694
internal_count=126406 47303 79103 66427 29403 37024 44044 4089 39955 3259 3189 12676 2982 9694
is_linear=0
shrinkage=0.01


Tree=249
num_leaves=15
num_cat=0
split_feature=31 4 23 8 9 11 0 14 17 0 44 9 40 8
split_gain=211255 152016 151364 135914 92101.2 122833 63304 62884.7 59402 47957.6 44819.4 34318.5 28686.2 21655.1
threshold=34.43610054921843 1.0000000180025095e-35 115.34937668610237 0.91597561503675362 -0.5 0.25000000000000017 34.083213737060554 5.400003095642842 0.0051736368075963489 36.742692288818368 1.0000000180025095e-35 0.25881904510252057 58.466226794900486 0.12940952255126045
decision_type=2 2 2 2 2 2 2 2 2 2 2 2 2 2
left_child=4 2 3 -2 5 12 -4 9 -7 -6 13 -9 -1 -3
right_child=1 10 6 -5 7 8 -8 11 -10 -11 -12 -13 -14 -15
leaf_value=-0.012778484543638769 0.014167990423116504 -0.0061231110777754836 -0.058602365644014984 -0.024239020187314397 -0.01151498134432238 0.072038799540574405 0.13481993977977189 -0.04340767497732706 0.0093050604257068174 -0.043539860659182646 -0.10141638561280406 -0.10424042826751816 -0.053470846236823147 -0.06317237519857663
leaf_weight=4673 73377 1637 194 10537 11016 2329 1324 2141 4289 8125 1254 1636 2753 1121
leaf_count=4673 73377 1637 194 10537 11016 2329 1324 2141 4289 8125 1254 1636 2753 1121
internal_value=8.88259e-12 0.00831039 0.0111355 0.00934526 -0.0201102 5.4733e-05 0.110101 -0.0324672 0.0313823 -0.0251089 -0.0518484 -0.0697573 -0.0278641 -0.029311
internal_weight=126406 89444 85432 83914 36962 14044 1518 22918 6618 19141 4012 3777 7426 2758
internal_count=126406 89444 85432 83914 36962 14044 1518 22918 6618 19141 4012 3777 7426 2758
is_linear=0
shrinkage=0.01


Tree=250
num_leaves=15
num_cat=0
split_feature=31 4 25 0 10 9 11 0 11 17 44 30 35 37
split_gain=207051 148991 139093 92894.3 92572.8 90268.3 120389 60975.8 67970.5 58239.6 43927.5 43449.1 41077.6 21134.1
threshold=34.43610054921843 1.0000000180025095e-35 73.593804887033414 37.042691525878915 -0.93301270189221908 -0.5 0.25000000000000017 36.742692288818368 -0.24999999999999994 0.0052905838817010479 1.0000000180025095e-35 68.903398288973406 83.260752431358341 6.1458333333333348
decision_type=2 2 2 2 2 2 2 2 2 2 2 2 2 2
left_child=5 2 3 -2 -4 6 12 8 -7 -8 13 -9 -1 -3
right_child=1 10 4 -5 -6 7 9 11 -10 -11 -12 -13 -14 -15
leaf_value=-0.015995330618035094 0.010436513192213462 0.073039716507391952 -0.089322232018455419 -0.022117269376840245 0.049099637196743075 0.012430090988278228 0.070550418368675649 -0.03837192057903769 -0.034885037673496586 0.0087793120668835534 -0.10040222172071323 -0.086238239042138662 -0.075312065289559277 -0.036526225823822943
leaf_weight=5975 63598 189 505 10167 11162 4670 2388 6964 8678 4230 1254 2606 1451 2569
leaf_count=5975 63598 189 505 10167 11162 4670 2388 6964 8678 4230 1254 2606 1451 2569
internal_value=1.39498e-11 0.00822729 0.0110242 0.00594964 0.0431081 -0.0199091 5.41856e-05 -0.0321425 -0.0183311 0.0310684 -0.0513299 -0.0514064 -0.0275855 -0.0290179
internal_weight=126406 89444 85432 73765 11667 36962 14044 22918 13348 6618 4012 9570 7426 2758
internal_count=126406 89444 85432 73765 11667 36962 14044 22918 13348 6618 4012 9570 7426 2758
is_linear=0
shrinkage=0.01


Tree=251
num_leaves=15
num_cat=0
split_feature=8 1 15 5 11 11 5 36 10 44 9 6 8 11
split_gain=206034 210045 201360 157240 146285 115899 101891 84363.3 62004.3 54165.5 52875.2 48730.9 37464.3 17551.7
threshold=0.60355339059327384 -118.21337597412109 0.096578519580484232 10.500000000000002 0.6830127018922193 -0.68301270189221952 1.5000000000000002 45.442332065906221 0.68301270189221941 1.0000000180025095e-35 -0.37940952255126015 14.001514000000002 0.91597561503675362 1.0000000180025095e-35
decision_type=2 2 2 2 2 2 2 2 2 2 2 2 2 2
left_child=1 2 4 -4 -1 -3 11 -7 10 -10 -8 12 -2 -13
right_child=6 5 3 -5 -6 7 8 -9 9 -11 -12 13 -14 -15
leaf_value=-0.0064577588970541142 0.018127402712663748 -0.0061867694320964645 0.011791637820469148 -0.018193916917175871 0.086638277559268992 0.041097938905691044 0.0042325209099503937 0.10366620788792393 -0.045692271116836006 -0.11877376984335086 -0.03694035450035716 -0.037857948197396386 -0.013984941684142644 -0.12781988883398446
leaf_weight=2677 8493 3128 35114 34839 4568 5829 4476 3419 4023 1356 10289 1595 6349 251
leaf_count=2677 8493 3128 35114 34839 4568 5829 4476 3419 4023 1356 10289 1595 6349 251
internal_value=5.39753e-12 0.00818667 0.00205536 -0.0031422 0.0522396 0.046432 -0.0199097 0.0642295 -0.0350482 -0.0641155 -0.0244588 -0.00163594 0.00439062 -0.05009
internal_weight=126406 89574 77198 69953 7245 12376 36832 9248 20144 5379 14765 16688 14842 1846
internal_count=126406 89574 77198 69953 7245 12376 36832 9248 20144 5379 14765 16688 14842 1846
is_linear=0
shrinkage=0.01


Tree=252
num_leaves=15
num_cat=0
split_feature=31 4 23 0 18 5 0 2 9 0 9 0 44 8
split_gain=203872 113566 112683 112090 124666 107831 92620.4 82378.5 82786.3 75939.7 68549.3 47000.1 20348.2 13954.8
threshold=52.303971271651889 1.0000000180025095e-35 102.9774047759842 36.742692288818368 0.21903828000000028 1.0000000180025095e-35 37.042691525878915 26.025000000000002 0.60355339059327384 34.083213737060554 -0.70710678118654757 37.042691525878915 1.0000000180025095e-35 0.12940952255126045
decision_type=2 2 2 2 2 2 2 2 2 2 2 2 2 2
left_child=3 2 6 7 11 -6 -2 10 -9 -4 -1 -5 13 -3
right_child=1 12 9 4 5 -7 -8 8 -10 -11 -12 -13 -14 -15
leaf_value=0.015343335315810265 0.020699757983245852 -0.0073088193494509936 -0.04303903846629982 0.10594155817326943 -0.0051846085344214986 -0.043058080940912742 -0.027081404315473723 -0.00440693445674082 0.072224621154737906 0.11452669042703285 -0.013230558387195609 0.0019813111276735093 -0.11707424680719571 -0.081854895823999602
leaf_weight=11972 38992 553 366 950 12313 19302 4528 2669 2988 1862 28107 802 542 460
leaf_count=11972 38992 553 366 950 12313 19302 4528 2669 2988 1862 28107 802 542 460
internal_value=-2.03281e-11 0.0164228 0.0192795 -0.00982071 -0.0237574 -0.0283076 0.0157284 0.000346864 0.0360695 0.0886429 -0.00469525 0.0583524 -0.0676201 -0.0411599
internal_weight=126406 47303 45748 79103 33367 31615 43520 45736 5657 2228 40079 1752 1555 1013
internal_count=126406 47303 45748 79103 33367 31615 43520 45736 5657 2228 40079 1752 1555 1013
is_linear=0
shrinkage=0.01


Tree=253
num_leaves=15
num_cat=0
split_feature=8 1 15 5 10 11 5 31 10 44 9 6 37 11
split_gain=201136 205010 196763 152573 143068 113561 99140.3 84151.3 60556.2 52899.5 51793.2 47678.9 42555.9 17182.6
threshold=0.60355339059327384 -118.21337597412109 0.096578519580484232 10.500000000000002 0.25000000000000011 -0.68301270189221952 1.5000000000000002 23.388888888888896 0.68301270189221941 1.0000000180025095e-35 -0.37940952255126015 14.001514000000002 137.31909547738698 1.0000000180025095e-35
decision_type=2 2 2 2 2 2 2 2 2 2 2 2 2 2
left_child=1 2 4 -4 -1 -3 11 -7 10 -10 -8 12 -2 -13
right_child=6 5 3 -5 -6 7 8 -9 9 -11 -12 13 -14 -15
leaf_value=0.10393249341564718 0.0024976199649645566 -0.0062123234468122058 0.011604070520777722 -0.017933128893477694 0.013877128971219154 0.0002467939536128782 0.0042568909167665803 0.077877951732411799 -0.045123599313402429 -0.11734597177853928 -0.036492547816398019 -0.037471722213580597 0.16209416193193232 -0.12648260118358162
leaf_weight=3038 14673 3128 35114 34839 4207 1714 4476 7534 4023 1356 10289 1595 169 251
leaf_count=3038 14673 3128 35114 34839 4207 1714 4476 7534 4023 1356 10289 1595 169 251
internal_value=-3.5764e-12 0.00808878 0.00203141 -0.00310647 0.0516395 0.0458729 -0.0196716 0.06349 -0.0346044 -0.0633302 -0.0241394 -0.00164628 0.00431488 -0.0495745
internal_weight=126406 89574 77198 69953 7245 12376 36832 9248 20144 5379 14765 16688 14842 1846
internal_count=126406 89574 77198 69953 7245 12376 36832 9248 20144 5379 14765 16688 14842 1846
is_linear=0
shrinkage=0.01


Tree=254
num_leaves=15
num_cat=0
split_feature=31 8 23 13 17 35 46 8 1 5 11 45 39 39
split_gain=199806 144047 155470 119227 87850.3 75439.4 72244.1 65956.4 61931.7 34730.5 27792.8 29754.4 25782.7 20570.1
threshold=34.43610054921843 0.91597561503675362 102.9774047759842 9.7200072708156053 0.0073757442278358743 69.274081115335875 1.0000000180025095e-35 0.12940952255126045 -118.21337597412109 3.5000000000000004 -0.5 1.0000000180025095e-35 44.442261653288277 57.030291508238285
decision_type=2 2 2 2 2 2 2 2 2 2 2 2 2 2
left_child=4 2 3 -2 7 12 -4 8 -1 -9 -3 -12 -6 -7
right_child=1 10 6 -5 5 13 -8 9 -10 -11 11 -13 -14 -15
leaf_value=0.001567451807366432 0.014153702692832679 -0.0027964558132538109 0.1143144197452885 -0.030736977416894129 -0.003931268320781678 -0.043600425792324086 -0.034809639470917836 0.0030599889794098319 0.06499419824935021 -0.044430901950223249 -0.043889415909153788 0.017366754392887592 -0.031643374762154029 -0.080914764274521836
leaf_weight=8224 69383 3614 2080 6468 5409 2763 385 2424 1894 4222 6613 901 8851 3175
leaf_count=8224 69383 3614 2080 6468 5409 2763 385 2424 1894 4222 6613 901 8851 3175
internal_value=-1.04853e-12 0.00808206 0.0128657 0.0103258 -0.0195577 -0.0336029 0.0910232 -0.00263542 0.0134404 -0.0271095 -0.0255841 -0.0365442 -0.0211318 -0.0635521
internal_weight=126406 89444 78316 75851 36962 20198 2465 16764 10118 6646 11128 7514 14260 5938
internal_count=126406 89444 78316 75851 36962 20198 2465 16764 10118 6646 11128 7514 14260 5938
is_linear=0
shrinkage=0.01


Tree=255
num_leaves=15
num_cat=0
split_feature=31 4 23 47 5 13 7 8 48 46 9 7 44 8
split_gain=197394 110911 107965 106706 107973 147591 108019 100232 90164.8 72976 60722.1 42999.1 19870.1 13581.7
threshold=52.303971271651889 1.0000000180025095e-35 102.9774047759842 1.0000000180025095e-35 3.5000000000000004 1.0549740469210389 1007.4002250000001 0.12940952255126045 1.0000000180025095e-35 1.0000000180025095e-35 -0.12940952255126037 1008.7002800000001 1.0000000180025095e-35 0.12940952255126045
decision_type=2 2 2 2 2 2 2 2 2 2 2 2 2 2
left_child=3 2 8 4 5 -1 -6 10 -2 -4 -5 -9 13 -3
right_child=1 12 9 7 6 -7 -8 11 -10 -11 -12 -13 -14 -15
leaf_value=0.030464038676153053 0.02041195578392023 -0.0073518630061601758 0.11225223670332472 0.069889885111079672 -0.039187927367997137 -0.016920501519599864 -0.0043513058322218103 -0.024588883313305381 -0.026731568827398609 -0.042208176409123381 0.011572776401080816 0.066560135245553598 -0.11576453766410971 -0.080894626557584046
leaf_weight=10179 38992 553 1862 3687 23281 18557 14410 4949 4528 366 3462 578 542 460
leaf_count=10179 38992 553 1862 3687 23281 18557 14410 4949 4528 366 3462 578 542 460
internal_value=1.92026e-11 0.0161598 0.0189829 -0.00966343 -0.014737 -0.000135729 -0.0258692 0.0169241 0.0155069 0.0868786 0.041649 -0.0150567 -0.0668948 -0.0407474
internal_weight=126406 47303 45748 79103 66427 28736 37691 12676 43520 2228 7149 5527 1555 1013
internal_count=126406 47303 45748 79103 66427 28736 37691 12676 43520 2228 7149 5527 1555 1013
is_linear=0
shrinkage=0.01


Tree=256
num_leaves=15
num_cat=0
split_feature=8 15 0 13 3 11 1 11 9 45 11 33 7 26
split_gain=194422 191738 246393 209191 159054 131066 127979 49566.1 63141.4 50048 49263.6 30796.7 21212.9 22598.2
threshold=0.78656609248549325 0.090528459069358566 35.400001525878913 -4.6849037743654405 72.48366750000001 0.6830127018922193 -119.7866065258789 -0.5 -0.37940952255126015 1.0000000180025095e-35 0.6830127018922193 83.260752431358341 999.20006500000011 41.844542972818189
decision_type=2 2 2 2 2 2 2 2 2 2 2 2 2 2
left_child=1 5 4 -4 -3 11 -7 12 10 -10 -9 -1 -2 -14
right_child=7 2 3 -5 -6 6 -8 8 9 -11 -12 -13 13 -15
leaf_value=0.0068176891128003585 0.025562392787856898 0.035677159140621938 -0.07117505763507874 -0.0054709470293118909 -0.004390333538661465 0.00925285291352336 0.12039360290848683 -0.027300217174410477 -0.050523485022966622 0.0042582502521629059 0.048125976458940463 -0.18859022852168025 -0.01383570767138321 0.28155954693372431
leaf_weight=2852 1857 25771 5430 45033 16095 1501 3345 2091 12311 1929 1478 83 6604 26
leaf_count=2852 1857 25771 5430 45033 16095 1501 3345 2091 12311 1929 1478 83 6604 26
internal_value=1.25947e-11 0.00635617 0.00233859 -0.0125409 0.0202736 0.0540286 0.0859689 -0.0241982 -0.033676 -0.0431026 0.0039354 0.00129167 -0.00431025 -0.0126773
internal_weight=126406 100110 92329 50463 41866 7781 4846 26296 17809 14240 3569 2935 8487 6630
internal_count=126406 100110 92329 50463 41866 7781 4846 26296 17809 14240 3569 2935 8487 6630
is_linear=0
shrinkage=0.01


Tree=257
num_leaves=15
num_cat=0
split_feature=31 8 1 15 11 17 0 11 9 2 16 28 6 8
split_gain=193367 126589 150913 132311 107552 96409.9 92550.9 84028.9 79281.6 75195.4 54826.2 52553.2 53208.3 49154.6
threshold=43.334283903675541 0.60355339059327384 -118.21337597412109 0.09867972160913803 -0.5 0.0065245609208621847 36.742692288818368 0.93301270189221952 -0.12940952255126037 22.425000000000001 0.21375782999999957 55.472961554710615 12.701857500000001 0.12940952255126045
decision_type=2 2 2 2 2 2 2 2 2 2 2 2 2 2
left_child=5 2 3 -2 -4 7 9 13 -9 -7 -8 -3 -13 -1
right_child=1 11 4 -5 -6 6 10 8 -10 -11 -12 12 -14 -15
leaf_value=0.0083074333223665184 0.074985910908356324 -0.024575154566665619 0.0082503859162541167 0.0089385101798193888 0.10315170464593285 -0.020698428985390316 0.081079578439338357 0.10175027726254202 -0.0091386737152259808 0.024123407622673062 -0.044996155187803762 0.015349617958697706 -0.063712952330390829 -0.023704621447766475
leaf_weight=12163 3287 10799 1817 39264 3484 14995 353 1548 1105 4988 15079 8660 944 7920
leaf_count=12163 3287 10799 1817 39264 3484 14995 353 1548 1105 4988 15079 8660 944 7920
internal_value=-4.04765e-12 0.0114161 0.0203087 0.0140406 0.0706228 -0.0133997 -0.0237165 0.00267039 0.055564 -0.00951035 -0.0421122 -0.00944001 0.00757837 -0.00431695
internal_weight=126406 68255 47852 42551 5301 58151 35415 22736 2653 19983 15432 20403 9604 20083
internal_count=126406 68255 47852 42551 5301 58151 35415 22736 2653 19983 15432 20403 9604 20083
is_linear=0
shrinkage=0.01


Tree=258
num_leaves=15
num_cat=0
split_feature=6 2 6 0 23 26 2 32 5 25 7 0 1 12
split_gain=181456 295672 162179 156312 151240 109916 87354.7 85912.6 83520.4 74582.5 69699.1 69107.6 54220.5 38220.6
threshold=7.1966235000000012 22.825000000000006 12.404780500000003 35.400001525878913 74.933988170680209 41.844542972818189 9.0750000000000011 57.715533023517828 1.5000000000000002 133.23489760367167 1004.4999700000002 37.042691525878915 -119.7866065258789 1.0000000180025095e-35
decision_type=2 2 2 2 2 2 2 2 2 2 2 2 2 2
left_child=4 2 8 -3 6 -5 10 -4 -2 11 -1 -6 -8 -11
right_child=1 3 7 5 9 -7 12 -9 -10 13 -12 -13 -14 -15
leaf_value=-0.042112939062896183 0.010094712778922986 0.053385330116272334 -0.041982238833676605 -0.0035747790939060428 0.04862450291260266 0.36584492269857427 -0.016690983807698304 -0.10565989281403258 -0.024904896216045521 0.14336527575280786 0.051336855290889903 -0.36295128101255836 0.0080146844042505699 0.41576293592237762
leaf_weight=919 10559 8143 12553 14243 8232 81 12438 2549 19245 181 6068 41 31082 72
leaf_count=919 10559 8143 12553 14243 8232 81 12438 2549 19245 181 6068 41 31082 72
internal_value=-2.80517e-12 -0.0112152 -0.0260329 0.0184019 0.0127996 -0.00148577 0.0062233 -0.0527301 -0.0125052 0.051757 0.0390454 0.0465848 0.000953814 0.220886
internal_weight=126406 67373 44906 22467 59033 14324 50507 15102 29804 8526 6987 8273 43520 253
internal_count=126406 67373 44906 22467 59033 14324 50507 15102 29804 8526 6987 8273 43520 253
is_linear=0
shrinkage=0.01


Tree=259
num_leaves=15
num_cat=0
split_feature=31 4 8 13 6 35 8 47 44 44 16 5 19 8
split_gain=189090 137633 134842 139677 81343.7 70711.6 61533 59187.5 41278.1 37328.6 36253.4 36155.2 24637.8 20154.8
threshold=34.43610054921843 1.0000000180025095e-35 0.91597561503675362 10.260001480763526 7.598170500000001 54.731939163498105 0.12940952255126045 1.0000000180025095e-35 1.0000000180025095e-35 1.0000000180025095e-35 0.14802446599999994 3.5000000000000004 0.056259288069934639 0.12940952255126045
decision_type=2 2 2 2 2 2 2 2 2 2 2 2 2 2
left_child=4 2 3 -2 6 10 7 -1 13 -7 -6 -8 -10 -3
right_child=1 8 -4 -5 5 9 11 -9 12 -11 -12 -13 -14 -15
leaf_value=0.00077970014653174109 0.019222789499751706 -0.0053808357938672528 -0.022603636925363376 -0.032487802736668327 0.15639359779888765 -0.038451691943277168 0.0039302763404301614 0.061976548546097084 0.20767515916090745 -0.079982990402429052 -0.013213004307499769 -0.043757099987398122 -0.1033988884523062 -0.060418351018983282
leaf_weight=8357 69054 1637 10727 5651 128 8608 2507 1949 26 2891 8176 4346 1228 1121
leaf_count=8357 69054 1637 10727 5651 128 8608 2507 1949 26 2891 8176 4346 1228 1121
internal_value=2.09327e-12 0.00786236 0.0105505 0.0153112 -0.0190261 -0.0328351 -0.00308916 0.0123528 -0.0493798 -0.0488932 -0.0105986 -0.0263119 -0.0969492 -0.0277511
internal_weight=126406 89444 85432 74705 36962 19803 17159 10306 4012 11499 8304 6853 1254 2758
internal_count=126406 89444 85432 74705 36962 19803 17159 10306 4012 11499 8304 6853 1254 2758
is_linear=0
shrinkage=0.01


Tree=260
num_leaves=15
num_cat=0
split_feature=8 2 0 13 11 19 1 10 42 1 9 11 2 2
split_gain=185244 190782 259624 170766 126253 112016 106667 94785.3 67001.6 65155.3 56944.4 88973.2 84615.9 31685.4
threshold=0.60355339059327384 9.0750000000000011 35.400001525878913 -4.6849037743654405 0.6830127018922193 0.53432906591526308 -119.7866065258789 0.68301270189221941 1.0000000180025095e-35 -118.21337597412109 -0.37940952255126015 0.25000000000000017 11.425000000000002 11.625000000000002
decision_type=2 2 2 2 2 2 2 2 2 2 2 2 2 2
left_child=1 4 5 -4 9 -3 -6 10 -9 -1 12 -12 -2 -10
right_child=7 2 3 -5 6 -7 -8 8 13 -11 11 -13 -14 -15
leaf_value=-0.0095084613954354042 0.064195086666692464 -0.00048322260789593861 -0.071883894887342495 -0.0073142057902133529 0.011819252977559381 0.035827464345121934 0.10146669337359752 -0.019578561995351396 -0.10631325998129994 0.11786932684943707 0.00059521405254824749 -0.040834417485691936 -0.0078041531509286709 -0.05008593501556298
leaf_weight=3664 2232 13629 4587 38252 1872 22558 4561 3759 2015 451 10719 10038 6075 1994
leaf_count=3664 2232 13629 4587 38252 1872 22558 4561 3759 2015 451 10719 10038 6075 1994
internal_value=-9.64092e-13 0.00776264 0.00243079 -0.014228 0.0477091 0.0221519 0.0753793 -0.0188784 -0.0499084 0.00445202 -0.010585 -0.01944 0.0115413 -0.0783469
internal_weight=126406 89574 79026 42839 10548 36187 6433 36832 7768 4115 29064 20757 8307 4009
internal_count=126406 89574 79026 42839 10548 36187 6433 36832 7768 4115 29064 20757 8307 4009
is_linear=0
shrinkage=0.01


Tree=261
num_leaves=15
num_cat=0
split_feature=8 2 0 3 3 11 44 1 11 28 17 43 7 18
split_gain=181772 184217 232991 177958 149335 146854 115716 60913.4 47749.1 61217 38597 34590.6 20827 19457.7
threshold=0.78656609248549325 8.8250000000000011 35.400001525878913 19.000189000000002 72.48366750000001 0.6830127018922193 1.0000000180025095e-35 -118.21337597412109 -0.5 54.173003802281379 0.011956449627900888 1.0000000180025095e-35 999.20006500000011 9.2343781619980039
decision_type=2 2 2 2 2 2 2 2 2 2 2 2 2 2
left_child=1 5 4 -4 -3 7 -7 -1 12 11 -11 -10 13 -2
right_child=8 2 3 -5 -6 6 -8 -9 9 10 -12 -13 -14 -15
leaf_value=-0.013903298467225458 0.046720335302901525 0.034156279064496212 0.039776752192283903 -0.020547643541642596 -0.005235588824347809 0.031060830278963895 0.11246659865561494 0.1045982450678241 -0.062912604229460378 -0.00049889807057660847 -0.086542276690512163 -0.027906193362194479 -0.012168262094531777 -0.024177516264874827
leaf_weight=3969 1307 24882 5525 42566 15694 3429 3558 487 6089 5886 572 5262 6630 550
leaf_count=3969 1307 24882 5525 42566 15694 3429 3558 487 6089 5886 572 5262 6630 550
internal_value=-1.58998e-11 0.0061459 0.00127268 -0.0136172 0.0189203 0.0439064 0.0725152 -0.000952165 -0.0233977 -0.0327001 -0.00811996 -0.0466846 -0.00387766 0.025722
internal_weight=126406 100110 88667 48091 40576 11443 6987 4456 26296 17809 6458 11351 8487 1857
internal_count=126406 100110 88667 48091 40576 11443 6987 4456 26296 17809 6458 11351 8487 1857
is_linear=0
shrinkage=0.01


Tree=262
num_leaves=15
num_cat=0
split_feature=8 2 0 13 3 11 44 47 11 28 45 24 18 36
split_gain=178655 181549 191590 224514 161122 96423.8 91701.2 46525.2 42389.5 41325.1 38861.6 28700.9 11408.9 10738.3
threshold=0.91597561503675362 7.2250000000000005 35.400001525878913 -4.6849037743654405 72.48366750000001 0.6830127018922193 1.0000000180025095e-35 1.0000000180025095e-35 -0.5 53.236388360794258 1.0000000180025095e-35 28.593229501152901 10.530233948594121 64.309885931558952
decision_type=2 2 2 2 2 2 2 2 2 2 2 2 2 2
left_child=1 5 4 -4 -3 7 -7 -1 12 10 -10 -11 13 -2
right_child=8 2 3 -5 -6 6 -8 -9 9 11 -12 -13 -14 -15
leaf_value=-0.007160016885720398 -0.006761308482937667 0.031912167863264326 -0.069452789198121159 -0.0046191845488059565 -0.0059729075930451316 0.029126430450680148 0.11445697924985135 0.12555808609734251 -0.068625250788234421 -0.011201906830429436 -0.0012752293764977999 -0.12459276979592657 -0.051524434660650494 0.054388183708871142
leaf_weight=2768 4248 26726 5974 50428 19356 2268 2832 292 5584 3840 1012 237 533 308
leaf_count=2768 4248 26726 5974 50428 19356 2268 2832 292 5584 3840 1012 237 533 308
internal_value=-7.78432e-12 0.0044871 0.000872583 -0.0114862 0.0159992 0.049883 0.07651 0.00550459 -0.031498 -0.0428219 -0.058292 -0.0177934 -0.00774867 -0.00262741
internal_weight=126406 110644 102484 56402 46082 8160 5100 3060 15762 10673 6596 4077 5089 4556
internal_count=126406 110644 102484 56402 46082 8160 5100 3060 15762 10673 6596 4077 5089 4556
is_linear=0
shrinkage=0.01


Tree=263
num_leaves=15
num_cat=0
split_feature=31 4 23 5 13 7 1 44 1 46 6 1 44 8
split_gain=184519 104172 103178 100581 142327 127452 195669 129180 89948.1 47059.1 46597.2 31439 18795.8 12892.7
threshold=52.303971271651889 1.0000000180025095e-35 115.34937668610237 3.5000000000000004 1.8000030386147849 1007.4002250000001 -120.84999847412108 1.0000000180025095e-35 -120.84999847412108 1.0000000180025095e-35 17.101420000000005 -119.7866065258789 1.0000000180025095e-35 0.12940952255126045
decision_type=2 2 2 2 2 2 2 2 2 2 2 2 2 2
left_child=3 2 8 4 11 7 -7 -5 -2 -4 -6 -1 13 -3
right_child=1 12 9 5 10 6 -8 -9 -10 -11 -12 -13 -14 -15
leaf_value=-0.0029917481481784975 -0.026356267418787934 -0.006899639169740698 0.1321976909996678 -0.018805152596068103 -0.0091675305742679146 -0.03603430614183438 0.034282175143544528 -0.066224742603315442 0.020633735319763917 -0.047704096244914194 -0.060252151826069487 0.033890747428586256 -0.11239818876354896 -0.078552666215630979
leaf_weight=2859 4536 553 1081 21835 16450 7008 9091 7796 39963 168 2003 12061 542 460
leaf_count=2859 4536 553 1081 21835 16450 7008 9091 7796 39963 168 2003 12061 542 460
internal_value=1.0975e-11 0.0156239 0.0183598 -0.00934296 0.00385677 -0.0189759 0.00367295 -0.0312814 0.0158438 0.108 -0.0147126 0.0268233 -0.0648679 -0.039437
internal_weight=126406 47303 45748 79103 33373 45730 16099 29631 44499 1249 18453 14920 1555 1013
internal_count=126406 47303 45748 79103 33373 45730 16099 29631 44499 1249 18453 14920 1555 1013
is_linear=0
shrinkage=0.01


Tree=264
num_leaves=15
num_cat=0
split_feature=8 1 15 5 44 7 36 5 6 2 7 3 23 2
split_gain=176129 184530 176049 140286 106648 104627 113964 92518 44103.8 43062.1 47183.3 36404.3 35140.8 16145.9
threshold=0.60355339059327384 -118.21337597412109 0.096578519580484232 10.500000000000002 1.0000000180025095e-35 1004.4003000000001 52.117659484579647 1.5000000000000002 14.001514000000002 19.225000000000005 1004.9995000000001 47.00039300000001 121.35305614459516 15.925000000000002
decision_type=2 2 2 2 2 2 2 2 2 2 2 2 2 2
left_child=1 2 4 -4 -1 11 -7 8 12 10 -9 -3 -2 -10
right_child=7 5 3 -5 -6 6 -8 9 13 -11 -12 -13 -14 -15
leaf_value=0.0095715995468351554 0.0030965973134410608 0.056466736840849817 0.011068256509154053 -0.01725464116508291 0.086322274794863776 0.049348438834271695 0.1539349038467259 -0.058020949872454132 -0.10537324885152793 0.0015215205548674243 -0.024468358698315026 0.0039126761101764204 0.1489796197338554 -0.032084411595445582
leaf_weight=3547 14675 1776 35114 34839 3698 4090 1398 7415 378 3089 9640 5112 167 1468
leaf_count=3547 14675 1776 35114 34839 3698 4090 1398 7415 378 3089 9640 5112 167 1468
internal_value=1.82664e-12 0.00756926 0.00182241 -0.00303752 0.0487468 0.0434165 0.0759905 -0.0184082 -0.000995257 -0.0328336 -0.039056 0.0174632 0.00473805 -0.0470916
internal_weight=126406 89574 77198 69953 7245 12376 5488 36832 16688 20144 17055 6888 14842 1846
internal_count=126406 89574 77198 69953 7245 12376 5488 36832 16688 20144 17055 6888 14842 1846
is_linear=0
shrinkage=0.01


Tree=265
num_leaves=15
num_cat=0
split_feature=31 8 23 13 9 11 0 14 1 0 35 9 11 24
split_gain=180823 125849 142478 107615 80771.8 111153 68066.9 56259.2 46790.9 40189.6 39890.5 32620.4 25175 29201
threshold=34.43610054921843 0.91597561503675362 102.9774047759842 9.7200072708156053 -0.5 0.25000000000000017 34.083213737060554 5.400003095642842 -118.21337597412109 36.742692288818368 83.260752431358341 0.25881904510252057 -0.5 28.593229501152901
decision_type=2 2 2 2 2 2 2 2 2 2 2 2 2 2
left_child=4 2 3 -2 5 10 -4 9 -7 -6 -1 -9 -3 -14
right_child=1 12 6 -5 7 8 -8 11 -10 -11 -12 -13 13 -15
leaf_value=-0.014858341906302527 0.013365080900280197 -0.0020912613892024789 -0.035160410804407939 -0.029283545763984089 -0.010773228245199582 0.018149339533139634 0.10958818243556799 -0.039759005262009782 0.089343085687819998 -0.040089973211053974 -0.073311691072059898 -0.099067671079744193 -0.030093581288744141 -0.12860882807297597
leaf_weight=5975 69383 3614 385 6468 11016 5509 2080 2141 1109 8125 1451 1636 7200 314
leaf_count=5975 69383 3614 385 6468 11016 5509 2080 2141 1109 8125 1451 1636 7200 314
internal_value=1.18136e-11 0.00768856 0.0121598 0.00972833 -0.0186055 0.000278577 0.0869804 -0.0301775 0.0300795 -0.0232176 -0.0262798 -0.0654484 -0.0237792 -0.0342104
internal_weight=126406 89444 78316 75851 36962 14044 2465 22918 6618 19141 7426 3777 11128 7514
internal_count=126406 89444 78316 75851 36962 14044 2465 22918 6618 19141 7426 3777 11128 7514
is_linear=0
shrinkage=0.01


Tree=266
num_leaves=15
num_cat=0
split_feature=17 19 0 11 9 13 0 13 28 19 6 20 9 3
split_gain=173557 225860 157902 149730 315795 143451 120041 113335 72451.4 60401.8 60195.6 42353.7 37085.7 36220.2
threshold=0.0073757442278358743 1.8542425468941468 36.742692288818368 0.25000000000000017 -0.37940952255126015 -6.0898823251758634 34.083213737060554 -2.899999999999999 59.016265314744416 4.3201918446152261 17.101420000000005 13.981481481481483 0.25881904510252057 15.000763000000001
decision_type=2 2 2 2 2 2 2 2 2 2 2 2 2 2
left_child=3 2 10 11 6 12 -5 -4 -6 -7 -2 -1 -3 -13
right_child=1 5 7 4 8 9 -8 -9 -10 -11 -12 13 -14 -15
leaf_value=-0.077919028514032068 -0.00056399311475104649 -0.0023192865974040796 -0.082478894973365385 0.021109869655103242 -0.015160345185319717 -0.011165714009024162 0.08527551277332833 -0.029578024979715591 0.023775840304816533 0.040618820830852227 -0.0469707243008941 0.060430716468550749 0.074577161603693487 -0.0046408112645354186
leaf_weight=767 22432 732 5467 4332 11430 9740 8917 15623 8213 2930 3193 883 4380 27367
leaf_count=767 22432 732 5467 4332 11430 9740 8917 15623 8213 2930 3193 883 4380 27367
internal_value=7.0954e-12 -0.0114801 -0.0230256 0.01196 0.0265669 0.018851 0.0642954 -0.0432911 0.00111939 0.000809715 -0.0063465 -0.0045976 0.0635662 -0.00260689
internal_weight=126406 64497 46715 61909 32892 17782 13249 21090 19643 12670 25625 29017 5112 28250
internal_count=126406 64497 46715 61909 32892 17782 13249 21090 19643 12670 25625 29017 5112 28250
is_linear=0
shrinkage=0.01


Tree=267
num_leaves=15
num_cat=0
split_feature=31 4 25 5 13 7 0 44 7 0 14 45 44 8
split_gain=177057 100913 100851 96316.8 137401 123727 188762 124825 75290.9 59996 45311 42157.7 18260.4 12537.6
threshold=52.303971271651889 1.0000000180025095e-35 73.077016012324705 3.5000000000000004 1.8000030386147849 1007.4002250000001 37.042691525878915 1.0000000180025095e-35 997.92504500000007 37.042691525878915 -5.3740115370177604 1.0000000180025095e-35 1.0000000180025095e-35 0.12940952255126045
decision_type=2 2 2 2 2 2 2 2 2 2 2 2 2 2
left_child=3 2 9 4 11 7 -7 -5 -4 -2 -6 -1 13 -3
right_child=1 12 8 5 10 6 -8 -9 -10 -11 -12 -13 -14 -15
leaf_value=0.031426717320378245 0.015393489500847546 -0.006766006856227115 -0.083716242682839559 -0.018438826024705802 -0.027845787593316091 0.033800947088865517 -0.035263332965897801 -0.065052350055377212 0.054169596541489923 -0.023615729134934961 0.0038915703817854466 -0.029112792534488223 -0.11076659243801312 -0.07742550805551203
leaf_weight=13664 32187 553 415 21835 10682 9091 7008 7796 8653 4493 7771 1256 542 460
leaf_count=13664 32187 553 415 21835 10682 9091 7008 7796 8653 4493 7771 1256 542 460
internal_value=-9.4276e-12 0.0153047 0.0179976 -0.00915211 0.00376477 -0.0185786 0.00373681 -0.030703 0.0478592 0.0106152 -0.0144804 0.0263304 -0.0639182 -0.0388523
internal_weight=126406 47303 45748 79103 33373 45730 16099 29631 9068 36680 18453 14920 1555 1013
internal_count=126406 47303 45748 79103 33373 45730 16099 29631 9068 36680 18453 14920 1555 1013
is_linear=0
shrinkage=0.01


Tree=268
num_leaves=15
num_cat=0
split_feature=31 23 1 10 11 9 11 12 26 14 14 6 0 9
split_gain=174034 120283 103647 146403 120934 78195.2 107061 59211.4 59417.7 55407.2 54456.5 51642.3 38276.5 31766.6
threshold=34.43610054921843 115.34937668610237 -118.21337597412109 0.25000000000000011 1.0000000180025095e-35 -0.5 0.25000000000000017 1.0000000180025095e-35 14.254721558627368 3.1924987502529842 5.400003095642842 5.3168595000000005 36.742692288818368 0.25881904510252057
decision_type=2 2 2 2 2 2 2 2 2 2 2 2 2 2
left_child=5 2 3 -2 -4 6 -1 9 -9 -3 12 -8 -7 -12
right_child=1 7 4 -5 -6 10 11 8 -10 -11 13 -13 -14 -15
leaf_value=-0.025737357495146225 0.011553642717413624 0.094588885745040235 0.0046013726797387326 -0.017799029403188844 0.07260054182559271 -0.010646770467437391 0.066863173096780928 0.70995258903503411 0.15528046986916735 -0.071297407288183554 -0.038989073292337903 0.0086478682317579665 -0.039257242063919513 -0.097516405121656699
leaf_weight=7426 52104 704 5777 25216 4779 11016 2379 20 562 282 2141 4239 8125 1636
leaf_count=7426 52104 704 5777 25216 4779 11016 2379 20 562 282 2141 4239 8125 1636
internal_value=1.71291e-11 0.00754284 0.0059938 0.001981 0.0353865 -0.0182529 0.000327555 0.0943567 0.174341 0.0471447 -0.0296388 0.0295748 -0.0227914 -0.0643401
internal_weight=126406 89444 87876 77320 10556 36962 14044 1568 582 986 22918 6618 19141 3777
internal_count=126406 89444 87876 77320 10556 36962 14044 1568 582 986 22918 6618 19141 3777
is_linear=0
shrinkage=0.01


Tree=269
num_leaves=15
num_cat=0
split_feature=31 5 13 7 1 10 6 2 23 10 8 8 1 11
split_gain=171401 94038.9 134285 121168 184337 99103.6 92899 99820.1 95047.8 71602.9 52561.2 45119.6 30075.1 24316.3
threshold=52.303971271651889 3.5000000000000004 1.8000030386147849 1007.4002250000001 -120.84999847412108 0.25000000000000011 17.101420000000005 22.825000000000006 74.933988170680209 -0.93301270189221908 0.60355339059327384 -0.78656609248549303 -119.7866065258789 -0.5
decision_type=2 2 2 2 2 2 2 2 2 2 2 2 2 2
left_child=1 2 12 5 -5 -3 8 13 10 -10 -2 -4 -1 -8
right_child=6 3 11 4 -6 -7 7 -9 9 -11 -12 -13 -14 -15
leaf_value=-0.0030943735110292997 0.01941564866391126 -0.012801087050184057 -0.048969930466558134 -0.034776081680265719 0.033474037000591254 -0.049411547299640972 -0.012919299108578879 0.0071521718364360755 -0.090157460232361278 0.05408908659070609 -0.0065492404169757677 -0.0072304469760725767 0.032979202274731813 -0.1442356832455641
leaf_weight=2859 24753 15454 3116 7008 9091 14177 170 1506 359 8307 11381 15337 12061 827
leaf_count=2859 24753 15454 3116 7008 9091 14177 170 1506 359 8307 11381 15337 12061 827
internal_value=7.50843e-12 -0.00900474 0.00375848 -0.0183191 0.00376431 -0.0303174 0.0150583 -0.0442301 0.0183708 0.0481135 0.0112376 -0.0142786 0.0260667 -0.121845
internal_weight=126406 79103 33373 45730 16099 29631 47303 2503 44800 8666 36134 18453 14920 997
internal_count=126406 79103 33373 45730 16099 29631 47303 2503 44800 8666 36134 18453 14920 997
is_linear=0
shrinkage=0.01


Tree=270
num_leaves=15
num_cat=0
split_feature=31 8 15 1 10 2 0 7 25 16 24 16 21 7
split_gain=168538 121807 124414 131354 101117 65581.3 77279.4 65823.5 46510.9 38032.4 22279.4 27937.9 22983.7 19225.9
threshold=34.43610054921843 0.91597561503675362 0.090528459069358566 -118.21337597412109 0.68301270189221941 4.9250000000000016 36.742692288818368 1008.3002700000001 61.300157254846745 0.051000000000000031 28.593229501152901 14.016093071250003 151.24535050071532 1006.6000200000002
decision_type=2 2 2 2 2 2 2 2 2 2 2 2 2 2
left_child=5 2 4 -4 -2 9 7 -7 -8 13 12 -12 -3 -1
right_child=1 10 3 -5 -6 6 8 -9 -10 -11 11 -13 -14 -15
leaf_value=0.34855395555827351 0.088317787806243053 -0.022108857097696503 0.0032437221566371387 0.043503242115417742 -0.0031356340650652145 -0.016301068171929504 -0.03448330597852188 0.031270816466715527 -0.12003833883651742 0.024928044294850293 -0.13434763771339647 0.11551254627509761 0.1559352942525524 0.11956875387315799
leaf_weight=45 3637 10682 63580 9288 1811 17509 13841 3488 666 1215 321 52 73 198
leaf_count=45 3637 10682 63580 9288 1811 17509 13841 3488 666 1215 321 52 73 198
internal_value=2.13171e-11 0.0074228 0.0118217 0.00837534 0.0579172 -0.0179624 -0.0206617 -0.00839848 -0.038411 0.0477689 -0.0235354 -0.0995146 -0.0209004 0.161973
internal_weight=126406 89444 78316 72868 5448 36962 35504 20997 14507 1458 11128 373 10755 243
internal_count=126406 89444 78316 72868 5448 36962 35504 20997 14507 1458 11128 373 10755 243
is_linear=0
shrinkage=0.01


Tree=271
num_leaves=15
num_cat=0
split_feature=8 1 15 14 10 11 5 31 10 44 6 1 23 11
split_gain=167124 173623 165868 133422 127541 105875 88477.9 77359.6 53983.1 48635.6 41826 34630.4 33218.7 16089.1
threshold=0.60355339059327384 -118.21337597412109 0.096578519580484232 6.5215796741871808 0.25000000000000011 -0.68301270189221952 1.5000000000000002 23.388888888888896 0.68301270189221941 1.0000000180025095e-35 14.001514000000002 -120.84999847412108 121.35305614459516 1.0000000180025095e-35
decision_type=2 2 2 2 2 2 2 2 2 2 2 2 2 2
left_child=1 2 4 -4 -1 -3 10 -7 11 -10 12 -8 -2 -12
right_child=6 5 3 -5 -6 7 8 -9 9 -11 13 -13 -14 -15
leaf_value=0.096720085626675306 0.0030844394243906971 -0.0081468412668116406 0.0013239652351795298 -0.047876015834788864 0.01169160757873859 -0.0014820085493748563 -0.058602092478370518 0.072950506368621548 -0.041702924434136361 -0.11095346352883981 -0.034081758788667128 -0.015721964302121048 0.14492167117910648 -0.12021368798150485
leaf_weight=3038 14675 3128 63921 6032 4207 1714 2216 7534 4023 1356 1595 12549 167 251
leaf_count=3038 14675 3128 63921 6032 4207 1714 2216 7534 4023 1356 1595 12549 167 251
internal_value=-1.16246e-11 0.00737322 0.00179879 -0.00291852 0.0473461 0.0421449 -0.0179314 0.0591554 -0.0320384 -0.0591604 -0.000902923 -0.0221576 0.00468037 -0.0457931
internal_weight=126406 89574 77198 69953 7245 12376 36832 9248 20144 5379 16688 14765 14842 1846
internal_count=126406 89574 77198 69953 7245 12376 36832 9248 20144 5379 16688 14765 14842 1846
is_linear=0
shrinkage=0.01


Tree=272
num_leaves=15
num_cat=0
split_feature=8 2 0 3 11 3 13 5 1 10 9 6 37 1
split_gain=163798 170848 225647 167898 118057 111892 101804 86717.2 65628.8 52908.9 45455.2 40993.6 39405.1 28524.7
threshold=0.60355339059327384 9.3750000000000018 35.400001525878913 19.000189000000002 0.6830127018922193 66.999910000000014 -4.0287725869495157 1.5000000000000002 -118.21337597412109 0.68301270189221941 -0.37940952255126015 14.001514000000002 137.31909547738698 -119.7866065258789
decision_type=2 2 2 2 2 2 2 2 2 2 2 2 2 2
left_child=1 4 5 -4 8 -3 -6 11 -1 10 -9 12 -2 -11
right_child=7 2 3 -5 6 -7 -8 9 -10 13 -12 -13 -14 -15
leaf_value=-0.010084155393193597 0.0028848722717578885 0.035494702909079356 0.039918293942325954 -0.021041040643036704 -0.040146882247007049 -0.00026807702487500866 0.082897507479185437 0.0046660995625760126 0.11114815762310955 -0.025421335863447195 -0.03350870434181543 -0.045335157271888298 0.15645961580004478 -0.074566914352550875
leaf_weight=3978 14673 20816 5144 37139 755 15091 6148 4476 503 1751 10289 1846 169 3628
leaf_count=3978 14673 20816 5144 37139 755 15091 6148 4476 503 1751 10289 1846 169 3628
internal_value=-1.67916e-11 0.00729949 0.00202978 -0.0136249 0.043494 0.0204643 0.0694398 -0.0177521 0.00352438 -0.031718 -0.021936 -0.000893893 0.00463357 -0.0585688
internal_weight=126406 89574 78190 42283 11384 35907 6903 36832 4481 20144 14765 16688 14842 5379
internal_count=126406 89574 78190 42283 11384 35907 6903 36832 4481 20144 14765 16688 14842 5379
is_linear=0
shrinkage=0.01


Tree=273
num_leaves=15
num_cat=0
split_feature=17 19 8 1 0 9 44 16 36 0 6 5 44 28
split_gain=163185 215697 148856 157123 147912 125053 113873 100173 70659.6 61115.4 57858.3 52375.2 49725.6 45839
threshold=0.0073757442278358743 1.8542425468941468 0.37940952255126054 -118.21337597412109 36.742692288818368 0.25881904510252057 1.0000000180025095e-35 0.45605467650000014 51.18610054921843 36.742692288818368 18.314103500000005 7.5000000000000009 1.0000000180025095e-35 62.368187579214201
decision_type=2 2 2 2 2 2 2 2 2 2 2 2 2 2
left_child=2 4 3 6 10 -3 -1 -6 -5 -7 -2 12 -4 -13
right_child=1 5 11 8 7 9 -8 -9 -10 -11 -12 13 -14 -15
leaf_value=0.0023247908232156686 -0.001600609242380199 -0.026186190145129698 -0.0024702106148048976 0.050063429873038919 0.052945400926527254 0.05479418676700281 0.040965433219437741 -0.047029660729580376 0.1296907044592088 0.011631843629299211 -0.054609817638217852 -0.033890112121668883 0.055145415898629778 0.012973401664612865
leaf_weight=22418 23367 4630 8927 3704 1055 6890 11559 20035 1594 6262 2258 9208 1800 2699
leaf_count=22418 23367 4630 8927 3704 1055 6890 11559 20035 1594 6262 2258 9208 1800 2699
internal_value=-2.55053e-12 -0.0111317 0.0115971 0.0233685 -0.0224145 0.0185091 0.0154704 -0.0420285 0.0740207 0.0342435 -0.00627163 -0.00882896 0.00719774 -0.0232674
internal_weight=126406 64497 61909 39275 46715 17782 33977 21090 5298 13152 25625 22634 10727 11907
internal_count=126406 64497 61909 39275 46715 17782 33977 21090 5298 13152 25625 22634 10727 11907
is_linear=0
shrinkage=0.01


Tree=274
num_leaves=15
num_cat=0
split_feature=31 25 1 7 5 13 7 0 44 10 10 0 34 45
split_gain=164707 92450.6 90944.6 97725.9 90054.5 128295 118041 175377 118980 80471.1 71885 79891.3 52375 40542.8
threshold=52.303971271651889 93.869811976001969 -118.21337597412109 1004.5003 3.5000000000000004 1.8000030386147849 1007.4002250000001 37.042691525878915 1.0000000180025095e-35 -0.24999999999999994 -0.93301270189221908 36.742692288818368 57.030291508238285 1.0000000180025095e-35
decision_type=2 2 2 2 2 2 2 2 2 2 2 2 2 2
left_child=4 2 9 -4 5 13 8 -8 -6 -2 -3 -12 -7 -1
right_child=1 10 3 -5 6 12 7 -9 -10 -11 11 -13 -14 -15
leaf_value=0.030465591100587913 0.019677627176369797 -0.25084182504245212 0.011196756212778984 0.10936761903153679 -0.017810984691380406 0.00028728555605808464 0.032833213405346083 -0.033737379034052072 -0.063320090056327369 -0.0087633438614619155 0.0085018296091136734 0.11188688804492226 -0.033878635415509908 -0.02890310224438172
leaf_weight=13664 21248 70 2228 1861 21835 10754 9091 7008 7796 18707 1196 1993 7699 1256
leaf_count=13664 21248 70 2228 1861 21835 10754 9091 7008 7796 18707 1196 1993 7699 1256
internal_value=1.5721e-11 0.0147613 0.0109584 0.0558766 -0.00882715 0.00366276 -0.0179421 0.0038546 -0.0297846 0.00636152 0.0661552 0.0731134 -0.0139675 0.0254678
internal_weight=126406 47303 44044 4089 79103 33373 45730 16099 29631 39955 3259 3189 18453 14920
internal_count=126406 47303 44044 4089 79103 33373 45730 16099 29631 39955 3259 3189 18453 14920
is_linear=0
shrinkage=0.01


Tree=275
num_leaves=15
num_cat=0
split_feature=31 4 23 13 6 35 8 47 46 5 40 44 19 37
split_gain=161713 119993 117401 95429.5 77381.5 83866.7 65054.9 66877.7 54720.2 42750.2 37477.9 30858.1 25346.2 23939.4
threshold=39.999313476975082 1.0000000180025095e-35 115.34937668610237 11.569279319124648 7.598170500000001 73.93187579214198 0.12940952255126045 1.0000000180025095e-35 1.0000000180025095e-35 3.5000000000000004 68.903398288973406 1.0000000180025095e-35 0.056259288069934639 6.1458333333333348
decision_type=2 2 2 2 2 2 2 2 2 2 2 2 2 2
left_child=4 2 3 -2 6 10 7 -1 -4 -8 -6 13 -13 -3
right_child=1 11 8 -5 5 -7 9 -9 -10 -11 -12 12 -14 -15
leaf_value=0.0023179430724214424 0.012527557522274586 0.097599904974517621 0.12557754539103519 -0.041114889892459532 -0.0086603554828172981 -0.060154370637923699 0.0054759450164293625 0.058334668534889805 -0.057930156164030661 -0.038108996829380938 -0.039707860207547879 0.23888743433085358 -0.10429267849959503 -0.038568885832801443
leaf_weight=11542 68546 138 1240 3485 15348 5608 3678 2614 187 5798 5207 22 989 2004
leaf_count=11542 68546 138 1240 3485 15348 5608 3678 2614 187 5798 5207 22 989 2004
internal_value=-1.59576e-11 0.00911878 0.0117116 0.00993223 -0.0140295 -0.0258771 -0.000912953 0.0126618 0.10153 -0.021192 -0.0165253 -0.0512887 -0.0968249 -0.0297961
internal_weight=126406 76611 73458 72031 49795 26163 23632 14156 1427 9476 20555 3153 1011 2142
internal_count=126406 76611 73458 72031 49795 26163 23632 14156 1427 9476 20555 3153 1011 2142
is_linear=0
shrinkage=0.01


Tree=276
num_leaves=15
num_cat=0
split_feature=17 2 13 11 44 1 17 5 26 32 5 14 20 15
split_gain=156510 277960 153980 138918 227219 194960 133136 103934 96424 84573.2 69781.3 49206.5 40255.7 30190.3
threshold=0.0073757442278358743 22.825000000000006 -5.0400037278625121 0.25000000000000017 1.0000000180025095e-35 -118.21337597412109 0.012359269662975927 1.5000000000000002 41.844542972818189 57.715533023517828 1.5000000000000002 -4.3199875201684197 13.981481481481483 2.2599998116666833
decision_type=2 2 2 2 2 2 2 2 2 2 2 2 2 2
left_child=3 6 11 12 5 -5 10 -6 -4 -8 -2 -3 -1 -14
right_child=1 2 8 4 7 -7 9 -9 -10 -11 -12 -13 13 -15
leaf_value=-0.076073510050093648 0.0087696771453130411 0.067013599594938564 -0.0039900031631824855 -0.005442226082347402 0.10997977932286233 0.06945568610757738 -0.038981421665986893 0.041739364480742974 0.33188392516485482 -0.10204992372981905 -0.024561186908556364 0.00845517149833192 -0.0046038615782581912 0.052055724397965263
leaf_weight=767 9755 6062 13967 18870 3454 4260 12548 6308 86 2560 17639 1880 27276 974
leaf_count=767 9755 6062 13967 18870 3454 4260 12548 6308 86 2560 17639 1880 27276 974
internal_value=-1.64434e-11 -0.0109017 0.0179562 0.0113574 0.0254271 0.0083522 -0.0258358 0.0658843 -0.00193456 -0.0496682 -0.0126921 0.0531519 -0.00459114 -0.00265036
internal_weight=126406 64497 21995 61909 32892 23130 42502 9762 14053 15108 27394 7942 29017 28250
internal_count=126406 64497 21995 61909 32892 23130 42502 9762 14053 15108 27394 7942 29017 28250
is_linear=0
shrinkage=0.01


Tree=277
num_leaves=15
num_cat=0
split_feature=8 2 14 13 9 10 44 47 45 2 7 28 7 13
split_gain=158868 162516 148714 139276 134828 81924.8 84797 43307 33727.6 31377.1 44355.1 14003.8 9350.33 3940.89
threshold=0.91597561503675362 7.2250000000000005 6.5215796741871808 9.7200072708156053 -0.12940952255126037 0.68301270189221941 1.0000000180025095e-35 1.0000000180025095e-35 1.0000000180025095e-35 14.625000000000002 1002.8996150000002 34.43610054921843 1011.6009500000001 -1.2854338031279735
decision_type=2 2 2 2 2 2 2 2 2 2 2 2 2 2
left_child=1 5 3 -3 -4 6 -1 -7 9 10 -2 -11 13 -10
right_child=8 2 4 -5 -6 7 -8 -9 12 11 -12 -13 -14 -15
leaf_value=0.026010568985146719 -0.11161453042188038 0.0087899797520659424 -0.0080601426496883042 -0.031499581074210456 -0.086340359522293575 -0.0070191068756561567 0.10750272405048616 0.12118735203544979 -0.033188593571840903 -0.045891661534256112 -0.040060391862756374 -0.012581290243527743 0.076652426394549278 0.006437509686191418
leaf_weight=2299 1023 83479 5951 9563 3491 2697 2872 292 294 1663 5656 5235 176 1715
leaf_count=2299 1023 83479 5951 9563 3491 2697 2872 292 294 1663 5656 5235 176 1715
internal_value=9.76535e-13 0.00423132 0.000811523 0.00464896 -0.0370028 0.0471817 0.0712717 0.00550558 -0.0297025 -0.0355708 -0.0510201 -0.0206119 0.00676142 0.000638568
internal_weight=126406 110644 102484 93042 9442 8160 5171 2989 15762 13577 6679 6898 2185 2009
internal_count=126406 110644 102484 93042 9442 8160 5171 2989 15762 13577 6679 6898 2185 2009
is_linear=0
shrinkage=0.01


Tree=278
num_leaves=15
num_cat=0
split_feature=31 6 25 9 11 14 11 1 9 31 10 1 44 46
split_gain=157349 92374 93330 92298.1 171784 118509 79798.5 72950.7 72146.2 69148.6 57741.3 50000.5 35660.8 34017.4
threshold=52.678284748626965 17.101420000000005 73.593804887033414 -0.70710678118654757 0.25000000000000017 5.0668913991695517 1.0000000180025095e-35 -118.21337597412109 0.1294095225512602 23.923611111111118 -0.93301270189221908 -120.84999847412108 1.0000000180025095e-35 1.0000000180025095e-35
decision_type=2 2 2 2 2 2 2 2 2 2 2 2 2 2
left_child=3 2 11 4 12 9 13 -6 -7 -5 -4 -2 -1 -3
right_child=1 6 10 5 7 8 -8 -9 -10 -11 -12 -13 -14 -15
leaf_value=-0.005139026369323201 -0.022895035646858908 -0.040423967981058587 -0.079245687967902698 -0.033808819613169748 0.030732658221970528 -0.025366973137943623 -0.13591533260878955 0.10981764447511301 -0.085133962222961101 -0.0035953581439602468 0.052979990303549114 0.015192925507111389 -0.045060197662457238 0.056693557766016554
leaf_weight=9469 3887 1082 344 9232 7565 4988 698 1379 3394 42204 8268 30425 2930 541
leaf_count=9469 3887 1082 344 9232 7565 4988 698 1379 3394 42204 8268 30425 2930 541
internal_value=9.2027e-12 0.0149429 0.0182655 -0.00833027 0.00952271 -0.0147002 -0.0465043 0.0429261 -0.0495675 -0.00901823 0.0476983 0.0108782 -0.0145728 -0.00805146
internal_weight=126406 45245 42924 81161 21343 59818 2321 8944 8382 51436 8612 34312 12399 1623
internal_count=126406 45245 42924 81161 21343 59818 2321 8944 8382 51436 8612 34312 12399 1623
is_linear=0
shrinkage=0.01


Tree=279
num_leaves=15
num_cat=0
split_feature=8 2 0 13 3 11 44 1 11 45 28 18 7 7
split_gain=155194 158310 160675 201209 145886 83386.9 84199.5 42230.1 40078 39110.9 42030.2 10702 15333.2 9266.53
threshold=0.91597561503675362 7.2250000000000005 35.400001525878913 -4.6849037743654405 72.48366750000001 0.6830127018922193 1.0000000180025095e-35 -118.21337597412109 -0.5 1.0000000180025095e-35 52.864350091536416 10.530233948594121 999.20006500000011 1011.6009500000001
decision_type=2 2 2 2 2 2 2 2 2 2 2 2 2 2
left_child=1 5 4 -4 -3 7 -7 -1 11 10 -10 12 -2 -11
right_child=8 2 3 -5 -6 6 -8 -9 9 13 -12 -13 -14 -15
leaf_value=-0.0067622275006036462 0.037337575455803011 0.029801305252379919 -0.065386715988171168 -0.0040101068634045304 -0.0062481076845327466 0.025930619144598079 0.10769641747020414 0.11968145858113692 -0.065599822515657297 -0.0014479617502197422 -0.022139276606952731 -0.048662247821185424 -0.010013744770526068 0.075973904088816865
leaf_weight=2768 838 26726 5974 50428 19356 2268 2832 292 5479 1271 3747 533 3718 176
leaf_count=2768 838 26726 5974 50428 19356 2268 2832 292 5479 1271 3747 533 3718 176
internal_value=-1.50009e-11 0.00418211 0.000806852 -0.010511 0.0146593 0.046573 0.0713347 0.00530364 -0.029357 -0.0403679 -0.047949 -0.00626433 -0.00130426 0.00796893
internal_weight=126406 110644 102484 56402 46082 8160 5100 3060 15762 10673 9226 5089 4556 1447
internal_count=126406 110644 102484 56402 46082 8160 5100 3060 15762 10673 9226 5089 4556 1447
is_linear=0
shrinkage=0.01


Tree=280
num_leaves=15
num_cat=0
split_feature=31 4 23 13 9 11 14 0 6 35 0 42 37 9
split_gain=153922 115943 117629 99356 72130.7 112989 59755.3 54565.4 50859.2 40172.2 36171.5 34246.8 20404.1 19932.2
threshold=34.43610054921843 1.0000000180025095e-35 115.34937668610237 11.569279319124648 -0.37940952255126015 0.25000000000000017 5.400003095642842 34.083213737060554 5.3168595000000005 83.260752431358341 36.742692288818368 1.0000000180025095e-35 6.1458333333333348 0.25881904510252057
decision_type=2 2 2 2 2 2 2 2 2 2 2 2 2 2
left_child=4 2 3 -2 5 9 10 -4 -7 -1 -6 12 -3 -8
right_child=1 11 7 -5 6 8 13 -9 -10 -11 -12 -13 -14 -15
leaf_value=-0.015291796274941753 0.010497842541059845 0.11358004605293275 -0.059823461536932541 -0.039092681438168415 -0.0096614752798192469 0.063676396650652806 -0.044210397166273258 0.11975314960416704 0.0084482973633780954 -0.070815263423652214 -0.03839257021609687 -0.06885882976481511 -0.019597825106179183 -0.092735969708859015
leaf_weight=6678 79658 125 194 4256 10330 2563 1754 1324 4772 1619 7610 2443 1444 1636
leaf_count=6678 79658 125 194 4256 10330 2563 1754 1324 4772 1619 7610 2443 1444 1636
internal_value=2.55435e-11 0.00709363 0.00956089 0.00798268 -0.0171658 -0.000847662 -0.0291248 0.0968033 0.0277461 -0.0261261 -0.021849 -0.0454446 -0.00898773 -0.0676286
internal_weight=126406 89444 85432 83914 36962 15632 21330 1518 7335 8297 17940 4012 1569 3390
internal_count=126406 89444 85432 83914 36962 15632 21330 1518 7335 8297 17940 4012 1569 3390
is_linear=0
shrinkage=0.01


Tree=281
num_leaves=15
num_cat=0
split_feature=8 2 0 15 11 19 1 5 1 45 11 6 37 11
split_gain=152140 160767 208234 152524 109802 96841.3 93915.9 80775.1 61706.6 45048.4 38770.1 37786.2 37681.8 15500.9
threshold=0.60355339059327384 9.3750000000000018 35.400001525878913 1.8357160899262912 0.6830127018922193 0.53432906591526308 -119.7866065258789 1.5000000000000002 -118.21337597412109 1.0000000180025095e-35 -0.5 14.001514000000002 137.31909547738698 0.25000000000000017
decision_type=2 2 2 2 2 2 2 2 2 2 2 2 2 2
left_child=1 4 5 -4 8 -3 -6 11 -1 10 -9 12 -2 -13
right_child=7 2 3 -5 6 -7 -8 9 -10 -11 -12 13 -14 -15
leaf_value=-0.009597259035484763 0.0027584748595608274 -0.001640280340896999 -0.019497594513930541 0.043405472335738882 0.0090886482828430037 0.032310497895167857 0.090592724745837558 -0.01041636650223092 0.10795662486499868 0.0096847023064135559 -0.044654081648485187 -0.033319869456105315 0.15293739799476236 -0.12594460419136022
leaf_weight=3978 14673 13409 37993 4290 1984 22498 4919 4402 503 2441 13301 1643 169 203
leaf_count=3978 14673 13409 37993 4290 1984 22498 4919 4402 503 2441 13301 1643 169 203
internal_value=1.80188e-11 0.00703492 0.00192306 -0.0131155 0.0421453 0.019632 0.0671675 -0.0171087 0.00359837 -0.0305876 -0.0361406 -0.000838314 0.0044685 -0.0435056
internal_weight=126406 89574 78190 42283 11384 35907 6903 36832 4481 20144 17703 16688 14842 1846
internal_count=126406 89574 78190 42283 11384 35907 6903 36832 4481 20144 17703 16688 14842 1846
is_linear=0
shrinkage=0.01


Tree=282
num_leaves=15
num_cat=0
split_feature=31 1 8 5 7 0 7 2 0 11 8 7 23 7
split_gain=151811 124380 126401 124083 111068 82896.9 100754 133437 77104.5 75581 57874.2 55675.5 46322.2 24367
threshold=59.385509083227724 -118.21337597412109 0.12940952255126045 8.5000000000000018 1007.6001000000001 37.042691525878915 1003.9001350000001 15.225000000000001 34.083213737060554 -0.68301270189221952 -0.78656609248549303 1009.5001850000001 73.774028305872434 1014.4346250000001
decision_type=2 2 2 2 2 2 2 2 2 2 2 2 2 2
left_child=1 3 9 10 -5 6 7 -2 -8 -3 -1 -4 13 -7
right_child=5 2 11 4 -6 12 8 -9 -10 -11 -12 -13 -14 -15
leaf_value=-0.0203621883680195 -0.063902407666604516 -0.0028851142930999911 -0.019229046511049445 -0.034037694134067563 -0.0010072457101457978 -0.066290767141961554 0.016931169828727558 0.022734589403324752 0.069482607923567918 0.06362405502793303 0.0082516307886632938 0.085724527809911674 -0.31363312552052164 0.012824899558256442
leaf_weight=8994 2196 2332 6508 27759 16076 989 4720 9334 6835 6392 33019 548 62 642
leaf_count=8994 2196 2332 6508 27759 16076 989 4720 9334 6835 6392 33019 548 62 642
internal_value=8.80227e-12 -0.00541121 0.0203923 -0.0101542 -0.0219241 0.0221943 0.0271477 0.00623374 0.0480163 0.0458456 0.00212608 -0.0110779 -0.0453475 -0.035149
internal_weight=126406 101628 15780 85848 43835 24778 23085 11530 11555 8724 42013 7056 1693 1631
internal_count=126406 101628 15780 85848 43835 24778 23085 11530 11555 8724 42013 7056 1693 1631
is_linear=0
shrinkage=0.01


Tree=283
num_leaves=15
num_cat=0
split_feature=8 15 1 6 3 11 1 11 45 28 33 18 41 24
split_gain=149898 154144 166391 158023 140837 115564 100347 38900.1 37889.2 40533.1 26204 10371.7 12907.4 7940.27
threshold=0.91597561503675362 0.090528459069358566 -118.99998249999999 10.7017845 72.48366750000001 0.6830127018922193 -119.7866065258789 -0.5 1.0000000180025095e-35 52.864350091536416 83.260752431358341 10.530233948594121 61.069074778200267 12.560465239956532
decision_type=2 2 2 2 2 2 2 2 2 2 2 2 2 2
left_child=1 5 3 -3 -4 10 -7 11 9 -9 -1 12 -2 -13
right_child=7 2 4 -5 -6 6 -8 8 -10 -11 -12 13 -14 -15
leaf_value=0.0023938597757293535 -0.0083105966015811546 0.00059758935680434414 0.02930767805037536 -0.035486395958600751 -0.0061390301385180965 0.0080763559784338673 0.10114281200793723 -0.064494943597382379 0.0078763315290580789 -0.021815456302485083 -0.16363759578186637 -0.024802589160947096 0.038725724438384304 -0.11250687459623442
leaf_weight=3166 3869 37808 27159 17874 19086 1670 3783 5479 1447 3747 98 393 687 140
leaf_count=3166 3869 37808 27159 17874 19086 1670 3783 5479 1447 3747 98 393 687 140
internal_value=-4.75635e-12 0.00411013 0.000658388 -0.0109854 0.0146783 0.0444709 0.0726409 -0.0288517 -0.0396995 -0.0471613 -0.00259115 -0.00610091 -0.00121798 -0.0478394
internal_weight=126406 110644 101927 55682 46245 8717 5453 15762 10673 9226 3264 5089 4556 533
internal_count=126406 110644 101927 55682 46245 8717 5453 15762 10673 9226 3264 5089 4556 533
is_linear=0
shrinkage=0.01


Tree=284
num_leaves=15
num_cat=0
split_feature=31 4 23 13 9 11 14 0 6 35 44 8 44 19
split_gain=148862 111741 113778 95046.4 69817.4 109032 57862.9 53234.7 49454.3 39385.4 36086.4 34651.2 25235.9 22633.7
threshold=34.43610054921843 1.0000000180025095e-35 115.34937668610237 11.569279319124648 -0.37940952255126015 0.25000000000000017 5.400003095642842 34.083213737060554 5.3168595000000005 83.260752431358341 1.0000000180025095e-35 0.12940952255126045 1.0000000180025095e-35 0.056259288069934639
decision_type=2 2 2 2 2 2 2 2 2 2 2 2 2 2
left_child=4 2 3 -2 5 9 11 -4 -7 -1 -3 -6 -8 -12
right_child=1 10 7 -5 6 8 12 -9 -10 -11 13 -13 -14 -15
leaf_value=-0.014931176767353858 0.010306059901244962 -0.024378614124286165 -0.059504329088268824 -0.038197056336122255 -0.0089910472800359947 0.062692232688481384 -0.050926252229054614 0.11786905785516086 0.008232241086500806 -0.069908249435435443 0.20289347125933721 -0.036943979596241287 -0.11422504782235544 -0.095260710040720162
leaf_weight=6678 79658 2758 194 4256 9920 2563 2554 1324 4772 1619 26 8020 836 1228
leaf_count=6678 79658 2758 194 4256 9920 2563 2554 1324 4772 1619 26 8020 836 1228
internal_value=1.39704e-12 0.00697606 0.00939821 0.00784605 -0.0168813 -0.000826984 -0.028647 0.0952008 0.0272617 -0.0256589 -0.0446015 -0.0214873 -0.0665362 -0.0890789
internal_weight=126406 89444 85432 83914 36962 15632 21330 1518 7335 8297 4012 17940 3390 1254
internal_count=126406 89444 85432 83914 36962 15632 21330 1518 7335 8297 4012 17940 3390 1254
is_linear=0
shrinkage=0.01


Tree=285
num_leaves=15
num_cat=0
split_feature=8 15 0 13 3 11 1 10 44 28 7 36 45 45
split_gain=146315 146412 178495 170551 125618 101101 109940 47352.2 51851.5 33015.2 28547 27696.6 20865.8 13213.6
threshold=0.78656609248549325 0.090528459069358566 35.400001525878913 -4.6849037743654405 72.48366750000001 0.6830127018922193 -119.7866065258789 0.68301270189221941 1.0000000180025095e-35 34.991656104773988 998.70015000000012 14.513888888888891 1.0000000180025095e-35 1.0000000180025095e-35
decision_type=2 2 2 2 2 2 2 2 2 2 2 2 2 2
left_child=1 5 4 -4 -3 10 -7 9 13 12 -1 -11 -2 -9
right_child=7 2 3 -5 -6 6 -8 8 -10 11 -12 -13 -14 -15
leaf_value=-0.14008754576427224 -0.046353495692253929 0.030957482077709035 -0.063603883136939821 -0.0042775039982031063 -0.0046503519965350555 0.0041206856979724817 0.10713131343506233 -0.03814154888600254 -0.097867749471964985 -0.14190148169877909 0.0077553172108219314 -0.005821762706643775 0.0090646260013134382 0.0053575278213195635
leaf_weight=137 4010 25771 5430 45033 16095 1501 3345 3178 1470 151 2798 15774 818 895
leaf_count=137 4010 25771 5430 45033 16095 1501 3345 3178 1470 151 2798 15774 818 895
internal_value=-2.34596e-12 0.005514 0.00200327 -0.0106612 0.0172684 0.0471722 0.0752248 -0.020992 -0.0469573 -0.0140569 0.000854305 -0.00711206 -0.0369641 -0.0285831
internal_weight=126406 100110 92329 50463 41866 7781 4846 26296 5543 20753 2935 15925 4828 4073
internal_count=126406 100110 92329 50463 41866 7781 4846 26296 5543 20753 2935 15925 4828 4073
is_linear=0
shrinkage=0.01


Tree=286
num_leaves=15
num_cat=0
split_feature=5 7 1 44 13 13 26 19 14 7 44 13 7 23
split_gain=144937 154503 251067 204561 140197 139312 162954 107598 91762.4 80478.5 70884.2 75641.5 70068.9 64485.6
threshold=3.5000000000000004 1006.5004000000001 -120.84999847412108 1.0000000180025095e-35 -3.6662440706919139 1.7999961390911321 41.844542972818189 1.8542425468941468 -9.8837633027956446 1002.9997500000001 1.0000000180025095e-35 -5.0732009093110486 1013.2001000000001 99.973419590559487
decision_type=2 2 2 2 2 2 2 2 2 2 2 2 2 2
left_child=5 3 -3 7 -5 10 8 -2 -7 -8 11 -1 -4 -12
right_child=1 2 12 4 -6 6 9 -9 -10 -11 13 -13 -14 -15
leaf_value=0.043328166570518543 -0.014400313922884192 -0.032217594876717534 0.024304741345053452 -0.12120900966655691 -0.038449724548859858 -0.04471452318951074 0.48723307783060732 0.045300534501890082 0.0032650841460583704 0.011831900042227724 0.053144066701383212 0.0050026962735939167 0.091404908783092806 0.19294876468189984
leaf_weight=8854 27183 9758 16529 2616 9410 4747 101 3396 24869 55 4505 12309 1718 356
leaf_count=8854 27183 9758 16529 2616 9410 4747 101 3396 24869 55 4505 12309 1718 356
internal_value=3.21137e-11 -0.00951863 0.00872656 -0.0215115 -0.0564522 0.0120459 -0.00272737 -0.00777014 -0.00442533 0.319624 0.0289467 0.021037 0.0306224 0.0633828
internal_weight=126406 70610 28005 42605 12026 55796 29772 30579 29616 156 26024 21163 18247 4861
internal_count=126406 70610 28005 42605 12026 55796 29772 30579 29616 156 26024 21163 18247 4861
is_linear=0
shrinkage=0.01


Tree=287
num_leaves=15
num_cat=0
split_feature=31 1 8 10 15 7 0 7 10 0 11 7 25 7
split_gain=145272 119066 121461 119929 153656 130811 79615.2 96976.4 108570 75287.7 73921.9 54281.5 46543.2 22851.9
threshold=59.385509083227724 -118.21337597412109 0.12940952255126045 0.25000000000000011 0.10870096776988182 1009.00003 37.042691525878915 1003.9001350000001 -0.24999999999999994 34.083213737060554 -0.68301270189221952 1009.5001850000001 68.518545704629815 1014.4346250000001
decision_type=2 2 2 2 2 2 2 2 2 2 2 2 2 2
left_child=1 3 10 4 -1 -5 7 8 -2 -9 -3 -4 13 -8
right_child=6 2 11 5 -6 -7 12 9 -10 -11 -12 -13 -14 -15
leaf_value=0.057126285443787672 0.025763173521320154 -0.0032890095147108051 -0.018944593708230654 -0.038424891015454786 -0.0056398652345574507 0.0044964203772824693 -0.061306244468110289 0.016322391674378642 -0.041712373348041974 0.068250994881595292 0.062486142106166931 0.084686726262889811 -0.23961661384032484 0.016422584075065461
leaf_weight=4240 8161 2332 6508 22565 48682 10361 951 4720 3369 6835 6392 548 114 628
leaf_count=4240 8161 2332 6508 22565 48682 10361 951 4720 3369 6835 6392 548 114 628
internal_value=-5.21878e-12 -0.00529339 0.019953 -0.00993401 -0.000611172 -0.0249186 0.021711 0.0265654 0.0060472 0.0470391 0.0449039 -0.0108961 -0.0444803 -0.0303919
internal_weight=126406 101628 15780 85848 52922 32926 24778 23085 11530 11555 8724 7056 1693 1579
internal_count=126406 101628 15780 85848 52922 32926 24778 23085 11530 11555 8724 7056 1693 1579
is_linear=0
shrinkage=0.01


Tree=288
num_leaves=15
num_cat=0
split_feature=31 8 2 14 10 9 14 6 0 2 39 44 24 19
split_gain=143477 104921 105321 106386 102010 67915.2 55684.8 44384.7 33123.1 32770.8 28153.7 24008.5 22716.9 29210.7
threshold=34.43610054921843 0.91597561503675362 8.4250000000000025 8.6399957737787894 0.25000000000000011 -0.37940952255126015 5.400003095642842 11.700692500000001 36.742692288818368 4.9250000000000016 57.030291508238285 1.0000000180025095e-35 28.593229501152901 1.7201901968069302
decision_type=2 2 2 2 2 2 2 2 2 2 2 2 2 2
left_child=5 2 4 -4 -2 7 8 9 -7 -1 -9 -8 -3 -14
right_child=1 12 3 -5 -6 6 11 10 -10 -11 -12 -13 13 -15
leaf_value=0.057565750092562505 0.091048171028309033 -0.019222846089004948 0.0094686833809637366 -0.05866452201280762 0.01557910842308095 -0.0094911848384299866 -0.05012110796549555 -0.013433980623624817 -0.036984948399222763 0.0020534956988162607 -0.079936905553577672 -0.11186136189534031 -0.13342278919422035 0.12631747069954874
leaf_weight=1170 3061 10755 68567 2371 4317 10330 2554 1803 7610 11675 984 836 323 50
leaf_count=1170 3061 10755 68567 2371 4317 10330 2554 1803 7610 11675 984 836 323 50
internal_value=-1.29115e-13 0.00684873 0.0109313 0.00719143 0.0468899 -0.0165732 -0.0281774 -0.000739054 -0.0211538 0.00710989 -0.036914 -0.0653467 -0.0218837 -0.0986051
internal_weight=126406 89444 78316 70938 7378 36962 21330 15632 17940 12845 2787 3390 11128 373
internal_count=126406 89444 78316 70938 7378 36962 21330 15632 17940 12845 2787 3390 11128 373
is_linear=0
shrinkage=0.01


Tree=289
num_leaves=15
num_cat=0
split_feature=8 2 0 15 10 16 7 10 44 13 9 2 2 2
split_gain=141267 148878 191666 147585 100457 86745.2 79442 78312.9 63097.2 61791.5 48612.7 74901.9 68738.5 21041.1
threshold=0.60355339059327384 9.3750000000000018 35.400001525878913 1.8357160899262912 0.25000000000000011 4.7087218175000016 1006.5004000000001 0.68301270189221941 1.0000000180025095e-35 -4.3300917366011875 -0.37940952255126015 11.425000000000002 17.125000000000004 14.525000000000002
decision_type=2 2 2 2 2 2 2 2 2 2 2 2 2 2
left_child=1 4 5 -4 9 -3 -6 10 13 -1 11 -2 -12 -9
right_child=7 2 3 -5 6 -7 -8 8 -10 -11 12 -13 -14 -15
leaf_value=-0.044156844390238668 0.061035395413589176 -0.0010611926445713985 -0.018846160437139662 0.043030063489138314 -0.034329261746115926 0.030982845549259147 0.039451952379951104 -0.034910344487989332 -0.092132602444189846 0.086811538541439345 -0.035639041621294866 -0.0067050834245775707 0.0007617330396674089 0.022646364346990914
leaf_weight=393 2232 13596 37993 4290 2157 22311 4512 4980 2060 4322 10202 6075 10555 728
leaf_count=393 2232 13596 37993 4290 2157 22311 4512 4980 2060 4322 10202 6075 10555 728
internal_value=-7.52938e-12 0.00677889 0.00185966 -0.0125682 0.0405661 0.0188495 0.0155884 -0.016486 -0.0446911 0.0758952 -0.00894756 0.011496 -0.0171291 -0.0275695
internal_weight=126406 89574 78190 42283 11384 35907 6669 36832 7768 4715 29064 8307 20757 5708
internal_count=126406 89574 78190 42283 11384 35907 6669 36832 7768 4715 29064 8307 20757 5708
is_linear=0
shrinkage=0.01


Tree=290
num_leaves=15
num_cat=0
split_feature=31 4 25 8 1 35 17 8 1 26 42 23 44 3
split_gain=141569 89541.5 81706.5 80414.3 80453 77032.6 70879.6 56762 50322.7 25414.4 15889.2 15147.8 15049.5 10708.3
threshold=52.678284748626965 1.0000000180025095e-35 73.593804887033414 0.91597561503675362 -118.21337597412109 64.022813688212949 0.01694730851885733 0.12940952255126045 -120.84999847412108 12.066248460824495 1.0000000180025095e-35 14.872685185185189 1.0000000180025095e-35 70.494080000000011
decision_type=2 2 2 2 2 2 2 2 2 2 2 2 2 2
left_child=3 2 8 4 5 -1 -4 -6 -2 11 -11 -5 13 -3
right_child=1 12 6 9 7 -7 -8 -9 -10 10 -12 -13 -14 -15
leaf_value=-0.00026833538782217886 -0.022606788197284407 0.047745126155956143 0.049085574080908786 -0.12610279631523685 0.036754543440036938 -0.023942155272762267 -0.12961208315990996 -0.0097933547187205282 0.014379852166097501 -0.02663379350916387 -0.065519332683338746 -0.017274547349102568 -0.10579656738040687 -0.051930924316741595
leaf_weight=38127 4174 124 8385 131 7352 21493 228 4070 30989 1631 2954 5403 521 824
leaf_count=38127 4174 124 8385 131 7352 21493 228 4070 30989 1631 2954 5403 521 824
internal_value=1.89967e-11 0.0141739 0.0167509 -0.00790154 -0.00414486 -0.00880274 0.0443552 0.0201681 0.00998938 -0.0342759 -0.0516868 -0.0198507 -0.0626213 -0.0388931
internal_weight=126406 45245 43776 81161 71042 59620 8613 11422 35163 10119 4585 5534 1469 948
internal_count=126406 45245 43776 81161 71042 59620 8613 11422 35163 10119 4585 5534 1469 948
is_linear=0
shrinkage=0.01


Tree=291
num_leaves=15
num_cat=0
split_feature=17 19 8 1 9 1 13 44 13 36 13 28 44 45
split_gain=140287 188225 132514 139148 122606 112327 114436 105873 85678.5 66995.3 59606.3 43908.7 50950.9 39436.9
threshold=0.0071562598601892921 1.8542425468941468 0.37940952255126054 -118.21337597412109 0.25881904510252057 -118.99998249999999 -2.899999999999999 1.0000000180025095e-35 -6.0898823251758634 51.18610054921843 10.522819945291792 59.947824250105633 1.0000000180025095e-35 1.0000000180025095e-35
decision_type=2 2 2 2 2 2 2 2 2 2 2 2 2 2
left_child=2 5 3 7 -3 6 -2 -1 -6 -5 -7 13 -13 -4
right_child=1 4 11 9 8 10 -8 -9 -10 -11 -12 12 -14 -15
leaf_value=0.002001487431829512 -0.067761885560500834 -0.025907842991305063 -0.022021079253999942 0.047162810479683237 0.069201083154821097 0.0014350415799511494 -0.02142757838633318 0.039974566380183908 0.015358921705640752 0.1260753392336203 -0.088509840432082751 -0.0010313652161942812 0.070064849039650309 0.033723376687109945
leaf_weight=21598 7068 4779 14483 3543 4408 19316 21682 11124 8969 1545 766 4429 1305 1391
leaf_count=21598 7068 4779 14483 3543 4408 19316 21682 11124 8969 1545 766 4429 1305 1391
internal_value=1.22126e-11 -0.00992169 0.0111857 0.0224753 0.0175688 -0.0201428 -0.0328186 0.0149106 0.033101 0.071125 -0.00199578 -0.00856883 0.0151494 -0.0171363
internal_weight=126406 66988 59418 37810 18156 48832 28750 32722 13377 5088 20082 21608 5734 15874
internal_count=126406 66988 59418 37810 18156 48832 28750 32722 13377 5088 20082 21608 5734 15874
is_linear=0
shrinkage=0.01


Tree=292
num_leaves=15
num_cat=0
split_feature=31 4 13 23 39 2 42 9 15 33 7 28 40 35
split_gain=138094 122463 126586 116562 77102.1 70606.3 45467.4 42622.9 23521.2 23010.8 23672.5 23457.5 17738.4 17391.2
threshold=24.459876543209884 1.0000000180025095e-35 10.260001480763526 115.34937668610237 57.030291508238285 28.575000000000006 1.0000000180025095e-35 -0.37940952255126015 0.052876765647565632 54.914026193493889 1009.1001500000001 59.211026615969594 162.91702432045784 61.810489468284153
decision_type=2 2 2 2 2 2 2 2 2 2 2 2 2 2
left_child=4 2 3 -2 7 -4 12 8 -1 11 -11 -6 -3 -8
right_child=1 6 5 -5 9 -7 13 -9 -10 10 -12 -13 -14 -15
leaf_value=0.077342946020704295 0.0085359004465255014 -0.0047080203936336797 -0.047538826633813189 0.093759825998576185 -0.034776597636379351 0.021250740614442997 -0.049114736028716618 -0.028206355384778257 0.0039366033844808468 -0.10401660624189578 -0.028081097115913993 -0.1284895014778509 -0.20956261280664179 -0.098432076690997475
leaf_weight=481 93074 2487 6210 1633 4043 1964 2313 6123 4719 1417 578 286 43 1035
leaf_count=481 93074 2487 6210 1633 4043 1964 2313 6123 4719 1417 578 286 43 1035
internal_value=-1.1935e-12 0.00421023 0.00674663 0.0100054 -0.0259478 -0.0310105 -0.0401837 -0.0103267 0.0107267 -0.0539172 -0.0820162 -0.0409678 -0.00818974 -0.0643607
internal_weight=126406 108759 102881 94707 17647 8174 5878 11323 5200 6324 1995 4329 2530 3348
internal_count=126406 108759 102881 94707 17647 8174 5878 11323 5200 6324 1995 4329 2530 3348
is_linear=0
shrinkage=0.01


Tree=293
num_leaves=15
num_cat=0
split_feature=31 8 0 19 3 17 0 7 45 19 23 23 32 7
split_gain=136776 104758 116443 138310 98293.7 93431 72783.9 70165.4 42209.4 41311.6 39839.8 32902.8 14497.9 13610.2
threshold=59.775285171102674 0.78656609248549325 35.400001525878913 0.079041890321879707 72.48366750000001 0.01694730851885733 37.042691525878915 1005.2002000000001 1.0000000180025095e-35 1.7717310153153309 73.774028305872434 17.970679012345684 44.455217574989447 1011.00003
decision_type=2 2 2 2 2 2 2 2 2 2 2 2 2 2
left_child=1 2 4 -4 -1 6 7 -2 11 12 -8 -3 -7 -10
right_child=5 8 3 -5 -6 9 10 -9 13 -11 -12 -13 -14 -15
leaf_value=0.028121911365076115 0.015275261362035226 -0.10267878602711651 0.051271064269317837 -0.014881159225594368 -0.006495240729323345 -0.037423417176889337 -0.033139268352274806 0.051970317850026183 0.0018020733826298028 -0.0080353166513759608 -0.32609160075585047 -0.028252815844920801 -0.16504197406265789 0.072794291943010653
leaf_weight=20394 12827 615 3408 43533 13721 115 1412 8776 2976 497 48 17393 394 297
leaf_count=20394 12827 615 3408 43533 13721 115 1412 8776 2976 497 48 17393 394 297
internal_value=4.36647e-12 -0.00504469 0.0001395 -0.0100784 0.0141989 0.0214491 0.025564 0.0301823 -0.0247905 -0.0728865 -0.0427706 -0.0307946 -0.136209 0.00824408
internal_weight=126406 102337 81056 46941 34115 24069 23063 21603 21281 1006 1460 18008 509 3273
internal_count=126406 102337 81056 46941 34115 24069 23063 21603 21281 1006 1460 18008 509 3273
is_linear=0
shrinkage=0.01


Tree=294
num_leaves=15
num_cat=0
split_feature=17 2 9 17 11 9 44 44 37 9 0 26 25 9
split_gain=135721 239233 135620 126028 119509 273015 152208 85600.3 68392.6 66017.1 64783.7 44120.1 38916.4 30920.7
threshold=0.0071562598601892921 22.825000000000006 0.60355339059327384 0.012359269662975927 0.25000000000000017 -0.37940952255126015 1.0000000180025095e-35 1.0000000180025095e-35 57.909062103929038 -0.37940952255126015 36.742692288818368 41.844542972818189 24.466771112049951 0.37940952255126048
decision_type=2 2 2 2 2 2 2 2 2 2 2 2 2 2
left_child=4 3 11 9 12 6 -6 -7 -5 -2 -4 -3 -1 -14
right_child=1 2 10 8 5 7 -8 -9 -10 -11 -12 -13 13 -15
leaf_value=-0.05876663858335783 0.0060250962553280631 -0.012913153118364223 0.057413357043213521 -0.035065451375811428 0.038630106301918363 -0.013848780722451482 0.11583455172490081 0.032280269553408437 -0.085704837600103098 -0.024212850741115323 0.011773003937630939 0.27915484818128439 -0.0063890191724390571 0.022562854322834142
leaf_weight=1245 12730 9647 7409 11649 9131 13149 3545 5796 3459 16682 5360 52 22125 4427
leaf_count=1245 12730 9647 7409 11649 9131 13149 3545 5796 3459 16682 5360 52 22125 4427
internal_value=2.629e-11 -0.00975888 0.0168427 -0.023184 0.0110022 0.0242992 0.0602213 0.00026386 -0.0466594 -0.0111254 0.0382551 -0.0113473 -0.00412403 -0.00156189
internal_weight=126406 66988 22468 44520 59418 31621 12676 18945 15108 29412 12769 9699 27797 26552
internal_count=126406 66988 22468 44520 59418 31621 12676 18945 15108 29412 12769 9699 27797 26552
is_linear=0
shrinkage=0.01


Tree=295
num_leaves=15
num_cat=0
split_feature=5 6 2 13 26 7 8 1 14 2 45 8 23 26
split_gain=139046 150174 134398 129821 157729 99183.7 97153.3 95457.8 86531.7 79037.1 62461 64216.2 55422.4 37233.6
threshold=3.5000000000000004 5.8617570500000005 24.525000000000002 1.7999961390911321 41.844542972818189 1007.10008 0.37940952255126054 -118.21337597412109 -10.440000150288759 18.025000000000002 1.0000000180025095e-35 -0.60355339059327362 102.9774047759842 37.698913730712952
decision_type=2 2 2 2 2 2 2 2 2 2 2 2 2 2
left_child=3 6 5 10 8 -3 7 -2 -5 -6 12 -12 -1 -4
right_child=1 2 13 4 9 -7 -8 -9 -10 -11 11 -13 -14 -15
leaf_value=0.030242215259550155 0.012481225643962266 -0.039484791014611172 0.02581631852917508 -0.048169130263563106 -0.0036449914619040031 -0.0049802574568726431 -0.017909138247068676 0.0757477125321665 0.0025018722181265394 0.47383973479270936 -0.08072504380403496 0.027797340560376711 0.1233808450093507 -0.27660103024505989
leaf_weight=23177 15577 24831 5795 3878 52 12537 9013 2816 25738 104 1025 1165 657 41
leaf_count=23177 15577 24831 5795 3878 52 12537 9013 2816 25738 104 1025 1165 657 41
internal_value=3.85707e-12 -0.00932317 -0.0209383 0.0117985 -0.00246261 -0.0279085 0.00898747 0.0221674 -0.00413313 0.314678 0.0281135 -0.0229951 0.0328096 0.0236917
internal_weight=126406 70610 43204 55796 29772 37368 27406 18393 29616 156 26024 2190 23834 5836
internal_count=126406 70610 43204 55796 29772 37368 27406 18393 29616 156 26024 2190 23834 5836
is_linear=0
shrinkage=0.01


Tree=296
num_leaves=15
num_cat=0
split_feature=5 17 0 8 16 1 23 16 10 0 8 45 8 28
split_gain=136279 150817 144292 115029 109416 104071 100097 80312.2 65759.6 76157.8 52982.1 95277.6 59201.4 40987.6
threshold=3.5000000000000004 0.0067621935786427159 36.742692288818368 0.37940952255126054 14.016093071250003 -118.21337597412109 65.836190912078123 0.21375782999999957 -0.93301270189221908 36.742692288818368 -0.78656609248549303 1.0000000180025095e-35 0.78656609248549325 62.180185889311375
decision_type=2 2 2 2 2 2 2 2 2 2 2 2 2 2
left_child=6 3 4 5 -3 -2 10 -4 -8 -10 11 -1 -12 -5
right_child=1 2 7 13 -6 -7 8 -9 9 -11 12 -13 -14 -15
leaf_value=-0.00079167466563524378 0.010495146866238451 -0.01449815637468208 0.084330812040716407 -0.030419739129718754 0.0521671394324381 0.07144497295439714 -0.03731191251109587 -0.048541570524412235 0.026337479465262076 0.085625154410662069 0.018639762621348463 -0.084900221205677057 -0.0093483517574816065 0.014886219333600183
leaf_weight=7030 18575 18042 468 8521 2851 3299 1000 16246 5927 3415 26124 1666 10634 2608
leaf_count=7030 18575 18042 468 8521 2851 3299 1000 16246 5927 3415 26124 1666 10634 2608
internal_value=-3.83803e-12 -0.00922994 -0.0229209 0.00637097 -0.0054012 0.0196875 0.0116805 -0.0448211 0.0397602 0.0480103 0.00529163 -0.0169054 0.0105429 -0.0198026
internal_weight=126406 70610 37607 33003 20893 21874 55796 16714 10342 9342 45454 8696 36758 11129
internal_count=126406 70610 37607 33003 20893 21874 55796 16714 10342 9342 45454 8696 36758 11129
is_linear=0
shrinkage=0.01


Tree=297
num_leaves=15
num_cat=0
split_feature=31 8 47 11 16 39 10 9 11 44 32 4 10 2
split_gain=132493 117619 141654 130478 112472 75436.7 70697.8 40803.1 40916.1 40454.3 38472.8 35443.3 22038.5 18291.4
threshold=24.459876543209884 0.60355339059327384 1.0000000180025095e-35 -0.68301270189221952 0.35014439250000023 57.030291508238285 0.68301270189221941 -0.37940952255126015 0.25000000000000017 1.0000000180025095e-35 66.855133079847931 1.0000000180025095e-35 0.68301270189221941 10.775000000000002
decision_type=2 2 2 2 2 2 2 2 2 2 2 2 2 2
left_child=5 2 4 -4 -2 7 11 8 -1 -8 12 -3 -7 -12
right_child=1 6 3 -5 -6 10 9 -9 -10 -11 13 -13 -14 -15
leaf_value=-0.02269620439893625 0.061361786636102852 -0.0023539141344540559 -0.013094048406713648 0.067639936438569456 0.0025197567071459505 -0.033060758419585959 -0.026028001416313024 -0.027458430936381562 0.03424176871066463 -0.081685102834543541 -0.041101865626405928 -0.071782286573240733 -0.084304319020232762 -0.1406205972103152
leaf_weight=2156 3424 24545 2749 7365 63342 4366 4779 6123 3044 1797 256 758 1039 663
leaf_count=2156 3424 24545 2749 7365 63342 4366 4779 6123 3044 1797 256 758 1039 663
internal_value=-1.78307e-11 0.00412396 0.0108205 0.0456963 0.00553739 -0.0254161 -0.0120256 -0.00996459 0.0106344 -0.0412372 -0.0530818 -0.00443377 -0.0429113 -0.112898
internal_weight=126406 108759 76880 10114 66766 17647 31879 11323 5200 6576 6324 25303 5405 919
internal_count=126406 108759 76880 10114 66766 17647 31879 11323 5200 6576 6324 25303 5405 919
is_linear=0
shrinkage=0.01


Tree=298
num_leaves=15
num_cat=0
split_feature=5 6 2 13 26 44 11 14 0 2 1 44 11 13
split_gain=133508 144088 147905 126709 154200 107070 89691.2 84589.1 79468.1 77276.4 71770.2 67169.9 82301.5 70241.6
threshold=3.5000000000000004 7.7890305500000006 24.525000000000002 1.7999961390911321 41.844542972818189 1.0000000180025095e-35 0.6830127018922193 -9.8837633027956446 37.042691525878915 18.025000000000002 -118.21337597412109 1.0000000180025095e-35 0.25000000000000017 -5.0732009093110486
decision_type=2 2 2 2 2 2 2 2 2 2 2 2 2 2
left_child=3 6 5 11 7 -3 10 -5 -8 -6 -2 13 -13 -1
right_child=1 2 -4 4 9 -7 8 -9 -10 -11 -12 12 -14 -15
leaf_value=0.04146056798768754 -0.01748211075028017 -0.021540606714278009 0.025064458951049296 -0.042862159983785515 -0.0037123324245644301 -0.06574238800207266 0.030665078996321753 0.0032039561848237336 -0.034961759489171379 0.46842393704331842 0.027218255527550354 0.012691489893055019 0.096103471478461808 0.0045284102239435452
leaf_weight=8854 18697 18804 4961 4747 52 7734 13839 24869 2129 104 4446 2034 2827 12309
leaf_count=8854 18697 18804 4961 4747 52 7734 13839 24869 2129 104 4446 2034 2827 12309
internal_value=6.75098e-12 -0.00913563 -0.0250534 0.0115612 -0.00252803 -0.0344224 0.00368412 -0.00417975 0.0219151 0.311045 -0.00889473 0.0276795 0.0612012 0.0199798
internal_weight=126406 70610 31499 55796 29772 26538 39111 29616 15968 156 23143 26024 4861 21163
internal_count=126406 70610 31499 55796 29772 26538 39111 29616 15968 156 23143 26024 4861 21163
is_linear=0
shrinkage=0.01


Tree=299
num_leaves=15
num_cat=0
split_feature=5 7 0 0 13 26 15 13 9 14 2 44 11 13
split_gain=130851 145947 224267 184861 124188 151131 103561 98781 87412 82981.5 75738.6 65833.2 80663.8 68843.8
threshold=3.5000000000000004 1006.3000500000002 37.042691525878915 36.742692288818368 1.7999961390911321 41.844542972818189 0.43519009245032425 -1.8370257620637414 -0.60355339059327384 -10.440000150288759 18.025000000000002 1.0000000180025095e-35 0.25000000000000017 -5.0732009093110486
decision_type=2 2 2 2 2 2 2 2 2 2 2 2 2 2
left_child=4 3 8 6 11 9 -2 -5 -3 -6 -7 13 -13 -1
right_child=1 2 -4 7 5 10 -8 -9 -10 -11 -12 12 -14 -15
leaf_value=0.041045962327042738 -0.016366554260460235 0.060526538826980864 -0.030546047523531291 -0.093614792212915285 -0.047261138992310131 -0.0036752080831390162 0.031194158754344854 -0.033870683850049058 0.01403739372942076 0.0023595106587625432 0.4637396946262855 0.012564574878666489 0.095142437130150859 0.0044831260970578561
leaf_weight=8854 23033 5815 9854 4018 3878 52 5714 8892 13284 25738 104 2034 2827 12309
leaf_count=8854 23033 5815 9854 4018 3878 52 5714 8892 13284 25738 104 2034 2827 12309
internal_value=2.06081e-11 -0.00904427 0.00820066 -0.0210301 0.0114456 -0.00250275 -0.00691298 -0.0524649 0.0281918 -0.00413795 0.307935 0.0274027 0.0605892 0.01978
internal_weight=126406 70610 28953 41657 55796 29772 28747 12910 19099 29616 156 26024 4861 21163
internal_count=126406 70610 28953 41657 55796 29772 28747 12910 19099 29616 156 26024 4861 21163
is_linear=0
shrinkage=0.01


Tree=300
num_leaves=15
num_cat=0
split_feature=5 17 0 8 16 1 23 16 10 0 25 35 28 25
split_gain=128247 143794 136414 111551 105046 99808.8 95440.1 77492.1 64008.6 73565.4 61029.2 63513.2 39727 35682.5
threshold=3.5000000000000004 0.0067621935786427159 36.742692288818368 0.37940952255126054 14.016093071250003 -118.21337597412109 65.836190912078123 0.21375782999999957 -0.93301270189221908 36.742692288818368 26.958779279913632 57.524081115335882 62.180185889311375 93.869811976001969
decision_type=2 2 2 2 2 2 2 2 2 2 2 2 2 2
left_child=6 3 4 5 -3 -2 10 -4 13 -10 -1 -12 -5 -8
right_child=1 2 7 12 -6 -7 8 -9 9 -11 11 -13 -14 -15
leaf_value=-0.036059579004317215 0.010390976997041725 -0.014200961387852458 0.08324800905886974 -0.029947917398451169 0.051119531127189956 0.070079779126527533 -0.025095918565697501 -0.047270700979189853 0.025588593102785506 0.083858427884157385 0.021919260639822837 -0.0027630674175019355 0.014655869294627873 -0.32992899608612064
leaf_weight=3339 18575 18042 468 8521 2851 3299 960 16246 5927 3415 18971 23144 2608 40
leaf_count=3339 18575 18042 468 8521 2851 3299 960 16246 5927 3415 18971 23144 2608 40
internal_value=-1.65154e-11 -0.00895383 -0.0223222 0.00627949 -0.00528751 0.0193931 0.0113311 -0.0436161 0.0387498 0.0468893 0.0050926 0.00835526 -0.0194953 -0.0372892
internal_weight=126406 70610 37607 33003 20893 21874 55796 16714 10342 9342 45454 42115 11129 1000
internal_count=126406 70610 37607 33003 20893 21874 55796 16714 10342 9342 45454 42115 11129 1000
is_linear=0
shrinkage=0.01


Tree=301
num_leaves=15
num_cat=0
split_feature=31 1 35 8 17 9 1 7 17 10 7 23 11 46
split_gain=128298 103193 110251 108617 91664.4 76228.9 70430.9 71138.3 67979.9 66193.4 52871.5 39963.6 39570.1 18399.8
threshold=59.385509083227724 -118.21337597412109 64.053443177017343 0.12940952255126045 0.01694730851885733 -0.12940952255126037 -120.84999847412108 1003.9001350000001 0.0056880645879988567 0.25000000000000011 1009.5001850000001 73.774028305872434 1.0000000180025095e-35 1.0000000180025095e-35
decision_type=2 2 2 2 2 2 2 2 2 2 2 2 2 2
left_child=1 2 9 5 6 -3 11 -8 -4 -1 -5 -2 13 -6
right_child=4 3 8 10 12 -7 7 -9 -10 -11 -12 -13 -14 -15
leaf_value=0.0082799454756762921 -0.031907969009782676 0.072557130188299651 -0.0047409421642903788 -0.018586927981651947 -0.062435992465791658 0.013412376486993685 0.010555208121080606 0.046360440738064064 -0.034999518401187819 -0.014488811872740724 0.08368958681277984 -0.32217834287760211 -0.14697023845476498 0.050698803413027509
leaf_weight=32939 1481 4235 11681 6508 392 4489 10806 11406 20377 20851 548 49 417 227
leaf_count=32939 1481 4235 11681 6508 392 4489 10806 11406 20377 20851 548 49 417 227
internal_value=1.14858e-11 -0.00497453 -0.00929477 0.0185289 0.0204032 0.0421238 0.024421 0.0289414 -0.0239742 -0.00054607 -0.0106437 -0.0412042 -0.0716727 -0.0209471
internal_weight=126406 101628 85848 15780 24778 8724 23742 22212 32058 53790 7056 1530 1036 619
internal_count=126406 101628 85848 15780 24778 8724 23742 22212 32058 53790 7056 1530 1036 619
is_linear=0
shrinkage=0.01


Tree=302
num_leaves=15
num_cat=0
split_feature=31 4 13 20 39 16 44 9 11 11 15 40 3 11
split_gain=126989 110629 115636 97573.3 73818.7 57481.4 44470.5 39653.2 39752.3 25369 30970.2 22685.7 16414.8 12525.5
threshold=24.459876543209884 1.0000000180025095e-35 10.260001480763526 70.586026615969601 57.030291508238285 20.066506769000004 1.0000000180025095e-35 -0.37940952255126015 0.25000000000000017 -0.68301270189221952 0.124902012421805 162.91702432045784 95.998775000000009 0.25000000000000017
decision_type=2 2 2 2 2 2 2 2 2 2 2 2 2 2
left_child=4 2 3 -2 7 -4 11 8 -1 -6 -11 -3 -8 -9
right_child=1 6 5 -5 9 -7 12 13 -10 10 -12 -13 -14 -15
leaf_value=-0.022144219875139148 0.0045716055937375447 -0.018085365225194251 -0.045001908689562317 0.030204569919505375 -0.006868669117117079 0.016135234956646805 -0.085560416937336459 -0.011661109694638154 0.033978136804413923 -0.011399109862735395 -0.072864834424632804 -0.22071140120072025 0.17261294827461243 -0.040317263990853738
leaf_weight=2156 76266 4146 6120 18441 1031 2054 1651 2879 3044 1014 4279 56 25 3244
leaf_count=2156 76266 4146 6120 18441 1031 2054 1651 2879 3044 1014 4279 56 25 3244
internal_value=-3.22831e-12 0.0040374 0.00644814 0.00956276 -0.0248826 -0.0296391 -0.038157 -0.00959772 0.0107089 -0.05225 -0.0610896 -0.0207858 -0.0817094 -0.0268433
internal_weight=126406 108759 102881 94707 17647 8174 5878 11323 5200 6324 5293 4202 1676 6123
internal_count=126406 108759 102881 94707 17647 8174 5878 11323 5200 6324 5293 4202 1676 6123
is_linear=0
shrinkage=0.01


Tree=303
num_leaves=15
num_cat=0
split_feature=8 2 0 5 11 3 9 42 11 45 23 18 41 24
split_gain=126198 133038 137764 142673 122704 119879 100518 51972.8 36960.5 36055.3 19720.7 9695.96 11639.4 7734.72
threshold=0.91597561503675362 8.8250000000000011 35.400001525878913 1.0000000180025095e-35 0.6830127018922193 76.408090000000016 0.37940952255126048 1.0000000180025095e-35 -0.5 1.0000000180025095e-35 19.425154320987655 10.530233948594121 61.069074778200267 12.560465239956532
decision_type=2 2 2 2 2 2 2 2 2 2 2 2 2 2
left_child=1 4 5 -4 7 -3 -6 -1 11 10 -10 12 -2 -13
right_child=8 2 3 -5 6 -7 -8 -9 9 -11 -12 13 -14 -15
leaf_value=0.024743264480526241 -0.0063105331300128357 0.025130113770247021 0.0071470009292895834 -0.0258822283797439 0.071353042403080255 -0.0088349420715474834 -0.040103655351581127 -0.039722340699973636 -0.11273428021974066 0.0093634675021599355 -0.041201081149169552 -0.021915773328858173 0.038355784023931631 -0.10847745337124381
leaf_weight=2741 3869 28372 23617 29307 6995 16397 915 2300 403 1447 8823 393 687 140
leaf_count=2741 3869 28372 23617 29307 6995 16397 915 2300 403 1447 8823 393 687 140
internal_value=-1.55468e-13 0.00377124 -0.000221251 -0.0111431 0.0338877 0.0126901 0.0584601 -0.00466973 -0.0264728 -0.0370468 -0.0443257 -0.00429648 0.000424708 -0.0446524
internal_weight=126406 110644 97693 52924 12951 44769 7910 5041 15762 10673 9226 5089 4556 533
internal_count=126406 110644 97693 52924 12951 44769 7910 5041 15762 10673 9226 5089 4556 533
is_linear=0
shrinkage=0.01


Tree=304
num_leaves=15
num_cat=0
split_feature=31 14 0 7 7 0 10 0 25 19 14 39 4 5
split_gain=124742 85576.2 87430.2 115000 68200.2 114824 99964.2 74314.3 60514.8 41277.5 34715.7 18776.6 11104.3 13689.8
threshold=43.334283903675541 10.800005852034763 37.042691525878915 1005.50003 1007.6001000000001 37.042691525878915 0.25000000000000011 36.742692288818368 68.518545704629815 0.03433673871392174 -4.9787408975003684 57.371673003802293 1.0000000180025095e-35 98.500000000000014
decision_type=2 2 2 2 2 2 2 2 2 2 2 2 2 2
left_child=4 2 3 -2 6 10 9 -8 -4 -1 -6 -7 13 -3
right_child=1 12 8 -5 5 11 7 -9 -10 -11 -12 -13 -14 -15
leaf_value=0.075932624877484381 0.0051806045091613252 -0.066738295145471818 -0.017864185210572717 0.034997536153979943 -0.0091697106400648962 -0.010885173221672094 -0.02294289755897427 -0.070132547804281242 -0.2347076199436916 -0.0077127743279824428 0.036570399392789645 -0.041866311931698805 -0.050413297828745388 -0.17485760762499503
leaf_weight=605 40720 268 7321 18957 2079 5162 10238 4951 131 23746 8220 3150 650 208
leaf_count=605 40720 268 7321 18957 2079 5162 10238 4951 131 23746 8220 3150 650 208
internal_value=-1.1274e-11 0.00916925 0.0106194 0.0146523 -0.0107624 0.00502266 -0.0181923 -0.0383248 -0.0216761 -0.00563461 0.0273371 -0.0226261 -0.0772868 -0.113984
internal_weight=126406 68255 67129 59677 58151 18611 39540 15189 7452 24351 10299 8312 1126 476
internal_count=126406 68255 67129 59677 58151 18611 39540 15189 7452 24351 10299 8312 1126 476
is_linear=0
shrinkage=0.01


Tree=305
num_leaves=15
num_cat=0
split_feature=8 15 0 13 8 11 44 11 45 7 23 7 18 7
split_gain=123621 131062 127117 159645 91875.8 87051.1 94339.4 36462.4 35240.3 27817.2 19194.2 9553.83 12550.6 8587.4
threshold=0.91597561503675362 0.086456621345978008 35.400001525878913 -4.6849037743654405 0.12940952255126045 0.6830127018922193 1.0000000180025095e-35 -0.5 1.0000000180025095e-35 998.10530000000006 19.425154320987655 999.10023000000012 9.3941338451997307 1011.6009500000001
decision_type=2 2 2 2 2 2 2 2 2 2 2 2 2 2
left_child=1 5 4 -4 -3 9 -7 11 10 -1 -9 12 -2 -10
right_child=7 2 3 -5 -6 6 -8 8 13 -11 -12 -13 -14 -15
leaf_value=-0.15423904153361784 0.047839150441007526 0.023919494295384331 -0.058269398096295423 -0.003590315194670853 -0.0050712090821098199 0.01671131268071633 0.10499373370410466 -0.11138901852293139 0.00011383634446046655 0.0057880908040074154 -0.040817200227144294 -0.011009580329678199 -0.027131227324885057 0.074644663725048299
leaf_weight=113 682 28895 5974 50287 17584 2069 2917 403 1271 2805 8823 4075 332 176
leaf_count=113 682 28895 5974 50287 17584 2069 2917 403 1271 2805 8823 4075 332 176
internal_value=7.38015e-12 0.00373254 0.000713783 -0.00939634 0.0129517 0.0429718 0.0683599 -0.0262012 -0.0367036 -0.000408985 -0.0438998 -0.00417475 0.0232926 0.00917909
internal_weight=126406 110644 102740 56261 46479 7904 4986 15762 10673 2918 9226 5089 1014 1447
internal_count=126406 110644 102740 56261 46479 7904 4986 15762 10673 2918 9226 5089 1014 1447
is_linear=0
shrinkage=0.01


Tree=306
num_leaves=15
num_cat=0
split_feature=5 6 2 13 26 8 1 39 14 2 23 12 26 42
split_gain=123596 134070 124756 118501 147278 88441.8 86074.1 82269.1 79601.5 74157.7 56704.9 44138.1 36425.1 36385.8
threshold=3.5000000000000004 5.8617570500000005 24.525000000000002 1.7999961390911321 41.844542972818189 0.37940952255126054 -118.21337597412109 49.469696969696976 -9.8837633027956446 18.025000000000002 102.9774047759842 1.0000000180025095e-35 37.698913730712952 1.0000000180025095e-35
decision_type=2 2 2 2 2 2 2 2 2 2 2 2 2 2
left_child=3 5 7 10 8 6 -2 -3 -5 -6 13 -12 -4 -1
right_child=1 2 12 4 9 -7 -8 -9 -10 -11 11 -13 -14 -15
leaf_value=0.0087872459051002768 0.011888432888078906 -0.0079322728679431503 0.025335973121913279 -0.041640409567057723 -0.0043876592843578414 -0.017151358413949852 0.071964886965638894 -0.038349922693546375 0.0030469936948274981 0.45812340670910018 0.065839888320392018 0.24589485787631321 -0.27377999916309265 0.033559696972290998
leaf_weight=9450 15577 14582 5795 4747 52 9013 2816 22786 24869 104 468 192 41 15914
leaf_count=9450 15577 14582 5795 4747 52 9013 2816 22786 24869 104 468 192 41 15914
internal_value=7.23495e-13 -0.00878995 -0.0197647 0.0111237 -0.0025015 0.00851106 0.0210862 -0.0264801 -0.00411573 0.303953 0.0267112 0.11822 0.0232346 0.0243301
internal_weight=126406 70610 43204 55796 29772 27406 18393 37368 29616 156 26024 660 5836 25364
internal_count=126406 70610 43204 55796 29772 27406 18393 37368 29616 156 26024 660 5836 25364
is_linear=0
shrinkage=0.01


Tree=307
num_leaves=15
num_cat=0
split_feature=31 8 47 8 17 35 45 28 15 32 3 18 44 40
split_gain=122231 108367 130302 112479 58932 48395.5 44874.5 45590 42783.2 33271.6 29617.7 23043 22109.1 18868.4
threshold=24.459876543209884 0.60355339059327384 1.0000000180025095e-35 -0.78656609248549303 0.0096596806868520426 67.958386142796812 1.0000000180025095e-35 55.472961554710615 0.063427746452943148 66.484650049288845 98.707445000000021 1.444 1.0000000180025095e-35 74.85081087736954
decision_type=2 2 2 2 2 2 2 2 2 2 2 2 2 2
left_child=5 2 3 -2 -4 8 7 -3 10 11 -1 -7 -11 -10
right_child=1 6 4 -5 -6 9 -8 -9 13 12 -12 -13 -14 -15
leaf_value=0.045088967910175679 -0.015233806210704059 -0.025900466356049093 0.06250918408578196 0.013517518910851845 0.012630653112908561 -0.015454380020312896 0.019034926216649328 0.00072119350174571894 -0.011451456691566568 -0.075758648852489327 0.31246595306829977 -0.057699897779480411 -0.19272963465924189 -0.047696183924574108
leaf_weight=709 19032 17553 6328 47734 3786 2639 4172 10154 8919 899 44 2528 197 1712
leaf_count=709 19032 17553 6328 47734 3786 2639 4172 10154 8919 899 44 2528 197 1712
internal_value=-1.74346e-12 0.00396104 0.0103888 0.0053218 0.043838 -0.024412 -0.0115403 -0.0161442 -0.0121289 -0.0467387 0.0607126 -0.0361234 -0.0967835 -0.0172883
internal_weight=126406 108759 76880 66766 10114 17647 31879 27707 11384 6263 753 5167 1096 10631
internal_count=126406 108759 76880 66766 10114 17647 31879 27707 11384 6263 753 5167 1096 10631
is_linear=0
shrinkage=0.01


Tree=308
num_leaves=15
num_cat=0
split_feature=5 17 2 8 44 47 23 44 26 33 25 35 26 33
split_gain=121095 133422 130543 104086 103637 92366.4 89287.4 71765.4 115614 76115.2 58269.2 60817.1 36600.5 35051.9
threshold=3.5000000000000004 0.0067621935786427159 24.525000000000002 0.37940952255126054 1.0000000180025095e-35 1.0000000180025095e-35 65.836190912078123 1.0000000180025095e-35 37.698913730712952 87.345592028583994 26.958779279913632 57.524081115335882 37.698913730712952 73.739353612167307
decision_type=2 2 2 2 2 2 2 2 2 2 2 2 2 2
left_child=6 3 4 5 -3 -2 10 9 -9 -8 -1 -12 -4 -5
right_child=1 2 12 13 -6 -7 7 8 -10 -11 11 -13 -14 -15
leaf_value=-0.0352343583175505 0.009980334400626149 -0.017913394100349759 0.02592631859478756 -0.02630772080346087 -0.057685107620446034 0.067400653926209891 0.028259929224672735 0.059700131595022354 0.30874084255946466 -0.093249389054270243 0.021437548830490344 -0.0027152261635214436 -0.28152287660500941 0.023734087620291239
leaf_weight=3339 18575 23005 5402 9487 9161 3299 6114 3468 197 563 18971 23144 39 1642
leaf_count=3339 18575 23005 5402 9487 9161 3299 6114 3468 197 563 18971 23144 39 1642
internal_value=-1.75109e-11 -0.00870056 -0.0215778 0.00597308 -0.0292405 0.0186404 0.0110106 0.0375308 0.0730865 0.0180143 0.00497653 0.00816456 0.0237226 -0.0189244
internal_weight=126406 70610 37607 33003 32166 21874 55796 10342 3665 6677 45454 42115 5441 11129
internal_count=126406 70610 37607 33003 32166 21874 55796 10342 3665 6677 45454 42115 5441 11129
is_linear=0
shrinkage=0.01


Tree=309
num_leaves=15
num_cat=0
split_feature=5 7 48 44 13 13 26 19 9 17 2 44 11 13
split_gain=118685 141263 213722 176648 123269 115707 142983 92003.4 81804.1 77366.5 71935.3 63153.5 76564 65869.9
threshold=3.5000000000000004 1006.5004000000001 1.0000000180025095e-35 1.0000000180025095e-35 -3.6662440706919139 1.7999961390911321 41.844542972818189 1.8542425468941468 -0.37940952255126015 0.014850907113320105 18.025000000000002 1.0000000180025095e-35 0.25000000000000017 -5.0732009093110486
decision_type=2 2 2 2 2 2 2 2 2 2 2 2 2 2
left_child=5 3 8 7 -5 11 9 -2 -3 -7 -8 13 -13 -1
right_child=1 2 -4 4 -6 6 10 -9 -10 -11 -12 12 -14 -15
leaf_value=0.039638779315026872 -0.013442485284847004 0.05499531818211164 -0.028944202206303591 -0.11327188847266104 -0.035669822836420222 0.002863451666285659 -0.0042959174306060263 0.041762862126409631 0.011765466551665271 -0.041381532087133341 0.45123201285130704 0.012018935790020129 0.092470929063833543 0.0038743795433235436
leaf_weight=8854 27183 7289 9758 2616 9410 24919 52 3396 10958 4697 104 2034 2827 12309
leaf_count=8854 27183 7289 9758 2616 9410 24919 52 3396 10958 4697 104 2034 2827 12309
internal_value=-5.93547e-13 -0.00861356 0.00883233 -0.020081 -0.0525505 0.0109005 -0.00256315 -0.00731157 0.0290342 -0.00415366 0.299389 0.0263032 0.0588072 0.0188372
internal_weight=126406 70610 28005 42605 12026 55796 29772 30579 18247 29616 156 26024 4861 21163
internal_count=126406 70610 28005 42605 12026 55796 29772 30579 18247 29616 156 26024 4861 21163
is_linear=0
shrinkage=0.01


Tree=310
num_leaves=15
num_cat=0
split_feature=31 47 35 8 17 9 17 48 4 5 11 23 39 46
split_gain=119870 96069.1 107600 101176 86458.9 73272.1 65949.7 65370.7 64026.7 57136.2 38185.2 37906.2 34979.3 15167.3
threshold=59.775285171102674 1.0000000180025095e-35 64.022813688212949 0.12940952255126045 0.01694730851885733 -0.12940952255126037 0.0056880645879988567 1.0000000180025095e-35 1.0000000180025095e-35 8.5000000000000018 1.0000000180025095e-35 73.774028305872434 28.880555555555556 1.0000000180025095e-35
decision_type=2 2 2 2 2 2 2 2 2 2 2 2 2 2
left_child=1 2 9 5 7 -3 -4 8 -2 -1 13 -9 -5 -6
right_child=4 3 6 12 10 -7 -8 11 -10 -11 -12 -13 -14 -15
leaf_value=0.010130954415541909 0.031179263418024183 0.070504872764296012 -0.0044426857935497459 0.056958334067478848 -0.057833920910637437 0.012623465954495575 -0.033941931786411257 -0.031328287516976507 -0.078799411035683109 -0.01048308801898775 -0.1446441047810452 -0.31708302060763044 -0.017498681759679321 0.047005499777033791
leaf_weight=26898 21060 4240 11934 700 376 4517 20766 1412 543 26885 412 48 6397 218
leaf_count=26898 21060 4240 11934 700 376 4517 20766 1412 543 26885 412 48 6397 218
internal_value=-3.50585e-12 -0.00472263 -0.00887102 0.0179067 0.0200798 0.0406487 -0.0231761 0.0240381 0.0284149 -0.000173575 -0.0706677 -0.040723 -0.0101547 -0.0193575
internal_weight=126406 102337 86483 15854 24069 8757 32700 23063 21603 53783 1006 1460 7097 594
internal_count=126406 102337 86483 15854 24069 8757 32700 23063 21603 53783 1006 1460 7097 594
is_linear=0
shrinkage=0.01


Tree=311
num_leaves=15
num_cat=0
split_feature=8 15 0 13 3 11 1 11 45 7 23 7 36 7
split_gain=117578 127650 121346 151121 117927 95921.7 90453 35413.7 34269.9 29039.8 18520.4 9349.38 8604.45 8365.72
threshold=0.91597561503675362 0.090528459069358566 35.400001525878913 -4.6849037743654405 77.373977500000009 0.6830127018922193 -119.7866065258789 -0.5 1.0000000180025095e-35 998.10530000000006 19.425154320987655 999.10023000000012 64.053443177017343 1011.6009500000001
decision_type=2 2 2 2 2 2 2 2 2 2 2 2 2 2
left_child=1 5 4 -4 -3 9 -7 11 10 -1 -9 12 -2 -10
right_child=7 2 3 -5 -6 6 -8 8 13 -11 -12 -13 -14 -15
leaf_value=-0.1489606085390999 0.01306172958787886 0.024178708150574289 -0.057316369802622801 -0.0037752281954753857 -0.0093105831920412361 0.0047345260653287886 0.093093927225846168 -0.10929349911327546 0.00039600536263314091 0.0035677261601232504 -0.039971487979187391 -0.010606715472551646 0.10599435974245093 0.073958551147952675
leaf_weight=130 902 30079 5896 49786 16166 1670 3783 403 1271 3134 8823 4075 112 176
leaf_count=130 902 30079 5896 49786 16166 1670 3783 403 1271 3134 8823 4075 112 176
internal_value=-5.96252e-12 0.00364017 0.00049904 -0.00944454 0.0124718 0.0403691 0.0660336 -0.0255528 -0.0359031 -0.00250724 -0.0429995 -0.00384542 0.0233265 0.00934349
internal_weight=126406 110644 101927 55682 46245 8717 5453 15762 10673 3264 9226 5089 1014 1447
internal_count=126406 110644 101927 55682 46245 8717 5453 15762 10673 3264 9226 5089 1014 1447
is_linear=0
shrinkage=0.01


Tree=312
num_leaves=15
num_cat=0
split_feature=31 17 9 11 2 9 2 25 7 1 7 0 35 38
split_gain=117861 79427.5 74463.7 145681 107480 84333.7 73947.8 71472 65775.5 62038.4 50422.6 37216.9 35067.9 19019.7
threshold=52.678284748626965 0.017331010283970334 -0.70710678118654757 0.25000000000000017 26.025000000000002 0.25881904510252057 23.125000000000004 73.593804887033414 1007.6001000000001 -118.21337597412109 997.92504500000007 37.042691525878915 91.622313086344292 50.447444021968742
decision_type=2 2 2 2 2 2 2 2 2 2 2 2 2 2
left_child=2 7 3 12 8 -6 13 11 -4 -5 -9 -2 -1 -3
right_child=1 6 4 9 5 -7 -8 10 -10 -11 -12 -13 -14 -15
leaf_value=-0.0077472892618225811 0.013184183992492788 -0.0514764222529146 -0.027791229887103065 0.02834253029385489 -0.0288868950806008 0.032503730442765291 0.0036072968181559712 -0.075567880496488549 -0.0033994222028016713 0.10127308524785762 0.04663840743296075 -0.01950208657970029 -0.06372349092384974 -0.14802314773809566
leaf_weight=11155 30536 310 31815 7565 3115 7945 1249 352 16943 1379 8269 3932 1244 597
leaf_count=11155 30536 310 31815 7565 3115 7945 1249 352 16943 1379 8269 3932 1244 597
internal_value=1.16763e-11 0.0129327 -0.00720963 0.00882602 -0.0129311 0.0152133 -0.0462996 0.0158965 -0.0193153 0.0395871 0.0416487 0.00945544 -0.0133634 -0.115025
internal_weight=126406 45245 81161 21343 59818 11060 2156 43089 48758 8944 8621 34468 12399 907
internal_count=126406 45245 81161 21343 59818 11060 2156 43089 48758 8944 8621 34468 12399 907
is_linear=0
shrinkage=0.01


Tree=313
num_leaves=15
num_cat=0
split_feature=31 6 8 47 2 39 10 36 9 11 32 13 10 15
split_gain=116936 104298 106856 132235 103277 70948.4 53183.1 43992.6 36870.4 37313.4 36795.6 32287.3 20204.5 18596.7
threshold=24.459876543209884 17.101420000000005 0.60355339059327384 1.0000000180025095e-35 24.725000000000005 57.030291508238285 0.68301270189221941 56.595057034220538 -0.37940952255126015 0.25000000000000017 66.855133079847931 -6.0898823251758634 0.68301270189221941 0.1261447801689092
decision_type=2 2 2 2 2 2 2 2 2 2 2 2 2 2
left_child=5 2 3 -2 7 8 -4 -3 9 -1 12 -6 -7 -12
right_child=1 4 6 -5 11 10 -8 -9 -10 -11 13 -13 -14 -15
leaf_value=-0.021140841780340987 0.0080737168115060168 -0.048023758326258097 -0.0024194674624591849 0.048990505215784554 0.045983372467123543 -0.031329344062981102 -0.035276729375171442 -0.13358128124553353 -0.025522030091389963 0.033232655633033958 -0.038909996767782985 -0.020297971754108041 -0.080394342815173159 -0.13799223503606406
leaf_weight=2156 61517 3976 24374 9062 1552 4366 6174 708 6123 3044 267 1396 1039 652
leaf_count=2156 61517 3976 24374 9062 1552 4366 6174 708 6123 3044 267 1396 1039 652
internal_value=-2.04557e-11 0.00387429 0.00656454 0.0133272 -0.0317725 -0.0238774 -0.00906019 -0.060956 -0.00889259 0.0106886 -0.0507074 0.0145964 -0.0407611 -0.109206
internal_weight=126406 108759 101127 70579 7632 17647 30548 4684 11323 5200 6324 2948 5405 919
internal_count=126406 108759 101127 70579 7632 17647 30548 4684 11323 5200 6324 2948 5405 919
is_linear=0
shrinkage=0.01


Tree=314
num_leaves=15
num_cat=0
split_feature=5 6 0 13 26 13 16 8 1 8 2 45 8 2
split_gain=114497 124908 128602 111634 139763 97359.9 93007.2 82192.2 78886.1 74988.8 70456.4 57688.5 61475.3 40720.4
threshold=3.5000000000000004 5.8617570500000005 36.742692288818368 1.7999961390911321 41.844542972818189 -2.1999999999999993 14.016093071250003 0.37940952255126054 -118.21337597412109 -0.78656609248549303 18.025000000000002 1.0000000180025095e-35 -0.60355339059327362 9.5750000000000011
decision_type=2 2 2 2 2 2 2 2 2 2 2 2 2 2
left_child=3 7 6 11 9 -4 -3 8 -2 -5 -6 13 -13 -1
right_child=1 2 5 4 10 -7 -8 -9 -10 -11 -12 12 -14 -15
leaf_value=0.075606293214754039 0.011556508635184166 -0.011273008908497931 -0.069590955265354998 -0.043196508015726456 -0.0045321289607538626 -0.021983091768079648 0.047652833075337055 -0.016499964053041796 0.06906982166898408 0.0023842400798991096 0.44628895054356416 -0.079766144154875027 0.026415007206955082 0.026573687923740281
leaf_weight=1835 15577 21246 6604 4207 52 12289 3065 9013 2816 25409 104 1025 1165 21999
leaf_count=1835 15577 21246 6604 4207 52 12289 3065 9013 2816 25409 104 1025 1165 21999
internal_value=8.34645e-12 -0.00846023 -0.0190533 0.0107065 -0.00251808 -0.0386243 -0.00384396 0.00823915 0.0203619 -0.00409058 0.296015 0.0258356 -0.0232817 0.0303488
internal_weight=126406 70610 43204 55796 29772 18893 24311 27406 18393 29616 156 26024 2190 23834
internal_count=126406 70610 43204 55796 29772 18893 24311 27406 18393 29616 156 26024 2190 23834
is_linear=0
shrinkage=0.01


Tree=315
num_leaves=15
num_cat=0
split_feature=31 1 35 17 16 0 4 3 10 17 23 19 39 32
split_gain=114451 89043.8 103171 84313.4 65122.4 63672.5 64104.7 61741.6 86218 61388.4 37978.4 35397.9 26970.9 14094.4
threshold=59.385509083227724 -118.21337597412109 64.053443177017343 0.01694730851885733 0.14802446599999994 37.042691525878915 1.0000000180025095e-35 76.408090000000016 0.68301270189221941 0.0053481647849156402 73.774028305872434 1.7717310153153309 27.870370370370377 44.455217574989447
decision_type=2 2 2 2 2 2 2 2 2 2 2 2 2 2
left_child=1 2 4 5 -1 6 -2 8 -3 -4 -7 13 -9 -5
right_child=3 7 9 11 -6 10 -8 12 -10 -11 -12 -13 -14 -15
leaf_value=0.074161438299116436 0.030156714421635956 0.018694943779816758 -0.0034511866891722399 -0.032864132852751513 -0.0018754762721436627 -0.03021077854713522 -0.078115864685087494 0.054936901099284827 0.095787372168124579 -0.032751751377950798 -0.31317962111258996 -0.010469775190522871 -0.011427928422866482 -0.15611015135178988
leaf_weight=1151 21651 6941 10766 121 52639 1481 561 678 1834 21292 49 517 6327 398
leaf_count=1151 21651 6941 10766 121 52639 1481 561 678 1834 21292 49 517 6327 398
internal_value=1.65206e-12 -0.00469842 -0.00871155 0.0192708 -0.000248436 0.0231241 0.0274221 0.0171342 0.0348075 -0.0229118 -0.0392732 -0.069036 -0.00500461 -0.127376
internal_weight=126406 101628 85848 24778 53790 23742 22212 15780 8775 32058 1530 1036 7005 519
internal_count=126406 101628 85848 24778 53790 23742 22212 15780 8775 32058 1530 1036 7005 519
is_linear=0
shrinkage=0.01


Tree=316
num_leaves=15
num_cat=0
split_feature=8 2 2 1 8 10 9 7 24 23 24 19 28 28
split_gain=112603 124443 118377 132841 128553 113933 82550.1 81881.5 24285.6 18759.8 13498.8 24452.9 17310.7 9608.86
threshold=0.91597561503675362 8.8250000000000011 27.725000000000005 -118.99998249999999 -0.78656609248549303 0.25000000000000011 0.37940952255126048 1009.3002 10.211967623190409 17.137345679012352 28.593229501152901 1.7201901968069302 53.236388360794258 61.810489468284153
decision_type=2 2 2 2 2 2 2 2 2 2 2 2 2 2
left_child=1 5 3 -3 -4 6 -1 -7 9 -2 12 -12 -10 -11
right_child=8 2 4 -5 -6 7 -8 -9 10 13 11 -13 -14 -15
leaf_value=0.082771795715492549 -0.10294961522157127 -0.017391415198691668 -0.018855784531001681 0.0079409048712042324 0.045106710552276177 -0.022665327389814457 -0.048997193389326191 0.042163162284355966 -0.045300371979888114 -0.014279003888637912 -0.11708643038457707 0.11763962290883065 -0.013774486740876777 0.018120566280515064
leaf_weight=4618 222 42189 4512 40642 10350 4040 530 3763 4878 6441 395 50 2709 1067
leaf_count=4618 222 42189 4512 40642 10350 4040 530 3763 4878 6441 395 50 2709 1067
internal_value=-6.73188e-12 0.00356231 -0.000299049 -0.00496182 0.0256881 0.0326897 0.0692058 0.00859824 -0.0250063 -0.0123533 -0.0371834 -0.0907127 -0.0340438 -0.00967454
internal_weight=126406 110644 97693 82831 14862 12951 5148 7803 15762 7730 8032 445 7587 7508
internal_count=126406 110644 97693 82831 14862 12951 5148 7803 15762 7730 8032 445 7587 7508
is_linear=0
shrinkage=0.01


Tree=317
num_leaves=15
num_cat=0
split_feature=31 6 8 1 2 39 5 41 0 32 2 19 10 44
split_gain=113277 101339 102831 126437 99196.6 69248 53027.3 39002.9 38651.9 35948.3 27498.9 40607.6 19664 17234.3
threshold=24.459876543209884 17.101420000000005 0.60355339059327384 -118.21337597412109 24.725000000000005 57.030291508238285 1.5000000000000002 49.80677017321505 34.083213737060554 66.855133079847931 4.9250000000000016 0.014118626289191695 0.68301270189221941 1.0000000180025095e-35
decision_type=2 2 2 2 2 2 2 2 2 2 2 2 2 2
left_child=5 2 3 -2 7 10 -4 -3 -6 12 11 -1 -7 -11
right_child=1 4 6 -5 8 9 -8 -9 -10 13 -12 -13 -14 -15
leaf_value=0.32072762240584085 0.0079620498758555622 -0.038385868603193346 0.0051159881825736057 0.047971819502823497 0.065003327331221439 -0.030871579326366926 -0.021280646007449968 -0.098583724791976468 -0.01164751008089906 -0.086825543729368085 -0.012712328229975313 0.030365370213215281 -0.079275852270528344 -0.19711888384148479
leaf_weight=52 61517 3008 14371 9062 991 4366 16177 1676 1957 744 10618 653 1039 175
leaf_count=52 61517 3008 14371 9062 991 4366 16177 1676 1957 744 10618 653 1039 175
internal_value=-1.72654e-11 0.0038132 0.00646501 0.0130991 -0.0313243 -0.0235009 -0.00886261 -0.0599255 0.0141194 -0.0500074 -0.00869673 0.0517822 -0.0401763 -0.107828
internal_weight=126406 108759 101127 70579 7632 17647 30548 4684 2948 6324 11323 705 5405 919
internal_count=126406 108759 101127 70579 7632 17647 30548 4684 2948 6324 11323 705 5405 919
is_linear=0
shrinkage=0.01


Tree=318
num_leaves=15
num_cat=0
split_feature=31 17 9 11 2 9 25 2 7 47 27 48 35 41
split_gain=111842 75219.8 70378.9 141259 101823 81056.8 68762.7 68725.6 64684.4 59459.4 49924.2 35050.6 34065.3 18257.2
threshold=52.678284748626965 0.017331010283970334 -0.70710678118654757 0.25000000000000017 26.025000000000002 0.25881904510252057 73.593804887033414 23.125000000000004 1007.6001000000001 1.0000000180025095e-35 136.72814070351762 1.0000000180025095e-35 91.622313086344292 60.322137727080694
decision_type=2 2 2 2 2 2 2 2 2 2 2 2 2 2
left_child=2 6 3 12 8 -6 11 13 -4 -5 -8 -2 -1 -3
right_child=1 7 4 9 5 -7 10 -9 -10 -11 -12 -13 -14 -15
leaf_value=-0.0077483097314102502 0.012783144701153772 -0.076555457994394546 -0.027204688965523242 0.027848777625005587 -0.02842665010186908 0.03175948207929178 0.032143370007967575 0.0030685069945583449 -0.0030160439591068906 0.099247383180832816 0.10809216876483721 -0.018937590623019588 -0.062918512359627615 -0.16923622419279727
leaf_weight=11155 30536 567 31815 7565 3115 7945 7645 1249 16943 1379 976 3932 1244 340
leaf_count=11155 30536 567 31815 7565 3115 7945 7645 1249 16943 1379 976 3932 1244 340
internal_value=2.01225e-11 0.0125981 -0.00702311 0.00856651 -0.0125855 0.0148083 0.0154823 -0.0450439 -0.0187993 0.0388571 0.0407417 0.00916454 -0.0132836 -0.111298
internal_weight=126406 45245 81161 21343 59818 11060 43089 2156 48758 8944 8621 34468 12399 907
internal_count=126406 45245 81161 21343 59818 11060 43089 2156 48758 8944 8621 34468 12399 907
is_linear=0
shrinkage=0.01


Tree=319
num_leaves=15
num_cat=0
split_feature=31 6 23 19 0 25 35 13 15 36 19 32 9 9
split_gain=110414 98302 95079.5 78929.9 62544.6 60210.6 45311.4 41928.9 39400.1 38943.8 32767.1 31311 26217.2 21235
threshold=24.459876543209884 17.101420000000005 74.933988170680209 1.6933156552272448 37.042691525878915 24.466771112049951 67.958386142796812 -6.521579674187179 0.063427746452943148 56.595057034220538 0.014118626289191695 66.484650049288845 1.0000000180025095e-35 -0.37940952255126015
decision_type=2 2 2 2 2 2 2 2 2 2 2 2 2 2
left_child=6 2 5 9 -4 -2 8 -5 10 -3 -1 12 -8 -10
right_child=1 3 4 7 -6 -7 11 -9 13 -11 -12 -13 -14 -15
leaf_value=0.28693484305050865 -0.037519324675116164 -0.045982754403956834 0.033673827169033686 0.044169695114589007 -0.32071772122383119 0.00442925283432909 -0.019257336557941891 -0.027577622242081747 0.0029560191224603199 -0.12900102372358049 0.039529005109071196 -0.09335353211407979 -0.067778772768573706 -0.026658401650656499
leaf_weight=58 3565 3697 12403 1544 50 85109 3543 1724 3730 667 695 1096 1624 6901
leaf_count=58 3565 3697 12403 1544 50 85109 3543 1724 3730 667 695 1096 1624 6901
internal_value=1.08248e-11 0.00376471 0.00637647 -0.0308422 0.0322509 0.00274278 -0.023202 0.00632013 -0.0113167 -0.0586714 0.0585855 -0.0448055 -0.0345077 -0.0162679
internal_weight=126406 108759 101127 7632 12453 88674 17647 3268 11384 4364 753 6263 5167 10631
internal_count=126406 108759 101127 7632 12453 88674 17647 3268 11384 4364 753 6263 5167 10631
is_linear=0
shrinkage=0.01


Tree=320
num_leaves=15
num_cat=0
split_feature=5 17 2 13 26 44 11 14 1 10 44 11 13 25
split_gain=110463 121215 120044 107279 136144 97781.6 87851.6 72761.8 72713.5 69059.2 61873.7 74001.8 62853.2 57556.2
threshold=3.5000000000000004 0.0067621935786427159 24.525000000000002 1.8000030386147849 41.844542972818189 1.0000000180025095e-35 0.6830127018922193 -10.440000150288759 -120.84999847412108 -0.6830127018922193 1.0000000180025095e-35 0.25000000000000017 -5.0732009093110486 133.23489760367167
decision_type=2 2 2 2 2 2 2 2 2 2 2 2 2 2
left_child=3 6 5 10 7 -3 13 -5 -8 -6 12 -12 -1 -2
right_child=1 2 -4 4 9 -7 8 -9 -10 -11 11 -13 -14 -15
leaf_value=0.038293840242651804 -0.0090467093087317641 -0.016929535548578938 0.022856732725694353 -0.044463047845820579 0.40316967614850058 -0.055561301439794611 -0.032005006218371518 0.0020252820934694004 0.034365187698263758 -0.10645891201134551 0.011418757756095362 0.09047259257730858 0.0034704264386050967 0.29370419163375144
leaf_weight=8854 19251 23005 5441 3878 122 9161 1920 25540 11769 34 2035 2832 12501 63
leaf_count=8854 19251 23005 5441 3878 122 9161 1920 25540 11769 34 2035 2832 12501 63
internal_value=-4.26806e-12 -0.00830984 -0.0205839 0.0105161 -0.00254057 -0.027932 0.00567644 -0.004103 0.0250562 0.292097 0.0252419 0.0574184 0.0179086 -0.00805917
internal_weight=126406 70610 37607 55796 29574 32166 33003 29418 13689 156 26222 4867 21355 19314
internal_count=126406 70610 37607 55796 29574 32166 33003 29418 13689 156 26222 4867 21355 19314
is_linear=0
shrinkage=0.01


Tree=321
num_leaves=15
num_cat=0
split_feature=5 7 0 44 13 13 26 15 9 8 2 44 13 23
split_gain=108265 136892 191869 160703 113109 105144 133434 87785.8 76524.6 71913.8 67936.9 60642.5 61602.4 55348.8
threshold=3.5000000000000004 1006.3000500000002 37.042691525878915 1.0000000180025095e-35 -3.6662440706919139 1.8000030386147849 41.844542972818189 0.43519009245032425 -0.60355339059327384 -0.78656609248549303 18.025000000000002 1.0000000180025095e-35 -5.0732009093110486 99.973419590559487
decision_type=2 2 2 2 2 2 2 2 2 2 2 2 2 2
left_child=5 3 8 7 -5 11 9 -2 -3 -7 -8 12 -1 -13
right_child=1 2 -4 4 -6 6 10 -9 -10 -11 -12 13 -14 -15
leaf_value=0.037910901882822409 -0.015973762122931601 0.057219649520166393 -0.027364165445645378 -0.10983145882575567 -0.034761945343565637 -0.042528623563448879 -0.0059489341710622489 0.027178759286298818 0.013721918091537774 0.0022930215216881164 0.43673818787416585 0.047356377145114398 0.0034357221614429441 0.17670514807209414
leaf_weight=8854 24010 5815 9854 2566 9215 4171 52 5866 13284 25247 104 4510 12501 357
leaf_count=8854 24010 5815 9854 2566 9215 4171 52 5866 13284 25247 104 4510 12501 357
internal_value=-1.15959e-11 -0.00822675 0.00847469 -0.0198348 -0.0511127 0.010411 -0.00251517 -0.00750098 0.0269655 -0.00406197 0.289176 0.0249895 0.0177295 0.0568443
internal_weight=126406 70610 28953 41657 11781 55796 29574 29876 19099 29418 156 26222 21355 4867
internal_count=126406 70610 28953 41657 11781 55796 29574 29876 19099 29418 156 26222 21355 4867
is_linear=0
shrinkage=0.01


Tree=322
num_leaves=15
num_cat=0
split_feature=31 1 5 13 16 17 3 6 0 4 23 15 39 17
split_gain=107132 85200.9 89634.7 122756 83723.3 77873.6 60457.9 68226.1 59535.1 60216.2 35803.6 31301.4 26342.7 13868.7
threshold=59.775285171102674 -118.21337597412109 8.5000000000000018 -0.37649371299091478 0.52004025125000075 0.01694730851885733 76.408090000000016 9.6004685000000016 37.042691525878915 1.0000000180025095e-35 73.774028305872434 0.56049570214188982 27.870370370370377 0.027136086180422198
decision_type=2 2 2 2 2 2 2 2 2 2 2 2 2 2
left_child=1 2 3 -1 -4 8 7 -3 9 -2 -10 -7 -8 -13
right_child=5 6 4 -5 -6 11 12 -9 10 -11 -12 13 -14 -15
leaf_value=0.027407900591490311 0.029597347187843986 0.059202173437733957 0.022937366475435476 -0.009399706910017569 -0.022932511870393756 -0.12815676300721873 0.054195832739636345 0.003285167595690734 -0.029932904963054438 -0.077058503270581447 -0.30764937068025272 -0.0056168901030506403 -0.011382523928374093 -0.25649605937626052
leaf_weight=13140 21060 4892 4422 29187 39734 458 678 3939 1412 543 48 525 6345 23
leaf_count=13140 21060 4892 4422 29187 39734 458 678 3939 1412 543 48 525 6345 23
internal_value=2.1731e-11 -0.00446467 -0.00837137 0.00202685 -0.0183389 0.018983 0.0168462 0.0342608 0.0227397 0.0269165 -0.0390633 -0.0671412 -0.00505159 -0.0161465
internal_weight=126406 102337 86483 42327 44156 24069 15854 8831 23063 21603 1460 1006 7023 548
internal_count=126406 102337 86483 42327 44156 24069 15854 8831 23063 21603 1460 1006 7023 548
is_linear=0
shrinkage=0.01


Tree=323
num_leaves=15
num_cat=0
split_feature=8 2 2 8 0 10 9 7 11 45 28 7 18 7
split_gain=107607 119635 111338 125306 124045 109800 80114 79022.4 34148.4 33746.9 32103.2 9206.92 12015.3 8039.69
threshold=0.91597561503675362 8.8250000000000011 27.725000000000005 -0.78656609248549303 35.400001525878913 0.25000000000000011 0.37940952255126048 1009.3002 -0.5 1.0000000180025095e-35 52.864350091536416 999.10023000000012 9.3941338451997307 1011.6009500000001
decision_type=2 2 2 2 2 2 2 2 2 2 2 2 2 2
left_child=1 5 4 -4 -3 6 -1 -7 11 10 -10 12 -2 -11
right_child=8 2 3 -5 -6 7 -8 -9 9 13 -12 -13 -14 -15
leaf_value=0.081253583341448068 0.04785216838536549 0.0076426039552336938 -0.019078679679166162 0.04407086355338314 -0.016836736850384146 -0.022321676545065255 -0.048556583472386984 0.041364913158787084 -0.057077272761969916 0.0015195457666326846 -0.019094369988086769 -0.0098388372705957971 -0.025501926215477737 0.073634396152232176
leaf_weight=4618 682 40642 4512 10350 42189 4040 530 3763 5479 1271 3747 4075 332 176
leaf_count=4618 682 40642 4512 10350 42189 4040 530 3763 5479 1271 3747 4075 332 176
internal_value=-2.53663e-12 0.0034824 -0.000303645 0.0248991 -0.00482566 0.0320416 0.0678893 0.00839121 -0.0244453 -0.034609 -0.0416511 -0.00312924 0.0238349 0.0102909
internal_weight=126406 110644 97693 14862 82831 12951 5148 7803 15762 10673 9226 5089 1014 1447
internal_count=126406 110644 97693 14862 82831 12951 5148 7803 15762 10673 9226 5089 1014 1447
is_linear=0
shrinkage=0.01


Tree=324
num_leaves=15
num_cat=0
split_feature=31 6 8 1 19 39 5 13 39 32 15 7 28 15
split_gain=106237 94848.8 98235.3 121018 74789.4 67171 49994.1 39655 35736 34648.1 28347.4 36473.4 18511.2 17958.2
threshold=24.459876543209884 17.101420000000005 0.60355339059327384 -118.21337597412109 1.6933156552272448 57.030291508238285 1.5000000000000002 -6.521579674187179 58.098129359655637 66.855133079847931 0.052876765647565632 1000.2997800000002 59.211026615969594 0.1261447801689092
decision_type=2 2 2 2 2 2 2 2 2 2 2 2 2 2
left_child=5 2 3 -2 8 10 -4 -6 -3 12 11 -1 -7 -11
right_child=1 4 6 -5 7 9 -8 -9 -10 13 -12 -13 -14 -15
leaf_value=0.48095151091367011 0.0077166997198914976 -0.033504176106402425 0.004850009598244694 0.046859544461964657 0.042682535385597173 -0.031964107163358166 -0.020780555488846299 -0.027092107329992988 -0.091673105982554265 -0.036551937766177822 -0.011760370152539936 0.045953846954096357 -0.086458204044586096 -0.13391848249418056
leaf_weight=20 61517 2572 14371 9062 1544 4686 16177 1724 1792 267 10771 532 719 652
leaf_count=20 61517 2572 14371 9062 1544 4686 16177 1724 1792 267 10771 532 719 652
internal_value=1.6991e-11 0.00369281 0.00625829 0.0127425 -0.0303008 -0.0227589 -0.00872291 0.00587364 -0.0573902 -0.0488649 -0.00817844 0.0617146 -0.0392132 -0.10563
internal_weight=126406 108759 101127 70579 7632 17647 30548 3268 4364 6324 11323 552 5405 919
internal_count=126406 108759 101127 70579 7632 17647 30548 3268 4364 6324 11323 552 5405 919
is_linear=0
shrinkage=0.01


Tree=325
num_leaves=15
num_cat=0
split_feature=31 23 5 0 13 16 39 12 2 6 23 15 11 11
split_gain=104533 81938.3 76567.4 79144.9 61417.6 55564.3 54163.9 52144 49079.1 42965.2 36796.9 43552.7 27843.1 22853.5
threshold=34.43610054921843 115.34937668610237 21.500000000000004 36.742692288818368 11.569279319124648 29.072478333000003 55.122148288973392 1.0000000180025095e-35 35.125000000000007 7.2011247500000009 14.872685185185189 0.052876765647565632 -0.5 0.93301270189221952
decision_type=2 2 2 2 2 2 2 2 2 2 2 2 2 2
left_child=6 2 4 -4 -2 7 10 -3 -7 13 -1 -12 -11 -8
right_child=1 5 3 -5 -6 8 9 -9 -10 12 11 -13 -14 -15
leaf_value=-0.059010400142193886 0.015402142388164421 0.018972724956919009 0.0061387293974566274 -0.02341450505885841 -0.029957664927049561 0.75653031871432352 -0.017363849058025582 0.14098558315064272 0.18045047226212918 -0.019992927345251942 0.070185756726349205 -0.0036671971069945838 -0.056531726858146676 0.032510092304083069
leaf_weight=1140 47547 938 21458 15686 3185 21 5736 559 50 3350 833 19284 5525 1094
leaf_count=1140 47547 938 21458 15686 3185 21 5736 559 50 3350 833 19284 5525 1094
internal_value=2.49776e-11 0.00584581 0.00456729 -0.00634167 0.0125544 0.0774981 -0.0141462 0.064534 0.35084 -0.0282297 -0.00374114 -0.000609111 -0.0427396 -0.00937526
internal_weight=126406 89444 87876 37144 50732 1568 36962 1497 71 15705 21257 20117 8875 6830
internal_count=126406 89444 87876 37144 50732 1568 36962 1497 71 15705 21257 20117 8875 6830
is_linear=0
shrinkage=0.01


Tree=326
num_leaves=15
num_cat=0
split_feature=8 17 8 19 23 0 44 44 45 10 28 44 37 20
split_gain=104396 103995 125284 147272 96448 61564 52745 40258.8 28231.2 22290 22651.9 20616.6 4523.24 5241.35
threshold=0.91597561503675362 0.00748316289466974 -0.78656609248549303 1.8542425468941468 74.933988170680209 34.083213737060554 1.0000000180025095e-35 1.0000000180025095e-35 1.0000000180025095e-35 0.68301270189221941 34.991656104773988 1.0000000180025095e-35 104.57035175879398 85.529784537389119
decision_type=2 2 2 2 2 2 2 2 2 2 2 2 2 2
left_child=1 4 7 -4 6 -6 -1 -3 9 10 -2 -11 13 -10
right_child=8 2 3 -5 5 -7 -8 -9 12 11 -12 -13 -14 -15
leaf_value=0.0017562754557570212 -0.048422643099553041 -0.02445213466143753 -0.010006643297589681 0.030472829456776367 -0.01052517184517537 0.05957465704518905 0.026404703149833557 -0.067011149630931591 0.0094574142689510879 -0.036197926678088667 -0.014708656538822203 -0.094777044998418228 0.1403938560302441 -0.13075044122007159
leaf_weight=35501 2637 7803 32448 12431 1564 6297 11492 3108 2132 1903 8159 878 26 27
leaf_count=35501 2637 7803 32448 12431 1564 6297 11492 3108 2132 1903 8159 878 26 27
internal_value=-1.04762e-11 0.00343005 -0.00618316 0.00120574 0.0132073 0.0456278 0.00778398 -0.0365751 -0.0240778 -0.0294467 -0.0229435 -0.0546922 0.00928292 0.007704
internal_weight=126406 110644 55790 44879 54854 7861 46993 10911 15762 13577 10796 2781 2185 2159
internal_count=126406 110644 55790 44879 54854 7861 46993 10911 15762 13577 10796 2781 2185 2159
is_linear=0
shrinkage=0.01


Tree=327
num_leaves=15
num_cat=0
split_feature=31 1 35 8 2 13 4 0 16 2 7 2 7 26
split_gain=102858 81209.3 99972 91702.5 62917.8 62825.3 58031.5 56928.2 52564.4 51816 50382.5 17023.4 9604.19 6578.94
threshold=59.775285171102674 -118.21337597412109 64.022813688212949 0.12940952255126045 24.875000000000004 11.899315739583084 1.0000000180025095e-35 37.042691525878915 0.58097045499999955 10.575000000000001 1009.5001850000001 28.425000000000001 994.10080000000005 11.765977444496416
decision_type=2 2 2 2 2 2 2 2 2 2 2 2 2 2
left_child=1 2 4 9 -1 6 7 -2 -4 -3 -5 12 -7 -8
right_child=5 3 8 10 -6 11 13 -9 -10 -11 -12 -13 -14 -15
leaf_value=-0.0055350804045397484 0.027988004597784132 0.10903526849296434 0.018504461024300242 -0.018052534949713202 0.020611619638745613 -0.31727654014314927 -0.018431507897833006 -0.039751006196293306 -0.02594830188114737 0.029742715229626477 0.081103168310490331 0.0042298170701067714 -0.098624852312644284 -0.088565515247688936
leaf_weight=41997 21401 921 2921 6541 11786 21 183 1317 29779 7836 556 187 463 497
leaf_count=41997 21401 921 2921 6541 11786 21 183 1317 29779 7836 556 187 463 497
internal_value=1.25281e-11 -0.0043747 -0.00818879 0.016431 0.000194704 0.0186004 0.0213364 0.0240611 -0.0219775 0.0380822 -0.0102844 -0.0768035 -0.108112 -0.0696912
internal_weight=126406 102337 86483 15854 53783 24069 23398 22718 32700 8757 7097 671 484 680
internal_count=126406 102337 86483 15854 53783 24069 23398 22718 32700 8757 7097 671 484 680
is_linear=0
shrinkage=0.01


Tree=328
num_leaves=15
num_cat=0
split_feature=8 2 11 2 8 17 9 43 11 45 28 7 18 7
split_gain=101851 116719 114371 107232 121122 116880 99422.3 52672.2 33177.1 32582.8 30830 8976.57 11714.4 7815.8
threshold=0.91597561503675362 9.0750000000000011 0.6830127018922193 27.725000000000005 -0.78656609248549303 0.010404712066518811 0.37940952255126048 1.0000000180025095e-35 -0.5 1.0000000180025095e-35 52.864350091536416 999.10023000000012 9.3941338451997307 1011.6009500000001
decision_type=2 2 2 2 2 2 2 2 2 2 2 2 2 2
left_child=1 2 7 5 -5 -3 -4 -1 11 10 -10 12 -2 -11
right_child=8 3 6 4 -6 -7 -8 -9 9 13 -12 -13 -14 -15
leaf_value=-0.039537165563326739 0.047567528996430887 0.0027964368860824581 0.066601842977350542 -0.018999961072061762 0.043086310666978614 -0.023332065833653881 -0.039446188372416209 0.023289155421166143 -0.05583742683416406 0.0016697441707683961 -0.018615293498395209 -0.0093969628710145452 -0.024862346469413446 0.072773371026851233
leaf_weight=2447 682 57707 7346 4512 10350 24342 1005 2935 5479 1271 3747 4075 332 176
leaf_count=2447 682 57707 7346 4512 10350 24342 1005 2935 5479 1271 3747 4075 332 176
internal_value=-1.61331e-11 0.00338799 0.0306721 -0.000478374 0.0242373 -0.00495527 0.0538395 -0.00527569 -0.0237825 -0.0338007 -0.0407202 -0.00277183 0.0238528 0.0103181
internal_weight=126406 110644 13733 96911 14862 82049 8351 5382 15762 10673 9226 5089 1014 1447
internal_count=126406 110644 13733 96911 14862 82049 8351 5382 15762 10673 9226 5089 1014 1447
is_linear=0
shrinkage=0.01


Tree=329
num_leaves=15
num_cat=0
split_feature=5 17 0 13 26 13 2 8 47 2 14 45 8 2
split_gain=101426 113336 117062 99516 126424 91188.7 80292.1 74395.3 74265.4 70212.6 68160.9 56870.9 61590.9 40871.3
threshold=3.5000000000000004 0.0057791949020736203 36.742692288818368 2.1599980756903698 41.844542972818189 -2.1999999999999993 25.675000000000001 0.37940952255126054 1.0000000180025095e-35 18.025000000000002 -11.518744794899613 1.0000000180025095e-35 -0.60355339059327362 9.5750000000000011
decision_type=2 2 2 2 2 2 2 2 2 2 2 2 2 2
left_child=3 7 6 11 10 -4 -3 8 -2 -6 -5 13 -13 -1
right_child=1 2 5 4 9 -7 -8 -9 -10 -11 -12 12 -14 -15
leaf_value=0.072666010146420157 0.011163978586294691 -0.009875877270611004 -0.0665074242889135 -0.051599229920058838 -0.024960970719903709 -0.020540806637284251 0.047958712329023524 -0.015623569716634724 0.067518938158426467 0.43104052027257589 0.000702795788983618 -0.077720093235047485 0.02440741715598866 0.024715338635139531
leaf_weight=1930 15402 21899 6630 2755 50 12364 2696 8862 2757 104 26073 1097 1279 22508
leaf_count=1930 15402 21899 6630 2755 50 12364 2696 8862 2757 104 26073 1097 1279 22508
internal_value=-5.96595e-12 -0.00796268 -0.0179377 0.0100768 -0.00276902 -0.0365858 -0.00353629 0.00812854 0.0197201 0.282988 -0.00429554 0.0239612 -0.0227449 0.0285023
internal_weight=126406 70610 43589 55796 28982 18994 24595 27021 18159 154 28828 26814 2376 24438
internal_count=126406 70610 43589 55796 28982 18994 24595 27021 18159 154 28828 26814 2376 24438
is_linear=0
shrinkage=0.01


Tree=330
num_leaves=15
num_cat=0
split_feature=5 7 0 0 13 26 28 19 9 8 7 45 8 25
split_gain=99407.6 134113 185366 153781 97569.4 127357 86284.6 83125.2 71656.6 68654.6 65059.5 52969.1 58531.6 38167.9
threshold=3.5000000000000004 1006.5004000000001 37.042691525878915 36.742692288818368 1.8000030386147849 41.844542972818189 122.71345267818776 1.2921407027680318 -0.37940952255126015 -0.78656609248549303 1002.9997500000001 1.0000000180025095e-35 -0.60355339059327362 68.518545704629815
decision_type=2 2 2 2 2 2 2 2 2 2 2 2 2 2
left_child=4 3 8 7 11 9 -5 -2 -3 -6 -7 -1 -13 -4
right_child=1 2 13 6 5 10 -8 -9 -10 -11 -12 12 -14 -15
leaf_value=0.02837811192117333 -0.014469703671006771 0.052227291059943094 -0.024384647700451928 -0.048872007623849259 -0.041571847628949429 0.43319520076607715 0.37587871481974922 0.028335921174703706 0.011767436267323763 0.0022223464024139885 0.0057547034668651497 -0.077089782961311235 0.025091822314090004 -0.2587338526078633
leaf_weight=23968 23746 7289 9688 13203 4171 101 48 5608 10958 25247 55 1046 1208 70
leaf_count=23968 23746 7289 9688 13203 4171 101 48 5608 10958 25247 55 1046 1208 70
internal_value=6.42714e-12 -0.00788305 0.0091156 -0.0190566 0.00997602 -0.0024758 -0.0473334 -0.00629181 0.0279296 -0.00398697 0.282495 0.0240196 -0.022327 -0.0260658
internal_weight=126406 70610 28005 42605 55796 29574 13251 29354 18247 29418 156 26222 2254 9758
internal_count=126406 70610 28005 42605 55796 29574 13251 29354 18247 29418 156 26222 2254 9758
is_linear=0
shrinkage=0.01


Tree=331
num_leaves=15
num_cat=0
split_feature=31 6 8 1 2 5 35 2 41 0 32 3 9 2
split_gain=100514 90607.9 93198 114810 85628.4 46480.2 43471 36691.4 36425.6 35178.2 29978.6 28378 24945.5 21055
threshold=24.459876543209884 17.101420000000005 0.60355339059327384 -118.21337597412109 24.725000000000005 13.500000000000002 67.958386142796812 5.2250000000000005 49.80677017321505 34.083213737060554 66.484650049288845 98.707445000000021 1.0000000180025095e-35 11.525000000000002
decision_type=2 2 2 2 2 2 2 2 2 2 2 2 2 2
left_child=6 2 3 -2 8 -4 7 11 -3 -6 12 -1 -8 -12
right_child=1 4 5 -5 9 -7 10 -9 -10 -11 13 -13 -14 -15
leaf_value=0.041432775545875246 0.0075200260681083523 -0.035390493012341623 0.002124373326790652 0.045645669697565186 0.061132118231770803 -0.022823873860463095 -0.018345462410292012 -0.01539514577823692 -0.093565397014283541 -0.011993260104123524 -0.038187488732892676 0.3148074337095022 -0.065675486689479326 -0.12731419928904503
leaf_weight=749 61517 3008 17548 9062 991 13000 3543 10595 1676 1957 449 40 1624 647
leaf_count=749 61517 3008 17548 9062 991 13000 3543 10595 1676 1957 449 40 1624 647
internal_value=-1.75726e-12 0.00359197 0.00609945 0.0124152 -0.029633 -0.0084926 -0.0221374 -0.010496 -0.0562063 0.0125886 -0.0432977 0.0552921 -0.0332214 -0.0908015
internal_weight=126406 108759 101127 70579 7632 30548 17647 11384 4684 2948 6263 789 5167 1096
internal_count=126406 108759 101127 70579 7632 30548 17647 11384 4684 2948 6263 789 5167 1096
is_linear=0
shrinkage=0.01


Tree=332
num_leaves=15
num_cat=0
split_feature=31 9 11 2 9 47 14 17 0 7 35 2 23 32
split_gain=99348.8 75649.6 167615 122864 125042 76997.7 75858.2 75496.5 56572.6 65936.5 41193.8 36485.3 35561.7 11648
threshold=59.385509083227724 -0.70710678118654757 0.25000000000000017 25.675000000000001 0.60355339059327384 1.0000000180025095e-35 5.0668913991695517 0.01694730851885733 37.042691525878915 1003.9001350000001 83.801665169956252 23.225000000000005 73.774028305872434 40.069180397127177
decision_type=2 2 2 2 2 2 2 2 2 2 2 2 2 2
left_child=1 2 10 6 -5 -4 -3 8 9 -2 -1 13 -10 -9
right_child=7 3 5 4 -6 -7 -8 11 12 -11 -12 -13 -14 -15
leaf_value=-0.0045490127189916378 0.0079507942056998189 -0.011003128693519677 0.029001877116104177 -0.016151739062429445 0.039220840205452467 0.10341592779940717 -0.04114968503634911 -0.030302426809521048 -0.02844559115842538 0.042422088622471814 -0.051478212893935851 -0.0090615657972202782 -0.30226329005494412 -0.15209984641375987
leaf_weight=12519 10806 49401 9298 7314 9218 1635 10044 98 1481 11406 2199 543 49 395
leaf_count=12519 10806 49401 9298 7314 9218 1635 10044 98 1481 11406 2199 543 49 395
internal_value=-5.37895e-12 -0.00437748 0.0104711 -0.00939059 0.0147232 0.0401303 -0.0160968 0.0179544 0.0216007 0.025652 -0.0115607 -0.0656076 -0.0372149 -0.127889
internal_weight=126406 101628 25651 75977 16532 10933 59445 24778 23742 22212 14718 1036 1530 493
internal_count=126406 101628 25651 75977 16532 10933 59445 24778 23742 22212 14718 1036 1530 493
is_linear=0
shrinkage=0.01


Tree=333
num_leaves=15
num_cat=0
split_feature=17 2 13 11 44 1 7 39 17 2 14 25 42 35
split_gain=96953 186049 118007 100280 189216 151176 147226 93636.1 86078.9 67380.7 58515 37413.8 34243.3 23965.8
threshold=0.0073757442278358743 21.025000000000002 -5.0732009093110486 0.25000000000000017 1.0000000180025095e-35 -118.21337597412109 1001.29965 49.469696969696976 0.012475239838596228 34.025000000000006 -4.3199875201684197 24.466771112049951 1.0000000180025095e-35 84.361224691263672
decision_type=2 2 2 2 2 2 2 2 2 2 2 2 2 2
left_child=3 7 10 11 5 -5 -6 12 -9 -4 -3 -1 -2 -13
right_child=1 2 9 4 6 -7 -8 8 -10 -11 -12 13 -14 -15
leaf_value=-0.056853562435302443 0.013038601214571495 0.054158503073636566 -0.013460338173801812 -0.0068358654004234088 -0.058838750041482937 0.059117800831094081 0.070740847993186598 -0.021241706417874991 -0.061828375370680762 0.039954910945831562 -0.0020808019765718492 0.0013664425357843393 -0.017092126514942647 -0.026787919426397824
leaf_weight=1309 6911 7182 13734 18870 974 4260 8788 15004 8018 2852 2492 24254 8304 3454
leaf_count=1309 6911 7182 13734 18870 974 4260 8788 15004 8018 2852 2492 24254 8304 3454
internal_value=8.54531e-12 -0.00858033 0.0119142 0.00893902 0.0208929 0.00531124 0.0578121 -0.0226554 -0.0353771 -0.00427547 0.0396714 -0.00461127 -0.00340606 -0.0021432
internal_weight=126406 64497 26260 61909 32892 23130 9762 38237 23022 16586 9674 29017 15215 27708
internal_count=126406 64497 26260 61909 32892 23130 9762 38237 23022 16586 9674 29017 15215 27708
is_linear=0
shrinkage=0.01


Tree=334
num_leaves=15
num_cat=0
split_feature=31 8 23 2 39 0 32 10 9 42 16 10 5 44
split_gain=97400.7 86182.1 99219.9 79215.9 64079.5 50888.8 33383.5 32534.5 32215.6 27425.2 18587.2 18050.7 17138.4 16675.2
threshold=24.459876543209884 0.78656609248549325 102.9774047759842 9.0750000000000011 57.030291508238285 34.083213737060554 66.855133079847931 0.68301270189221941 -0.37940952255126015 1.0000000180025095e-35 0.051000000000000031 0.68301270189221941 99.500000000000014 1.0000000180025095e-35
decision_type=2 2 2 2 2 2 2 2 2 2 2 2 2 2
left_child=4 2 3 -2 8 -4 11 12 10 -9 -1 -6 -3 -8
right_child=1 7 5 -5 6 -7 13 9 -10 -11 -12 -13 -14 -15
leaf_value=0.10602932992736397 0.03417636328146105 -0.0039185285830213726 -0.037543320638006146 0.0028722250643766047 -0.028901238959393349 0.090030441711169834 -0.082350808535802678 -0.011424686963500644 -0.023095233418300318 -0.059974775417861802 0.0070008906666520791 -0.075277491925684045 -0.032869170243518181 -0.1908404442361423
leaf_weight=197 9066 15612 368 74605 4366 2080 744 2181 6123 2494 5003 1039 2353 175
leaf_count=197 9066 15612 368 74605 4366 2080 744 2181 6123 2494 5003 1039 2353 175
internal_value=-2.92505e-11 0.0035359 0.0081001 0.00626412 -0.0217919 0.0708527 -0.04729 -0.0138256 -0.0075509 -0.037325 0.0107525 -0.0378161 -0.00771039 -0.10301
internal_weight=126406 108759 86119 83671 17647 2448 6324 22640 11323 4675 5200 5405 17965 919
internal_count=126406 108759 86119 83671 17647 2448 6324 22640 11323 4675 5200 5405 17965 919
is_linear=0
shrinkage=0.01


Tree=335
num_leaves=15
num_cat=0
split_feature=16 5 0 7 13 26 7 44 23 40 23 4 23 25
split_gain=96401.6 113765 122694 118854 100720 124768 89299.8 62783.6 61957 32997 33744 14407.2 15141.5 7974.35
threshold=0.11899964999999992 6.5000000000000009 36.742692288818368 1007.10008 1.7999961390911321 41.844542972818189 1006.7002200000001 1.0000000180025095e-35 102.9774047759842 80.63249230945604 11.396604938271606 0.54999998000000005 99.973419590559487 47.961883302821214
decision_type=2 2 2 2 2 2 2 2 2 2 2 2 2 2
left_child=7 4 6 -4 8 -6 -3 11 -2 10 -9 12 -1 -11
right_child=1 2 3 -5 5 -7 -8 9 -10 13 -12 -13 -14 -15
leaf_value=0.0027889821842772256 0.020144108169627008 -0.0082456663459310985 -0.048044452930303655 -0.0061385528072666461 -0.0050669214383085659 0.27665872075335607 0.026399385470317897 -0.24117867744487265 0.11603042319503258 0.1895373556288806 0.14640950116965606 0.27046168874610554 0.10939293148154457 -0.0099795867755476924
leaf_weight=1423 27186 27208 13296 13785 31020 158 10240 23 691 22 961 22 147 224
leaf_count=1423 27186 27208 13296 13785 31020 158 10240 23 691 22 961 22 147 224
internal_value=-1.72953e-11 -0.00131964 -0.0104982 -0.0267132 0.00870969 -0.00363923 0.00122788 0.0577911 0.0225209 0.111453 0.13735 0.0163314 0.0127704 0.00786339
internal_weight=126406 123584 64529 27081 59055 31178 37448 2822 27877 1230 984 1592 1570 246
internal_count=126406 123584 64529 27081 59055 31178 37448 2822 27877 1230 984 1592 1570 246
is_linear=0
shrinkage=0.01


Tree=336
num_leaves=15
num_cat=0
split_feature=31 6 35 17 2 10 26 16 2 2 47 0 43 25
split_gain=95845.4 68631.5 63960.7 74904.2 59805.4 75649.2 68491.3 51205.5 55149.2 47919.8 33720 33326.1 23480.3 13609.6
threshold=53.236388360794258 18.314103500000005 73.184410646387846 0.0073757442278358743 8.8250000000000011 -0.24999999999999994 37.698913730712952 0.11899964999999992 28.225000000000005 23.125000000000004 1.0000000180025095e-35 36.742692288818368 1.0000000180025095e-35 62.166737079284623
decision_type=2 2 2 2 2 2 2 2 2 2 2 2 2 2
left_child=2 4 7 10 5 -2 -6 11 -9 13 -4 -1 -5 -3
right_child=1 9 3 12 6 -7 -8 8 -10 -11 -12 -13 -14 -15
leaf_value=0.0066625423294359026 0.14523570483369302 -0.087895034525800109 -0.014545432862070442 -0.064136711555582593 0.0088580753762616034 0.031533094385078585 0.13669116053185515 -0.0060496658021098439 0.023107402638029656 -0.0039936098158709589 0.026887198164795914 0.11530038780235737 -0.030570771086181489 -0.18681374258684869
leaf_weight=525 689 479 8024 3473 36491 3882 424 55598 7344 858 2601 611 5211 196
leaf_count=525 689 479 8024 3473 36491 3882 424 55598 7344 858 2601 611 5211 196
internal_value=3.98709e-12 0.0121233 -0.00625436 -0.0222088 0.0145513 0.0486718 0.0103263 -0.00144671 -0.00264765 -0.0535836 -0.00440272 0.0650936 -0.0439948 -0.116618
internal_weight=126406 43019 83387 19309 41486 4571 36915 64078 62942 1533 10625 1136 8684 675
internal_count=126406 43019 83387 19309 41486 4571 36915 64078 62942 1533 10625 1136 8684 675
is_linear=0
shrinkage=0.01


Tree=337
num_leaves=15
num_cat=0
split_feature=8 2 10 2 8 0 9 1 45 2 28 35 32 28
split_gain=95259.2 109155 108204 99697.4 116518 110791 79336.9 72403.3 27169.9 23762.8 24776.2 13668.3 6233.69 4891.45
threshold=0.91597561503675362 9.0750000000000011 0.25000000000000011 27.725000000000005 -0.78656609248549303 35.400001525878913 0.37940952255126048 -118.21337597412109 1.0000000180025095e-35 13.225000000000001 52.864350091536416 72.91492395437264 133.13316582914572 86.030852933870889
decision_type=2 2 2 2 2 2 2 2 2 2 2 2 2 2
left_child=1 2 6 5 -5 -3 -1 -4 9 10 -2 -11 13 -10
right_child=8 3 7 4 -6 -7 -8 -9 12 11 -12 -13 -14 -15
leaf_value=0.077063372888896281 -0.062751771454812644 0.0070149526802241839 -0.0035271305125171891 -0.019038467574830568 0.041856377916696781 -0.016228114167640698 -0.04669416366949266 0.092402973419127218 0.0088558351109953044 -0.010054185541118183 -0.019161607990580472 -0.039726090509273802 0.1201000925064087 -0.12660094870185412
leaf_weight=4917 3136 40415 7356 4512 10350 41634 579 881 2108 6130 2232 2079 50 27
leaf_count=4917 3136 40415 7356 4512 10350 41634 579 881 2108 6130 2232 2079 50 27
internal_value=-8.75189e-13 0.00327651 0.0296618 -0.000462487 0.0233691 -0.00477924 0.0640256 0.00673321 -0.023 -0.028267 -0.0446271 -0.0175689 0.00972763 0.0071428
internal_weight=126406 110644 13733 96911 14862 82049 5496 8237 15762 13577 5368 8209 2185 2135
internal_count=126406 110644 13733 96911 14862 82049 5496 8237 15762 13577 5368 8209 2185 2135
is_linear=0
shrinkage=0.01


Tree=338
num_leaves=15
num_cat=0
split_feature=31 17 4 23 39 2 42 32 39 9 11 13 28 15
split_gain=94294.9 84377 83778.9 96280 62614.6 46651.9 33525.3 32645.7 31220.6 31141.2 33164.3 27193.9 17729.7 16947.1
threshold=24.459876543209884 0.01850841697555421 1.0000000180025095e-35 115.34937668610237 57.030291508238285 21.225000000000005 1.0000000180025095e-35 66.855133079847931 52.121006663403989 -0.37940952255126015 0.25000000000000017 -6.0898823251758634 59.211026615969594 0.1261447801689092
decision_type=2 2 2 2 2 2 2 2 2 2 2 2 2 2
left_child=4 2 3 -2 9 8 -4 12 -3 10 -1 -7 -6 -9
right_child=1 5 6 -5 7 11 -8 13 -10 -11 -12 -13 -14 -15
leaf_value=-0.019376352481040346 0.0061517520032559328 -0.025232156107407117 -0.0045168803275364815 0.082935264388391994 -0.030183556489302602 0.029908233233698844 -0.056811541643222468 -0.03464193264978209 -0.097285237361655813 -0.022647283500469292 0.031885013243877401 -0.035748775639888701 -0.083515021299920014 -0.12922763115162192
leaf_weight=2156 97056 1027 2140 1661 4686 1137 2870 267 1451 6123 3044 1417 719 652
leaf_count=2156 97056 1027 2140 1661 4686 1137 2870 267 1451 6123 3044 1417 719 652
internal_value=3.72669e-12 0.00347907 0.00541908 0.0074437 -0.0214416 -0.0365113 -0.0344741 -0.0466466 -0.067423 -0.00736437 0.0106313 -0.00651932 -0.037278 -0.101747
internal_weight=126406 108759 103727 98717 17647 5032 5010 6324 2478 11323 5200 2554 5405 919
internal_count=126406 108759 103727 98717 17647 5032 5010 6324 2478 11323 5200 2554 5405 919
is_linear=0
shrinkage=0.01


Tree=339
num_leaves=15
num_cat=0
split_feature=31 1 35 8 17 11 2 17 0 7 7 25 2 25
split_gain=93507.6 73139 94655.7 86745.6 70521.3 69353.2 56193.6 55309.9 53938.9 59054.1 48560.9 34129.4 34012.2 12405.3
threshold=59.775285171102674 -118.21337597412109 64.022813688212949 0.12940952255126045 0.01694730851885733 -0.68301270189221952 24.875000000000004 0.0056880645879988567 37.042691525878915 1003.9001350000001 1009.5001850000001 68.518545704629815 22.825000000000006 62.555092005820789
decision_type=2 2 2 2 2 2 2 2 2 2 2 2 2 2
left_child=1 2 6 5 8 -3 -1 -4 9 -2 -5 -10 13 -6
right_child=4 3 7 10 12 -7 -8 -9 11 -11 -12 -13 -14 -15
leaf_value=-0.0050481437618225137 0.0082663934266022712 -0.010039411477612959 -0.0040519617988282733 -0.018036002165060835 -0.087930167834384967 0.053600898663365738 0.019661897036424198 -0.031067023008579882 -0.025051402420355206 0.041347496704900559 0.079310748999596656 -0.22504602617287375 -0.010423457490287145 -0.19538076530502746
leaf_weight=41997 10489 2335 11934 6541 295 6422 11786 20766 1369 11114 556 91 542 169
leaf_count=41997 10489 2335 11934 6541 295 6422 11786 20766 1369 11114 556 91 542 169
internal_value=2.07897e-11 -0.00417112 -0.00779073 0.0155737 0.0177348 0.0366316 0.000366812 -0.0212078 0.0213098 0.0252855 -0.0104096 -0.0375168 -0.0642229 -0.127066
internal_weight=126406 102337 86483 15854 24069 8757 53783 32700 23063 21603 7097 1460 1006 464
internal_count=126406 102337 86483 15854 24069 8757 53783 32700 23063 21603 7097 1460 1006 464
is_linear=0
shrinkage=0.01


Tree=340
num_leaves=15
num_cat=0
split_feature=8 2 7 2 8 0 44 16 24 23 24 19 27 32
split_gain=92821.8 106841 113543 98356.1 114015 107649 76833.8 35028.8 23293.5 16926.8 14137 22952.5 18603 9029.46
threshold=0.91597561503675362 9.3750000000000018 1005.10008 27.725000000000005 -0.78656609248549303 35.400001525878913 1.0000000180025095e-35 0.14802446599999994 10.211967623190409 17.137345679012352 28.593229501152901 1.7201901968069302 75.805361567023979 161.0067954220315
decision_type=2 2 2 2 2 2 2 2 2 2 2 2 2 2
left_child=1 2 7 5 -5 -3 -4 -1 9 -2 12 -12 -10 -11
right_child=8 3 6 4 -6 -7 -8 -9 10 13 11 -13 -14 -15
leaf_value=0.10794577926457087 -0.096368521535517393 0.0066767374015180292 0.021243813824592696 -0.0189380408569358 0.041299179864710801 -0.016390188428525541 0.073415431847152379 -0.033136800420551574 -0.037465036865113238 -0.0083885224372658197 -0.11496157692155884 0.11244947555065155 0.0091225674520837626 0.18588811929027241
leaf_weight=187 222 40048 6890 4512 10350 40887 4782 2988 6602 7484 395 50 985 24
leaf_count=187 222 40048 6890 4512 10350 40887 4782 2988 6602 7484 395 50 985 24
internal_value=-2.01379e-11 0.00323432 0.0281953 -0.000634233 0.0230116 -0.00497629 0.0426184 -0.0248274 -0.0227038 -0.0103121 -0.0346297 -0.0894098 -0.0314167 -0.0077675
internal_weight=126406 110644 14847 95797 14862 80935 11672 3175 15762 7730 8032 445 7587 7508
internal_count=126406 110644 14847 95797 14862 80935 11672 3175 15762 7730 8032 445 7587 7508
is_linear=0
shrinkage=0.01


Tree=341
num_leaves=15
num_cat=0
split_feature=5 17 2 13 26 44 14 10 2 10 44 13 32 10
split_gain=92703.1 103810 98401.1 90382.2 120741 86035.1 66847.1 64863.9 58739.5 58249 56594.5 56839.3 51626.9 46757.6
threshold=3.5000000000000004 0.0057791949020736203 24.025000000000002 1.8000030386147849 41.844542972818189 1.0000000180025095e-35 -5.3740115370177604 -0.6830127018922193 10.575000000000001 0.68301270189221941 1.0000000180025095e-35 -5.0732009093110486 133.13316582914572 1.0000000180025095e-35
decision_type=2 2 2 2 2 2 2 2 2 2 2 2 2 2
left_child=3 8 5 10 6 -3 -5 -6 9 -2 11 -1 -10 -12
right_child=1 2 -4 4 7 -7 -8 -9 12 -11 13 -13 -14 -15
leaf_value=0.035522177730320646 0.053481998596362268 -0.013904352308384634 0.019367442800023643 -0.017985053863300675 0.38276553780084754 -0.047798484481935202 0.012222000874645731 -0.11114081102916423 -0.0027598954133360686 -0.012149377875650276 0.074382485845161925 0.0024066209355841912 0.11059098027101377 0.0069658865712863031
leaf_weight=8854 4562 26903 6308 15625 122 10378 13793 34 20127 1922 3390 12501 410 1477
leaf_count=8854 4562 26903 6308 15625 122 10378 13793 34 20127 1922 3390 12501 410 1477
internal_value=-1.3998e-11 -0.00761258 -0.0171592 0.00963374 -0.00235071 -0.0233395 -0.0038221 0.275119 0.00778756 0.0340274 0.0231502 0.0161367 -0.000496962 0.0539234
internal_weight=126406 70610 43589 55796 29574 37281 29418 156 27021 6484 26222 21355 20537 4867
internal_count=126406 70610 43589 55796 29574 37281 29418 156 27021 6484 26222 21355 20537 4867
is_linear=0
shrinkage=0.01


Tree=342
num_leaves=15
num_cat=0
split_feature=31 6 8 1 2 10 35 36 2 46 32 3 9 44
split_gain=91173.6 84671.7 85702.1 108003 76818.7 46219.2 40767.2 37480.1 34071.6 33186.5 28258 26866.7 23662.7 20355.4
threshold=24.459876543209884 17.101420000000005 0.60355339059327384 -118.21337597412109 24.725000000000005 0.68301270189221941 67.958386142796812 56.595057034220538 5.2250000000000005 1.0000000180025095e-35 66.484650049288845 98.707445000000021 1.0000000180025095e-35 1.0000000180025095e-35
decision_type=2 2 2 2 2 2 2 2 2 2 2 2 2 2
left_child=6 2 3 -2 7 -4 8 -3 11 -6 12 -1 -8 -12
right_child=1 4 5 -5 9 -7 10 -9 -10 -11 13 -13 -14 -15
leaf_value=0.04010055965139657 0.0071535342365296748 -0.04192966292608185 -0.0019572760952948453 0.044131778807090925 -0.012582281057294087 -0.032587910220850967 -0.017304130347842922 -0.12090089110027812 -0.014531148764186864 0.05844285264641317 -0.06752198973661537 0.30609638357162477 -0.063401131184583556 -0.17975800077624735
leaf_weight=749 61517 3976 24374 9062 1957 6174 3543 708 10595 991 899 40 1624 197
leaf_count=749 61517 3976 24374 9062 1957 6174 3543 708 10595 991 899 40 1624 197
internal_value=-1.96614e-12 0.003421 0.00584494 0.0119014 -0.0286972 -0.00814798 -0.0210837 -0.0538664 -0.00981011 0.0112935 -0.0415754 0.0535858 -0.0317925 -0.0876958
internal_weight=126406 108759 101127 70579 7632 30548 17647 4684 11384 2948 6263 789 5167 1096
internal_count=126406 108759 101127 70579 7632 30548 17647 4684 11384 2948 6263 789 5167 1096
is_linear=0
shrinkage=0.01


Tree=343
num_leaves=15
num_cat=0
split_feature=5 7 0 0 13 15 13 8 9 6 23 12 43 7
split_gain=90594.5 126476 166348 137720 88014.7 82971.8 78461 66881.2 65299 60700.2 45758.1 41705.8 31850.4 26791.2
threshold=3.5000000000000004 1006.3000500000002 37.042691525878915 36.742692288818368 1.8000030386147849 0.33846153260355044 -1.8370257620637414 -0.78656609248549303 -0.60355339059327384 14.465101500000001 102.9774047759842 1.0000000180025095e-35 1.0000000180025095e-35 1017.9223050000002
decision_type=2 2 2 2 2 2 2 2 2 2 2 2 2 2
left_child=4 3 8 5 10 -2 -5 -6 -3 -9 12 -12 -1 -4
right_child=1 2 13 6 7 -7 -8 9 -10 -11 11 -13 -14 -15
leaf_value=0.029410043504627021 -0.01708810873444154 0.053692284984992997 -0.031488081746401116 -0.082489505346846848 -0.039327539426874801 0.020756917810998105 -0.029243722518446754 0.0111306066827604 0.01351141343258868 -0.028835763899753956 0.053929460160790164 0.22814925293802987 0.0063717509429021546 0.016068875819469003
leaf_weight=15929 20703 5815 8477 4018 4188 8044 8892 20733 13284 4653 471 194 9628 1377
leaf_count=15929 20703 5815 8477 4018 4188 8044 8892 20733 13284 4653 471 194 9628 1377
internal_value=4.492e-12 -0.0075255 0.00852791 -0.0186832 0.00952355 -0.00649829 -0.0458155 -0.00230289 0.0257451 0.00380517 0.0228618 0.104754 0.0207309 -0.0248425
internal_weight=126406 70610 28953 41657 55796 28747 12910 29574 19099 25386 26222 665 25557 9854
internal_count=126406 70610 28953 41657 55796 28747 12910 29574 19099 25386 26222 665 25557 9854
is_linear=0
shrinkage=0.01


Tree=344
num_leaves=15
num_cat=0
split_feature=31 9 11 14 13 9 17 17 0 7 35 23 2 25
split_gain=89979.4 71823.6 190801 123895 81880.8 72704.9 68090.6 56418.3 52177.3 57279.6 46750.9 33692.4 32210.4 12082.6
threshold=59.775285171102674 -0.60355339059327384 0.25000000000000017 5.0668913991695517 -0.54874661231670496 0.1294095225512602 0.01694730851885733 0.0051736368075963489 37.042691525878915 1003.9001350000001 83.801665169956252 73.774028305872434 22.825000000000006 61.731585228046072
decision_type=2 2 2 2 2 2 2 2 2 2 2 2 2 2
left_child=1 2 10 4 -3 -5 8 -4 9 -2 -1 -10 13 -8
right_child=6 3 7 5 -6 -7 12 -9 11 -11 -12 -13 -14 -15
leaf_value=-0.0058203100942957687 0.0080586382131658633 0.0085853937176710096 0.066126618971613621 -0.018152130774020083 -0.014403062388246962 -0.074365002956486126 -0.082364200282344327 0.022349817242583805 -0.028091032050613307 0.040638923614563005 -0.052019917202339443 -0.29749529500802357 -0.01078086194462002 -0.18639898875180413
leaf_weight=14663 10489 27304 4644 5087 35821 4201 277 8042 1412 11114 2575 48 542 187
leaf_count=14663 10489 27304 4644 5087 35821 4201 277 8042 1412 11114 2575 48 542 187
internal_value=7.56391e-12 -0.00409167 0.00894047 -0.00947708 -0.00445967 -0.0435774 0.017397 0.0383753 0.0209098 0.0248201 -0.0127216 -0.0369482 -0.0631359 -0.124292
internal_weight=126406 102337 29924 72413 63125 9288 24069 12686 23063 21603 17238 1460 1006 464
internal_count=126406 102337 29924 72413 63125 9288 24069 12686 23063 21603 17238 1460 1006 464
is_linear=0
shrinkage=0.01


Tree=345
num_leaves=15
num_cat=0
split_feature=16 31 14 23 44 39 9 40 23 9 28 4 23 21
split_gain=89386.4 88409.2 77595.6 83758.1 59055.2 54334.4 53840.5 32329.6 32948.3 23302.6 18461.9 14108.7 14657.5 7945.1
threshold=0.11899964999999992 24.459876543209884 8.6399957737787894 115.34937668610237 1.0000000180025095e-35 57.030291508238285 0.1294095225512602 80.63249230945604 11.396604938271606 -0.37940952255126015 57.336079425433049 0.54999998000000005 99.973419590559487 55.704372623574152
decision_type=2 2 2 2 2 2 2 2 2 2 2 2 2 2
left_child=4 5 3 -3 11 9 -4 8 -6 -2 -7 12 -1 -9
right_child=1 2 6 -5 7 10 -8 13 -10 -11 -12 -13 -14 -15
leaf_value=0.0020943092496231858 0.007291260291762679 0.0028403185917918413 -0.01354158139267915 0.07705887534580233 -0.24071248756802602 -0.036864018465856997 -0.085191731648059293 0.14022471015517776 0.14227860501810372 -0.021994944486970369 -0.078643103394125974 0.26692307472229004 0.10698075227718168 -0.01875554930935636
leaf_weight=1423 4895 100135 3127 1544 23 4846 1578 37 961 6106 1353 22 147 209
leaf_count=1423 4895 100135 3127 1544 23 4846 1578 37 961 6106 1353 22 147 209
internal_value=6.72168e-12 -0.00127072 0.00213018 0.00396733 0.0556486 -0.0223057 -0.0375722 0.107692 0.133327 -0.00896377 -0.0459828 0.0154389 0.0119149 0.00515612
internal_weight=126406 123584 106384 101679 2822 17200 4705 1230 984 11001 6199 1592 1570 246
internal_count=126406 123584 106384 101679 2822 17200 4705 1230 984 11001 6199 1592 1570 246
is_linear=0
shrinkage=0.01


Tree=346
num_leaves=15
num_cat=0
split_feature=8 2 7 2 8 1 44 16 45 2 7 28 7 20
split_gain=88931.6 102102 108868 94468.1 111916 101019 71681.6 56666.4 26772 22781.5 44013.7 12588.4 7395.99 3616.17
threshold=0.91597561503675362 9.3750000000000018 1007.10008 27.725000000000005 -0.78656609248549303 -118.99998249999999 1.0000000180025095e-35 0.14802446599999994 1.0000000180025095e-35 13.225000000000001 1004.6998250000001 34.991656104773988 1011.6009500000001 78.620722433460102
decision_type=2 2 2 2 2 2 2 2 2 2 2 2 2 2
left_child=1 2 7 5 -5 -3 -4 -1 9 10 -2 -11 13 -10
right_child=8 3 6 4 -6 -7 -8 -9 12 11 -12 -13 -14 -15
leaf_value=0.11024613034395177 -0.093513699820971394 -0.015928182352995611 0.025071168316812022 -0.019003977057553335 0.040676291459870131 0.0064171491926843915 0.080635946511869921 -0.018491547940767763 0.0065788911106654359 -0.03852479944702044 -0.027085764289563698 -0.0098598668195937801 0.072423376196741385 -0.097434975574998292
leaf_weight=368 1324 40887 5772 4512 10350 40048 3884 4823 1975 2038 4044 6171 176 34
leaf_count=368 1324 40887 5772 4512 10350 40048 3884 4823 1975 2038 4044 6171 176 34
internal_value=-2.08012e-11 0.00316582 0.027567 -0.000615968 0.0225578 -0.00487134 0.0474214 -0.00936509 -0.022223 -0.0274513 -0.04347 -0.0169763 0.0102641 0.00481858
internal_weight=126406 110644 14847 95797 14862 80935 9656 5191 15762 13577 5368 8209 2185 2009
internal_count=126406 110644 14847 95797 14862 80935 9656 5191 15762 13577 5368 8209 2185 2009
is_linear=0
shrinkage=0.01


Tree=347
num_leaves=15
num_cat=0
split_feature=5 7 0 44 13 13 15 8 9 0 44 13 23 25
split_gain=88413.9 122689 165120 144217 101975 85181.6 72717.3 62861.3 62000.5 60415.9 57102.3 56696.6 53646.9 36059.8
threshold=3.5000000000000004 1006.5004000000001 37.042691525878915 1.0000000180025095e-35 -3.6662440706919139 2.1599980756903698 0.33846153260355044 -0.78656609248549303 -0.37940952255126015 34.083213737060554 1.0000000180025095e-35 -5.0732009093110486 102.9774047759842 68.518545704629815
decision_type=2 2 2 2 2 2 2 2 2 2 2 2 2 2
left_child=5 3 8 6 -5 10 -2 -7 -3 -9 11 -1 -12 -4
right_child=1 2 13 4 -6 7 -8 9 -10 -11 12 -13 -14 -15
leaf_value=0.03466970797494117 -0.016062075320861614 0.049182367394429223 -0.02274625458425613 -0.1026877106973748 -0.03210567420457567 -0.039043558730081307 0.018504886785912479 -0.037324732558767115 0.011547226780379827 0.009396082450952685 0.043692427017785168 0.0017939555265997201 0.17337123906991461 -0.25053175717911552
leaf_weight=8854 22194 7289 9688 2616 9410 4045 8385 3171 10958 21766 4746 12872 342 70
leaf_count=8854 22194 7289 9688 2616 9410 4045 8385 3171 10958 21766 4746 12872 342 70
internal_value=8.85334e-12 -0.00743438 0.0088242 -0.0181214 -0.0474593 0.00940823 -0.00658355 -0.00247646 0.0265811 0.00345504 0.0222538 0.0151918 0.052409 -0.0243803
internal_weight=126406 70610 28005 42605 12026 55796 30579 28982 18247 24937 26814 21726 5088 9758
internal_count=126406 70610 28005 42605 12026 55796 30579 28982 18247 24937 26814 21726 5088 9758
is_linear=0
shrinkage=0.01


Tree=348
num_leaves=15
num_cat=0
split_feature=31 9 11 14 9 1 9 7 0 7 25 42 25 34
split_gain=87026.6 69042.9 152428 103241 83546.9 72590 69006.8 58935.9 54197.9 65279.2 38232 29952.4 10489.6 7319.17
threshold=59.385509083227724 -0.70710678118654757 0.25000000000000017 5.0668913991695517 0.1294095225512602 -118.21337597412109 0.60355339059327384 992.71127500000011 37.042691525878915 1003.9001350000001 68.518545704629815 1.0000000180025095e-35 62.555092005820789 52.499366286438537
decision_type=2 2 2 2 2 2 2 2 2 2 2 2 2 2
left_child=1 2 11 6 -5 -4 -3 12 9 -9 -10 -1 13 -2
right_child=7 3 5 4 -6 -7 -8 8 10 -11 -12 -13 -14 -15
leaf_value=0.0030334088020495687 -0.22177761269026788 -0.012492934524354822 0.027566779665902132 -0.014597884167867182 -0.072900336065490151 0.09981952946485001 0.0085003249244116844 0.0050097300145367932 -0.023861802038674711 0.03874579014093598 -0.21348809593079385 -0.025504803826745057 -0.27270282929212275 -0.014195872559780028
leaf_weight=7521 29 40162 9298 5978 4174 1635 25663 11389 1579 11555 114 7197 71 41
leaf_count=7521 29 40162 9298 5978 4174 1635 25663 11389 1579 11555 114 7197 71 41
internal_value=-1.74771e-12 -0.00409703 0.0100884 -0.00888624 -0.038569 0.038372 -0.00430835 0.0168041 0.0179709 0.0219998 -0.0366305 -0.0109216 -0.18706 -0.100194
internal_weight=126406 101628 25651 75977 10152 10933 65825 24778 24637 22944 1693 14718 141 70
internal_count=126406 101628 25651 75977 10152 10933 65825 24778 24637 22944 1693 14718 141 70
is_linear=0
shrinkage=0.01


Tree=349
num_leaves=15
num_cat=0
split_feature=5 17 44 13 19 13 26 8 1 14 11 44 11 13
split_gain=86562.9 97193.2 86983.9 133496 84694.8 83442.5 117868 68468.4 68409.8 64163 62305.1 53604.4 68137.3 53622.9
threshold=3.5000000000000004 0.0057791949020736203 1.0000000180025095e-35 -2.8729692039356158 1.8542425468941468 1.8000030386147849 41.844542972818189 0.37940952255126054 -118.21337597412109 -5.3740115370177604 0.6830127018922193 1.0000000180025095e-35 0.25000000000000017 -5.0732009093110486
decision_type=2 2 2 2 2 2 2 2 2 2 2 2 2 2
left_child=5 7 4 -4 -3 11 9 8 -2 -7 -8 13 -13 -1
right_child=1 2 3 -5 -6 6 10 -9 -10 -11 -12 12 -14 -15
leaf_value=0.034299705440035737 0.010453454548443262 -0.013206745338327037 -0.091013620462418954 -0.018539465524382879 0.040867885279211535 -0.01753542659822693 0.35076466234882053 -0.015241238698167703 0.064541103519601656 0.012058976392923412 -0.23476325252226421 0.0081063100679329061 0.083963062008763897 0.0021347636626210874
leaf_weight=8854 15402 27679 3518 9157 3235 15625 135 8862 2757 13793 21 2035 2832 12501
leaf_count=8854 15402 27679 3518 9157 3235 15625 135 8862 2757 13793 21 2035 2832 12501
internal_value=8.65955e-12 -0.00735615 -0.0165935 -0.038655 -0.0075481 0.00930923 -0.00220594 0.0075451 0.0186653 -0.00365972 0.271944 0.0222964 0.0522457 0.0154707
internal_weight=126406 70610 43589 12675 30914 55796 29574 27021 18159 29418 156 26222 4867 21355
internal_count=126406 70610 43589 12675 30914 55796 29574 27021 18159 29418 156 26222 4867 21355
is_linear=0
shrinkage=0.01


Tree=350
num_leaves=15
num_cat=0
split_feature=16 5 7 1 44 26 44 25 44 40 23 4 25 21
split_gain=85241.9 100739 108920 131347 130785 72158.2 128579 65186.8 56677.3 31773.4 32209.7 13815.5 14374.6 7808.28
threshold=0.11899964999999992 6.5000000000000009 1006.3000500000002 -120.84999847412108 1.0000000180025095e-35 37.698913730712952 1.0000000180025095e-35 27.433119748392247 1.0000000180025095e-35 80.63249230945604 11.396604938271606 0.54999998000000005 100.65757248723666 55.704372623574152
decision_type=2 2 2 2 2 2 2 2 2 2 2 2 2 2
left_child=8 5 4 -4 -3 7 -7 -2 11 10 -10 12 -1 -11
right_child=1 2 3 -5 -6 6 -8 -9 9 13 -12 -13 -14 -15
leaf_value=0.0027987283079799578 -0.033065764586947641 -0.0088805399253649737 -0.024515254831108106 0.022237691766329535 -0.049720565110857658 -0.075955516876205387 0.26743587038436351 0.0099810106000334936 -0.23908172058022539 0.13757871938718333 0.13959226759815441 0.2638087857717818 0.11712348621495132 -0.020026758628313625
leaf_weight=1451 3759 27172 9277 17058 11022 179 279 54838 23 37 961 22 119 209
leaf_count=1451 3759 27172 9277 17058 11022 179 279 54838 23 37 961 22 119 209
internal_value=5.30507e-12 -0.00124091 -0.00987803 0.00576809 -0.0206661 0.00819682 0.133228 0.00721956 0.0543432 0.105329 0.130741 0.0149513 0.0114641 0.00367813
internal_weight=126406 123584 64529 26335 38194 59055 458 58597 2822 1230 984 1592 1570 246
internal_count=126406 123584 64529 26335 38194 59055 458 58597 2822 1230 984 1592 1570 246
is_linear=0
shrinkage=0.01


Tree=351
num_leaves=15
num_cat=0
split_feature=8 15 31 14 10 44 39 7 11 45 28 7 14 7
split_gain=85652.9 97094 80494.8 78141.2 69310.3 64411.7 54481.4 43001.7 30878.2 30660.8 27233.4 8943.88 9397.52 7283.19
threshold=0.91597561503675362 0.086456621345978008 23.923611111111118 8.6399957737787894 0.25000000000000011 1.0000000180025095e-35 57.030291508238285 1009.4003500000001 -0.5 1.0000000180025095e-35 52.864350091536416 999.10023000000012 -10.406326723981213 1011.6009500000001
decision_type=2 2 2 2 2 2 2 2 2 2 2 2 2 2
left_child=1 4 6 -4 5 -1 -3 -6 11 10 -10 12 -2 -11
right_child=8 2 3 -5 7 -7 -8 -9 9 13 -12 -13 -14 -15
leaf_value=0.012962056556434343 -0.020208785834094464 -0.0069885853692394449 0.0058160028163219491 -0.041221470959907379 -0.017921295010576082 0.10766921977115267 -0.049278432439664031 0.042050342283026287 -0.052394756002010386 0.002974951435598588 -0.017411098955334582 -0.0081528254850784694 0.045519825491472481 0.071613183701199234
leaf_weight=1122 316 8200 86010 3683 2320 1995 4847 2467 5479 1271 3747 4075 698 176
leaf_count=1122 316 8200 86010 3683 2320 1995 4847 2467 5479 1271 3747 4075 698 176
internal_value=-6.21539e-12 0.00310691 0.000508631 0.00388454 0.0368806 0.0735783 -0.0226994 0.0129853 -0.0218095 -0.0314743 -0.0381867 -0.00153977 0.0250364 0.0113235
internal_weight=126406 110644 102740 89693 7904 3117 13047 4787 15762 10673 9226 5089 1014 1447
internal_count=126406 110644 102740 89693 7904 3117 13047 4787 15762 10673 9226 5089 1014 1447
is_linear=0
shrinkage=0.01


Tree=352
num_leaves=15
num_cat=0
split_feature=8 2 7 2 8 0 44 34 24 23 24 19 32 28
split_gain=83948.4 97002.5 103227 90696.3 109054 95572.2 70416.5 33592.1 22391.5 17904.6 13300.4 21952.3 12983.2 9985.2
threshold=0.91597561503675362 9.3750000000000018 1005.10008 27.725000000000005 -0.78656609248549303 35.400001525878913 1.0000000180025095e-35 72.643219264892295 11.309217817708817 16.05225789794865 28.593229501152901 1.7201901968069302 126.69011725293133 56.221588508660766
decision_type=2 2 2 2 2 2 2 2 2 2 2 2 2 2
left_child=1 2 7 5 -5 -3 -4 -1 9 -2 12 -12 -10 -11
right_child=8 3 6 4 -6 -7 -8 -9 10 13 11 -13 -14 -15
leaf_value=-0.014270339102232139 -0.098171077395156348 0.0062000958512548601 0.02014961598412281 -0.018930654404510486 0.039981416949862389 -0.01553447057029508 0.070094997342169563 -0.13593470863331625 -0.035065361370028858 -0.015208969587963526 -0.11318078097550174 0.10922032798528671 0.028201802711792658 0.0092890189690803433
leaf_weight=2929 231 40048 6890 4512 10350 40887 4782 246 5968 6544 395 50 343 2231
leaf_count=2929 231 40048 6890 4512 10350 40887 4782 246 5968 6544 395 50 343 2231
internal_value=-1.49217e-11 0.00307584 0.0268598 -0.00061029 0.0220961 -0.00477984 0.0406122 -0.0236969 -0.0215914 -0.0112682 -0.0353526 -0.0881919 -0.0316268 -0.00898048
internal_weight=126406 110644 14847 95797 14862 80935 11672 3175 15762 9006 6756 445 6311 8775
internal_count=126406 110644 14847 95797 14862 80935 11672 3175 15762 9006 6756 445 6311 8775
is_linear=0
shrinkage=0.01


Tree=353
num_leaves=15
num_cat=0
split_feature=31 9 11 14 13 1 9 7 1 7 35 25 2 13
split_gain=83840 66593.3 176402 111555 75861.7 69850.4 68003.8 57494.1 52548.9 63187.8 45191 37402.3 12496.9 7031
threshold=59.385509083227724 -0.60355339059327384 0.25000000000000017 5.0668913991695517 -0.54874661231670496 -118.21337597412109 0.1294095225512602 992.71127500000011 -120.84999847412108 1003.9001350000001 83.801665169956252 68.518545704629815 11.425000000000002 5.7275649276110352
decision_type=2 2 2 2 2 2 2 2 2 2 2 2 2 2
left_child=1 2 10 4 -3 -4 -5 12 11 -10 -1 -9 -2 -14
right_child=7 3 5 6 -6 -7 -8 8 9 -11 -12 -13 13 -15
leaf_value=-0.0054973340256226277 -0.40381564644250006 0.0081565618521835647 0.027084522739097436 -0.017001087931094172 -0.014049436435571858 0.093013608643074938 -0.071564526400257983 -0.023488958679361387 0.0048974623195308202 0.038088694681799942 -0.051002595171275755 -0.21104635138260691 -0.050897253897661969 -0.20758398841804185
leaf_weight=14565 22 27101 10700 5045 35585 1891 4174 1579 11389 11555 2567 114 48 71
leaf_count=14565 22 27101 10700 5045 35585 1891 4174 1579 11389 11555 2567 114 48 71
internal_value=6.01393e-12 -0.00402132 0.00856915 -0.00922577 -0.00444913 0.0369862 -0.0417053 0.0164936 0.017646 0.0216131 -0.0123157 -0.0361183 -0.184862 -0.144383
internal_weight=126406 101628 29723 71905 62686 12591 9219 24778 24637 22944 17132 1693 141 119
internal_count=126406 101628 29723 71905 62686 12591 9219 24778 24637 22944 17132 1693 141 119
is_linear=0
shrinkage=0.01


Tree=354
num_leaves=15
num_cat=0
split_feature=5 17 0 13 13 26 16 11 9 14 2 44 11 13
split_gain=82957.3 92971 96925 81048.7 80644.6 113903 74735.6 66302.5 114976 62366 61113.3 52115.2 66049.9 51902.6
threshold=3.5000000000000004 0.0057791949020736203 36.742692288818368 -2.1999999999999993 1.8000030386147849 41.844542972818189 14.016093071250003 0.6830127018922193 -0.12940952255126037 -5.3740115370177604 18.025000000000002 1.0000000180025095e-35 0.25000000000000017 -5.0732009093110486
decision_type=2 2 2 2 2 2 2 2 2 2 2 2 2 2
left_child=4 7 6 -4 11 9 -3 -2 -9 -6 -7 13 -13 -1
right_child=1 2 3 -5 5 10 -8 8 -10 -11 -12 12 -14 -15
leaf_value=0.033675159702502934 -0.0059907993356464583 -0.0097269338667946275 -0.061413323686229204 -0.018077714052364025 -0.017316312849799693 -0.012619833668084959 0.042940381174513237 0.058753124710681462 -0.0048591110836653031 0.011860727674976266 0.40724724104484689 0.0079531983852614094 0.08263897586891697 0.002030367624701337
leaf_weight=8854 15639 21515 6630 12364 15625 52 3080 5474 5908 13793 104 2035 2832 12501
leaf_count=8854 15639 21515 6630 12364 15625 52 3080 5474 5908 13793 104 2035 2832 12501
internal_value=2.51726e-11 -0.00720132 -0.0162358 -0.0332043 0.00911329 -0.00220717 -0.00313147 0.00737267 0.0257342 -0.00363629 0.267292 0.0218809 0.0514112 0.0151506
internal_weight=126406 70610 43589 18994 55796 29574 24595 27021 11382 29418 156 26222 4867 21355
internal_count=126406 70610 43589 18994 55796 29574 24595 27021 11382 29418 156 26222 4867 21355
is_linear=0
shrinkage=0.01


Tree=355
num_leaves=15
num_cat=0
split_feature=31 6 8 47 2 45 40 23 9 11 11 7 5 2
split_gain=82518.5 79154.9 78547.3 102077 69679.7 43857.8 37763.8 36609.2 28419.2 52232.2 29959.1 26401.3 29191.3 26540.6
threshold=24.459876543209884 17.101420000000005 0.60355339059327384 1.0000000180025095e-35 24.725000000000005 1.0000000180025095e-35 74.85081087736954 61.844059522133044 -0.37940952255126015 0.25000000000000017 0.25000000000000017 1006.2002000000001 3.5000000000000004 12.825000000000001
decision_type=2 2 2 2 2 2 2 2 2 2 2 2 2 2
left_child=6 2 3 -2 7 -4 8 -3 9 -1 -10 12 -8 -13
right_child=1 4 5 -5 -6 -7 11 -9 10 -11 -12 13 -14 -15
leaf_value=-0.025367761086192615 0.0067805836509471397 -0.039447993131259823 -0.01238982269591242 0.042730055383409828 0.010287518668922961 0.023467746589356388 -0.018445954040017209 -0.11519618201761152 -0.0042583564038094351 0.033328501188621316 -0.046291037315945673 0.011713903261185137 -0.091358741998656526 -0.055835664947092634
leaf_weight=2969 61517 3922 26636 9062 2948 3912 827 762 3406 3098 3377 1242 1634 1094
leaf_count=2969 61517 3922 26636 9062 2948 3912 827 762 3406 3098 3377 1242 1634 1094
internal_value=1.44542e-13 0.00325458 0.00559822 0.0113963 -0.0277996 -0.00779788 -0.0200581 -0.0517708 -0.0111202 0.00460439 -0.0251848 -0.0440005 -0.066857 -0.019921
internal_weight=126406 108759 101127 70579 7632 30548 17647 4684 12850 6067 6783 4797 2461 2336
internal_count=126406 108759 101127 70579 7632 30548 17647 4684 12850 6067 6783 4797 2461 2336
is_linear=0
shrinkage=0.01


Tree=356
num_leaves=15
num_cat=0
split_feature=9 11 2 9 6 13 44 0 8 26 23 6 16 45
split_gain=81151.3 248569 112916 132503 93101.2 83380.5 92727.6 74583.7 72928.1 57443.1 56083.5 42238.8 32152.3 25316.3
threshold=-0.78656609248549325 0.6830127018922193 25.675000000000001 0.25881904510252057 6.6392917500000008 -3.2399905576626313 1.0000000180025095e-35 36.742692288818368 0.12940952255126045 41.844542972818189 128.40500444375346 10.507109000000002 4.5688394425000007 1.0000000180025095e-35
decision_type=2 2 2 2 2 2 2 2 2 2 2 2 2 2
left_child=1 9 4 13 8 -3 -7 -6 -2 11 -5 -1 -11 -4
right_child=2 5 3 10 7 6 -8 -9 -10 12 -12 -13 -14 -15
leaf_value=0.0023812048640104466 0.016461505694207387 -0.011153075952474847 -0.012913209836074496 0.030389377652242051 -0.0076375843832029566 0.054072993496371707 0.13829170216306885 -0.033843007334364406 -0.012318361342553749 -0.02968410962820053 0.25908456563397692 -0.036806711977514332 0.45746498420124965 -0.062700047761051397
leaf_weight=15518 18223 1207 4326 15063 24505 4292 1880 19506 17036 20 108 3343 42 1337
leaf_count=15518 18223 1207 4326 15063 24505 4292 1880 19506 17036 20 108 3343 42 1337
internal_value=-1.04644e-11 0.0156313 -0.00410707 0.0166096 -0.00955189 0.0648608 0.0797261 -0.019252 0.00255601 -0.00356568 0.0320174 -0.00456462 0.30032 -0.0246676
internal_weight=126406 26302 100104 20834 79270 7379 6172 44011 35259 18923 15171 18861 62 5663
internal_count=126406 26302 100104 20834 79270 7379 6172 44011 35259 18923 15171 18861 62 5663
is_linear=0
shrinkage=0.01


Tree=357
num_leaves=15
num_cat=0
split_feature=31 40 6 1 7 20 14 2 23 33 2 13 31 33
split_gain=81111.4 63756.7 62246.3 54920.1 83576 66470.4 53588.9 49310 42971.4 42135.9 44200.9 40358.8 21170.8 16178
threshold=52.678284748626965 64.229908030288271 17.101420000000005 -118.21337597412109 1004.5003 136.58040201005028 4.331597592808472 23.125000000000004 93.096729953103093 57.706168145331652 27.325000000000006 -2.899999999999999 14.02777777777778 65.162902068432587
decision_type=2 2 2 2 2 2 2 2 2 2 2 2 2 2
left_child=1 9 3 5 -5 -2 8 13 -3 10 -1 -8 -11 -4
right_child=2 6 7 4 -6 -7 11 -9 -10 12 -12 -13 -14 -15
leaf_value=0.0023460212574206176 0.0077629833749307577 -0.013719702835643752 -0.072729850897712542 0.0024984537870801743 0.092520552622610122 0.095240587839779234 -0.067579148042090753 -0.00069091518073047926 0.045334917680706209 -0.11151056535682884 0.040507262783395039 -0.015858484360120273 -0.015924719410151493 -0.17207453125401548
leaf_weight=37179 37909 24296 760 2034 2092 889 3277 1352 1298 238 3305 2796 8772 209
leaf_count=37179 37909 24296 760 2034 2092 889 3277 1352 1298 238 3305 2796 8772 209
internal_value=-2.6435e-11 -0.00598093 0.0107287 0.0134561 0.0481422 0.00976741 -0.0170615 -0.0397124 -0.0107247 0.00110858 0.0054614 -0.043767 -0.0184496 -0.0941571
internal_weight=126406 81161 45245 42924 4126 38798 31667 2321 25594 49494 40484 6073 9010 969
internal_count=126406 81161 45245 42924 4126 38798 31667 2321 25594 49494 40484 6073 9010 969
is_linear=0
shrinkage=0.01


Tree=358
num_leaves=15
num_cat=0
split_feature=5 7 0 44 13 13 26 3 8 10 9 44 11 13
split_gain=80566.6 115415 160942 133520 98087 78306.2 110504 69670.9 61182.1 60888 58453.8 50745.1 64624.7 50656.6
threshold=3.5000000000000004 1006.8000250000001 37.042691525878915 1.0000000180025095e-35 -3.6662440706919139 1.8000030386147849 41.844542972818189 52.000085000000006 -0.78656609248549303 -0.6830127018922193 -0.60355339059327384 1.0000000180025095e-35 0.25000000000000017 -5.0732009093110486
decision_type=2 2 2 2 2 2 2 2 2 2 2 2 2 2
left_child=5 3 10 7 -5 11 8 -2 -7 -8 -3 13 -13 -1
right_child=1 2 -4 4 -6 6 9 -9 -10 -11 -12 12 -14 -15
leaf_value=0.033221773891014723 0.021398749464994468 0.056040218861746462 -0.023315314786066788 -0.098322154384656385 -0.030049057802581217 -0.039062306222172778 0.36756808085275483 -0.014134692528947387 0.0022799095951669393 -0.11096139461130781 0.015646801729726593 0.0077151206307209275 0.081590725912801185 0.0019591225213217004
leaf_weight=8854 7118 5141 9619 2689 9678 4171 122 24547 25247 34 11818 2035 2832 12501
leaf_count=8854 7118 5141 9619 2689 9678 4171 122 24547 25247 34 11818 2035 2832 12501
internal_value=1.10391e-11 -0.00709679 0.00935912 -0.0170297 -0.0448939 0.00898101 -0.00217412 -0.0061471 -0.00358175 0.263273 0.0278918 0.0215621 0.0507017 0.0149209
internal_weight=126406 70610 26578 44032 12367 55796 29574 31665 29418 156 16959 26222 4867 21355
internal_count=126406 70610 26578 44032 12367 55796 29574 31665 29418 156 16959 26222 4867 21355
is_linear=0
shrinkage=0.01


Tree=359
num_leaves=15
num_cat=0
split_feature=31 17 8 1 39 4 11 32 21 9 11 0 28 15
split_gain=79505.9 74226.3 73788.7 92720.2 57220.3 36357 36341.7 31186.7 26761.6 26166.4 28885.4 20955.9 16486.7 15674.7
threshold=24.459876543209884 0.01850841697555421 0.60355339059327384 -118.21337597412109 57.030291508238285 1.0000000180025095e-35 -0.5 66.855133079847931 56.786016054076903 -0.37940952255126015 0.25000000000000017 34.083213737060554 59.211026615969594 0.1261447801689092
decision_type=2 2 2 2 2 2 2 2 2 2 2 2 2 2
left_child=4 2 3 -2 9 -4 11 12 -8 10 -1 -3 -6 -9
right_child=1 6 5 -5 7 -7 8 13 -10 -11 -12 -13 -14 -15
leaf_value=-0.017740566322859357 0.0061473731094033235 0.047719830124972877 -0.0056796981159629783 0.039683597592588382 -0.027785258412472341 -0.060440612806469986 -0.039119264637433517 -0.033101434385620257 -0.10827505391285989 -0.020240422487801252 0.030099742528020234 -0.022294583724036383 -0.079213237891256075 -0.12406730953572558
leaf_weight=2156 63284 569 29700 9479 4686 1264 1961 267 783 6123 3044 1719 719 652
leaf_count=2156 63284 569 29700 9479 4686 1264 1961 267 783 6123 3044 1719 719 652
internal_value=1.71143e-11 0.00319462 0.00501419 0.0105162 -0.0196885 -0.00791513 -0.0343132 -0.0437834 -0.0588529 -0.00623131 0.0102644 -0.00488278 -0.0346265 -0.0976387
internal_weight=126406 108759 103727 72763 17647 30964 5032 6324 2744 11323 5200 2288 5405 919
internal_count=126406 108759 103727 72763 17647 30964 5032 6324 2744 11323 5200 2288 5405 919
is_linear=0
shrinkage=0.01


Tree=360
num_leaves=15
num_cat=0
split_feature=16 25 14 9 13 26 12 40 23 34 36 10 12 0
split_gain=78986.8 75783.3 69492.9 149353 83687.1 35261.1 23043 20599.3 15799 15463.2 13543.5 13421.5 12869.2 19387.4
threshold=0.11899964999999992 22.640027226212272 5.7923611947433917 -0.12940952255126037 11.569279319124648 15.100315938170956 1.0000000180025095e-35 80.63249230945604 8.7577160493827186 26.736111111111118 19.490740740740744 -0.5 1.0000000180025095e-35 36.742692288818368
decision_type=2 2 2 2 2 2 2 2 2 2 2 2 2 2
left_child=5 6 4 -4 -3 12 10 9 -8 -7 -2 -9 -1 -14
right_child=1 2 3 -5 -6 7 8 11 -10 -11 -12 -13 13 -15
leaf_value=0.0015512849894966064 -0.0012254618606957733 0.0055399587380338582 0.0044550531500415873 -0.061285447227075032 -0.032422268874364765 0.23311893250565138 -0.27925787448883055 0.13512070434328952 -0.074064192474408555 0.10058827615403258 -0.041446361960455307 -0.012709620111717248 0.019364422225824945 0.16324959387346138
leaf_weight=1097 1231 97704 9344 5484 6174 98 39 81 991 866 2617 254 287 139
leaf_count=1097 1231 97704 9344 5484 6174 98 39 81 991 866 2617 254 287 139
internal_value=-1.31158e-11 -0.00119451 0.000392901 -0.0198585 0.00328367 0.0523114 -0.0398242 0.0905863 -0.0818337 0.114061 -0.0285794 0.0230344 0.0196658 0.0663129
internal_weight=126406 123584 118706 14828 103878 2822 4878 1299 1030 964 3848 335 1523 426
internal_count=126406 123584 118706 14828 103878 2822 4878 1299 1030 964 3848 335 1523 426
is_linear=0
shrinkage=0.01


Tree=361
num_leaves=15
num_cat=0
split_feature=31 35 0 8 16 17 0 4 2 7 23 2 33 25
split_gain=78897.9 63342.6 80537.4 98089.6 75148.8 62813.2 47147.2 51791.4 44528.6 66399 31916.6 28559.4 28400.1 11239.6
threshold=59.775285171102674 56.962610899873262 35.400001525878913 0.25881904510252091 0.61215700500000036 0.01694730851885733 37.042691525878915 1.0000000180025095e-35 27.325000000000006 1007.90025 73.774028305872434 22.825000000000006 56.7788339670469 61.731585228046072
decision_type=2 2 2 2 2 2 2 2 2 2 2 2 2 2
left_child=1 8 3 -3 -4 6 7 -2 9 -1 -8 13 -10 -7
right_child=5 2 4 -5 -6 11 10 -9 12 -11 -12 -13 -14 -15
leaf_value=-0.0070103455365360251 0.025867714358464841 0.02084113527826598 0.028197785788044338 -0.020254199111564199 -0.024733151558156349 -0.078205845870702978 -0.026713416824874495 -0.073046075060936189 0.042027400449488141 0.022375933018232094 -0.28892197653651236 -0.011759874781463089 -0.013592909053638203 -0.17854554621213897
leaf_weight=27067 21060 13810 2928 10024 31961 277 1412 543 4664 10740 48 542 1143 187
leaf_count=27067 21060 13810 2928 10024 31961 277 1412 543 4664 10740 48 542 1143 187
internal_value=1.88558e-11 -0.00383143 -0.0106116 0.00355744 -0.020291 0.0162906 0.0196645 0.0233815 0.00529756 0.00133754 -0.035334 -0.0610585 0.0310796 -0.118644
internal_weight=126406 102337 58723 23834 34889 24069 23063 21603 43614 37807 1460 1006 5807 464
internal_count=126406 102337 58723 23834 34889 24069 23063 21603 43614 37807 1460 1006 5807 464
is_linear=0
shrinkage=0.01


Tree=362
num_leaves=15
num_cat=0
split_feature=8 2 10 2 8 17 7 44 11 45 28 7 18 26
split_gain=77467.1 91008.5 102976 84606.8 105369 87439.4 82659.2 54870.4 29756.8 29661.9 25689.3 8790.15 10999 7177.69
threshold=0.91597561503675362 9.3750000000000018 0.25000000000000011 27.725000000000005 -0.78656609248549303 0.0111948119782202 1009.00003 1.0000000180025095e-35 -0.5 1.0000000180025095e-35 52.864350091536416 999.10023000000012 9.3941338451997307 12.613676976879406
decision_type=2 2 2 2 2 2 2 2 2 2 2 2 2 2
left_child=1 2 7 5 -5 -3 -4 -1 11 10 -10 12 -2 -13
right_child=8 3 6 4 -6 -7 -8 -9 9 -11 -12 13 -14 -15
leaf_value=0.025039041186046111 0.04848302614249704 0.0015089008489102419 -0.025977281131441519 -0.019012455155256416 0.038895690630570023 -0.022204761509691941 0.035102226538917994 0.085826145657688632 -0.050630387889123489 0.011865987065502424 -0.016652988737746316 -0.00050945868648986144 -0.021700512556112318 -0.032965502306002037
leaf_weight=2735 682 59939 4462 4512 10350 20996 4401 3249 5479 1447 3747 3210 332 865
leaf_count=2735 682 59939 4462 4512 10350 20996 4401 3249 5479 1447 3747 3210 332 865
internal_value=1.73041e-11 0.00295472 0.0259921 -0.000615708 0.0213152 -0.00464285 0.00435228 0.0580433 -0.0207412 -0.0302289 -0.036831 -0.000842929 0.0255038 -0.0073989
internal_weight=126406 110644 14847 95797 14862 80935 8863 5984 15762 10673 9226 5089 1014 4075
internal_count=126406 110644 14847 95797 14862 80935 8863 5984 15762 10673 9226 5089 1014 4075
is_linear=0
shrinkage=0.01


Tree=363
num_leaves=15
num_cat=0
split_feature=5 7 0 0 31 13 26 15 10 14 9 45 25 2
split_gain=78482.1 111890 155168 122801 80268.2 75619.3 108053 74178.6 59706.1 59372.7 55865 48615.7 33725.8 32313.2
threshold=3.5000000000000004 1006.8000250000001 37.042691525878915 36.742692288818368 122.5861573930529 1.8000030386147849 41.844542972818189 0.33846153260355044 -0.6830127018922193 -5.3740115370177604 -0.60355339059327384 1.0000000180025095e-35 68.518545704629815 9.5750000000000011
decision_type=2 2 2 2 2 2 2 2 2 2 2 2 2 2
left_child=5 3 10 7 -5 11 9 -2 -8 -7 -3 13 -4 -1
right_child=1 2 12 4 -6 6 8 -9 -10 -11 -12 -13 -14 -15
leaf_value=0.065586084398074437 -0.015191691992707056 0.054913542324963704 -0.021293195744678597 -0.043111757657973392 0.34319343662648288 -0.016837626302080452 0.36366618022689073 0.019828089898909402 -0.11019640069893179 0.011630607418370194 0.015424723224178521 -0.023173715727983876 -0.24317410932502884 0.022047913745791591
leaf_weight=1847 21952 5141 9550 13677 54 15625 122 8349 34 13793 11818 2254 69 22121
leaf_count=1847 21952 5141 9550 13677 54 15625 122 8349 34 13793 11818 2254 69 22121
internal_value=-4.73709e-12 -0.00700438 0.00919824 -0.0167844 -0.0415925 0.00886407 -0.002098 -0.0055425 0.260388 -0.00348994 0.0273955 0.0212274 -0.0228848 0.025403
internal_weight=126406 70610 26578 44032 13731 55796 29574 30301 156 29418 16959 26222 9619 23968
internal_count=126406 70610 26578 44032 13731 55796 29574 30301 156 29418 16959 26222 9619 23968
is_linear=0
shrinkage=0.01


Tree=364
num_leaves=15
num_cat=0
split_feature=9 11 14 9 9 2 13 44 14 26 44 14 13 19
split_gain=77241.8 238115 113932 102741 95291.2 123805 79653.8 88912.6 73409.1 54883.2 42088.2 40684.4 36968.1 30832.5
threshold=-0.78656609248549325 0.6830127018922193 5.0668913991695517 0.1294095225512602 0.60355339059327384 18.025000000000002 -3.2399905576626313 1.0000000180025095e-35 -6.1199968914014748 41.844542972818189 1.0000000180025095e-35 -1.080000966810289 -2.8799995319553999 0.54247868525730625
decision_type=2 2 2 2 2 2 2 2 2 2 2 2 2 2
left_child=1 9 4 12 8 -6 -3 -8 -2 11 -5 -1 -4 -11
right_child=2 6 3 10 5 -7 7 -9 -10 13 -12 -13 -14 -15
leaf_value=-0.021953412695572539 -0.029089509159437969 -0.010862438725654804 -0.033915498803334117 -0.045959226087752464 -0.013449252081205319 0.026713145027907222 0.052842721289155251 0.13531081446608967 -0.0015649198900363666 -0.029661959171295167 -0.10663300731633092 0.0078545444742087918 0.0089352372808915656 0.44738473438081289
leaf_weight=7827 12827 1207 3507 3402 11594 22709 4292 1880 39616 20 1722 11034 4727 42
leaf_count=7827 12827 1207 3507 3402 11594 22709 4292 1880 39616 20 1722 11034 4727 42
internal_value=-1.83546e-11 0.0152501 -0.00400692 -0.0311933 0.000179503 0.0131387 0.0634333 0.0779626 -0.00829714 -0.00353884 -0.0663496 -0.00451526 -0.00931562 0.293499
internal_weight=126406 26302 100104 13358 86746 34303 7379 6172 52443 18923 5124 18861 8234 62
internal_count=126406 26302 100104 13358 86746 34303 7379 6172 52443 18923 5124 18861 8234 62
is_linear=0
shrinkage=0.01


Tree=365
num_leaves=15
num_cat=0
split_feature=5 0 16 13 26 10 13 3 20 23 45 19 27 28
split_gain=76646.9 87746.4 133766 79062.7 71810 196079 79911.4 59623.7 55347.1 47442.7 45633.8 42421.5 41956.5 35518.7
threshold=1.5000000000000002 36.742692288818368 0.24800415500000014 -3.9638138379338961 37.698913730712952 -0.6830127018922193 7.200006730784577 52.999230000000004 76.757604562737654 11.396604938271606 1.0000000180025095e-35 4.4854519586973618 78.620722433460102 47.777777777777786
decision_type=2 2 2 2 2 2 2 2 2 2 2 2 2 2
left_child=4 7 9 -4 6 13 10 8 -2 -3 -1 -8 -9 -6
right_child=1 2 3 -5 5 -7 11 12 -10 -11 -12 -13 -14 -15
leaf_value=0.01991938176074675 0.016566393249093609 -0.24272062512077391 -0.05630011326470219 -0.016099381657189379 0.031578591726720333 -0.090781312355527069 -0.019041513010819661 -0.0074084147412355585 0.09956616617762537 0.069389853076488331 -0.011381102968059706 0.04456614457268087 0.031414162552943846 0.39116820120838347
leaf_weight=33012 9458 50 6234 22729 32 198 11670 30435 878 1877 5423 1152 3064 194
leaf_count=33012 9458 50 6234 22729 32 198 11670 30435 878 1877 5423 1152 3064 194
internal_value=7.76428e-12 -0.00647584 -0.0193846 -0.0247522 0.00936335 0.138968 0.00829125 0.00262078 0.0236169 0.0612915 0.015503 -0.0133266 -0.00385749 0.340253
internal_weight=126406 74725 30890 28963 51681 424 51257 43835 10336 1927 38435 12822 33499 226
internal_count=126406 74725 30890 28963 51681 424 51257 43835 10336 1927 38435 12822 33499 226
is_linear=0
shrinkage=0.01


Tree=366
num_leaves=15
num_cat=0
split_feature=9 11 14 9 9 2 13 44 14 44 17 3 13 40
split_gain=75759.9 233011 110790 100449 93090 120645 77497.4 86840.1 71666.5 40887.8 39277.2 47522 35799.2 18156.4
threshold=-0.78656609248549325 0.6830127018922193 5.0668913991695517 0.1294095225512602 0.60355339059327384 18.025000000000002 -3.2399905576626313 1.0000000180025095e-35 -6.1199968914014748 1.0000000180025095e-35 0.010628673178492039 64.99939000000002 -2.8799995319553999 139.70450787557246
decision_type=2 2 2 2 2 2 2 2 2 2 2 2 2 2
left_child=1 10 4 12 8 -6 13 -8 -2 -5 11 -1 -4 -3
right_child=2 6 3 9 5 -7 7 -9 -10 -11 -12 -13 -14 -15
leaf_value=0.033735330184189907 -0.028762263159709638 -0.0030615472052221526 -0.033352788895687782 -0.045441604556344987 -0.013277795585557564 0.026368720962812075 0.052272997702266545 0.13377426985128207 -0.001566335306178665 -0.10524391283691645 -0.03501020087924199 -0.0068091585154241296 0.0088150607434229269 -0.21230767263922581
leaf_weight=3826 12827 1164 3507 3402 11594 22709 4292 1880 39616 1722 3269 11828 4727 43
leaf_count=3826 12827 1164 3507 3402 11594 22709 4292 1880 39616 1722 3269 11828 4727 43
internal_value=3.44689e-12 0.0151031 -0.0039683 -0.0307772 0.000159996 0.0129687 0.0627671 0.0770984 -0.00821817 -0.0655391 -0.00348336 0.00310034 -0.00914494 -0.010516
internal_weight=126406 26302 100104 13358 86746 34303 7379 6172 52443 5124 18923 15654 8234 1207
internal_count=126406 26302 100104 13358 86746 34303 7379 6172 52443 5124 18923 15654 8234 1207
is_linear=0
shrinkage=0.01


Tree=367
num_leaves=15
num_cat=0
split_feature=31 6 23 12 8 39 19 39 0 9 33 7 15 8
split_gain=75369.7 72494.1 69700.9 73632.8 60772.5 55661.3 50578.5 32336.2 25493.4 24523.6 17655.6 21043.3 13432.3 11888.2
threshold=24.459876543209884 17.101420000000005 115.34937668610237 1.0000000180025095e-35 0.60355339059327384 57.030291508238285 1.6933156552272448 58.098129359655637 34.083213737060554 -0.37940952255126015 54.914026193493889 1009.1001500000001 0.052876765647565632 -1.0000000180025095e-35
decision_type=2 2 2 2 2 2 2 2 2 2 2 2 2 2
left_child=5 2 4 -4 -2 9 7 -3 -8 12 -7 -12 -1 -11
right_child=1 6 3 -5 -6 10 8 -9 -10 13 11 -13 -14 -15
leaf_value=0.060414006329546271 0.0094096293755378292 -0.02616437139797052 0.019212142570088849 0.15552644623338505 -0.0076145486650752393 -0.031591036684950814 0.044281126701432916 -0.081497167119102557 -0.015821366650531143 -0.0058646222005473859 -0.088289730069592287 -0.016695293834286737 0.0049413555015875559 -0.033741123774701801
leaf_weight=481 69355 2572 1095 621 30056 4329 1031 1792 2237 3137 1417 578 4719 2986
leaf_count=481 69355 2572 1095 621 30056 4329 1031 1792 2237 3137 1417 578 4719 2986
internal_value=5.34133e-12 0.00311041 0.00535328 0.0685427 0.00426253 -0.0191695 -0.0266085 -0.0488858 0.00313998 -0.00589693 -0.0429339 -0.0675471 0.0100726 -0.0194591
internal_weight=126406 108759 101127 1716 99411 17647 7632 4364 3268 11323 6324 1995 5200 6123
internal_count=126406 108759 101127 1716 99411 17647 7632 4364 3268 11323 6324 1995 5200 6123
is_linear=0
shrinkage=0.01


Tree=368
num_leaves=15
num_cat=0
split_feature=31 17 35 0 8 16 4 0 2 16 33 2 25 0
split_gain=74527.1 62206.6 60464.6 73586 94537.5 67621.4 46218.2 49427.3 41879.5 40539.2 27421 26948.1 11106.2 7262.03
threshold=59.385509083227724 0.01694730851885733 56.962610899873262 35.400001525878913 0.25881904510252091 0.61215700500000036 1.0000000180025095e-35 37.042691525878915 27.325000000000006 0.14802446599999994 57.153147444021982 23.225000000000005 62.166737079284623 34.083213737060554
decision_type=2 2 2 2 2 2 2 2 2 2 2 2 2 2
left_child=2 6 8 4 -4 -5 7 -2 9 -1 -10 12 -3 -13
right_child=1 11 3 5 -6 -7 -8 -9 10 -11 -12 13 -14 -15
leaf_value=0.067418689222502118 0.024958825608369026 -0.076882162926299957 0.020172832609571544 0.026463527617703937 -0.020348454964803274 -0.023960112242593718 -0.066063616492379559 -0.035020890726181586 0.040684263466519273 -0.00033041950399418231 -0.015288585101481057 0.027886586617752909 -0.17480401145955249 -0.045484538427148807
leaf_weight=905 21651 307 13710 2903 9926 31720 624 1467 4691 36697 1076 250 186 293
leaf_count=905 21651 307 13710 2903 9926 31720 624 1467 4691 36697 1076 250 186 293
internal_value=-3.14917e-12 0.0155506 -0.0037914 -0.0104465 0.00315581 -0.0197323 0.0188604 0.0211527 0.00514856 0.00130016 0.0302409 -0.0603009 -0.113826 -0.0117041
internal_weight=126406 24778 101628 58259 23636 34623 23742 23118 43369 37602 5767 1036 493 543
internal_count=126406 24778 101628 58259 23636 34623 23742 23118 43369 37602 5767 1036 493 543
is_linear=0
shrinkage=0.01


Tree=369
num_leaves=15
num_cat=0
split_feature=5 0 18 13 26 10 13 3 20 8 27 8 28 0
split_gain=74518 84945.7 114164 77957.1 70017.1 191812 77018 57667.7 53997.4 47183.1 40818.3 34667.7 34647.8 31468.8
threshold=1.5000000000000002 36.742692288818368 0.16520562541498177 -3.9638138379338961 37.698913730712952 -0.6830127018922193 7.200006730784577 52.999230000000004 76.757604562737654 -0.78656609248549303 78.620722433460102 -0.78656609248549303 47.777777777777786 37.042691525878915
decision_type=2 2 2 2 2 2 2 2 2 2 2 2 2 2
left_child=4 7 13 -4 6 12 9 8 -2 -1 -9 -8 -6 -3
right_child=1 2 3 -5 5 -7 11 10 -10 -11 -12 -13 -14 -15
leaf_value=-0.0054918833956652483 0.01624984131372733 0.079571314380852853 -0.055349874875345761 -0.015561768504945717 0.031424835519865156 -0.090026501090162331 -0.062233783715470316 -0.0073085494356591217 0.098231344482010763 0.021171195790821863 0.030983815915829702 -0.0075519771848061605 0.38657852242134283 -0.002575814134707408
leaf_weight=8530 9458 1397 6305 22488 32 198 1289 30435 878 29905 3064 11533 194 700
leaf_count=8530 9458 1397 6305 22488 32 198 1289 30435 878 29905 3064 11533 194 700
internal_value=8.55607e-13 -0.00638527 -0.0190863 -0.0242744 0.00923239 0.137209 0.00817376 0.002565 0.0232138 0.0152538 -0.00380612 -0.0130492 0.336291 0.0521498
internal_weight=126406 74725 30890 28793 51681 424 51257 43835 10336 38435 33499 12822 226 2097
internal_count=126406 74725 30890 28793 51681 424 51257 43835 10336 38435 33499 12822 226 2097
is_linear=0
shrinkage=0.01


Tree=370
num_leaves=15
num_cat=0
split_feature=9 2 9 10 2 17 8 0 26 21 1 34 1 45
split_gain=73190.1 100848 123671 87642.1 163401 83687.7 69204 62957 48064.4 44907.7 42250.6 36338.1 35838.2 24027.9
threshold=-0.78656609248549325 25.675000000000001 0.25881904510252057 1.0000000180025095e-35 11.225000000000001 0.0067621935786427159 0.12940952255126045 36.742692288818368 41.844542972818189 162.95207439198859 -119.7866065258789 65.915293620616822 -118.21337597412109 1.0000000180025095e-35
decision_type=2 2 2 2 2 2 2 2 2 2 2 2 2 2
left_child=3 5 13 4 10 6 -2 -7 -6 -4 -1 12 -5 -3
right_child=1 2 9 11 8 7 -8 -9 -10 -11 -12 -13 -14 -15
leaf_value=0.029820769370388338 0.015689489344575421 -0.012748530527130736 0.029712756144577402 -0.0054540001696996897 0.0086038715019333932 -0.007645548492205792 -0.01206327079331351 -0.031917420357908781 0.29727478183549028 0.37852357133014786 0.10325107358966036 -0.042241597753369033 0.047952711315575568 -0.061251938235920747
leaf_weight=1052 18522 4326 15134 8017 10421 24093 17450 19205 58 37 3071 2193 1490 1337
leaf_count=1052 18522 4326 15134 8017 10421 24093 17450 19205 58 37 3071 2193 1490 1337
internal_value=2.30701e-11 -0.00390042 0.0156779 0.0148448 0.0311847 -0.00904607 0.00222664 -0.0184114 0.0102016 0.0305635 0.084515 -0.00554795 0.00291625 -0.0241999
internal_weight=126406 100104 20834 26302 14602 79270 35972 43298 10479 15171 4123 11700 9507 5663
internal_count=126406 100104 20834 26302 14602 79270 35972 43298 10479 15171 4123 11700 9507 5663
is_linear=0
shrinkage=0.01


Tree=371
num_leaves=15
num_cat=0
split_feature=5 0 16 35 25 0 2 15 8 45 10 27 25 10
split_gain=72818.2 82638.2 125336 63534 59448.9 89198.1 55584.3 54791.7 50267.4 82054.5 45602.9 44854.4 40298.9 33670.7
threshold=1.5000000000000002 36.742692288818368 0.24800415500000014 67.958386142796812 68.518545704629815 36.742692288818368 26.025000000000002 1.1137818869670093 -0.78656609248549303 1.0000000180025095e-35 -0.93301270189221908 78.620722433460102 26.958779279913632 0.68301270189221941
decision_type=2 2 2 2 2 2 2 2 2 2 2 2 2 2
left_child=4 6 13 -4 8 7 11 -6 9 -1 -7 -2 -10 -3
right_child=1 2 3 -5 5 10 -8 -9 12 -11 -12 -13 -14 -15
leaf_value=-0.0019658621067083527 -0.0045038550134782543 0.078704674969160462 -0.013056181213635037 -0.044015446725859803 0.017789812311235192 -0.051328232210306891 0.041036858434767433 -0.10478657418682176 -0.029219816718955946 -0.08083846617312139 0.089225195698546506 0.029018199364661976 0.012882231195912613 -0.030575679084720531
leaf_weight=6968 35893 1584 18692 10271 3746 252 3451 404 2439 1627 2749 4491 33496 343
leaf_count=6968 35893 1584 18692 10271 3746 252 3451 404 2439 1627 2749 4491 33496 343
internal_value=-4.69057e-12 -0.00631202 -0.0188394 -0.0240351 0.00912649 0.0358904 0.00251584 0.00585707 0.00482851 -0.0168961 0.0774226 -0.000775954 0.0100247 0.0592531
internal_weight=126406 74725 30890 28963 51681 7151 43835 4150 44530 8595 3001 40384 35935 1927
internal_count=126406 74725 30890 28963 51681 7151 43835 4150 44530 8595 3001 40384 35935 1927
is_linear=0
shrinkage=0.01


Tree=372
num_leaves=15
num_cat=0
split_feature=31 6 20 10 5 39 2 32 39 13 2 3 11 41
split_gain=72318.1 70134.8 67201.6 80739.6 61933.6 54431.7 31869.1 30432 29329.8 20380.1 17538 30594.9 16197 15814.6
threshold=24.459876543209884 18.611846500000002 136.58040201005028 -0.5 21.500000000000004 57.030291508238285 21.225000000000005 66.855133079847931 52.121006663403989 -4.6800000030581783 4.9250000000000016 98.707445000000021 0.93301270189221952 30.567632850241548
decision_type=2 2 2 2 2 2 2 2 2 2 2 2 2 2
left_child=5 2 4 -4 -2 10 8 12 -3 -8 11 -1 -7 -12
right_child=1 6 3 -5 -6 7 9 -9 -10 -11 13 -13 -14 -15
leaf_value=0.026922629727260103 0.010694800281957966 -0.018524521789012646 0.15353368733212891 0.00013439349970504851 -0.0049847344125942316 -0.040250664477777066 0.023721571134730848 -0.095477618219916655 -0.088835888499349522 -0.034006224896396986 0.0015330619722223921 0.31864117365134392 0.0094657578970138399 -0.023191199037331963
leaf_weight=667 57822 1018 664 710 44641 4642 1092 919 1422 1390 6155 38 763 4463
leaf_count=667 57822 1018 664 710 44641 4642 1092 919 1422 1390 6155 38 763 4463
internal_value=-1.1094e-11 0.00304679 0.00479514 0.0742662 0.00386355 -0.0187775 -0.0338373 -0.0422779 -0.0595011 -0.00860786 -0.00565226 0.0426465 -0.0332324 -0.00885914
internal_weight=126406 108759 103837 1374 102463 17647 4922 6324 2440 2482 11323 705 5405 10618
internal_count=126406 108759 103837 1374 102463 17647 4922 6324 2440 2482 11323 705 5405 10618
is_linear=0
shrinkage=0.01


Tree=373
num_leaves=15
num_cat=0
split_feature=8 2 10 7 2 8 17 44 24 23 24 19 27 28
split_gain=71636.2 84987.6 95220.2 79351.8 76565.3 98431.2 79987.5 52265.2 21746.9 16846.6 13632.1 20295.6 18083.8 9901.79
threshold=0.91597561503675362 9.3750000000000018 0.25000000000000011 1009.00003 27.725000000000005 -0.78656609248549303 0.0111948119782202 1.0000000180025095e-35 11.309217817708817 11.396604938271606 28.593229501152901 1.7201901968069302 75.805361567023979 56.221588508660766
decision_type=2 2 2 2 2 2 2 2 2 2 2 2 2 2
left_child=1 2 7 -4 6 -6 -3 -1 9 -2 12 -12 -10 -11
right_child=8 4 3 -5 5 -7 -8 -9 10 13 11 -13 -14 -15
leaf_value=0.023712984754455359 -0.14016866202029041 0.0014438361533054042 -0.025421890764273262 0.034423172810709349 -0.01872374983485425 0.037245612188570136 -0.021236846328044453 0.083039460489889 -0.036566946972942355 -0.014435212170037228 -0.11102845550922653 0.10281552550792694 0.012207025154125013 0.0098911416487489062
leaf_weight=2735 98 59939 4462 4401 4512 10350 20996 3249 5427 6675 395 50 884 2233
leaf_count=2735 98 59939 4462 4401 4512 10350 20996 3249 5427 6675 395 50 884 2233
internal_value=-1.16843e-11 0.00284135 0.0251037 0.0042947 -0.000608956 0.0202537 -0.00443994 0.0559242 -0.0199453 -0.00977178 -0.033507 -0.087001 -0.029735 -0.00833724
internal_weight=126406 110644 14847 8863 95797 14862 80935 5984 15762 9006 6756 445 6311 8908
internal_count=126406 110644 14847 8863 95797 14862 80935 5984 15762 9006 6756 445 6311 8908
is_linear=0
shrinkage=0.01


Tree=374
num_leaves=15
num_cat=0
split_feature=31 7 13 8 21 28 32 16 31 7 25 7 25 17
split_gain=70643.3 67455.1 64981.5 66658.9 41181.5 36772.8 24972.7 22446.6 20998.7 18360.7 18264.3 15107.3 12827.6 9018.64
threshold=24.459876543209884 992.71127500000011 11.569279319124648 0.78656609248549325 63.309885931558945 57.336079425433049 66.855133079847931 0.051000000000000031 14.02777777777778 1000.9005500000002 62.555092005820789 1009.3002 74.621055492809319 0.008014457624273082
decision_type=2 2 2 2 2 2 2 2 2 2 2 2 2 2
left_child=5 10 3 -3 -4 6 7 -1 12 -10 -2 -8 -7 -12
right_child=1 2 4 -5 -6 8 11 -9 9 -11 13 -13 -14 -15
leaf_value=0.092401354428485169 -0.084045388379344971 0.0094206011377909356 -0.021926966743749651 -0.010352111185527259 -0.12268524573030386 -0.081700606944849666 -0.091990773522758432 -0.010800563404461602 -0.11102079066479377 -0.025847310336744218 -0.42720944619178775 -0.0070407517709795584 -0.19632281595230106 -0.19357188220008426
leaf_weight=214 274 81295 5059 21575 441 446 609 13892 296 1746 20 319 125 95
leaf_count=214 274 81295 5059 21575 441 446 609 13892 296 1746 20 319 125 95
internal_value=-2.93312e-13 0.0030113 0.00348314 0.00527366 -0.0300059 -0.0185588 -0.0125406 -0.0092349 -0.0531842 -0.0381937 -0.128437 -0.0627892 -0.106793 -0.234205
internal_weight=126406 108759 108370 102870 5500 17647 15034 14106 2613 2042 389 928 571 115
internal_count=126406 108759 108370 102870 5500 17647 15034 14106 2613 2042 389 928 571 115
is_linear=0
shrinkage=0.01


Tree=375
num_leaves=15
num_cat=0
split_feature=9 14 7 1 9 13 0 25 0 44 6 3 13 3
split_gain=70546.7 104388 103522 99085.4 97257 88735 132945 69457 39526.9 39459.6 35513.7 41301.1 33796.4 25232
threshold=-0.78656609248549325 5.0668913991695517 1006.3000500000002 -119.7866065258789 0.1294095225512602 1.4225159029954288 34.083213737060554 133.23489760367167 34.083213737060554 1.0000000180025095e-35 10.507109000000002 55.001295000000006 -2.8799995319553999 60.524778500000004
decision_type=2 2 2 2 2 2 2 2 2 2 2 2 2 2
left_child=2 5 10 13 12 7 -7 -2 -5 -6 11 -1 -3 -4
right_child=1 4 3 8 9 6 -8 -9 -10 -11 -12 -13 -14 -15
leaf_value=0.040458079318051107 0.0092083657681325034 -0.032087354305345539 0.08882426714076512 0.033528873262734314 -0.044313884151926754 -0.060299825858776891 -0.0039339828514963699 0.21054865898304556 0.091586335908640543 -0.10306240899428838 -0.028988129688412356 -0.0023792632732047392 0.0088839462075748638 -0.00014820807473458827
leaf_weight=2879 44547 3507 345 1824 3402 4713 37314 172 3284 1722 3469 10313 4727 4188
leaf_count=2879 44547 3507 345 1824 3402 4713 37314 172 3284 1722 3469 10313 4727 4188
internal_value=-9.02603e-12 -0.00382933 0.0145742 0.0406545 -0.0298522 0.000177919 -0.010255 0.00998277 0.0708548 -0.0640572 -0.000517277 0.00696949 -0.00856642 0.00662336
internal_weight=126406 100104 26302 9641 13358 86746 42027 44719 5108 5124 16661 13192 8234 4533
internal_count=126406 100104 26302 9641 13358 86746 42027 44719 5108 5124 16661 13192 8234 4533
is_linear=0
shrinkage=0.01


Tree=376
num_leaves=15
num_cat=0
split_feature=31 35 0 8 16 6 0 7 7 2 0 23 2 25
split_gain=69930.6 59726.2 72795.2 91360.3 66861.2 57051.9 43603 50203.1 41852.8 53940.2 53519.1 30892.4 24249 10999.8
threshold=59.775285171102674 56.962610899873262 35.400001525878913 0.25881904510252091 0.9139783849999995 16.924786500000003 37.042691525878915 1003.9001350000001 1011.9006850000002 24.175000000000001 37.042691525878915 73.774028305872434 22.825000000000006 61.731585228046072
decision_type=2 2 2 2 2 2 2 2 2 2 2 2 2 2
left_child=1 8 3 -3 -4 6 7 -2 9 -1 -10 -8 13 -7
right_child=5 2 4 -5 -6 12 11 -9 10 -11 -12 -13 -14 -15
leaf_value=-0.0042769177629760347 0.0064435899252283527 0.019960191512066138 0.017133032966087799 -0.019700468683127484 -0.024639935236034739 -0.071240256456625337 -0.025902519093307836 0.036945417841762293 0.076232281011378758 0.023616831975027369 0.0039913030472031432 -0.28388154114286107 -0.012450291352976045 -0.16992062386680157
leaf_weight=30465 10492 13810 4382 10024 30507 283 1408 11110 1813 8975 2361 48 540 188
leaf_count=30465 10492 13810 4382 10024 30507 283 1408 11110 1813 8975 2361 48 540 188
internal_value=1.48172e-11 -0.00360714 -0.0101909 0.00327988 -0.0193933 0.0153369 0.0185607 0.0221308 0.00525743 0.00207061 0.0353696 -0.0344073 -0.0581891 -0.110629
internal_weight=126406 102337 58723 23834 34889 24069 23058 21602 43614 39440 4174 1456 1011 471
internal_count=126406 102337 58723 23834 34889 24069 23058 21602 43614 39440 4174 1456 1011 471
is_linear=0
shrinkage=0.01


Tree=377
num_leaves=15
num_cat=0
split_feature=5 7 0 44 13 2 13 7 2 37 45 23 7 9
split_gain=69870.1 99697.1 136670 131673 90363 72992.4 62973.6 54281.4 50219.3 62034.8 45287.8 38947.3 26776 25461.2
threshold=1.5000000000000002 1006.8000250000001 37.042691525878915 1.0000000180025095e-35 -3.6662440706919139 25.675000000000001 7.5600062621682733 1013.2001000000001 34.025000000000006 141.25879396984928 1.0000000180025095e-35 102.9774047759842 1015.9599000000002 0.78656609248549303
decision_type=2 2 2 2 2 2 2 2 2 2 2 2 2 2
left_child=6 3 7 5 -5 -2 10 -3 9 -8 11 -1 -4 -12
right_child=1 2 12 4 -6 -7 8 -9 -10 -11 13 -13 -14 -15
leaf_value=0.017441412199522936 -0.009868061641571408 0.019770685521542673 -0.030225131491977742 -0.093201635014218076 -0.02851247590093085 0.036828174449723139 -0.020068670657583453 0.078039040689867861 0.050015502205951912 0.31072031359792801 -0.02097434098303879 0.080268175760677851 0.0069118540954421952 0.033645600795693169
leaf_weight=33126 30248 15860 7440 2734 10274 3764 10544 1778 1198 57 4696 1017 2627 1043
leaf_count=33126 30248 15860 7440 2734 10274 3764 10544 1778 1198 57 4696 1017 2627 1043
internal_value=-4.47803e-12 -0.00618293 0.00886479 -0.0150493 -0.0421087 -0.00470034 0.00893983 0.0256444 -0.0113547 -0.0182901 0.0149439 0.0193128 -0.0205342 -0.0110478
internal_weight=126406 74725 27705 47020 13008 34012 51681 17638 11799 10601 39882 34143 10067 5739
internal_count=126406 74725 27705 47020 13008 34012 51681 17638 11799 10601 39882 34143 10067 5739
is_linear=0
shrinkage=0.01


Tree=378
num_leaves=15
num_cat=0
split_feature=9 11 14 9 9 16 1 7 14 26 14 16 37 39
split_gain=69449.7 219694 101355 94825.9 85879.4 73856 66759.8 87104.2 66496 50912 39010.3 29204.4 26480.6 22229.2
threshold=-0.78656609248549325 0.6830127018922193 5.0668913991695517 0.1294095225512602 0.60355339059327384 4.9201431525000006 -119.7866065258789 1003.2004000000001 -6.1199968914014748 41.844542972818189 -1.080000966810289 4.5688394425000007 58.098129359655637 56.225198755617015
decision_type=2 2 2 2 2 2 2 2 2 2 2 2 2 2
left_child=1 9 4 13 8 -6 -3 -8 -2 10 -1 -11 -5 -4
right_child=2 6 3 12 5 -7 7 -9 -10 11 -12 -13 -14 -15
leaf_value=-0.021603137403134017 -0.027687130621754177 0.0079819882631983492 0.00477739690427317 -0.046127677370796108 -0.017935637549249209 0.019537104493294394 -0.009425942130673692 0.095803173626173979 -0.0014906029656427614 -0.032010084867477417 0.0075851095146101189 0.43226997415224711 -0.093458414808373802 -0.028874333465082613
leaf_weight=7827 12827 1810 5004 3274 6486 27817 948 4621 39616 20 11034 42 1850 3230
leaf_count=7827 12827 1810 5004 3274 6486 27817 948 4621 39616 20 11034 42 1850 3230
internal_value=2.35168e-11 0.0144605 -0.00379944 -0.0294414 0.000149154 0.0124518 0.0607424 0.0778902 -0.00789799 -0.00358709 -0.00452753 0.282502 -0.0632163 -0.00842337
internal_weight=126406 26302 100104 13358 86746 34303 7379 5569 52443 18923 18861 62 5124 8234
internal_count=126406 26302 100104 13358 86746 34303 7379 5569 52443 18923 18861 62 5124 8234
is_linear=0
shrinkage=0.01


Tree=379
num_leaves=15
num_cat=0
split_feature=5 7 0 44 13 19 26 10 13 7 8 19 31 7
split_gain=68338.6 97295.1 133375 128686 88263.9 71763.6 66626.7 185701 71337.9 53172 44604.6 38531.5 33451.3 26247.2
threshold=1.5000000000000002 1006.8000250000001 37.042691525878915 1.0000000180025095e-35 -3.6662440706919139 1.8542425468941468 37.698913730712952 -0.6830127018922193 7.200006730784577 1013.2001000000001 -0.78656609248549303 4.4854519586973618 47.777777777777786 1015.9599000000002
decision_type=2 2 2 2 2 2 2 2 2 2 2 2 2 2
left_child=6 3 9 5 -5 -2 8 12 10 -3 -1 -10 -8 -4
right_child=1 2 13 4 -6 -7 7 -9 11 -11 -12 -13 -14 -15
leaf_value=-0.0055482551616402014 -0.0099457745333857116 0.01951326153661254 -0.029886623638546564 -0.092120387671353873 -0.028186994735442058 0.035145300749765011 0.030010627000592649 -0.089905929059693315 -0.018063241959718472 0.077183107501747034 0.020376024542528945 0.042557947177604846 0.3789779518252796 0.0068817989031497431
leaf_weight=8530 30012 15860 7440 2734 10274 4000 32 198 11670 1778 29905 1152 194 2627
leaf_count=8530 30012 15860 7440 2734 10274 4000 32 198 11670 1778 29905 1152 194 2627
internal_value=4.05654e-12 -0.00611479 0.00875055 -0.0148737 -0.0416244 -0.00464281 0.00884131 0.133681 0.00780863 0.0253267 0.0146226 -0.0126167 0.329567 -0.0202918
internal_weight=126406 74725 27705 47020 13008 34012 51681 424 51257 17638 38435 12822 226 10067
internal_count=126406 74725 27705 47020 13008 34012 51681 424 51257 17638 38435 12822 226 10067
is_linear=0
shrinkage=0.01


Tree=380
num_leaves=15
num_cat=0
split_feature=9 14 7 1 9 13 46 25 46 44 6 27 13 34
split_gain=68094.9 98718 98230.9 93374.9 92599.5 84793.2 131663 67968 38674.1 37649.3 33688.5 34105.7 32135.2 27826.7
threshold=-0.78656609248549325 5.0668913991695517 1006.3000500000002 -119.7866065258789 0.1294095225512602 1.4225159029954288 1.0000000180025095e-35 133.23489760367167 1.0000000180025095e-35 1.0000000180025095e-35 10.507109000000002 71.353876479991868 -2.8799995319553999 45.000000000000007
decision_type=2 2 2 2 2 2 2 2 2 2 2 2 2 2
left_child=2 5 10 -4 12 7 -7 -2 -5 -6 11 -1 -3 -12
right_child=1 4 3 8 9 6 -8 -9 -10 -11 13 -13 -14 -15
leaf_value=0.0003548931311425113 0.0089532327110806113 -0.03123415545885732 0.0066877953797040935 0.089547554779429023 -0.043159239372949403 -0.0037733968604831891 -0.05986685796644791 0.20812357529651287 0.032119864714929322 -0.10054434178399223 0.021142800373312631 0.046350872574424232 0.0087175644224388726 -0.044397545267713855
leaf_weight=11312 44547 3507 4533 3284 3402 37314 4713 172 1824 1722 862 1880 4727 2607
leaf_count=11312 44547 3507 4533 3284 3402 37314 4713 172 1824 1722 862 1880 4727 2607
internal_value=-3.51576e-13 -0.0037622 0.0143187 0.0397237 -0.0290684 0.000134691 -0.0100638 0.00971929 0.0690409 -0.0624444 -0.000382037 0.00690981 -0.00829855 -0.0281116
internal_weight=126406 100104 26302 9641 13358 86746 42027 44719 5108 5124 16661 13192 8234 3469
internal_count=126406 100104 26302 9641 13358 86746 42027 44719 5108 5124 16661 13192 8234 3469
is_linear=0
shrinkage=0.01


Tree=381
num_leaves=15
num_cat=0
split_feature=31 7 10 2 0 28 9 31 35 7 22 37 2 17
split_gain=67507.2 64760.4 62561.4 131741 96937 35881.8 25961 20455.2 19474.7 17816.3 17640.6 16620.5 11540.7 10256.4
threshold=24.459876543209884 992.71127500000011 1.0000000180025095e-35 10.875000000000002 36.742692288818368 57.336079425433049 -0.37940952255126015 14.02777777777778 53.989226869455017 1000.9005500000002 61.446768060836511 55.855285171102672 13.225000000000001 0.00748316289466974
decision_type=2 2 2 2 2 2 2 2 2 2 2 2 2 2
left_child=5 10 3 -3 -4 6 8 12 -1 -9 -2 -8 -7 -12
right_child=1 2 4 -5 -6 7 11 9 -10 -11 13 -13 -14 -15
leaf_value=0.025797522177537925 -0.078692857681334702 0.047747371051649383 0.0071501610734977161 0.0043558983002340958 -0.021963890845699125 -0.048887804675478118 -0.016764759801064823 -0.1092895989729142 -0.010223773564598568 -0.025388274147236062 -0.43002522087097172 -0.051915711680887842 -0.14111194805122038 -0.18349194910066824
leaf_weight=2361 261 8047 26689 53623 20011 222 6881 296 4120 1746 20 1672 349 108
leaf_count=2361 261 8047 26689 53623 20011 222 6881 296 4120 1746 20 1672 349 108
internal_value=-1.58473e-11 0.0029437 0.00340602 0.0100178 -0.00532524 -0.0181421 -0.0121974 -0.0523455 0.00289863 -0.0375503 -0.125852 -0.0236363 -0.105256 -0.222013
internal_weight=126406 108759 108370 61670 46700 17647 15034 2613 6481 2042 389 8553 571 128
internal_count=126406 108759 108370 61670 46700 17647 15034 2613 6481 2042 389 8553 571 128
is_linear=0
shrinkage=0.01


Tree=382
num_leaves=15
num_cat=0
split_feature=8 2 10 7 19 8 9 17 45 2 7 28 7 20
split_gain=66895.4 78751 89830.2 75544.9 73359.4 133975 72890.3 61192.4 24743.5 20420.3 38552.1 11582.5 6611.75 3527
threshold=0.91597561503675362 9.3750000000000018 0.25000000000000011 1009.3002 0.53432906591526308 -0.78656609248549303 0.37940952255126048 0.010034342966555762 1.0000000180025095e-35 13.225000000000001 1004.6998250000001 34.991656104773988 1011.6009500000001 78.620722433460102
decision_type=2 2 2 2 2 2 2 2 2 2 2 2 2 2
left_child=1 2 6 -4 7 -6 -1 -3 9 10 -2 -11 13 -10
right_child=8 4 3 -5 5 -7 -8 -9 12 11 -12 -13 -14 -15
leaf_value=0.066503830075098885 -0.086302176757105081 -0.0056155480758400076 -0.023549967262184786 0.034943239221562256 -0.016654729415670522 0.015344707662844225 -0.044179545203070929 -0.039011311108953436 0.0085478287617263352 -0.035052715804399531 -0.024132203825592394 -0.0075568791367337327 0.070729486342646516 -0.094175588944379038
leaf_weight=5314 1324 26331 4694 4169 18640 43895 670 6931 1975 2038 4044 6171 176 34
leaf_count=5314 1324 26331 4694 4169 18640 43895 670 6931 1975 2038 4044 6171 176 34
internal_value=-2.31225e-12 0.00274572 0.0241757 0.00396421 -0.000575578 0.00580654 0.0541111 -0.0125744 -0.019274 -0.0243003 -0.0394662 -0.0143831 0.0119581 0.00680935
internal_weight=126406 110644 14847 8863 95797 62535 5984 33262 15762 13577 5368 8209 2185 2009
internal_count=126406 110644 14847 8863 95797 62535 5984 33262 15762 13577 5368 8209 2185 2009
is_linear=0
shrinkage=0.01


Tree=383
num_leaves=15
num_cat=0
split_feature=25 13 14 13 25 23 11 24 19 19 12 23 11 40
split_gain=66283.2 64160.3 65141.2 106346 60254.6 46784.3 36222.4 57384.9 39907.6 19965.8 17146.4 16222.6 15952.1 13211.1
threshold=22.640027226212272 11.569279319124648 5.7923611947433917 -2.8729692039356158 133.23489760367167 57.862484157160971 0.93301270189221952 2.1234347468135608 0.03433673871392174 3.2515618640554691 1.0000000180025095e-35 11.396604938271606 -0.5 63.692490494296585
decision_type=2 2 2 2 2 2 2 2 2 2 2 2 2 2
left_child=6 2 4 -4 -2 9 10 -8 -9 -3 11 -1 -7 -12
right_child=1 5 3 -5 -6 12 7 8 -10 -11 13 -13 -14 -15
leaf_value=-0.078108123606307533 0.0055970760962205379 -0.026641025131978541 -0.044287458576337688 0.0086460483271454704 0.12873081319202156 -0.029339172777345799 -0.41340827306111655 0.3535553232312203 0.048108986393875765 0.028033087446321072 -0.06022497527918734 -0.023643722269920016 -0.12285870054940416 -0.14745482424591305
leaf_weight=669 99583 4511 7128 8118 399 254 24 50 296 784 718 2996 647 229
leaf_count=669 99583 4511 7128 8118 399 254 24 50 296 784 718 2996 647 229
internal_value=-3.76254e-13 0.00146679 0.0031524 -0.0161021 0.00608847 -0.0298808 -0.0357494 0.0594493 0.0922486 -0.0185457 -0.0433867 -0.0335855 -0.0964947 -0.0813186
internal_weight=126406 121424 115228 15246 99982 6196 4982 370 346 5295 4612 3665 901 947
internal_count=126406 121424 115228 15246 99982 6196 4982 370 346 5295 4612 3665 901 947
is_linear=0
shrinkage=0.01


Tree=384
num_leaves=15
num_cat=0
split_feature=31 40 6 28 4 17 2 7 26 24 26 2 45 6
split_gain=66092 60932.7 54469.4 45048.7 50047.5 44642.9 68117 40387.8 67494 49235.5 39042.7 33256.8 12742.4 11883
threshold=53.236388360794258 64.229908030288271 18.314103500000005 38.324989438107316 1.0000000180025095e-35 0.0057791949020736203 24.525000000000002 1007.6001000000001 16.131230213567338 14.664173444442568 13.750942718632329 23.125000000000004 1.0000000180025095e-35 30.021105000000002
decision_type=2 2 2 2 2 2 2 2 2 2 2 2 2 2
left_child=1 7 3 12 -5 10 -7 9 -9 -1 -3 13 -2 -4
right_child=2 5 11 4 -6 6 -8 8 -10 -11 -12 -13 -14 -15
leaf_value=0.0013698315292105133 -0.0408144306266984 -0.014646537442657983 -0.089634847595120984 0.016823496633122513 -0.050395926701275941 -0.034587916011630061 0.0060894669608520784 0.0052908138392164092 0.060832170239883826 -0.029585309299356793 0.023942499581042054 -0.0071570857859989071 0.014793019917618727 -0.25613356043463165
leaf_weight=30776 1957 6651 629 37866 1141 16108 5530 11101 2725 6168 4328 858 522 46
leaf_count=30776 1957 6651 629 37866 1141 16108 5530 11101 2725 6168 4328 858 522 46
internal_value=-9.22678e-12 -0.00519364 0.0100672 0.0122303 0.0148573 -0.0158586 -0.024192 0.001658 0.0162376 -0.0037983 0.000565536 -0.0484692 -0.0291052 -0.100981
internal_weight=126406 83387 43019 41486 39007 32617 21638 50770 13826 36944 10979 1533 2479 675
internal_count=126406 83387 43019 41486 39007 32617 21638 50770 13826 36944 10979 1533 2479 675
is_linear=0
shrinkage=0.01


Tree=385
num_leaves=15
num_cat=0
split_feature=5 7 44 0 28 19 26 0 7 7 8 45 8 25
split_gain=65577.4 93309.1 119964 116546 71999.4 71533.1 65143.3 106709 89421.6 57151.3 49856.5 85844.3 48888.6 33257.9
threshold=1.5000000000000002 1006.3000500000002 1.0000000180025095e-35 37.042691525878915 122.71345267818776 1.8542425468941468 37.698913730712952 36.742692288818368 1005.0996000000001 1013.2001000000001 -0.78656609248549303 1.0000000180025095e-35 0.78656609248549325 68.518545704629815
decision_type=2 2 2 2 2 2 2 2 2 2 2 2 2 2
left_child=6 2 5 9 -4 -2 10 -8 -9 -3 11 -1 -12 -5
right_child=1 3 4 13 -6 -7 7 8 -10 -11 12 -13 -14 -15
leaf_value=0.00072590411096718583 -0.010554224045009679 0.016419107496700169 -0.043084819486316615 -0.018193699200472077 0.35764205124643111 0.03507346274040888 -0.089112272919673052 0.353963238508963 -0.049582519650459289 0.075833845436531128 0.019340943957876361 -0.078125371135262467 -0.0046571157771295377 -0.23387021224531865
leaf_weight=8157 28237 18100 12343 10238 45 3912 144 205 75 1778 29523 1662 11915 72
leaf_count=8157 28237 18100 12343 10238 45 3912 144 205 75 1778 29523 1662 11915 72
internal_value=-2.32686e-11 -0.00598998 -0.0151899 0.0075829 -0.0416292 -0.00500209 0.00866085 0.132103 0.245871 0.0217335 0.00763974 -0.0126208 0.0124406 -0.0196999
internal_weight=126406 74725 44537 30188 12388 32149 51681 424 280 19878 51257 9819 41438 10310
internal_count=126406 74725 44537 30188 12388 32149 51681 424 280 19878 51257 9819 41438 10310
is_linear=0
shrinkage=0.01


Tree=386
num_leaves=15
num_cat=0
split_feature=9 11 14 9 13 46 13 44 25 44 14 3 13 40
split_gain=65218.2 209727 93503.8 89572.2 82023.8 129848 69886.2 78564.9 65473.3 36581.2 36092.8 35972.2 30106.1 17529.3
threshold=-0.78656609248549325 0.6830127018922193 5.0668913991695517 0.1294095225512602 1.4225159029954288 1.0000000180025095e-35 -3.2399905576626313 1.0000000180025095e-35 133.23489760367167 1.0000000180025095e-35 -9.7015851292070021 64.99939000000002 -2.8799995319553999 139.70450787557246
decision_type=2 2 2 2 2 2 2 2 2 2 2 2 2 2
left_child=1 10 4 12 8 -6 13 -8 -2 -5 -1 -12 -4 -3
right_child=2 6 3 9 5 -7 7 -9 -10 -11 11 -13 -14 -15
leaf_value=-0.056045745308222761 0.0087856172562081804 -0.0030340313283835386 -0.030082832567607822 -0.042126920868101686 -0.0036729780568210348 -0.05937834352287491 0.049229262275634317 0.12675008333709642 0.20426669240560991 -0.098692215732244709 0.023677991249983914 -0.0085742572310796971 0.0085869427355334781 -0.20863511070262555
leaf_weight=1228 44547 1164 3507 3402 37314 4713 4292 1880 172 1722 4714 12981 4727 43
leaf_count=1228 44547 1164 3507 3402 37314 4713 4292 1880 172 1722 4714 12981 4727 43
internal_value=1.19788e-11 0.014013 -0.00368188 -0.0283107 0.000110704 -0.0099199 0.0592329 0.0728422 0.00953748 -0.0611366 -0.00362039 1.78365e-05 -0.00788317 -0.0103587
internal_weight=126406 26302 100104 13358 86746 42027 7379 6172 44719 5124 18923 17695 8234 1207
internal_count=126406 26302 100104 13358 86746 42027 7379 6172 44719 5124 18923 17695 8234 1207
is_linear=0
shrinkage=0.01


Tree=387
num_leaves=15
num_cat=0
split_feature=8 2 10 9 19 8 1 17 11 45 23 18 41 30
split_gain=64521.1 75705.8 86438.8 70632.6 70424 130157 69816.8 57672.2 28492.9 28195.3 13494.5 7699.24 8894.56 7166.31
threshold=0.91597561503675362 9.3750000000000018 0.25000000000000011 0.37940952255126048 0.53432906591526308 -0.78656609248549303 -118.21337597412109 0.010034342966555762 -0.5 1.0000000180025095e-35 17.970679012345684 10.530233948594121 61.069074778200267 70.470788431608199
decision_type=2 2 2 2 2 2 2 2 2 2 2 2 2 2
left_child=1 2 3 -1 7 -6 -4 -3 11 10 -10 12 -2 -13
right_child=8 4 6 -5 5 -7 -8 -9 9 -11 -12 13 -14 -15
leaf_value=0.065272282330739201 -0.0011385320956089637 -0.0055604802828731204 -0.006048150478170089 -0.04368345821226266 -0.016445725509954458 0.01509453159436089 0.083210729847475129 -0.037981422119055044 -0.099727060201323853 0.012828031713381132 -0.032402178081000835 -0.015760375837337647 0.037907448960346167 -0.10381204717299518
leaf_weight=5314 3869 26331 7877 670 18640 43895 986 6931 308 1447 8918 414 687 119
leaf_count=5314 3869 26331 7877 670 18640 43895 986 6931 308 1447 8918 414 687 119
internal_value=-1.44114e-11 0.00269655 0.0237081 0.053073 -0.000559893 0.00569323 0.00388181 -0.0123162 -0.0189289 -0.0282129 -0.0346497 0.000542151 0.00474922 -0.0354192
internal_weight=126406 110644 14847 5984 95797 62535 8863 33262 15762 10673 9226 5089 4556 533
internal_count=126406 110644 14847 5984 95797 62535 8863 33262 15762 10673 9226 5089 4556 533
is_linear=0
shrinkage=0.01


Tree=388
num_leaves=14
num_cat=0
split_feature=25 15 3 1 17 9 1 24 19 20 12 45 1
split_gain=64114.8 72092.4 75370.6 69309.2 57175.6 51792.1 65609.5 24869.4 18210.8 31412.4 18478.1 15515.5 10965.1
threshold=22.640027226212272 0.086456621345978008 66.999910000000014 -118.21337597412109 0.012359269662975927 1.0000000180025095e-35 -119.7866065258789 1.736879430673457 0.018676640152182181 21.689814814814817 1.0000000180025095e-35 1.0000000180025095e-35 -119.7866065258789
decision_type=2 2 2 2 2 2 2 2 2 2 2 2 2
left_child=7 5 3 -3 -4 6 -2 12 9 -9 -10 -7 -1
right_child=1 2 4 -5 -6 11 -8 8 10 -11 -12 -13 -14
leaf_value=-0.11826566474778312 0.0020472329430711346 0.0024860314209600612 -0.0062892328623064958 0.034179649129433838 -0.040504535405268202 -0.052071709868125718 0.063693296224886481 -0.0066988112084567543 -0.025190861232566544 0.4622224450111389 -0.073265276625438622 0.032603565624681211 -0.40955382108688354
leaf_weight=28 2831 57872 41747 7834 5531 899 4425 50 3851 20 1009 285 24
leaf_count=28 2831 57872 41747 7834 5531 899 4425 50 3851 20 1009 285 24
internal_value=5.00118e-12 0.0014426 -0.000663388 0.0062648 -0.010292 0.0296348 0.0396415 -0.0351598 -0.0328651 0.127279 -0.0351717 -0.0316896 -0.252706
internal_weight=126406 121424 112984 65706 47278 8440 7256 4982 4930 70 4860 1184 52
internal_count=126406 121424 112984 65706 47278 8440 7256 4982 4930 70 4860 1184 52
is_linear=0
shrinkage=0.01


Tree=389
num_leaves=15
num_cat=0
split_feature=31 35 0 17 18 19 0 2 9 38 23 33 2 32
split_gain=64051.6 56696.2 65602.8 56406.4 55711.4 44505.9 41758.7 36250.3 38402.3 34129.6 30863.7 26558.7 23083.1 10448.5
threshold=59.385509083227724 56.962610899873262 35.400001525878913 0.01694730851885733 0.57804250718575012 1.8542425468941468 37.042691525878915 27.325000000000006 -0.60355339059327384 59.775285171102674 73.774028305872434 57.153147444021982 23.225000000000005 40.069180397127177
decision_type=2 2 2 2 2 2 2 2 2 2 2 2 2 2
left_child=1 7 5 6 -4 -3 9 8 -1 -2 -8 -9 13 -5
right_child=3 2 4 12 -6 -7 10 11 -10 -11 -12 -13 -14 -15
leaf_value=0.017273269922832488 0.0073828784784831548 -0.0021452263016361987 0.01114680061649477 -0.014926276482185538 -0.02411317273668381 0.04032425512740595 -0.024793921136099201 0.038765026532299976 -0.0049385568538228416 0.032292382798045707 -0.27988420790555529 -0.016320767547713669 -0.012835375097148039 -0.13028166930287888
leaf_weight=11004 10026 20837 5289 98 29334 2799 1481 4691 26598 12186 49 1076 543 395
leaf_count=11004 10026 20837 5289 98 29334 2799 1481 4691 26598 12186 49 1076 543 395
internal_value=-3.66754e-12 -0.00351486 -0.0099592 0.0144163 -0.0187269 0.00288405 0.0175681 0.00514204 0.0015616 0.0210488 -0.0329635 0.0284872 -0.0578124 -0.107351
internal_weight=126406 101628 58259 24778 34623 23636 23742 43369 37602 22212 1530 5767 1036 493
internal_count=126406 101628 58259 24778 34623 23636 23742 43369 37602 22212 1530 5767 1036 493
is_linear=0
shrinkage=0.01


Tree=390
num_leaves=15
num_cat=0
split_feature=31 6 20 10 7 2 23 2 37 9 11 8 22 11
split_gain=63534.1 63288.5 61175.3 73838.9 58172.9 50877.8 34080.3 32746.1 54170.7 27992.9 32395.9 25771.1 19822.4 19613
threshold=23.923611111111118 17.101420000000005 136.58040201005028 -0.5 1006.5004000000001 24.725000000000005 61.844059522133044 12.625000000000002 65.727099896301425 1.0000000180025095e-35 0.6830127018922193 -1.0000000180025095e-35 102.82914572864324 -0.68301270189221952
decision_type=2 2 2 2 2 2 2 2 2 2 2 2 2 2
left_child=7 2 4 -4 -2 6 -3 9 13 10 -1 -11 -10 -9
right_child=1 5 3 -5 -6 -7 -8 8 12 11 -12 -13 -14 -15
leaf_value=-0.016347490496014215 -0.0015527007688496191 -0.033340878957967973 0.1470380591075772 -0.00017080619880735617 0.014452930962521185 0.007656382692507421 -0.10604659693952656 0.0052767648369202768 -0.079980242297788204 0.04364995702712178 0.032305116078719498 -0.053356535531595986 -0.21151719061903251 -0.030387449709926437
leaf_weight=2622 65926 3989 663 701 34639 2970 769 2052 1024 334 2863 1521 129 6204
leaf_count=2622 65926 3989 663 701 34639 2970 769 2052 1024 334 2863 1521 129 6204
internal_value=1.99342e-12 0.00277074 0.00486258 0.0713831 0.00396034 -0.0248198 -0.0450918 -0.0181403 -0.0304901 -0.00230923 0.00904766 -0.0358901 -0.0946969 -0.0215232
internal_weight=126406 109657 101929 1364 100565 7728 4758 16749 9409 7340 5485 1855 1153 8256
internal_count=126406 109657 101929 1364 100565 7728 4758 16749 9409 7340 5485 1855 1153 8256
is_linear=0
shrinkage=0.01


Tree=391
num_leaves=15
num_cat=0
split_feature=5 7 1 2 9 26 11 11 7 1 25 2 25 7
split_gain=63132.8 89883.4 123139 108502 113671 63335.8 88452.6 84925.6 49869.4 48361.9 47107.9 50725.4 32058.7 16906.4
threshold=1.5000000000000002 1006.8000250000001 -120.84999847412108 15.325000000000001 -0.12940952255126037 37.698913730712952 0.6830127018922193 -0.68301270189221952 1013.2001000000001 -118.99998249999999 27.433119748392247 9.6250000000000018 68.518545704629815 1005.8002
decision_type=2 2 2 2 2 2 2 2 2 2 2 2 2 2
left_child=5 3 12 4 -2 10 7 -7 -4 -5 -1 -12 -3 -8
right_child=1 2 8 9 -6 6 13 -9 -10 -11 11 -13 -14 -15
leaf_value=-0.029305843487437679 -0.013455546412401152 -0.017991144374101365 0.018708046562835434 -0.018162707129894096 -0.062840013786745294 -0.094854028527287471 0.086779310291050932 0.3021387574638475 0.074558210923484164 0.0092482738268970625 0.040449216288799834 0.0065192738242912619 -0.23123693281705951 -0.19206677668456792
leaf_weight=3258 12364 9996 15860 10472 7481 69 30 246 1778 16703 4908 43091 71 79
leaf_count=3258 12364 9996 15860 10472 7481 69 30 246 1778 16703 4908 43091 71 79
internal_value=-4.42191e-13 -0.00587728 0.00841064 -0.014296 -0.0320721 0.00849789 0.130215 0.215178 0.024338 -0.00131466 0.00749104 0.00998868 -0.0194951 -0.11532
internal_weight=126406 74725 27705 47020 19845 51681 424 315 17638 27175 51257 47999 10067 109
internal_count=126406 74725 27705 47020 19845 51681 424 315 17638 27175 51257 47999 10067 109
is_linear=0
shrinkage=0.01


Tree=392
num_leaves=15
num_cat=0
split_feature=8 2 7 2 8 13 44 34 24 21 24 19 27 32
split_gain=62372 71754.3 83492.1 68383.9 92265.8 71342.2 57457.8 33161.2 21019.4 14718.1 13713.4 18957.2 16926.2 9235.78
threshold=0.91597561503675362 9.3750000000000018 1005.10008 27.725000000000005 -0.78656609248549303 9.7200072708156053 1.0000000180025095e-35 72.643219264892295 11.309217817708817 15.648148148148149 28.593229501152901 1.7201901968069302 75.805361567023979 161.0067954220315
decision_type=2 2 2 2 2 2 2 2 2 2 2 2 2 2
left_child=1 2 7 5 -5 -3 -4 -1 9 -2 12 -12 -10 -11
right_child=8 3 6 4 -6 -7 -8 -9 10 13 11 -13 -14 -15
leaf_value=-0.012994831860046858 -0.083955422749831574 -0.0012674548195818463 0.01699110684182031 -0.018539526244325741 0.035648615966203265 -0.034830226771151065 0.062107346367388259 -0.13387626506206465 -0.03477035531098388 -0.0070113919679062955 -0.10881888886305351 0.097853960347175598 0.012416678171655442 0.17822470700299298
leaf_weight=2929 252 74009 6890 4512 10350 6926 4782 246 5427 8727 395 50 884 27
leaf_count=2929 252 74009 6890 4512 10350 6926 4782 246 5427 8727 395 50 884 27
internal_value=-2.989e-11 0.00265126 0.0231071 -0.00051906 0.0191975 -0.00413958 0.0354752 -0.0223608 -0.018611 -0.00860905 -0.0319439 -0.0855972 -0.0281607 -0.00644007
internal_weight=126406 110644 14847 95797 14862 80935 11672 3175 15762 9006 6756 445 6311 8754
internal_count=126406 110644 14847 95797 14862 80935 11672 3175 15762 9006 6756 445 6311 8754
is_linear=0
shrinkage=0.01


Tree=393
num_leaves=15
num_cat=0
split_feature=5 7 0 44 10 3 7 23 44 33 10 34 17 27
split_gain=61839.9 95198.4 113557 106233 72337.5 56652.9 53448.2 50167.7 56206.8 72722.2 44139.8 38278.3 29649.2 24839.9
threshold=3.5000000000000004 1006.3000500000002 37.042691525878915 1.0000000180025095e-35 0.68301270189221941 52.000085000000006 1013.2001000000001 65.836190912078123 1.0000000180025095e-35 87.345592028583994 -0.93301270189221908 64.402738944688252 0.027136086180422198 34.523809523809526
decision_type=2 2 2 2 2 2 2 2 2 2 2 2 2 2
left_child=7 3 6 5 -5 -2 -3 11 9 -9 -10 12 -1 -13
right_child=1 2 -4 4 -6 -7 -8 8 10 -11 -12 13 -14 -15
leaf_value=0.0086190662471347899 0.019680139086262902 0.016676044971370145 -0.019861302558580988 -0.026105376650460803 -0.081663389585593701 -0.013291549956477758 0.075144646397902387 0.020490094376026668 -0.045135431161482047 -0.09828006362962681 0.070755266976006551 -0.041327040736893042 -0.15083059652238828 -0.0047875560979443801
leaf_weight=35722 6725 17381 9854 8553 3228 23151 1718 6114 365 563 3300 2522 117 7093
leaf_count=35722 6725 17381 9854 8553 3228 23151 1718 6114 365 563 3300 2522 117 7093
internal_value=1.08383e-11 -0.00621755 0.00771014 -0.0158977 -0.0413283 -0.00586972 0.0219354 0.00786832 0.0277473 0.0104755 0.0592136 0.00334532 0.00809853 -0.0143718
internal_weight=126406 70610 28953 41657 11781 29876 19099 55796 10342 6677 3665 45454 35839 9615
internal_count=126406 70610 28953 41657 11781 29876 19099 55796 10342 6677 3665 45454 35839 9615
is_linear=0
shrinkage=0.01


Tree=394
num_leaves=15
num_cat=0
split_feature=9 27 19 9 23 5 0 13 39 13 15 45 16 20
split_gain=62105.7 72480.5 65108.6 98310.2 61848.8 49266.5 65470.5 63905.4 48531 33895.3 29527.9 29224 23427.5 23197.1
threshold=-0.78656609248549325 78.620722433460102 1.8542425468941468 0.25881904510252057 128.40500444375346 1.5000000000000002 36.742692288818368 2.1166770834560666 44.442261653288277 8.6602540378443873 0.090528459069358566 1.0000000180025095e-35 0.14802446599999994 93.323827629911293
decision_type=2 2 2 2 2 2 2 2 2 2 2 2 2 2
left_child=1 8 5 11 -5 7 -7 -2 12 -10 13 -4 -1 -3
right_child=2 10 3 4 -6 6 -8 -9 9 -11 -12 -13 -14 -15
leaf_value=0.084440579530056278 0.017928932653335186 0.080884852388323589 -0.010007049997104332 0.02147687305333839 0.24040597940408265 -0.0044082485012332702 -0.027608557290622598 -0.013908324541768387 0.0023432656049316657 -0.050579975119994514 0.04582750847007732 -0.058500221117430432 0.022733402702880538 0.21168504921443154
leaf_weight=668 13618 386 5200 17475 130 29715 20593 11740 14076 1324 1847 1633 7792 209
leaf_count=668 13618 386 5200 17475 130 29715 20593 11740 14076 1324 1847 1633 7792 209
internal_value=1.16879e-12 0.0136746 -0.00359294 0.010598 0.0230935 -0.00817622 -0.013905 0.00318923 0.00836383 -0.00220676 0.0655639 -0.0215963 0.0276058 0.12683
internal_weight=126406 26302 100104 24438 17605 75666 50308 25358 23860 15400 2442 6833 8460 595
internal_count=126406 26302 100104 24438 17605 75666 50308 25358 23860 15400 2442 6833 8460 595
is_linear=0
shrinkage=0.01


Tree=395
num_leaves=14
num_cat=0
split_feature=7 25 15 3 9 11 38 25 12 11 4 2 2
split_gain=61303.5 60092.2 69785.3 70215.9 47344.2 34833.5 34660.4 19100.3 16630.2 9572.55 8995.99 6397.81 3748.69
threshold=992.71127500000011 22.640027226212272 0.086456621345978008 66.999910000000014 1.0000000180025095e-35 0.93301270189221952 18.392857142857149 62.555092005820789 1.0000000180025095e-35 -0.68301270189221952 1.0000000180025095e-35 29.925000000000001 22.625000000000004
decision_type=2 2 2 2 2 2 2 2 2 2 2 2 2
left_child=7 5 4 -4 -3 8 -7 9 -2 -1 11 -9 -11
right_child=1 2 3 -5 -6 6 -8 10 -10 12 -12 -13 -14
leaf_value=0.069343066643445916 -0.031567329915900839 0.039185450948479805 0.0064359656876019009 -0.0095732585054293471 -0.029486639075784742 0.25154518605396153 0.010789639659952057 -0.34509469656510788 -0.078676795540772129 -0.083583744626464049 -0.087678048357819061 -0.15713728040456773 -0.1886169428855945
leaf_weight=39 3634 7223 65536 47076 1166 75 295 55 944 264 33 27 39
leaf_count=39 3634 7223 65536 47076 1166 75 295 55 944 264 33 27 39
internal_value=1.15169e-11 0.000419488 0.00181628 -0.000256485 0.0296406 -0.0337384 0.0595914 -0.115611 -0.0412815 -0.0781222 -0.227098 -0.283206 -0.0971029
internal_weight=126406 125949 121001 112612 8389 4948 370 457 4578 342 115 82 303
internal_count=126406 125949 121001 112612 8389 4948 370 457 4578 342 115 82 303
is_linear=0
shrinkage=0.01


Tree=396
num_leaves=15
num_cat=0
split_feature=17 2 44 11 7 1 8 8 17 35 26 5 0 10
split_gain=61256.4 103198 98684.9 130302 109155 76381.2 90890.5 69735 59413.7 60870.2 52241.5 45430.8 33537.2 31146.8
threshold=0.0060606579872071334 25.825000000000006 1.0000000180025095e-35 0.25000000000000017 1001.0999250000001 -118.21337597412109 0.12940952255126045 -0.78656609248549303 0.012475239838596228 54.914026193493889 25.169526675087056 1.5000000000000002 35.400001525878913 -0.5
decision_type=2 2 2 2 2 2 2 2 2 2 2 2 2 2
left_child=2 8 5 10 -5 13 -7 12 11 -10 -4 -2 -3 -1
right_child=1 7 3 4 -6 6 -8 -9 9 -11 -12 -13 -14 -15
leaf_value=-0.01904662843733157 0.0080587792714403392 0.012457728764563318 -0.01799071632958496 -0.0665711975199067 0.071031450681847449 0.064791622289315037 -0.0056164548382571589 0.027710400761184167 -0.0057228652782064238 -0.042651002649540082 0.21822400038596243 -0.012966924957476342 -0.045975523655252919 0.0021380916518888558
leaf_weight=11637 16452 1761 3788 630 6787 3682 3652 12966 7901 10260 96 27378 2221 17195
leaf_count=11637 16452 1761 3788 630 6787 3682 3652 12966 7901 10260 96 27378 2221 17195
internal_value=6.92877e-12 -0.00539811 0.00897722 0.0347714 0.0593435 0.000917169 0.0297316 0.0164692 -0.0113765 -0.0265853 -0.0121522 -0.00507473 -0.020134 -0.00641236
internal_weight=126406 78939 47467 11301 7417 36166 7334 16948 61991 18161 3884 43830 3982 28832
internal_count=126406 78939 47467 11301 7417 36166 7334 16948 61991 18161 3884 43830 3982 28832
is_linear=0
shrinkage=0.01


Tree=397
num_leaves=15
num_cat=0
split_feature=9 14 14 9 9 2 3 1 14 2 44 6 39 10
split_gain=60807.4 88163.4 87102.4 85497 76969.7 104687 75599.3 70122 60574.9 59557.9 35273.2 24760.8 21420.4 19343
threshold=-0.78656609248549325 -1.4554127125691567 5.0668913991695517 0.1294095225512602 0.60355339059327384 18.025000000000002 69.536195000000006 -118.21337597412109 -5.0317135604852448 9.8750000000000018 1.0000000180025095e-35 14.773712250000001 56.225198755617015 0.25000000000000011
decision_type=2 2 2 2 2 2 2 2 2 2 2 2 2 2
left_child=1 11 4 12 8 -6 7 -3 -2 -8 -5 13 -4 -1
right_child=2 6 3 10 5 -7 9 -9 -10 -11 -12 -13 -14 -15
leaf_value=0.0032988920805802043 -0.02380622154225525 0.045820819547360232 0.0055898308990818026 -0.04072977531655609 -0.012696897848011621 0.024234654340426452 0.042820037462371091 0.15827546745913473 -0.00042379278071831106 -0.00049174910515697914 -0.096274547518299128 -0.063975463641475133 -0.027444043009924694 -0.031132945589908537
leaf_weight=5368 15900 3312 5004 3402 11594 22709 4970 666 36543 8790 1722 852 3230 2344
leaf_count=5368 15900 3312 5004 3402 11594 22709 4970 666 36543 8790 1722 852 3230 2344
internal_value=-1.16424e-11 0.0135309 -0.00355519 -0.027326 0.000105265 0.0117522 0.0262523 0.0646481 -0.00751303 0.0151521 -0.0593965 -0.0128181 -0.00736856 -0.00716639
internal_weight=126406 26302 100104 13358 86746 34303 17738 3978 52443 13760 5124 8564 8234 7712
internal_count=126406 26302 100104 13358 86746 34303 17738 3978 52443 13760 5124 8564 8234 7712
is_linear=0
shrinkage=0.01


Tree=398
num_leaves=15
num_cat=0
split_feature=16 5 13 26 0 13 3 44 43 38 10 11 4 26
split_gain=60028 70353.7 78095.1 81846 71192.3 68487 56715 41642.4 33878.3 30186.8 33227.4 16396.7 13841.1 11002.4
threshold=0.11899964999999992 21.500000000000004 1.0549740469210389 41.844542972818189 36.742692288818368 -2.520007497357295 53.601623500000009 1.0000000180025095e-35 1.0000000180025095e-35 84.875298545961769 0.25000000000000011 0.93301270189221952 0.54999998000000005 33.712518897193242
decision_type=2 2 2 2 2 2 2 2 2 2 2 2 2 2
left_child=7 2 8 -4 6 -6 -3 12 -2 10 -9 -11 13 -1
right_child=1 4 3 -5 5 -7 -8 9 -10 11 -12 -13 -14 -15
leaf_value=0.00459044475469961 0.025885150956420393 0.025553132183432185 -0.0048286132245588679 0.21010592997241556 -0.047857240578422652 -0.011037217121798133 -0.0067842850944707968 0.16195968489093573 0.0041302979565195396 0.10066074040073614 0.050939132246709366 -0.11864349237596146 0.26092603607611226 0.19487053671190815
leaf_weight=1539 18936 6941 37899 178 7402 15910 24809 553 11509 52 526 99 22 31
leaf_count=1539 18936 6941 37899 178 7402 15910 24809 553 11509 52 526 99 22 31
internal_value=-7.84474e-12 -0.00104134 0.00572219 -0.00382385 -0.00945822 -0.0227283 0.000285133 0.0456033 0.0176613 0.089306 0.107838 -0.0431215 0.011838 0.00834757
internal_weight=126406 123584 68522 38077 55062 23312 31750 2822 30445 1230 1079 151 1592 1570
internal_count=126406 123584 68522 38077 55062 23312 31750 2822 30445 1230 1079 151 1592 1570
is_linear=0
shrinkage=0.01


Tree=399
num_leaves=15
num_cat=0
split_feature=9 11 1 7 16 26 11 7 26 1 8 17 16 39
split_gain=59732.9 195265 61599.7 79002 54796.7 69119.1 72348.3 47681.3 47191.4 40767.8 35983.7 32126 27530.4 16939.2
threshold=-0.78656609248549325 0.6830127018922193 -119.7866065258789 1003.2004000000001 29.072478333000003 24.623267122495736 0.25000000000000017 992.71127500000011 41.844542972818189 -118.99998249999999 -0.60355339059327362 0.010628673178492039 4.5688394425000007 89.256020278833972
decision_type=2 2 2 2 2 2 2 2 2 2 2 2 2 2
left_child=1 8 13 -4 7 10 -7 -2 11 -9 -6 -1 -10 -3
right_child=4 2 3 -5 5 6 -8 9 12 -11 -12 -13 -14 -15
leaf_value=0.0014545146788933917 -0.12068713394185186 0.0011019176683352628 -0.0096406635139943079 0.09057498292645437 -0.022193156603665255 0.15331980737395026 0.780800697576432 -0.010418133158804788 -0.033531704664230347 0.002702910807394497 0.045243867207048913 -0.033070304831159754 0.41724566113381156 0.18423816228571993
leaf_weight=15603 355 1758 948 4621 1146 147 21 53211 20 42668 2556 3258 42 52
leaf_count=15603 355 1758 948 4621 1146 147 21 53211 20 42668 2556 3258 42 52
internal_value=1.24578e-11 0.0134108 0.0570437 0.0735155 -0.00352364 0.0333707 0.231755 -0.00500733 -0.00360379 -0.00457902 0.0243679 -0.00450921 0.271834 0.00636329
internal_weight=126406 26302 7379 5569 100104 3870 168 96234 18923 95879 3702 18861 62 1810
internal_count=126406 26302 7379 5569 100104 3870 168 96234 18923 95879 3702 18861 62 1810
is_linear=0
shrinkage=0.01


Tree=400
num_leaves=15
num_cat=0
split_feature=31 6 20 10 1 39 2 23 0 9 15 2 26 3
split_gain=60040.5 60271.9 58366.1 71146.9 56294.5 51360.5 46153.7 33578.7 25957.8 21576.4 14395.9 13329 18898.2 13012.6
threshold=23.923611111111118 17.101420000000005 136.58040201005028 -0.5 -118.21337597412109 58.286931418110136 24.725000000000005 61.844059522133044 34.083213737060554 1.0000000180025095e-35 0.052876765647565632 11.375000000000002 18.677193617075577 58.000080000000004
decision_type=2 2 2 2 2 2 2 2 2 2 2 2 2 2
left_child=5 2 4 -4 -2 9 7 -3 -8 10 -1 -7 -13 -11
right_child=1 6 3 -5 -6 11 8 -9 -10 13 -12 12 -14 -15
leaf_value=0.057670250134693478 0.00098058378487103745 -0.03187527776036695 0.14397318951886703 -0.00052736610875660282 0.023337851812845235 -0.01398646299592069 0.048319985155702516 -0.10404396148222306 -0.0142993685908157 -0.0034134959290492034 0.0016294355148406476 -0.042665278123115165 -0.10325913364828254 -0.037896514582563323
leaf_weight=494 87642 3989 663 701 12923 1240 996 769 1974 1963 6358 3621 600 2473
leaf_count=494 87642 3989 663 701 12923 1240 996 769 1974 1963 6358 3621 600 2473
internal_value=1.12455e-11 0.00269348 0.00473486 0.0697101 0.00385358 -0.0176344 -0.0242314 -0.0435394 0.00670025 -0.00545444 0.00566974 -0.0428108 -0.0512785 -0.0226372
internal_weight=126406 109657 101929 1364 100565 16749 7728 4758 2970 11288 6852 5461 4221 4436
internal_count=126406 109657 101929 1364 100565 16749 7728 4758 2970 11288 6852 5461 4221 4436
is_linear=0
shrinkage=0.01


Tree=401
num_leaves=15
num_cat=0
split_feature=31 39 2 17 9 17 23 4 1 9 2 36 32 25
split_gain=59363.6 54617.3 68365.5 82196.3 73704.3 53454.2 47162.8 40043.1 42953.4 35560.5 20779.4 17328.3 10078.8 6556.38
threshold=59.385509083227724 44.442261653288277 25.825000000000006 0.0071562598601892921 0.60355339059327384 0.01694730851885733 18.680402994883352 1.0000000180025095e-35 -120.84999847412108 -0.37940952255126015 23.225000000000005 22.268518518518523 40.069180397127177 76.398872204197161
decision_type=2 2 2 2 2 2 2 2 2 2 2 2 2 2
left_child=1 6 3 -3 -4 7 11 8 -2 -8 12 -1 -7 -12
right_child=5 2 4 -5 -6 10 9 -9 -10 -11 13 -13 -14 -15
leaf_value=-0.0072970386994566216 -0.033285259131138861 -0.00068242445730485126 -0.012422811002293269 -0.024150074768021952 0.032167349136995774 -0.012660836169914322 0.024799231383497808 -0.062100579835868509 0.022628683780046916 0.00093995821274067649 -0.0036998527428644622 -0.065958833936904604 -0.12595747685526745 -0.13377324904714313
leaf_weight=971 1467 29447 6947 30264 7948 98 12167 624 21651 12838 501 1046 395 42
leaf_count=971 1467 29447 6947 30264 7948 98 12167 624 21651 12838 501 1046 395 42
internal_value=1.27323e-11 -0.00338379 -0.00779573 -0.0125768 0.0113706 0.0138787 0.00879732 0.0169469 0.0190806 0.0125495 -0.0564344 -0.0377186 -0.103436 -0.0137608
internal_weight=126406 101628 74606 59711 14895 24778 27022 23742 23118 25005 1036 2017 493 543
internal_count=126406 101628 74606 59711 14895 24778 27022 23742 23118 25005 1036 2017 493 543
is_linear=0
shrinkage=0.01


Tree=402
num_leaves=15
num_cat=0
split_feature=8 2 10 7 9 2 8 13 11 45 28 7 14 35
split_gain=58679 66541.8 80830.1 70107.9 66115.5 62092.7 85784.1 66513.4 27468.6 27631.7 22413.7 8921.33 8419.05 6745.96
threshold=0.91597561503675362 9.3750000000000018 0.25000000000000011 1009.3002 0.37940952255126048 27.725000000000005 -0.78656609248549303 9.7200072708156053 -0.5 1.0000000180025095e-35 52.864350091536416 999.10023000000012 -10.406326723981213 53.989226869455017
decision_type=2 2 2 2 2 2 2 2 2 2 2 2 2 2
left_child=1 2 4 -4 -1 7 -7 -3 11 10 -10 12 -2 -13
right_child=8 5 3 -5 -6 6 -8 -9 9 -11 -12 13 -14 -15
leaf_value=0.062469409867442205 -0.015216048046757904 -0.0011581638569788028 -0.023407443744108313 0.032941589741490675 -0.042944805797356274 -0.018081067827019754 0.034169057735989369 -0.033565192733912959 -0.046429049089827361 0.013461508789069503 -0.014691651868334422 0.013871220569081388 0.046996676985008971 -0.014067431323526178
leaf_weight=5314 316 74009 4694 4169 670 4512 10350 6926 5479 1447 3747 1244 698 2831
leaf_count=5314 316 74009 4694 4169 670 4512 10350 6926 5479 1447 3747 1244 698 2831
internal_value=-1.39973e-13 0.00257157 0.0222704 0.00309815 0.0506667 -0.000481425 0.0183063 -0.00393139 -0.0180516 -0.0271672 -0.0335394 0.00106628 0.0276089 -0.00553843
internal_weight=126406 110644 14847 8863 5984 95797 14862 80935 15762 10673 9226 5089 1014 4075
internal_count=126406 110644 14847 8863 5984 95797 14862 80935 15762 10673 9226 5089 1014 4075
is_linear=0
shrinkage=0.01


Tree=403
num_leaves=15
num_cat=0
split_feature=31 7 20 13 39 24 25 25 44 15 7 41 2 26
split_gain=58382.7 58035.9 55597.4 52650.3 50049.8 45675.8 17891.7 17779.9 28103.3 16468.5 26644 14608.8 11177.3 7110.29
threshold=23.923611111111118 992.71127500000011 136.58040201005028 10.522819945291792 58.286931418110136 21.771542269275702 80.25021203397641 84.330254329314513 1.0000000180025095e-35 0.052876765647565632 1000.4997250000001 31.1299112801014 12.625000000000002 8.8515361809684396
decision_type=2 2 2 2 2 2 2 2 2 2 2 2 2 2
left_child=4 6 3 -3 9 -4 13 12 -9 10 -1 -11 -6 -2
right_child=1 2 5 -5 7 -7 -8 8 -10 11 -12 -13 -14 -15
leaf_value=0.4070120416283608 0.067152999272713301 0.0042012377149261591 0.15099164835340451 -0.023128381884848372 -0.014135167321448974 0.027329984633621445 -0.2862751809412783 -0.070887120591181726 -0.29977365230360337 0.001680036864170112 0.034958374338530121 -0.022007969050881253 -0.04664415191142194 -0.10503397463136699
leaf_weight=20 26 100293 434 7582 1519 958 55 398 62 6337 512 4419 3482 309
leaf_count=20 26 100293 434 7582 1519 958 55 398 62 6337 512 4419 3482 309
internal_value=-1.15808e-11 0.00265604 0.00309067 0.00228037 -0.0173893 0.0658854 -0.119115 -0.0422423 -0.101737 -0.00536569 0.0489454 -0.00805195 -0.0367699 -0.0916702
internal_weight=126406 109657 109267 107875 16749 1392 390 5461 460 11288 532 10756 5001 335
internal_count=126406 109657 109267 107875 16749 1392 390 5461 460 11288 532 10756 5001 335
is_linear=0
shrinkage=0.01


Tree=404
num_leaves=15
num_cat=0
split_feature=25 5 6 25 6 9 0 11 24 19 23 12 23 39
split_gain=57808.2 60890.3 66794.4 60650.6 59080.5 51892.8 51277.3 34127.4 55503.4 37402.7 18591.3 16186.9 15347.5 10035.7
threshold=22.640027226212272 21.500000000000004 5.8617570500000005 133.23489760367167 22.400571000000003 0.78656609248549303 36.742692288818368 0.93301270189221952 2.1234347468135608 0.03433673871392174 56.427029056940349 1.0000000180025095e-35 11.396604938271606 59.948581451122685
decision_type=2 2 2 2 2 2 2 2 2 2 2 2 2 2
left_child=7 4 3 -3 5 -2 -4 11 -9 -10 -6 12 -1 -13
right_child=1 2 6 -5 10 -7 -8 8 9 -11 -12 13 -14 -15
leaf_value=-0.074581132191713626 0.0041568181919592736 0.0059854929714192153 -0.0047603093156052493 0.25531784075255298 -0.046316106877205047 0.025513486627872811 -0.030023199102850021 -0.40602247317632045 0.34424889574050904 0.048544071148577575 -0.15125675160353541 -0.063756008958095189 -0.021605954978973153 -0.15390418556072327
leaf_weight=669 51027 21794 19012 98 715 14642 13915 24 50 296 221 801 2996 146
leaf_count=669 51027 21794 19012 98 715 14642 13915 24 50 296 221 801 2996 146
internal_value=-1.40542e-11 0.00136981 -0.00643585 0.00710163 0.00779423 0.00891864 -0.0154364 -0.0333858 0.0590188 0.091276 -0.0710938 -0.040799 -0.0312759 -0.0776542
internal_weight=126406 121424 54819 21892 66605 65669 32927 4982 370 346 936 4612 3665 947
internal_count=126406 121424 54819 21892 66605 65669 32927 4982 370 346 936 4612 3665 947
is_linear=0
shrinkage=0.01


Tree=405
num_leaves=15
num_cat=0
split_feature=9 11 2 9 13 44 6 7 23 26 22 6 16 40
split_gain=57438 189395 77386.8 106167 64527.1 71971.2 63198.3 48715.8 47472.8 46057.6 36662.2 30203.5 26909 16990.3
threshold=-0.78656609248549325 0.6830127018922193 25.675000000000001 0.25881904510252057 -3.2399905576626313 1.0000000180025095e-35 15.629971500000002 1005.2002000000001 128.40500444375346 41.844542972818189 60.525190114068444 10.507109000000002 4.5688394425000007 139.70450787557246
decision_type=2 2 2 2 2 2 2 2 2 2 2 2 2 2
left_child=1 9 6 -4 13 -6 7 -2 -5 11 -8 -1 -11 -3
right_child=2 4 3 8 5 -7 10 -9 -10 12 -12 -13 -14 -15
leaf_value=0.0013727590078274638 -0.013822393161616542 -0.0035361782246736547 -0.023252926386943176 0.025989217456528126 0.046599511215331735 0.12079604922382636 -0.021430800948200667 0.0028091326319460647 0.23639711228785693 -0.03339715301990509 -0.068880267972373579 -0.031765157470676431 0.41226379451297573 -0.20595148734575094
leaf_weight=15518 32769 1164 5663 15063 4292 1880 6219 38076 108 20 2206 3343 42 43
leaf_count=15518 32769 1164 5663 15063 4292 1880 6219 38076 108 20 2206 3343 42 43
internal_value=-2.12149e-11 0.0131506 -0.00345529 0.0136952 0.0561227 0.0691999 -0.00796283 -0.0048837 0.0274871 -0.00360626 -0.033855 -0.00450074 0.268502 -0.0107473
internal_weight=126406 26302 100104 20834 7379 6172 79270 70845 15171 18923 8425 18861 62 1207
internal_count=126406 26302 100104 20834 7379 6172 79270 70845 15171 18923 8425 18861 62 1207
is_linear=0
shrinkage=0.01


Tree=406
num_leaves=15
num_cat=0
split_feature=31 35 47 8 17 7 2 48 48 7 16 23 26 13
split_gain=56997.3 55362.7 61939 69607 50136.8 38499 41441.7 39284.3 38213 45218.5 36839.7 29173.3 20098.6 9336.98
threshold=59.775285171102674 56.962610899873262 1.0000000180025095e-35 0.12940952255126045 0.01694730851885733 1012.6396800000001 24.175000000000001 1.0000000180025095e-35 1.0000000180025095e-35 1003.9001350000001 0.61215700500000036 73.774028305872434 14.065973986080449 -3.6000019342008662
decision_type=2 2 2 2 2 2 2 2 2 2 2 2 2 2
left_child=1 5 10 -4 8 6 -1 -7 9 -2 -3 -10 13 -6
right_child=4 2 3 -5 12 7 -8 -9 11 -11 -12 -13 -14 -15
leaf_value=-0.0029423400650377576 0.0053142849808309857 0.014625565756490945 0.035333507396307369 -0.015473906067627234 0.013225306363672203 0.07848574480203685 0.021403236571436918 0.0096832065753970527 -0.024411728501494014 0.0342619154579797 -0.017129910413081161 -0.27509834254781407 -0.12515285991744635 -0.059449057956511266
leaf_weight=31145 10489 3985 5864 4992 322 1387 9016 2066 1412 11114 43882 48 292 392
leaf_count=31145 10489 3985 5864 4992 322 1387 9016 2066 1412 11114 43882 48 292 392
internal_value=-2.51999e-11 -0.00325654 -0.00959525 0.0119703 0.0138462 0.00527807 0.00252315 0.0373198 0.0168605 0.0202068 -0.0144862 -0.0326535 -0.0552586 -0.0266743
internal_weight=126406 102337 58723 10856 24069 43614 40161 3453 23063 21603 47867 1460 1006 714
internal_count=126406 102337 58723 10856 24069 43614 40161 3453 23063 21603 47867 1460 1006 714
is_linear=0
shrinkage=0.01


Tree=407
num_leaves=15
num_cat=0
split_feature=31 17 20 10 1 39 32 11 4 9 11 11 46 11
split_gain=56563.8 55150.1 55412.7 71085.3 52114.8 48924 27264.7 24335.6 24259.6 20585.5 20574.8 17214.1 16777.3 14731.5
threshold=23.923611111111118 0.01850841697555421 136.58040201005028 -0.5 -118.21337597412109 58.286931418110136 66.855133079847931 -0.5 1.0000000180025095e-35 1.0000000180025095e-35 0.6830127018922193 0.25000000000000017 1.0000000180025095e-35 0.93301270189221952
decision_type=2 2 2 2 2 2 2 2 2 2 2 2 2 2
left_child=5 2 4 -4 -2 9 13 12 -9 10 -1 -11 -3 -7
right_child=1 7 3 -5 -6 6 -8 8 -10 11 -12 -13 -14 -15
leaf_value=-0.0080015667702605826 0.00059968748312285141 -0.021016954969920034 0.14143241102944265 -0.0023920612059218781 0.021773461206426786 -0.039540709817291082 -0.093912042715338734 -0.069140287390247274 -0.005023521310753779 -0.0013761253535602216 0.027653489366251206 -0.040816888055736904 0.041294176015412305 0.010925919989612953
leaf_weight=4231 89831 1748 666 710 13352 3938 845 1925 851 2115 2621 2321 574 678
leaf_count=4231 89831 1748 666 710 13352 3938 845 1925 851 2115 2621 2321 574 678
internal_value=-6.17373e-12 0.00261434 0.00418028 0.0672207 0.0033396 -0.0171163 -0.0416882 -0.0295027 -0.0494849 -0.00522868 0.00563706 -0.0220123 -0.0056136 -0.0321282
internal_weight=126406 109657 104559 1376 103183 16749 5461 5098 2776 11288 6852 4436 2322 4616
internal_count=126406 109657 104559 1376 103183 16749 5461 5098 2776 11288 6852 4436 2322 4616
is_linear=0
shrinkage=0.01


Tree=408
num_leaves=14
num_cat=0
split_feature=7 31 35 0 0 7 7 25 25 11 13 14 16
split_gain=56739.1 60905.3 53770 63930.5 40719.4 43503.6 37216 30135.1 18523.8 8830.21 8083.27 7387.36 1319.82
threshold=992.71127500000011 60.694761301225192 56.962610899873262 35.400001525878913 37.042691525878915 1002.8996150000002 1011.6009500000001 68.518545704629815 80.25021203397641 -0.68301270189221952 6.42275347465299 -6.7659623757233378 24.533396742750003
decision_type=2 2 2 2 2 2 2 2 2 2 2 2 2
left_child=8 2 6 -4 5 -3 -2 -6 9 12 -11 -10 -1
right_child=1 4 3 -5 7 -7 -8 -9 11 10 -12 -13 -14
leaf_value=0.10715812593698502 0.0024583128149392466 0.0011825399841541074 0.0035036087721099689 -0.017535282643485462 -0.023092103627889875 0.030779415141561052 0.0326260093498833 -0.19615517625021281 -0.19573841438548908 -0.085703794206864539 -0.22767152724058734 -0.43666070365905763 -0.0039157789686451788
leaf_weight=20 39388 8248 24349 35502 1308 12482 4563 109 35 313 46 20 23
leaf_count=20 39388 8248 24349 35502 1308 12482 4563 109 35 313 46 20 23
internal_value=-1.25222e-11 0.000403569 -0.0028085 -0.00897609 0.0154584 0.0190035 0.00559033 -0.0364046 -0.111223 -0.0876743 -0.103895 -0.283347 0.0477465
internal_weight=126406 125949 103802 59851 22147 20730 43951 1417 457 402 359 55 43
internal_count=126406 125949 103802 59851 22147 20730 43951 1417 457 402 359 55 43
is_linear=0
shrinkage=0.01


Tree=409
num_leaves=15
num_cat=0
split_feature=8 2 7 16 8 44 17 16 11 45 1 7 36 26
split_gain=56476.9 63865.1 77738.9 60380 118286 50615.6 47571 46741.2 27096.1 27259.2 11638.9 8826 8705.88 7459.88
threshold=0.91597561503675362 9.3750000000000018 1007.10008 4.3090418000000019 -0.78656609248549303 1.0000000180025095e-35 0.0075727672418126691 0.14802446599999994 -0.5 1.0000000180025095e-35 -118.21337597412109 999.90030000000013 64.053443177017343 12.716585613994903
decision_type=2 2 2 2 2 2 2 2 2 2 2 2 2 2
left_child=1 2 7 6 -5 -4 -3 -1 11 10 -10 12 -2 -13
right_child=8 3 5 4 -6 -7 -8 -9 9 -11 -12 13 -14 -15
leaf_value=0.099245231450515115 0.014450063265015481 -0.0027442429095685446 0.019817837387738377 -0.015745087364005098 0.013893868824574605 0.066509345093521771 -0.028503703443575161 -0.017675864720866147 -0.037936524640964392 0.013590717662676768 -0.0070501795468617644 7.7130481274165704e-05 0.097657138530697143 -0.036220870230734746
leaf_weight=368 1235 20298 5772 19170 45245 3884 11084 4823 7779 1447 1447 3017 140 697
leaf_count=368 1235 20298 5772 19170 45245 3884 11084 4823 7779 1447 1447 3017 140 697
internal_value=-6.86278e-12 0.00252286 0.0218214 -0.000468104 0.00507327 0.0385989 -0.0118424 -0.0093871 -0.0177096 -0.0267632 -0.0330923 0.00127817 0.0229221 -0.00673485
internal_weight=126406 110644 14847 95797 64415 9656 31382 5191 15762 10673 9226 5089 1375 3714
internal_count=126406 110644 14847 95797 64415 9656 31382 5191 15762 10673 9226 5089 1375 3714
is_linear=0
shrinkage=0.01


Tree=410
num_leaves=15
num_cat=0
split_feature=25 39 2 6 9 9 27 35 19 25 3 29 40 26
split_gain=56328.9 60042.3 60922.5 79481.4 76934.8 54817.2 36121.7 26660.3 23955.2 16923.7 15815.1 32384.9 13580.4 11374.7
threshold=22.640027226212272 34.422222222222224 27.725000000000005 12.404780500000003 0.25881904510252057 -0.37940952255126015 67.600380228136899 23.923611111111118 0.54247868525730625 13.899013636577008 95.000275000000016 21.180555555555561 67.131555917677602 4.8325221871490234
decision_type=2 2 2 2 2 2 2 2 2 2 2 2 2 2
left_child=7 5 3 -3 -4 6 -2 10 -7 13 -1 -12 -11 -9
right_child=1 2 4 -5 -6 8 -8 9 -10 12 11 -13 -14 -15
leaf_value=0.0077568069977547388 0.028492766158392066 1.8981708477941525e-05 -0.021558179370597542 -0.024000229755139012 0.030334102956820042 -0.018564805014455593 0.086878713571618749 0.047422763047547181 0.016861113922729452 -0.022705548258314862 0.46819034742272425 -0.034279447120839149 -0.069197106897529517 -0.098537177858164626
leaf_weight=767 7020 73421 3825 16959 11290 3608 1248 58 4053 2605 23 29 828 672
leaf_count=767 7020 73421 3825 16959 11290 3608 1248 58 4053 2605 23 29 828 672
internal_value=8.70355e-12 0.00135217 -0.0013803 -0.00448801 0.0172022 0.0194488 0.0373057 -0.0329558 0.000177037 -0.0432163 0.0191987 0.187967 -0.0339188 -0.0869404
internal_weight=126406 121424 105495 90380 15115 15929 8268 4982 7661 4163 819 52 3433 730
internal_count=126406 121424 105495 90380 15115 15929 8268 4982 7661 4163 819 52 3433 730
is_linear=0
shrinkage=0.01


Tree=411
num_leaves=15
num_cat=0
split_feature=5 0 16 13 26 10 13 16 20 8 45 19 28 11
split_gain=55487.4 67510 95188.1 62805.3 58661.4 171987 61498.6 46123.9 51366.7 41081.2 40464.6 32863.2 31194 29370.9
threshold=1.5000000000000002 36.742692288818368 0.21375782999999957 -3.6662440706919139 37.698913730712952 -0.6830127018922193 7.2166493188955796 4.7087218175000016 78.620722433460102 0.12940952255126045 1.0000000180025095e-35 4.4854519586973618 47.777777777777786 0.6830127018922193
decision_type=2 2 2 2 2 2 2 2 2 2 2 2 2 2
left_child=4 7 13 -4 6 12 10 9 -9 -2 -1 -8 -6 -3
right_child=1 2 3 -5 5 -7 11 8 -10 -11 -12 -13 -14 -15
leaf_value=0.017382147519459795 0.0074235917983264997 -0.021881153004342006 -0.048203418448839727 -0.01314685498519678 0.024347884021699431 -0.090066073767916116 -0.01737860685695318 0.009595244381697567 0.070538875812933902 -0.017956424873568619 -0.011888907085625065 0.039185296792792285 0.36133562799735169 0.077797602840554425
leaf_weight=33238 11906 380 6606 22573 32 198 11385 16686 1508 13735 5505 1129 194 1331
leaf_count=33238 11906 380 6606 22573 32 198 11385 16686 1508 13735 5505 1129 194 1331
internal_value=3.55037e-12 -0.00550993 -0.0168327 -0.0210835 0.00796674 0.125107 0.00699776 0.00246909 0.0146465 -0.00617161 0.013223 -0.0122755 0.313621 0.0556597
internal_weight=126406 74725 30890 29179 51681 424 51257 43835 18194 25641 38743 12514 226 1711
internal_count=126406 74725 30890 29179 51681 424 51257 43835 18194 25641 38743 12514 226 1711
is_linear=0
shrinkage=0.01


Tree=412
num_leaves=15
num_cat=0
split_feature=9 14 14 9 3 9 2 1 17 2 26 44 17 40
split_gain=55359.8 82642.1 80431.8 81500.8 72127.2 70072.7 96896.6 67589.4 55754.4 54702.5 48192.2 33709.5 21332.4 18819.5
threshold=-0.78656609248549325 -1.4554127125691567 5.0668913991695517 0.1294095225512602 69.536195000000006 0.60355339059327384 18.025000000000002 -118.21337597412109 0.0068452643350268268 9.8750000000000018 41.844542972818189 1.0000000180025095e-35 0.014850907113320105 75.603529370553673
decision_type=2 2 2 2 2 2 2 2 2 2 2 2 2 2
left_child=1 10 5 13 7 8 -7 -3 -2 -6 12 -5 -1 -4
right_child=2 4 3 11 9 6 -8 -9 -10 -11 -12 -13 -14 -15
leaf_value=-0.0089570703035535531 0.0019928080772576772 0.044246771457305024 0.0021983505937022796 -0.039298427253863351 0.040901079961433225 -0.01228361126889288 0.023247166834673923 0.15465191411452966 -0.018779918624677632 -0.00060772045386374516 0.36881073511008061 -0.093598053109393758 -0.062930602938160107 -0.032293386107689115
leaf_weight=7722 29377 3312 6098 3402 4970 11594 22709 666 23066 8790 33 1722 809 2136
leaf_count=7722 29377 3312 6098 3402 4970 11594 22709 666 23066 8790 33 1722 809 2136
internal_value=6.26202e-12 0.0129106 -0.00339221 -0.0262346 0.0252272 0.000125295 0.0112382 0.0627309 -0.00714366 0.0143849 -0.0126 -0.0575467 -0.0140754 -0.00674923
internal_weight=126406 26302 100104 13358 17738 86746 34303 3978 52443 13760 8564 5124 8531 8234
internal_count=126406 26302 100104 13358 17738 86746 34303 3978 52443 13760 8564 5124 8531 8234
is_linear=0
shrinkage=0.01


Tree=413
num_leaves=14
num_cat=0
split_feature=7 31 35 0 17 0 7 25 26 18 23 18 23
split_gain=55123.8 58721.1 54427.5 59287 40393.8 37644.5 36155 18304.4 16043.4 6937.12 6292.46 7096.79 4616.54
threshold=992.71127500000011 59.775285171102674 56.962610899873262 35.400001525878913 0.01694730851885733 37.042691525878915 1012.6396800000001 80.25021203397641 14.065973986080449 6.3524349668345312 48.323170445477167 6.0631249831016119 70.076515044829378
decision_type=2 2 2 2 2 2 2 2 2 2 2 2 2
left_child=7 2 6 -4 5 -3 -2 10 -6 -9 11 -1 -12
right_child=1 4 3 -5 8 -7 -8 9 -10 -11 12 -13 -14
leaf_value=-0.093041067543936887 0.0028972430744181603 0.020493824881672056 0.0029657978682632543 -0.01750955180029775 -0.023603949682016314 -0.031979315345997648 0.036625483219301161 -0.42929785728454589 -0.11466111433038961 -0.19583278242232546 -0.15909811002287 0.020555638854044031 -0.0083234913709263007
leaf_weight=163 39936 21506 23815 34815 696 1460 3453 20 268 35 132 83 24
leaf_count=163 39936 21506 23815 34815 696 1460 3453 20 268 35 132 83 24
internal_value=-1.32018e-11 0.000397783 -0.00290919 -0.00919264 0.0144962 0.017158 0.00558142 -0.109629 -0.0489186 -0.280729 -0.0862196 -0.0547137 -0.135902
internal_weight=126406 125949 102019 58630 23930 22966 43389 457 964 55 402 246 156
internal_count=126406 125949 102019 58630 23930 22966 43389 457 964 55 402 246 156
is_linear=0
shrinkage=0.01


Tree=414
num_leaves=15
num_cat=0
split_feature=7 10 44 9 1 10 8 20 2 9 10 3 3 13
split_gain=54675.9 129870 148318 112033 92317.6 96827 86013 79907.5 66447.3 59666.2 59200.2 51304.2 44153.5 37455.2
threshold=1006.3000500000002 0.25000000000000011 1.0000000180025095e-35 -0.37940952255126015 -119.7866065258789 0.68301270189221941 0.12940952255126045 136.58040201005028 16.525000000000002 0.60355339059327384 0.68301270189221941 12.997539000000002 17.002483500000004 -0.37649371299091478
decision_type=2 2 2 2 2 2 2 2 2 2 2 2 2 2
left_child=1 7 8 4 -2 -6 10 9 -3 -1 -5 -9 -8 -4
right_child=3 2 13 6 5 -7 12 11 -10 -11 -12 -13 -14 -15
leaf_value=-0.0048824910396359188 0.0036207746362745181 -0.020925142588180269 -0.093524382210901522 -0.00043918578039745865 0.069218259487881129 -0.00051591401308604529 -0.24922259538672692 0.47193237224140683 0.022044795178054421 0.017581073070437866 0.042770595119249737 0.089327432356202538 -0.021848557876490683 -0.045784286771836123
leaf_weight=38145 8259 11528 2379 11148 6905 2798 86 37 5232 17136 4431 664 12343 5315
leaf_count=38145 8259 11528 2379 11148 6905 2798 86 37 5232 17136 4431 664 12343 5315
internal_value=-1.3247e-11 -0.00497194 -0.0241975 0.00869965 0.0281935 0.0491094 -0.00380211 0.00342613 -0.00751114 0.00208076 0.0118506 0.109522 -0.0234218 -0.0605456
internal_weight=126406 80436 24454 45970 17962 9703 28008 55982 16760 55281 15579 701 12429 7694
internal_count=126406 80436 24454 45970 17962 9703 28008 55982 16760 55281 15579 701 12429 7694
is_linear=0
shrinkage=0.01


Tree=415
num_leaves=15
num_cat=0
split_feature=31 7 13 8 39 21 11 2 15 7 21 42 11 18
split_gain=53900 53698.8 51649.7 51506.8 47503.6 37643 19272.1 24381.7 15157.9 26037.9 12841.9 12466.7 9722.85 9014.84
threshold=23.923611111111118 992.71127500000011 11.569279319124648 0.91597561503675362 58.286931418110136 63.309885931558945 -0.68301270189221952 11.725000000000001 0.052876765647565632 1000.4997250000001 70.221166032953121 1.0000000180025095e-35 -0.68301270189221952 3.0928929505058003
decision_type=2 2 2 2 2 2 2 2 2 2 2 2 2 2
left_child=4 10 3 -3 8 -4 -6 -8 9 -1 12 -10 -2 -12
right_child=1 2 5 -5 6 -7 7 -9 11 -11 13 -13 -14 -15
leaf_value=0.40108105438947678 0.058599632542307781 0.007236062905732055 -0.019033220602723416 -0.014023161522302839 0.0032646640151979753 -0.11491571946705827 -0.011950903733337577 -0.06317229699702806 0.0024941614448235035 0.033283527552921445 -0.39847815437750383 -0.019086316615777105 -0.10683756015746665 -0.16235327579447481
leaf_weight=20 41 90661 5126 13035 836 445 1288 3337 5739 512 22 5017 266 61
leaf_count=20 41 90661 5126 13035 836 445 1288 3337 5739 512 22 5017 266 61
internal_value=-1.03793e-11 0.00255204 0.00297011 0.00456369 -0.0167084 -0.0266921 -0.040921 -0.0489078 -0.00499462 0.0471105 -0.11458 -0.00757178 -0.0847433 -0.224941
internal_weight=126406 109657 109267 103696 16749 5571 5461 4625 11288 532 390 10756 307 83
internal_count=126406 109657 109267 103696 16749 5571 5461 4625 11288 532 390 10756 307 83
is_linear=0
shrinkage=0.01


Tree=416
num_leaves=15
num_cat=0
split_feature=25 39 5 7 6 9 11 11 24 16 11 12 25 40
split_gain=53946.4 58433 60245.1 68594.6 55513.6 52572.6 59926.6 32794 54351 40819.1 24657.2 15899.5 12529.9 12210.1
threshold=22.640027226212272 34.422222222222224 21.500000000000004 1005.50003 20.467828000000004 -0.37940952255126015 0.6830127018922193 0.93301270189221952 2.1234347468135608 0.14802446599999994 0.25000000000000017 1.0000000180025095e-35 13.899013636577008 63.692490494296585
decision_type=2 2 2 2 2 2 2 2 2 2 2 2 2 2
left_child=7 5 4 -4 -3 6 -2 11 -9 -10 -7 12 -1 -13
right_child=1 2 3 -5 -6 10 -8 8 9 -11 -12 13 -14 -15
leaf_value=-0.067867501176430686 0.012997378713771717 0.0070376644455935437 -0.021109496973290561 0.0032221967500341347 -0.050557229321627192 0.021771560629096531 0.067289682570043807 -0.40185772498448691 0.3994773723890907 0.052099349120414098 -0.01468895938205738 -0.055766087831970838 -0.021032700312031274 -0.13962616228510719
leaf_weight=708 4664 57158 25073 21540 1724 3150 3604 24 38 308 4511 718 2957 229
leaf_count=708 4664 57158 25073 21540 1724 3150 3604 24 38 308 4511 718 2957 229
internal_value=-1.32443e-11 0.00132327 -0.00137233 -0.00986575 0.00535135 0.0191757 0.0366633 -0.0322513 0.0583301 0.0902507 0.000302639 -0.0395183 -0.0300802 -0.0760448
internal_weight=126406 121424 105495 46613 58882 15929 8268 4982 370 346 7661 4612 3665 947
internal_count=126406 121424 105495 46613 58882 15929 8268 4982 370 346 7661 4612 3665 947
is_linear=0
shrinkage=0.01


Tree=417
num_leaves=15
num_cat=0
split_feature=9 11 2 9 13 44 6 26 4 23 23 17 5 40
split_gain=53339.2 177641 71973 81904.4 61148.8 69011 49908.7 43603 42275.4 37759.2 29628.2 28374.5 26089.5 16508.2
threshold=-0.78656609248549325 0.6830127018922193 27.725000000000005 0.25881904510252057 -3.2399905576626313 1.0000000180025095e-35 18.444510500000003 41.844542972818189 0.15000000000000005 128.40500444375346 50.0838144862226 0.010628673178492039 1.0000000180025095e-35 139.70450787557246
decision_type=2 2 2 2 2 2 2 2 2 2 2 2 2 2
left_child=1 7 6 -4 13 -6 8 11 -2 -5 -8 -1 -9 -3
right_child=2 4 3 9 5 -7 10 12 -10 -11 -12 -13 -14 -15
leaf_value=0.0011785555278269807 -0.0034869132015468013 -0.003697947031398325 -0.023907960529760474 0.027674697010480181 0.044889512690401936 0.11754412652909796 -0.019883875089806113 0.42982124869887889 -0.037847391571443158 0.22478012983288087 -0.07201718208927621 -0.031267869813056709 0.011646556568145752 -0.20322057214587233
leaf_weight=15603 75899 1164 3825 11772 4292 1880 3058 37 3758 98 1694 3258 25 43
leaf_count=15603 75899 1164 3825 11772 4292 1880 3058 37 3758 98 1694 3258 25 43
internal_value=1.0854e-11 0.0126728 -0.00332972 0.0163343 0.05429 0.0670202 -0.00698605 -0.00355584 -0.00510795 0.029302 -0.0384684 -0.00442616 0.261202 -0.010806
internal_weight=126406 26302 100104 15695 7379 6172 84409 18923 79657 11870 4752 18861 62 1207
internal_count=126406 26302 100104 15695 7379 6172 84409 18923 79657 11870 4752 18861 62 1207
is_linear=0
shrinkage=0.01


Tree=418
num_leaves=15
num_cat=0
split_feature=25 15 3 1 6 9 44 11 38 23 20 12 42 23
split_gain=52749.5 57323.1 63708.9 61358 46074.1 43597.9 76865.6 32041.8 32849.3 41509 18646.7 15585.3 15170.9 14498.6
threshold=22.640027226212272 0.086456621345978008 66.999910000000014 -118.21337597412109 5.4014995000000008 1.0000000180025095e-35 1.0000000180025095e-35 0.93301270189221952 18.392857142857149 13.435003631082063 6.1458333333333348 1.0000000180025095e-35 1.0000000180025095e-35 11.396604938271606
decision_type=2 2 2 2 2 2 2 2 2 2 2 2 2 2
left_child=7 5 3 -3 -4 6 -2 11 9 -9 -10 13 -7 -1
right_child=1 2 4 -5 -6 12 -8 8 10 -11 -12 -13 -14 -15
leaf_value=-0.071820780137729218 0.005318935820947287 0.002244868588702455 0.0020097096290639651 0.032065178404619477 -0.017946823457089263 0.018550630062818527 0.070579128380008155 0.097808528241735915 -0.14720786198476951 0.62176485652015323 0.050308046235366069 -0.075238590273168232 -0.05630833450768119 -0.020331556682676343
leaf_weight=669 3886 57872 20196 7834 27082 419 3370 54 60 21 235 947 765 2996
leaf_count=669 3886 57872 20196 7834 27082 419 3370 54 60 21 235 947 765 2996
internal_value=1.31774e-11 0.0013085 -0.000569409 0.00580029 -0.00942188 0.0264476 0.0356286 -0.0318916 0.057645 0.244516 0.0101353 -0.0390747 -0.0298169 -0.0297303
internal_weight=126406 121424 112984 65706 47278 8440 7256 4982 370 75 295 4612 1184 3665
internal_count=126406 121424 112984 65706 47278 8440 7256 4982 370 75 295 4612 1184 3665
is_linear=0
shrinkage=0.01


Tree=419
num_leaves=15
num_cat=0
split_feature=7 10 44 0 0 20 17 2 8 3 11 35 23 7
split_gain=52594 125068 144735 103666 105535 78001.6 73701.7 64384.7 58565.5 49950.7 45092.8 37165.9 34761.6 31271.6
threshold=1006.3000500000002 0.25000000000000011 1.0000000180025095e-35 37.042691525878915 34.083213737060554 136.58040201005028 0.010470817995067262 16.525000000000002 -0.78656609248549303 12.997539000000002 0.93301270189221952 70.470788431608199 73.774028305872434 1017.4605850000002
decision_type=2 2 2 2 2 2 2 2 2 2 2 2 2 2
left_child=1 5 7 4 10 8 -6 -3 -1 -7 -2 -4 13 -5
right_child=3 2 11 12 6 9 -8 -9 -10 -11 -12 -13 -14 -15
leaf_value=-0.01889614761499785 -0.02377834182107523 -0.02046374783732206 -0.047384948224074207 -0.017158790732729211 0.038499469831168739 0.46578587989549375 -0.017649468806040222 0.021834017576508092 0.0070970218356311626 0.088261568119848005 0.026074930571897054 -0.099035038267265854 -0.27819084660131105 0.02328953990164925
leaf_weight=10764 6357 11528 5867 13487 18638 37 2673 5232 44517 664 2539 1827 49 2227
leaf_count=10764 6357 11528 5867 13487 18638 37 2673 5232 44517 664 2539 1827 49 2227
internal_value=-2.14483e-11 -0.00487636 -0.0237432 0.00853242 0.0193803 0.00336501 0.0314568 -0.00725958 0.00203578 0.108188 -0.00954976 -0.0596497 -0.0122557 -0.0114264
internal_weight=126406 80436 24454 45970 30207 55982 21311 16760 55281 701 8896 7694 15763 15714
internal_count=126406 80436 24454 45970 30207 55982 21311 16760 55281 701 8896 7694 15763 15714
is_linear=0
shrinkage=0.01


Tree=420
num_leaves=15
num_cat=0
split_feature=9 11 14 9 13 0 13 44 23 44 14 3 13 10
split_gain=52103.9 172399 76399.1 78725.4 71288.1 120833 59522.1 66556.3 53871.5 32419.2 31009.1 51844.9 25470 22548.4
threshold=-0.78656609248549325 0.6830127018922193 5.0668913991695517 0.1294095225512602 0.69533046434943835 34.083213737060554 -3.2399905576626313 1.0000000180025095e-35 110.41223969445879 1.0000000180025095e-35 -1.080000966810289 72.48366750000001 -2.8799995319553999 0.25000000000000011
decision_type=2 2 2 2 2 2 2 2 2 2 2 2 2 2
left_child=1 10 4 12 8 -6 -3 -8 -2 -5 13 -12 -4 -1
right_child=2 6 3 9 5 -7 7 -9 -10 -11 11 -13 -14 -15
leaf_value=-0.0069179869577525145 0.0079288091463874232 -0.010700622074091505 -0.026821591369714112 -0.038432033347698347 -0.052788840055279625 -0.0025200299775180114 0.044349925841845161 0.11570070288478437 0.089546161003834154 -0.091682320844125698 0.049099236218923627 -0.0038905252905824042 0.0087464098215392968 -0.043108412419009305
leaf_weight=5308 40963 1207 3507 3402 5440 39518 4292 1880 825 1722 2342 8725 4727 2548
leaf_count=5308 40963 1207 3507 3402 5440 39518 4292 1880 825 1722 2342 8725 4727 2548
internal_value=1.92388e-11 0.0125251 -0.00329094 -0.0255534 0.000137246 -0.00860265 0.0535237 0.0660835 0.00954014 -0.0563276 -0.00346221 0.00732318 -0.0064026 -0.0186559
internal_weight=126406 26302 100104 13358 86746 44958 7379 6172 41788 5124 18923 11067 8234 7856
internal_count=126406 26302 100104 13358 86746 44958 7379 6172 41788 5124 18923 11067 8234 7856
is_linear=0
shrinkage=0.01


Tree=421
num_leaves=15
num_cat=0
split_feature=5 0 3 35 26 10 3 23 14 9 9 27 3 35
split_gain=52166.4 64291 73640.1 58131.2 56019.7 166934 44541 46588 40141.6 76687.9 59769.5 32756.8 31169.1 21951.8
threshold=1.5000000000000002 36.742692288818368 97.750290000000021 67.958386142796812 37.698913730712952 -0.6830127018922193 75.384370000000004 73.774028305872434 1.8221189111459879 0.60355339059327384 -0.37940952255126015 78.620722433460102 12.997539000000002 19.490740740740744
decision_type=2 2 2 2 2 2 2 2 2 2 2 2 2 2
left_child=4 6 3 -3 8 12 7 -2 9 -1 -10 -8 -6 -4
right_child=1 2 13 -5 5 -7 11 -9 10 -11 -12 -13 -14 -15
leaf_value=-0.008341091764922582 0.0068053713623431947 -0.0092089394993580993 0.35709181129932405 -0.038486071885693966 0.68482085227966305 -0.089791155400300263 -0.011512810613144193 0.04996010756936331 0.045801928153132762 0.019967081015715749 -0.0022643093207120532 0.032808276621634033 0.27132793031488228 0.051812339997193514
leaf_weight=25466 19351 19073 24 10524 20 198 19790 2873 5771 15331 4689 1821 206 1269
leaf_count=25466 19351 19073 24 10524 20 198 19790 2873 5771 15331 4689 1821 206 1269
internal_value=-1.29803e-11 -0.0053425 -0.016392 -0.0196192 0.00772466 0.122197 0.00244397 0.0123842 0.00677774 0.00229676 0.0242548 -0.0077782 0.30792 0.0574788
internal_weight=126406 74725 30890 29597 51681 424 43835 22224 51257 40797 10460 21611 226 1293
internal_count=126406 74725 30890 29597 51681 424 43835 22224 51257 40797 10460 21611 226 1293
is_linear=0
shrinkage=0.01


Tree=422
num_leaves=15
num_cat=0
split_feature=31 17 20 10 1 39 32 13 20 9 26 28 2 25
split_gain=51646.4 50535 50723.3 67076.6 48184.2 46452.1 26671.6 22651.8 26920.5 19095.6 13926.8 12633.3 12504.7 11954.9
threshold=23.923611111111118 0.01850841697555421 136.58040201005028 -0.5 -118.21337597412109 58.286931418110136 66.855133079847931 -8.2341453012742836 63.309885931558945 -0.12940952255126037 13.442530507585294 59.211026615969594 11.625000000000002 84.330254329314513
decision_type=2 2 2 2 2 2 2 2 2 2 2 2 2 2
left_child=5 2 4 -4 -2 9 11 10 -9 13 -3 -7 -8 -1
right_child=1 7 3 -5 -6 6 12 8 -10 -11 -12 -13 -14 -15
leaf_value=0.0046746715614436919 0.00055822135721939981 0.014944828919749312 0.13639994721505905 -0.0033103324353275167 0.020917853172468814 -0.024199662292102037 -0.038733601121553059 -0.035247212318309983 -0.13012928291163145 -0.019263823920685385 -0.039697949280173998 -0.072039902092374625 -0.11975853415706138 0.092780228934804851
leaf_weight=6094 89831 1410 666 710 13352 3975 290 2654 337 5036 697 641 555 158
leaf_count=6094 89831 1410 666 710 13352 3975 290 2654 337 5036 697 641 555 158
internal_value=-2.23272e-11 0.00249812 0.0039971 0.0643111 0.00319278 -0.0163554 -0.0402985 -0.0282458 -0.0459377 -0.00477196 -0.00313112 -0.030843 -0.0919512 0.00690127
internal_weight=126406 109657 104559 1376 103183 16749 5461 5098 2991 11288 2107 4616 845 6252
internal_count=126406 109657 104559 1376 103183 16749 5461 5098 2991 11288 2107 4616 845 6252
is_linear=0
shrinkage=0.01


Tree=423
num_leaves=14
num_cat=0
split_feature=7 31 35 47 7 6 16 25 11 11 14 14 16
split_gain=52014 55387.6 50728.6 56407.3 34992.4 34868.1 32448.6 17921.3 14763.7 8189.4 7675.29 6977.5 1315.42
threshold=992.71127500000011 60.694761301225192 56.962610899873262 1.0000000180025095e-35 1011.6009500000001 16.924786500000003 29.072478333000003 80.25021203397641 1.0000000180025095e-35 -0.68301270189221952 9.0000014690073513 -6.7659623757233378 24.533396742750003
decision_type=2 2 2 2 2 2 2 2 2 2 2 2 2
left_child=7 2 4 -4 -2 6 -3 9 -7 12 -11 -9 -1
right_child=1 5 3 -5 -6 8 -8 11 -10 10 -12 -13 -14
leaf_value=0.10639852404594421 0.0024441148152905654 0.014983590022844835 -0.013277398756785793 0.011776283721428049 0.03169667890948414 -0.012738354853963407 0.084359473739069227 -0.19064928207227161 -0.097104656991622088 -0.13679025446675544 -0.042450647459805223 -0.42479289150238042 -0.0044902662608934489
leaf_weight=20 39388 20597 48838 11013 4563 497 697 35 356 215 144 20 23
leaf_count=20 39388 20597 48838 11013 4563 497 697 35 356 215 144 20 23
internal_value=2.139e-11 0.0003864 -0.00267672 -0.00866735 0.00548112 0.0147431 0.0172544 -0.106492 -0.0479487 -0.0833286 -0.0989493 -0.275792 0.0470859
internal_weight=126406 125949 103802 59851 43951 22147 21294 457 853 402 359 55 43
internal_count=126406 125949 103802 59851 43951 22147 21294 457 853 402 359 55 43
is_linear=0
shrinkage=0.01


Tree=424
num_leaves=15
num_cat=0
split_feature=5 17 2 25 39 26 44 3 13 8 45 26 2 22
split_gain=51061.4 57480.8 73673.7 65386.1 63039.1 54505.9 96338.3 73191 56832.6 42590.2 39104.3 38205.6 36207.8 20751.8
threshold=1.5000000000000002 0.0053749891520470461 26.025000000000002 133.23489760367167 48.890156316011833 37.698913730712952 1.0000000180025095e-35 46.999586000000008 7.2166493188955796 0.37940952255126054 1.0000000180025095e-35 37.698913730712952 34.875000000000007 158.04506437768245
decision_type=2 2 2 2 2 2 2 2 2 2 2 2 2 2
left_child=5 3 4 9 -3 8 -7 -8 10 -2 -1 -4 -10 -5
right_child=1 2 11 13 -6 6 7 -9 12 -11 -12 -13 -14 -15
leaf_value=0.016781432869637663 0.014920761662974569 -0.00055526804387822141 0.025404108467616537 0.17018849364033453 -0.025281490887086859 -0.089634084361087954 0.34359157538241764 0.0012281769704311453 -0.016905385083609829 -0.012685689421453096 -0.011993392158890115 -0.27385400559320011 0.045068732497056521 0.48599385759660174
leaf_weight=33238 17034 16606 5417 81 27199 144 186 94 11487 8317 5505 43 1027 28
leaf_count=33238 17034 16606 5417 81 27199 144 186 94 11487 8317 5505 43 1027 28
internal_value=-1.57094e-11 -0.00528561 -0.0115907 0.00691463 -0.015908 0.00764241 0.120557 0.228655 0.00670837 0.00586381 0.0126928 0.0230473 -0.0118193 0.251313
internal_weight=126406 74725 49265 25460 43805 51681 424 280 51257 25351 38743 5460 12514 109
internal_count=126406 74725 49265 25460 43805 51681 424 280 51257 25351 38743 5460 12514 109
is_linear=0
shrinkage=0.01


Tree=425
num_leaves=15
num_cat=0
split_feature=9 11 2 9 13 6 8 12 0 26 21 6 16 45
split_gain=50886.3 168494 68341.7 96783 57867.9 55573.6 59908.2 51030.2 45831.3 41694.1 36772 26350 24904.2 21102.5
threshold=-0.78656609248549325 0.6830127018922193 25.675000000000001 0.25881904510252057 -3.2399905576626313 6.6392917500000008 -1.0000000180025095e-35 1.0000000180025095e-35 36.742692288818368 41.844542972818189 162.95207439198859 10.507109000000002 4.5688394425000007 1.0000000180025095e-35
decision_type=2 2 2 2 2 2 2 2 2 2 2 2 2 2
left_child=1 9 5 13 -3 6 -2 -6 -7 11 -5 -1 -11 -4
right_child=2 4 3 10 7 8 -8 -9 -10 12 -12 -13 -14 -15
leaf_value=0.0012076387951769118 0.015172914193654255 -0.010416060704479415 -0.0116810100441565 0.025263272942252626 0.046908632967120667 -0.0058780278250561962 -0.01090244533249897 0.11026528090910771 -0.026420372921921089 -0.034964944958686829 0.34090051544679179 -0.029744186467337033 0.39377355348496212 -0.057135961554232617
leaf_weight=15518 17266 1207 4326 15134 4381 24505 17993 1791 19506 20 37 3343 42 1337
leaf_count=15518 17266 1207 4326 15134 4381 24505 17993 1791 19506 20 37 3343 42 1337
internal_value=7.4351e-12 0.0123779 -0.00325226 0.0128648 0.0529096 -0.00748819 0.00186641 0.0652936 -0.0149825 -0.00342734 0.0260331 -0.00427839 0.255471 -0.0224126
internal_weight=126406 26302 100104 20834 7379 79270 35259 6172 44011 18923 15171 18861 62 5663
internal_count=126406 26302 100104 20834 7379 79270 35259 6172 44011 18923 15171 18861 62 5663
is_linear=0
shrinkage=0.01


Tree=426
num_leaves=15
num_cat=0
split_feature=7 2 9 9 11 9 44 10 23 10 44 47 47 7
split_gain=51570.6 119788 115134 104415 115482 103498 102031 78345.1 58897.1 55523.3 56666 51105.2 34928.7 29015.7
threshold=1006.3000500000002 15.325000000000001 -0.12940952255126037 -0.12940952255126037 0.6830127018922193 0.60355339059327384 1.0000000180025095e-35 1.0000000180025095e-35 128.40500444375346 0.68301270189221941 1.0000000180025095e-35 1.0000000180025095e-35 1.0000000180025095e-35 1001.6004750000001
decision_type=2 2 2 2 2 2 2 2 2 2 2 2 2 2
left_child=1 2 7 4 12 -3 -6 -1 -7 10 -5 -11 -2 -4
right_child=3 5 13 9 6 8 -8 -9 -10 11 -12 -13 -14 -15
leaf_value=0.021797508630252271 -0.0040680125326812743 -0.0074947165589015399 -0.081401054380506876 -0.025846370820876114 0.026874187918996231 0.018876007743642974 0.09334605523858977 -0.025304253524184667 0.21577849254255591 0.0068146727148691646 0.016680218478328658 0.084678025115487887 0.053343264232247806 -0.041149498922175336
leaf_weight=5680 10243 35672 2632 13023 7447 21360 3347 9335 153 5610 4126 992 1182 5604
leaf_count=5680 10243 35672 2632 13023 7447 21360 3347 9335 153 5610 4126 992 1182 5604
internal_value=2.44589e-12 -0.00482869 -0.0239669 0.008449 0.024031 0.00295277 0.0474858 -0.0074862 0.0202764 -0.0061279 -0.0156146 0.0185142 0.0018716 -0.0540128
internal_weight=126406 80436 23251 45970 22219 57185 10794 15015 21513 23751 17149 6602 11425 8236
internal_count=126406 80436 23251 45970 22219 57185 10794 15015 21513 23751 17149 6602 11425 8236
is_linear=0
shrinkage=0.01


Tree=427
num_leaves=15
num_cat=0
split_feature=25 39 5 18 26 1 16 11 19 10 27 12 23 40
split_gain=50187.1 55877.2 56203.8 45601.7 43966.4 33703.2 37656.5 30931 30003.6 29798.9 24697.1 15302 14031 11813.7
threshold=22.640027226212272 34.422222222222224 21.500000000000004 0.15099066739860054 41.844542972818189 -118.21337597412109 0.24800415500000014 0.93301270189221952 0.014118626289191695 0.25000000000000011 6.1458333333333348 1.0000000180025095e-35 11.396604938271606 63.692490494296585
decision_type=2 2 2 2 2 2 2 2 2 2 2 2 2 2
left_child=7 5 4 -4 -3 6 -2 11 -9 -7 -10 12 -1 -13
right_child=1 2 3 -5 -6 9 -8 8 10 -11 -12 13 -14 -15
leaf_value=-0.070311904900717051 0.074812866000422779 0.0045394378881511641 0.021704641418192245 -0.012692044765754732 0.1305961143488078 0.0095750794001814316 0.0082141704442860852 0.39138580706119541 -0.10979428153774805 0.082391590925554439 0.082887624437391172 -0.05405173069432969 -0.019659850992593736 -0.13653916788999171
leaf_weight=669 910 58604 4240 42373 278 928 12666 25 90 1425 255 718 2996 229
leaf_count=669 910 58604 4240 42373 278 928 12666 25 90 1425 255 718 2996 229
internal_value=1.83476e-12 0.00127633 -0.00135966 -0.00956326 0.00513459 0.018734 0.0126783 -0.0311073 0.0568635 0.0536735 0.0326228 -0.0381648 -0.0289058 -0.0739985
internal_weight=126406 121424 105495 46613 58882 15929 13576 4982 370 2353 345 4612 3665 947
internal_count=126406 121424 105495 46613 58882 15929 13576 4982 370 2353 345 4612 3665 947
is_linear=0
shrinkage=0.01


Tree=428
num_leaves=15
num_cat=0
split_feature=31 17 1 11 16 39 11 0 36 32 9 11 11 11
split_gain=49766.4 48687.9 51820.5 113579 49111.3 45103.9 41857.3 33338.7 29928.5 26119.2 18239.1 18061.9 16029.9 13947.2
threshold=23.923611111111118 0.01694730851885733 -118.21337597412109 -0.5 0.35014439250000023 58.286931418110136 -0.5 34.083213737060554 56.595057034220538 66.855133079847931 1.0000000180025095e-35 0.6830127018922193 0.25000000000000017 0.93301270189221952
decision_type=2 2 2 2 2 2 2 2 2 2 2 2 2 2
left_child=5 2 4 -4 -2 10 7 -3 -8 13 11 -1 -12 -7
right_child=1 6 3 -5 -6 9 8 -9 -10 -11 12 -13 -14 -15
leaf_value=-0.0071917561362235573 0.033339189289210175 0.049970015956181515 -0.01727625423356435 0.044088976046187944 -0.00019354943741922503 -0.037503475194877095 -0.030546694746259418 -0.015760411434751664 -0.10022325546131315 -0.090763057754898568 -0.00052532395702868206 0.026215109987368646 -0.038585293212819657 0.011601265049814234
leaf_weight=4231 4608 1076 4626 8667 83719 3938 3484 2728 749 845 2115 2621 2321 678
leaf_count=4231 4608 1076 4626 8667 83719 3938 3484 2728 749 845 2115 2621 2321 678
internal_value=5.65639e-13 0.00245223 0.00432614 0.0227337 0.00155585 -0.0160549 -0.0212416 0.00283211 -0.0428755 -0.039648 -0.00464086 0.00558691 -0.020439 -0.030291
internal_weight=126406 109657 101620 13293 88327 16749 8037 3804 4233 5461 11288 6852 4436 4616
internal_count=126406 109657 101620 13293 88327 16749 8037 3804 4233 5461 11288 6852 4436 4616
is_linear=0
shrinkage=0.01


Tree=429
num_leaves=14
num_cat=0
split_feature=7 31 35 0 0 7 7 25 25 11 13 18 19
split_gain=50347 53195.4 49403.9 56194 37413 41893.8 34086.5 28893.2 17715.2 7892.41 7884.4 6547.62 1391.36
threshold=992.71127500000011 60.694761301225192 56.962610899873262 35.400001525878913 37.042691525878915 1002.8996150000002 1011.6009500000001 68.518545704629815 80.25021203397641 -0.68301270189221952 6.42275347465299 6.3524349668345312 3.5847422573996597
decision_type=2 2 2 2 2 2 2 2 2 2 2 2 2
left_child=8 2 6 -4 5 -3 -2 -6 9 12 -11 -10 -1
right_child=1 4 3 -5 7 -7 -8 -9 11 10 -12 -13 -14
leaf_value=0.10728685849905015 0.0024314464838729646 0.0003598757321751771 0.0031666353312648937 -0.016558221016558215 -0.022227649133800549 0.029403993412995173 0.031302863639292501 -0.19168705422943885 -0.41743286228179932 -0.079110990139289905 -0.21932151040305262 -0.1906166304094451 -0.0067580313267915151
leaf_weight=20 39388 8248 24349 35502 1308 12482 4563 109 20 313 46 35 23
leaf_count=20 39388 8248 24349 35502 1308 12482 4563 109 20 313 46 35 23
internal_value=2.08323e-11 0.000380158 -0.00262173 -0.00853362 0.0144499 0.017848 0.00542888 -0.035263 -0.104771 -0.0817419 -0.0970767 -0.273095 0.0462861
internal_weight=126406 125949 103802 59851 22147 20730 43951 1417 457 402 359 55 43
internal_count=126406 125949 103802 59851 22147 20730 43951 1417 457 402 359 55 43
is_linear=0
shrinkage=0.01


Tree=430
num_leaves=15
num_cat=0
split_feature=7 10 44 9 11 44 8 11 31 10 8 23 13 1
split_gain=50113.5 117091 139022 101678 112161 99513.8 87652.9 60858.5 60069.4 57338.9 57116 49799.1 35375.4 33523.5
threshold=1006.3000500000002 0.25000000000000011 1.0000000180025095e-35 -0.12940952255126037 0.6830127018922193 1.0000000180025095e-35 0.12940952255126045 0.25000000000000017 106.93980265126173 0.68301270189221941 -0.78656609248549303 141.4332192901617 -0.37649371299091478 -118.21337597412109
decision_type=2 2 2 2 2 2 2 2 2 2 2 2 2 2
left_child=1 8 7 4 13 -6 9 -3 10 -5 -1 -10 -4 -2
right_child=3 2 12 6 5 -7 -8 -9 11 -11 -12 -13 -14 -15
leaf_value=-0.018629805952990644 -0.0039521115202984566 0.0045022971163900718 -0.090255933470245783 -0.002096269332033033 0.026464481482010582 0.092111406727200903 -0.027666337481155927 -0.038817789029810722 0.046577649229398208 0.043968612209232899 0.0070516105588685962 0.24230384094747659 -0.043860197190726258 0.052292452385950372
leaf_weight=10750 10243 12364 2379 9489 7447 3347 10484 4396 514 3778 44544 174 5315 1182
leaf_count=10750 10243 12364 2379 9489 7447 3347 10484 4396 514 3778 44544 174 5315 1182
internal_value=1.07477e-11 -0.00475998 -0.0230151 0.00832878 0.0237052 0.0468203 -0.00605583 -0.00686018 0.00321422 0.0110215 0.00205875 0.0960782 -0.0582059 0.0018668
internal_weight=126406 80436 24454 45970 22219 10794 23751 16760 55982 13267 55294 688 7694 11425
internal_count=126406 80436 24454 45970 22219 10794 23751 16760 55982 13267 55294 688 7694 11425
is_linear=0
shrinkage=0.01


Tree=431
num_leaves=15
num_cat=0
split_feature=25 39 2 6 26 47 16 11 24 16 10 25 41 36
split_gain=48556.4 54151.3 54286.7 69338.3 39244.5 32540.3 36234.7 30034.3 52636.2 38228.8 29136 13422.7 16421.5 11587.3
threshold=22.640027226212272 34.422222222222224 27.725000000000005 12.404780500000003 24.623267122495736 1.0000000180025095e-35 0.24800415500000014 0.93301270189221952 2.1234347468135608 0.14802446599999994 0.25000000000000011 13.899013636577008 48.888994507815809 7.8125000000000009
decision_type=2 2 2 2 2 2 2 2 2 2 2 2 2 2
left_child=7 5 3 -3 -4 6 -2 11 -9 -10 -7 13 -13 -1
right_child=1 2 4 -5 -6 10 -8 8 9 -11 -12 12 -14 -15
leaf_value=0.059440025582176745 0.073441327545157337 -6.352824833941852e-05 0.013414950902735562 -0.02249782338231154 0.10936773347424382 0.0091676801230642022 0.0081120197454348075 -0.39678157011667886 0.38675605042984618 0.050580547675853238 0.081169625466800566 -0.024264795805694024 -0.11407597607337973 -0.08359365718719089
leaf_weight=61 910 73421 14676 16959 439 928 12666 24 38 308 1425 3543 216 792
leaf_count=61 910 73421 14676 16959 439 928 12666 24 38 308 1425 3543 216 792
internal_value=-2.0549e-11 0.00125542 -0.00133954 -0.00427312 0.0162018 0.0184414 0.012491 -0.0305978 0.0560886 0.0875016 0.0527728 -0.0375522 -0.0294255 -0.073365
internal_weight=126406 121424 105495 90380 15115 15929 13576 4982 370 346 2353 4612 3759 853
internal_count=126406 121424 105495 90380 15115 15929 13576 4982 370 346 2353 4612 3759 853
is_linear=0
shrinkage=0.01


Tree=432
num_leaves=15
num_cat=0
split_feature=7 2 9 9 9 11 44 10 26 10 44 0 1 1
split_gain=49095.8 116113 111483 101081 99289.3 109751 97367.9 75368.2 58832.5 53671.1 55260.8 49240.4 48968.3 32583
threshold=1006.3000500000002 15.325000000000001 -0.12940952255126037 0.25881904510252057 -0.12940952255126037 0.6830127018922193 1.0000000180025095e-35 1.0000000180025095e-35 41.844542972818189 0.68301270189221941 1.0000000180025095e-35 34.083213737060554 -118.21337597412109 -118.21337597412109
decision_type=2 2 2 2 2 2 2 2 2 2 2 2 2 2
left_child=1 2 7 8 5 13 -7 -1 -3 10 -6 -5 -11 -2
right_child=4 3 -4 11 9 6 -8 -9 -10 12 -12 -13 -14 -15
leaf_value=0.021385528257515111 -0.0039007810932896272 -0.011575627396826256 -0.053119498769502602 0.033546107141914423 -0.025402074202030413 0.026168821589654265 0.091104072716926318 -0.024812707903573213 0.20585652424812317 0.0068044558534327707 0.016593898891400675 0.0063671477924362434 0.083022555998214828 0.051549181525919321
leaf_weight=5680 10243 27912 8236 10319 13023 7447 3347 9335 125 5610 4126 18829 992 1182
leaf_count=5680 10243 27912 8236 10319 13023 7447 3347 9335 125 5610 4126 18829 992 1182
internal_value=3.43089e-11 -0.0047114 -0.0235538 0.00294977 0.00824378 0.0234385 0.0463039 -0.00733645 -0.0106062 -0.00597084 -0.015298 0.0159891 0.0182568 0.00183592
internal_weight=126406 80436 23251 57185 45970 22219 10794 15015 28037 23751 17149 29148 6602 11425
internal_count=126406 80436 23251 57185 45970 22219 10794 15015 28037 23751 17149 29148 6602 11425
is_linear=0
shrinkage=0.01


Tree=433
num_leaves=15
num_cat=0
split_feature=7 31 7 0 2 17 0 25 11 14 18 2 2 11
split_gain=48904.9 51458.2 43859.6 87348.4 74940.5 36486.3 34602.8 17509.1 15100.8 9022.42 8379.24 4826.75 4578.34 4558.23
threshold=992.71127500000011 59.775285171102674 1007.6001000000001 37.042691525878915 20.925000000000001 0.01694730851885733 37.042691525878915 62.555092005820789 1.0000000180025095e-35 7.5353316543005482 6.3524349668345312 29.925000000000001 22.925000000000001 1.0000000180025095e-35
decision_type=2 2 2 2 2 2 2 2 2 2 2 2 2 2
left_child=7 2 4 -4 -2 6 -3 10 -7 11 12 -9 -1 -12
right_child=1 5 3 -5 -6 8 -8 9 -10 -11 13 -13 -14 -15
leaf_value=-0.08465976821084327 -0.015119476181834656 0.019300452532336958 0.022636256953502052 -0.011734998101886726 0.0057837355992316998 -0.014283445356462143 -0.031008154651609391 -0.31021783725420632 -0.095024501981276266 -0.053869943405900685 0.096810394161277347 -0.14921650526700198 -0.21898300581964955 -0.040381145147052974
leaf_weight=203 43888 21506 16727 13251 28153 577 1460 60 387 28 36 27 29 74
leaf_count=203 43888 21506 16727 13251 28153 577 1460 60 387 28 36 27 29 74
internal_value=-7.5778e-12 0.000374673 -0.00272104 0.00744333 -0.00695068 0.0135724 0.0161022 -0.10326 -0.0466971 -0.210002 -0.0673669 -0.260252 -0.10145 0.0045179
internal_weight=126406 125949 102019 29978 72041 23930 22966 457 964 115 342 87 232 110
internal_count=126406 125949 102019 29978 72041 23930 22966 457 964 115 342 87 232 110
is_linear=0
shrinkage=0.01


Tree=434
num_leaves=15
num_cat=0
split_feature=9 11 14 9 9 1 12 15 26 27 14 44 3 39
split_gain=48142 156662 71366.8 73800.9 63937.8 54008.9 57037.9 49559.6 39956.3 33246.2 32084.4 30904.2 23614.9 19617.3
threshold=-0.78656609248549325 0.6830127018922193 5.0668913991695517 0.1294095225512602 0.78656609248549303 -119.7866065258789 1.0000000180025095e-35 0.233333329126056 41.844542972818189 140.52010050251261 -1.080000966810289 1.0000000180025095e-35 60.000755000000005 56.225198755617015
decision_type=2 2 2 2 2 2 2 2 2 2 2 2 2 2
left_child=1 8 4 13 9 -3 -7 -6 10 -2 -1 -5 -10 -4
right_child=2 5 3 11 7 6 -8 -9 12 -11 -12 -13 -14 -15
leaf_value=-0.019519597198124766 -0.0059883074596040432 0.0036669885381665187 0.0062630198621606127 -0.037003835480744672 -0.016916269550959821 0.046190540922667084 0.11686244428796494 0.020348508192880345 0.3899184090916703 0.067548757502929144 0.0069510963742625631 -0.088995031627321253 -0.022452241352626256 -0.025349902968808298
leaf_weight=7827 61513 1810 5004 3402 4331 3965 1604 20281 41 621 11034 1722 21 3230
leaf_count=7827 61513 1810 5004 3402 4331 3965 1604 20281 41 621 11034 1722 21 3230
internal_value=-2.06228e-11 0.0120395 -0.00316335 -0.0246801 0.00015001 0.0511221 0.0665457 0.013791 -0.00320067 -0.00525334 -0.0040338 -0.0544763 0.250244 -0.00613797
internal_weight=126406 26302 100104 13358 86746 7379 5569 24612 18923 62134 18861 5124 62 8234
internal_count=126406 26302 100104 13358 86746 7379 5569 24612 18923 62134 18861 5124 62 8234
is_linear=0
shrinkage=0.01


Tree=435
num_leaves=15
num_cat=0
split_feature=31 13 14 25 21 9 28 32 17 9 31 14 25 35
split_gain=47786 46855.9 44575 49975.4 37994.2 35200.4 32745.6 22940.2 19875.9 18524.1 18375.4 14689.1 13067.6 13013.9
threshold=23.923611111111118 11.569279319124648 8.6399957737787894 133.23489760367167 63.309885931558945 0.1294095225512602 57.336079425433049 72.798963129971796 0.027136086180422198 -0.12940952255126037 14.02777777777778 3.2400053305365248 74.621055492809319 59.571820870299966
decision_type=2 2 2 2 2 2 2 2 2 2 2 2 2 2
left_child=6 2 3 -2 8 -4 7 9 -3 -1 12 -12 -8 -9
right_child=1 4 5 -5 -6 -7 10 13 -10 -11 11 -13 -14 -15
leaf_value=0.0038584578927909124 0.0048937578537359902 -0.014941819004065913 -0.0067824392794031173 0.11243755184440157 -0.11367218923718932 -0.064172779994259327 -0.073559585695777238 0.025317755218167776 -0.14210300582268884 -0.019546127465627876 -0.015392063740933864 -0.074268648646675053 -0.18924907457677648 -0.089236128850646745
leaf_weight=7237 98788 5026 3235 434 452 1596 446 122 126 6348 1316 625 125 530
leaf_count=7237 98788 5026 3235 434 452 1596 446 122 126 6348 1316 625 125 530
internal_value=-4.21838e-12 0.00240294 0.00391994 0.00536416 -0.0257642 -0.0257423 -0.0157322 -0.00985893 -0.0180517 -0.00707804 -0.0490197 -0.0343503 -0.0988857 -0.0678012
internal_weight=126406 109657 104053 99222 5604 4831 16749 14237 5152 13585 2512 1941 571 652
internal_count=126406 109657 104053 99222 5604 4831 16749 14237 5152 13585 2512 1941 571 652
is_linear=0
shrinkage=0.01


Tree=436
num_leaves=14
num_cat=0
split_feature=7 31 35 6 48 7 7 25 25 11 14 14 2
split_gain=47727.4 49844.2 48080.2 53063.4 35538.8 40618.2 32766.5 28240 17286.2 7500.29 7611.17 6683.01 1705.04
threshold=992.71127500000011 60.694761301225192 56.962610899873262 5.3999998000000007 1.0000000180025095e-35 1002.8996150000002 1012.77372 68.518545704629815 80.25021203397641 -0.68301270189221952 9.0000014690073513 -6.7659623757233378 30.925000000000001
decision_type=2 2 2 2 2 2 2 2 2 2 2 2 2
left_child=8 2 6 -4 5 -3 -2 -6 9 12 -11 -10 -1
right_child=1 4 3 -5 7 -7 -8 -9 11 10 -12 -13 -14
leaf_value=0.11307429075241089 0.0029193832940168619 8.1541661610537797e-05 0.0049080031261424439 -0.015046058522184101 -0.021575057164471119 0.028680073655856366 0.035383284313273415 -0.18910798305628496 -0.18495588629586354 -0.13189196110083615 -0.037947193929511638 -0.41410514926910402 -0.013172989461732947
leaf_weight=20 40584 8248 20031 39820 1308 12482 3367 109 35 215 144 20 23
leaf_count=20 40584 8248 20031 39820 1308 12482 3367 109 35 215 144 20 23
internal_value=5.66288e-12 0.000370136 -0.00253566 -0.00836781 0.0139894 0.0173014 0.00540638 -0.0344622 -0.102009 -0.0792603 -0.0942094 -0.268283 0.0455467
internal_weight=126406 125949 103802 59851 22147 20730 43951 1417 457 402 359 55 43
internal_count=126406 125949 103802 59851 22147 20730 43951 1417 457 402 359 55 43
is_linear=0
shrinkage=0.01


Tree=437
num_leaves=15
num_cat=0
split_feature=5 7 44 0 28 2 8 45 23 12 8 7 18 10
split_gain=48359.3 74560 110713 109489 73223.3 53315.9 40957.1 82221.4 41459.1 57900.2 37713.4 36300.1 36055.6 31807.1
threshold=1.5000000000000002 1007.4002250000001 1.0000000180025095e-35 37.042691525878915 122.71345267818776 26.025000000000002 -0.78656609248549303 1.0000000180025095e-35 128.40500444375346 1.0000000180025095e-35 0.91597561503675362 1013.2001000000001 5.0760542814231018 -0.6830127018922193
decision_type=2 2 2 2 2 2 2 2 2 2 2 2 2 2
left_child=6 2 5 11 -4 -2 7 12 10 -10 -8 -3 -1 -9
right_child=1 3 4 -5 -6 -7 8 13 9 -11 -12 -13 -14 -15
leaf_value=0.017579760304538169 -0.0070404845451913023 0.020197050226617757 -0.03800195603468709 -0.017051164335944551 0.30103856004774571 0.033766625275922862 0.015271021633059578 -0.12858813193197507 0.027597234313189986 0.31668708829666087 -0.0099415118312656623 0.068297969655883348 -0.026253281307704528 -0.039361364565202867
leaf_weight=5321 32552 13342 13633 9805 64 3551 34315 664 200 106 7173 1778 2899 1003
leaf_count=5321 32552 13342 13633 9805 64 3551 34315 664 200 106 7173 1778 2899 1003
internal_value=-1.96019e-11 -0.00514386 -0.0122107 0.00897557 -0.0364178 -0.0030268 0.00743744 -0.0108656 0.0117673 0.127739 0.0109119 0.0258534 0.00212088 -0.0749022
internal_weight=126406 74725 49800 24925 13697 36103 51681 9887 41794 306 41488 15120 8220 1667
internal_count=126406 74725 49800 24925 13697 36103 51681 9887 41794 306 41488 15120 8220 1667
is_linear=0
shrinkage=0.01


Tree=438
num_leaves=15
num_cat=0
split_feature=5 7 0 0 28 15 26 10 8 45 25 7 7 25
split_gain=47397 73076.3 107310 95228.6 70336.8 60654.3 50581.9 158459 40771.1 77642.7 36941.6 35577.7 31119 29219.7
threshold=1.5000000000000002 1007.4002250000001 37.042691525878915 36.742692288818368 122.71345267818776 0.30427051130709731 37.698913730712952 -0.6830127018922193 -0.78656609248549303 1.0000000180025095e-35 33.963361967797972 1013.2001000000001 998.50020000000006 68.518545704629815
decision_type=2 2 2 2 2 2 2 2 2 2 2 2 2 2
left_child=6 3 11 5 -5 -2 8 12 9 -1 -10 -3 -8 -4
right_child=1 2 13 4 -6 -7 7 -9 10 -11 -12 -13 -14 -15
leaf_value=0.00083467124386047645 -0.01207605203024727 0.019995079823637473 -0.015406313526624681 -0.03417810379010322 0.29802817902527751 0.016242951949816429 0.051477049456111028 -0.090399422651589526 -0.013481049291287839 -0.074155304178254569 0.01447556047916196 0.067614990031656774 0.35314805047667547 -0.21901047125563655
leaf_weight=8157 23223 13342 9734 15297 64 11216 42 198 5441 1662 35997 1778 184 71
leaf_count=8157 23223 13342 9734 15297 64 11216 42 198 5441 1662 35997 1778 184 71
internal_value=1.07061e-11 -0.00509242 0.00888582 -0.0120886 -0.032794 -0.0028532 0.00736307 0.116137 0.00646329 -0.0118584 0.0108047 0.0255948 0.297085 -0.0168807
internal_weight=126406 74725 24925 49800 15361 34439 51681 424 51257 9819 41438 15120 226 9805
internal_count=126406 74725 24925 49800 15361 34439 51681 424 51257 9819 41438 15120 226 9805
is_linear=0
shrinkage=0.01


Tree=439
num_leaves=15
num_cat=0
split_feature=9 14 14 9 13 0 13 44 23 26 44 13 17 13
split_gain=46915.2 73062.3 68367.8 71329 65078.1 120484 58540.6 74835.2 49711 41979.1 29922.1 22975.2 19281 16087.9
threshold=-0.78656609248549325 -1.4554127125691567 5.0668913991695517 0.1294095225512602 0.69533046434943835 34.083213737060554 -2.8729692039356158 1.0000000180025095e-35 110.41223969445879 41.844542972818189 1.0000000180025095e-35 3.5943382330328025e-16 0.014850907113320105 -13.381662238852625
decision_type=2 2 2 2 2 2 2 2 2 2 2 2 2 2
left_child=1 9 4 11 8 -6 13 -8 -2 12 -5 -4 -1 -3
right_child=2 6 3 10 5 -7 7 -9 -10 -11 -12 -13 -14 -15
leaf_value=-0.0086123138624974969 0.0075563639476194239 0.089037547821090329 -0.017788914468919236 -0.036282957274968275 -0.052352697489545193 -0.0021565052372781893 0.022772756138946977 0.08392864815149037 0.085958701391360068 0.34387518666007305 -0.087441346166724651 0.017622344077034814 -0.059925066265858924 -0.01063939039384203
leaf_weight=7722 40963 168 5482 3402 5440 39518 10628 2465 825 33 1722 2752 809 4477
leaf_count=7722 40963 168 5482 3402 5440 39518 10628 2465 825 33 1722 2752 809 4477
internal_value=1.45604e-11 0.0118851 -0.00312278 -0.0241826 0.000120211 -0.00823034 0.0234659 0.0342865 0.00910422 -0.0121013 -0.0534755 -0.00595362 -0.0134783 -0.00703428
internal_weight=126406 26302 100104 13358 86746 44958 17738 13093 41788 8564 5124 8234 8531 4645
internal_count=126406 26302 100104 13358 86746 44958 17738 13093 41788 8564 5124 8234 8531 4645
is_linear=0
shrinkage=0.01


Tree=440
num_leaves=15
num_cat=0
split_feature=8 7 10 44 1 46 20 11 45 7 28 7 18 24
split_gain=46484.1 52968.9 102892 110870 95269.5 108133 75647.3 26097.6 26888.8 23689.3 20356 8656.95 9955.15 6592.93
threshold=0.91597561503675362 1006.3000500000002 0.25000000000000011 1.0000000180025095e-35 -119.7866065258789 1.0000000180025095e-35 152.92775393419171 -0.5 1.0000000180025095e-35 1015.9599000000002 52.864350091536416 999.10023000000012 9.3941338451997307 10.161728882234405
decision_type=2 2 2 2 2 2 2 2 2 2 2 2 2 2
left_child=1 2 6 -4 9 -6 -1 11 10 -3 -9 12 -2 -13
right_child=7 4 3 -5 5 -7 -8 8 -10 -11 -12 13 -14 -15
leaf_value=0.0039661595414980516 0.05057589762636578 -0.010126561596433584 -0.0058345414519582429 -0.054854166563657783 0.042800871358915658 -0.0039680778199569292 0.14711227925732151 -0.043521574389632688 0.015126909535315787 0.019516978740972937 -0.013276077676487403 0.0044886848869855854 -0.016194142554493914 -0.023137504644201182
leaf_weight=48645 682 15532 14703 6724 13658 7748 372 5479 1447 3262 3747 2832 332 1243
leaf_count=48645 682 15532 14703 6724 13658 7748 372 5479 1447 3262 3747 2832 332 1243
internal_value=-2.38176e-11 0.00228881 -0.00293801 -0.0212174 0.011448 0.0258726 0.00505252 -0.0160667 -0.0249519 -0.00498145 -0.0312378 0.00256796 0.0287143 -0.00393815
internal_weight=126406 110644 70444 21427 40200 21406 49017 15762 10673 18794 9226 5089 1014 4075
internal_count=126406 110644 70444 21427 40200 21406 49017 15762 10673 18794 9226 5089 1014 4075
is_linear=0
shrinkage=0.01


Tree=441
num_leaves=14
num_cat=0
split_feature=7 31 35 6 17 38 7 25 11 11 13 14 19
split_gain=46168.2 47799.6 49377.9 49863.7 34961.6 32982.7 31445.8 17048.6 14418.1 7311.92 7636.48 6518.6 1344.72
threshold=992.71127500000011 59.775285171102674 56.962610899873262 5.3999998000000007 0.01694730851885733 59.775285171102674 1012.77372 80.25021203397641 1.0000000180025095e-35 -0.68301270189221952 6.42275347465299 -6.7659623757233378 3.5847422573996597
decision_type=2 2 2 2 2 2 2 2 2 2 2 2 2
left_child=7 2 6 -4 5 -3 -2 9 -6 12 -11 -9 -1
right_child=1 4 3 -5 8 -7 -8 11 -10 10 -12 -13 -14
leaf_value=0.1054622785449028 0.0030074763615456765 0.0024727364029374218 0.0044133000806140235 -0.015137708728475014 -0.01424028109604141 0.026533730643154604 0.034927532803005444 -0.18316051055703844 -0.093135187678250853 -0.074816253777153008 -0.2128047032395135 -0.40947357559204101 -0.0066547508343406349
leaf_weight=20 40045 10474 19592 39038 577 12492 3344 35 387 313 46 20 23
leaf_count=20 40045 10474 19592 39038 577 12492 3344 35 387 313 46 20 23
internal_value=1.77116e-13 0.000364039 -0.00261959 -0.00860448 0.0130839 0.0155603 0.00546756 -0.100329 -0.0459128 -0.0777371 -0.0924972 -0.265456 0.0454927
internal_weight=126406 125949 102019 58630 23930 22966 43389 457 964 402 359 55 43
internal_count=126406 125949 102019 58630 23930 22966 43389 457 964 402 359 55 43
is_linear=0
shrinkage=0.01


Tree=442
num_leaves=15
num_cat=0
split_feature=5 0 18 28 26 0 11 13 14 8 47 2 44 40
split_gain=46229.8 57943.7 71639.9 52407.5 49022.1 91652.8 68633.4 52409.3 57028.5 41265.7 39137.3 38805.3 31769.6 21317.5
threshold=1.5000000000000002 36.742692288818368 0.16520562541498177 122.71345267818776 37.698913730712952 36.742692288818368 0.6830127018922193 1.0549740469210389 1.8221189111459879 0.12940952255126045 1.0000000180025095e-35 19.525000000000002 1.0000000180025095e-35 86.599618816516056
decision_type=2 2 2 2 2 2 2 2 2 2 2 2 2 2
left_child=4 9 13 -4 7 -6 -7 12 -9 10 -2 -11 -1 -3
right_child=1 2 3 -5 5 6 -8 8 -10 11 -12 -13 -14 -15
leaf_value=0.012640451153683079 0.003278252500760971 0.055182194511262717 -0.020405297002831432 0.21485717543606697 -0.090660150654407023 0.30760101718443311 -0.059359812904983315 -0.0079547769626526696 0.030881698563715289 -0.014964695920638413 0.031642228444934029 0.024635761261985967 0.044425193859299508 -0.030321951447214401
leaf_weight=17574 18370 1747 28698 95 144 213 67 25411 4442 15918 6617 2930 3830 350
leaf_count=17574 18370 1747 28698 95 144 213 67 25411 4442 15918 6617 2930 3830 350
internal_value=1.22811e-12 -0.00502932 -0.0155192 -0.0196291 0.00727185 0.114356 0.219793 0.00638604 -0.00217607 0.00236279 0.0107895 -0.00880864 0.018328 0.0409111
internal_weight=126406 74725 30890 28793 51681 424 280 51257 29853 43835 24987 18848 21404 2097
internal_count=126406 74725 30890 28793 51681 424 280 51257 29853 43835 24987 18848 21404 2097
is_linear=0
shrinkage=0.01


Tree=443
num_leaves=15
num_cat=0
split_feature=25 39 2 9 17 9 11 11 24 19 8 12 40 25
split_gain=45811.3 52320.1 51911.6 67328.9 64400.4 46497.4 51733.4 29173.5 51693.8 32431.5 26977 15021 11398.5 11337.7
threshold=22.640027226212272 34.422222222222224 27.725000000000005 0.25881904510252057 0.012475239838596228 -0.37940952255126015 0.6830127018922193 0.93301270189221952 2.1234347468135608 0.03433673871392174 0.12940952255126045 1.0000000180025095e-35 63.692490494296585 13.899013636577008
decision_type=2 2 2 2 2 2 2 2 2 2 2 2 2 2
left_child=7 5 4 -4 -3 6 -2 11 -9 -10 -7 13 -13 -1
right_child=1 2 3 -5 -6 10 -8 8 9 -11 -12 12 -14 -15
leaf_value=-0.063345307615706642 0.012569739161877263 -0.00018683711293032986 -0.020437965942708337 0.028106762906042238 -0.021955422427551202 0.020024188899584034 0.063014285380091031 -0.39308332443237304 0.32240787293910983 0.047054258168272273 -0.017547071844580507 -0.052484427231226462 -0.13350930070886835 -0.018794396598349361
leaf_weight=708 4664 73718 3825 11290 16662 3652 3604 24 50 296 4009 718 229 2957
leaf_count=708 4664 73718 3825 11290 16662 3652 3604 24 50 296 4009 718 229 2957
internal_value=-1.08579e-11 0.00121942 -0.00133129 0.015822 -0.00419998 0.0181123 0.0345584 -0.0297203 0.0557147 0.0868452 0.000363155 -0.0365744 -0.0720776 -0.0274007
internal_weight=126406 121424 105495 15115 90380 15929 8268 4982 370 346 7661 4612 947 3665
internal_count=126406 121424 105495 15115 90380 15929 8268 4982 370 346 7661 4612 947 3665
is_linear=0
shrinkage=0.01


Tree=444
num_leaves=15
num_cat=0
split_feature=31 6 1 11 10 39 2 23 32 0 9 11 11 44
split_gain=45556.7 45875.8 47499 108986 70265.8 43272.3 33624.9 31943.8 25110.5 22255 16434.4 16354.6 15150.8 13606.7
threshold=23.923611111111118 17.101420000000005 -118.21337597412109 -0.5 0.25000000000000011 58.286931418110136 24.725000000000005 61.844059522133044 66.855133079847931 34.083213737060554 1.0000000180025095e-35 0.6830127018922193 0.25000000000000017 1.0000000180025095e-35
decision_type=2 2 2 2 2 2 2 2 2 2 2 2 2 2
left_child=5 2 4 -4 -2 10 7 -3 -7 -8 11 -1 -12 -10
right_child=1 6 3 -5 -6 8 9 -9 13 -11 12 -13 -14 -15
leaf_value=-0.0066321153933454422 0.0078090146354265763 -0.026247749633489512 -0.017343477675533788 0.04265690590890546 -0.01105010795805556 -0.02929536942384265 0.0437946883666172 -0.096637643515065763 -0.069119768895600966 -0.014186721074134451 0.00018279775704122886 0.025156623812329106 -0.036818832489045938 -0.17129930237065191
leaf_weight=4231 58865 3989 4649 8679 29736 4616 996 769 684 1974 2115 2621 2321 161
leaf_count=4231 58865 3989 4649 8679 29736 4616 996 769 684 1974 2115 2621 2321 161
internal_value=-8.14498e-12 0.00234622 0.0041272 0.0217279 0.00147957 -0.0153609 -0.0211441 -0.0376243 -0.03847 0.00525755 -0.00418098 0.00552759 -0.0191772 -0.0885883
internal_weight=126406 109657 101929 13328 88601 16749 7728 4758 5461 2970 11288 6852 4436 845
internal_count=126406 109657 101929 13328 88601 16749 7728 4758 5461 2970 11288 6852 4436 845
is_linear=0
shrinkage=0.01


Tree=445
num_leaves=14
num_cat=0
split_feature=7 8 39 27 1 11 45 33 15 7 11 14 34
split_gain=44978.1 46037.9 49177 51115 31734.5 25114.8 26365.4 14440.4 8802.63 8590.23 7355.76 5896.53 3276.04
threshold=992.71127500000011 0.91597561503675362 37.951256865230256 150.50000000000003 -118.21337597412109 -0.5 1.0000000180025095e-35 65.162902068432587 0.15249925283701327 999.10023000000012 -0.68301270189221952 9.0000014690073513 61.824714828897349
decision_type=2 2 2 2 2 2 2 2 2 2 2 2 2
left_child=7 2 4 -4 -2 9 -7 10 -9 -3 -1 -12 -10
right_child=1 5 3 -5 -6 6 -8 8 12 -11 11 -13 -14
leaf_value=0.063025745282302037 0.012105305709949221 0.028918898563552647 -0.0012383785545627983 0.064703860468278848 0.049376397645485647 -0.030614833869965705 0.015332675078145799 -0.39038118246055786 -0.059238382629726243 -0.0037892999669342686 -0.12134295405160325 -0.035093825618977899 -0.20390843824464447
leaf_weight=37 16072 1000 90303 1191 2663 9200 1445 21 23 4075 192 135 49
leaf_count=37 16072 1000 90303 1191 2663 9200 1445 21 23 4075 192 135 49
internal_value=1.91497e-11 0.000359317 0.00264249 -0.000379992 0.017403 -0.0156503 -0.0243777 -0.0990275 -0.210237 0.00265567 -0.0706142 -0.0857355 -0.157694
internal_weight=126406 125949 110229 91494 18735 15720 10645 457 93 5075 364 327 72
internal_count=126406 125949 110229 91494 18735 15720 10645 457 93 5075 364 327 72
is_linear=0
shrinkage=0.01


Tree=446
num_leaves=15
num_cat=0
split_feature=31 6 20 39 1 15 32 13 20 11 15 19 41 41
split_gain=44687.5 44978.1 42836.8 42275.2 41406.6 37550.4 24598.6 20991.3 26635.4 13269.7 12584.8 24108.1 13783.4 12356.3
threshold=23.923611111111118 18.611846500000002 136.58040201005028 58.286931418110136 -118.21337597412109 3.2413700181947562 66.855133079847931 -8.2341453012742836 63.513941698352362 0.93301270189221952 0.052876765647565632 0.014118626289191695 31.1299112801014 43.204900718208712
decision_type=2 2 2 2 2 2 2 2 2 2 2 2 2 2
left_child=3 2 4 10 -2 -4 9 -3 -9 -5 11 -1 -12 -8
right_child=1 7 5 6 -6 -7 13 8 -10 -11 12 -13 -14 -15
leaf_value=0.25232262682914736 0.00054123113304435872 -0.0023213749594382339 0.052337777477311186 -0.036009518419859013 0.019399962113585488 0.45981516003608702 -0.12640058522012165 -0.033516060687074703 -0.12961754574273701 0.011887695055927499 0.0029415345724302607 0.021632390052922595 -0.020067573230767136 -0.049914514616862915
leaf_weight=50 89923 2035 1353 3938 13374 23 417 2625 324 678 6337 482 4419 428
leaf_count=50 89923 2035 1353 3938 13374 23 417 2625 324 678 6337 482 4419 428
internal_value=-6.58038e-12 0.00232373 0.00372124 -0.0152136 0.0029829 0.0591488 -0.038055 -0.0270264 -0.0440745 -0.0289744 -0.00416328 0.0433138 -0.00651154 -0.0876597
internal_weight=126406 109657 104673 16749 103297 1376 5461 4984 2949 4616 11288 532 10756 845
internal_count=126406 109657 104673 16749 103297 1376 5461 4984 2949 4616 11288 532 10756 845
is_linear=0
shrinkage=0.01


Tree=447
num_leaves=15
num_cat=0
split_feature=5 8 1 28 17 26 44 3 13 8 2 45 45 3
split_gain=44953 51541.3 56090.7 54794.7 48900 47763 89623 68631.9 50913.5 45129.1 44502.1 41940.2 28475.9 16595.2
threshold=1.5000000000000002 0.37940952255126054 -118.21337597412109 103.1418356038749 0.0083147365248462807 37.698913730712952 1.0000000180025095e-35 46.999586000000008 1.0549740469210389 -0.78656609248549303 19.325000000000006 1.0000000180025095e-35 1.0000000180025095e-35 51.001308500000007
decision_type=2 2 2 2 2 2 2 2 2 2 2 2 2 2
left_child=5 2 3 -2 -4 8 13 -8 11 -10 12 -1 -3 -7
right_child=1 10 4 -5 -6 6 7 -9 9 -11 -12 -13 -14 -15
leaf_value=0.022163808401663758 -0.0049023509760020689 -0.026012624215823232 0.048161316445407679 0.090434243009346563 -0.0032276714939398002 -0.18453818389662988 0.3284322002089472 -0.00309676860107426 -0.031667247346751873 0.0029774990974502503 0.013700092888790092 -0.02975798291995925 0.0098914944935576572 0.031863193062562793
leaf_weight=19715 40384 19510 4325 612 3238 81 186 94 4412 25441 4165 1689 2491 63
leaf_count=19715 40384 19510 4325 612 3238 81 186 94 4412 25441 4165 1689 2491 63
internal_value=-4.43456e-12 -0.00495938 0.00113708 -0.00347914 0.0261598 0.00717072 0.11287 0.217133 0.00629637 -0.00214268 -0.0162732 0.0180666 -0.0219475 -0.0898626
internal_weight=126406 74725 48559 40996 7563 51681 424 280 51257 29853 26166 21404 22001 144
internal_count=126406 74725 48559 40996 7563 51681 424 280 51257 29853 26166 21404 22001 144
is_linear=0
shrinkage=0.01


Tree=448
num_leaves=15
num_cat=0
split_feature=7 2 9 9 9 11 1 8 23 27 27 3 37 14
split_gain=45147.5 106732 103812 96395.2 93938.9 102928 86390 83352.4 54063.1 49879.1 39263.2 38950.6 29825.8 23994.5
threshold=1006.3000500000002 15.325000000000001 -0.12940952255126037 0.25881904510252057 -0.12940952255126037 0.25000000000000017 -119.7866065258789 0.12940952255126045 128.40500444375346 121.06783919597991 165.26537911301864 17.002483500000004 96.925855513308008 -5.4000008297239903
decision_type=2 2 2 2 2 2 2 2 2 2 2 2 2 2
left_child=1 2 9 -3 5 13 -7 12 -5 -1 -4 -9 -6 -2
right_child=4 3 10 8 7 6 -8 11 -10 -11 -12 -13 -14 -15
leaf_value=-0.008813316428757996 -0.049481670303857986 -0.01041089727739186 -0.052190820878516862 0.014422993943339027 0.016161597033306826 0.0049985384877066011 0.056245745813832779 -0.2496268823207953 0.17858963325029553 0.16980568982224584 0.39142385768890381 -0.025325912638232854 -0.030673742547730573 0.0004817175875331242
leaf_weight=14857 1125 28037 8216 28946 11729 5047 9446 78 202 158 20 10406 1538 6601
leaf_count=14857 1125 28037 8216 28946 11729 5047 9446 78 202 158 20 10406 1538 6601
internal_value=3.94851e-12 -0.00451799 -0.0225832 0.00282719 0.00790534 0.022685 0.0383996 -0.00592098 0.0155607 -0.00693374 -0.0511136 -0.0269947 0.0107321 -0.00679356
internal_weight=126406 80436 23251 57185 45970 22219 14493 23751 29148 15015 8236 10484 13267 7726
internal_count=126406 80436 23251 57185 45970 22219 14493 23751 29148 15015 8236 10484 13267 7726
is_linear=0
shrinkage=0.01


Tree=449
num_leaves=15
num_cat=0
split_feature=9 11 14 9 13 0 13 44 23 44 14 3 13 4
split_gain=44437.6 147688 64916.2 68499.5 60574.5 117668 53116.4 59990.7 47131.3 28923 27421.8 31619.6 21978.6 16937.2
threshold=-0.78656609248549325 0.6830127018922193 5.0668913991695517 0.1294095225512602 0.69533046434943835 34.083213737060554 -3.2399905576626313 1.0000000180025095e-35 110.41223969445879 1.0000000180025095e-35 -9.7015851292070021 64.99939000000002 3.5943382330328025e-16 0.35000000000000003
decision_type=2 2 2 2 2 2 2 2 2 2 2 2 2 2
left_child=1 10 4 12 8 -6 13 -8 -2 -5 -1 -12 -4 -3
right_child=2 6 3 9 5 -7 7 -9 -10 -11 11 -13 -14 -15
leaf_value=-0.048926339168101553 0.0072812847884161968 -0.028743509930098023 -0.017272521995243456 -0.035363480772944302 -0.05153923334161771 -0.0019331331580230661 0.040744786486639366 0.10848491858069766 0.083622244185372965 -0.085660515477649357 0.022123543930551114 -0.0081145425117762956 0.017362165883826303 0.068631733085857627
leaf_weight=1228 40963 989 5482 3402 5440 39518 4292 1880 825 1722 4714 12981 2752 218
leaf_count=1228 40963 989 5482 3402 5440 39518 4292 1880 825 1722 4714 12981 2752 218
internal_value=2.12411e-11 0.0115671 -0.00303921 -0.0235605 0.000120866 -0.00793556 0.0495138 0.0613785 0.00878845 -0.0522666 -0.00323025 -5.90274e-05 -0.00569678 -0.0111563
internal_weight=126406 26302 100104 13358 86746 44958 7379 6172 41788 5124 18923 17695 8234 1207
internal_count=126406 26302 100104 13358 86746 44958 7379 6172 41788 5124 18923 17695 8234 1207
is_linear=0
shrinkage=0.01


Tree=450
num_leaves=15
num_cat=0
split_feature=25 39 2 9 6 9 28 8 35 23 41 34 15 6
split_gain=44069.9 50356.5 49557.6 65193.4 61188.3 44203.5 30961.4 25650.4 24508.2 17089.1 17382 14693 9242.03 8210.62
threshold=22.640027226212272 34.422222222222224 27.725000000000005 0.25881904510252057 6.0038972000000008 -0.37940952255126015 70.37845098363367 0.12940952255126045 23.923611111111118 13.435003631082063 47.777777777777786 1.0000000180025095e-35 0.081990198154681601 16.924786500000003
decision_type=2 2 2 2 2 2 2 2 2 2 2 2 2 2
left_child=8 5 4 -4 -3 6 -2 -7 11 12 -11 -1 -10 -13
right_child=1 2 3 -5 -6 7 -8 -9 9 10 -12 13 -14 -15
leaf_value=0.23090659173205497 0.029412341437416025 0.0058688201869686501 -0.020226818519576875 0.027541850939341073 -0.010894243982151861 0.01963461374805105 0.11907030190693008 -0.017001243531932771 -0.15013265670173698 -0.021560087363387447 -0.11177707790405206 0.0019086900045102537 -0.063116068038112774 0.11257482354705399
leaf_weight=32 7863 36582 3825 11290 53798 3652 405 4009 144 2988 230 713 801 74
leaf_count=32 7863 36582 3825 11290 53798 3652 405 4009 144 2988 230 713 801 74
internal_value=-1.97258e-11 0.00119601 -0.00130637 0.0154535 -0.00410926 0.0177689 0.0338042 0.000463076 -0.0291499 -0.0389876 -0.0280082 0.0208552 -0.0763757 0.0123144
internal_weight=126406 121424 105495 15115 90380 15929 8268 7661 4982 4163 3218 819 945 787
internal_count=126406 121424 105495 15115 90380 15929 8268 7661 4982 4163 3218 819 945 787
is_linear=0
shrinkage=0.01


Tree=451
num_leaves=15
num_cat=0
split_feature=5 0 16 25 26 10 13 16 23 23 8 8 2 31
split_gain=43606.6 55366.2 72003.4 60410.7 46668 148900 49266.9 39395.1 39554.6 37276.6 36223.3 33651.4 32824 28113.9
threshold=1.5000000000000002 36.742692288818368 0.21375782999999957 61.940642163075637 37.698913730712952 -0.6830127018922193 7.2166493188955796 4.7087218175000016 75.553157162614482 11.396604938271606 0.12940952255126045 -0.78656609248549303 34.875000000000007 47.777777777777786
decision_type=2 2 2 2 2 2 2 2 2 2 2 2 2 2
left_child=4 7 9 -4 6 13 11 10 -9 -3 -2 -1 -8 -6
right_child=1 2 3 -5 5 -7 12 8 -10 -11 -12 -13 -14 -15
leaf_value=-0.005706733762234544 0.0071217829458584013 -0.24998206807345882 -0.012286873472927971 -0.050450286262329024 0.012329127788543701 -0.088666810626822593 -0.015894781231114707 0.0083890592098919622 0.055352575193587196 0.055223951180973008 -0.016710430669709231 0.016740020156475268 0.043112500372806166 0.33224732686679082
leaf_weight=8578 11906 41 24172 5007 32 198 11487 16177 2017 1670 13735 30165 1027 194
leaf_count=8578 11906 41 24172 5007 32 198 11487 16177 2017 1670 13735 30165 1027 194
internal_value=-8.12537e-12 -0.00488455 -0.0151385 -0.0188356 0.00706252 0.111544 0.00619825 0.00234128 0.0135955 0.0479104 -0.00564431 0.0117701 -0.0110522 0.286949
internal_weight=126406 74725 30890 29179 51681 424 51257 43835 18194 1711 25641 38743 12514 226
internal_count=126406 74725 30890 29179 51681 424 51257 43835 18194 1711 25641 38743 12514 226
is_linear=0
shrinkage=0.01


Tree=452
num_leaves=15
num_cat=0
split_feature=7 10 0 9 11 1 8 11 20 10 8 23 3 3
split_gain=44380.1 101150 99756.2 90496.2 99711.5 84026.7 80949.7 69522.9 63863.5 55781 52837.6 47813.8 45071.9 38147.2
threshold=1006.3000500000002 0.25000000000000011 36.742692288818368 -0.12940952255126037 0.25000000000000017 -119.7866065258789 0.12940952255126045 0.25000000000000017 136.58040201005028 0.68301270189221941 -0.78656609248549303 57.225026991503547 12.997539000000002 17.002483500000004
decision_type=2 2 2 2 2 2 2 2 2 2 2 2 2 2
left_child=1 8 7 4 -2 -6 9 -3 10 -5 -1 -4 -10 -8
right_child=3 2 11 6 5 -7 13 -9 12 -11 -12 -13 -14 -15
leaf_value=-0.018152615273962933 -0.0066701286712949727 0.0052590121024156658 -0.040089580587604763 -0.0022597164691075338 0.0048702511447481812 0.05541164771374444 -0.24682479814841199 -0.043035785638112438 0.43746634874794937 0.043175039044791509 0.0065367316941585124 -0.11128820427913119 0.078852504546114477 -0.024849011699509128
leaf_weight=10764 7726 12008 7400 9489 5047 9446 78 3965 37 3778 44517 1081 664 10406
leaf_count=10764 7726 12008 7400 9489 5047 9446 78 3965 37 3778 44517 1081 664 10406
internal_value=-2.44269e-12 -0.00447942 -0.0214465 0.00783787 0.0223442 0.0378113 -0.00573274 -0.00672927 0.00293211 0.0106786 0.00172936 -0.0491647 0.0977808 -0.0265005
internal_weight=126406 80436 24454 45970 22219 14493 23751 15973 55982 13267 55281 8481 701 10484
internal_count=126406 80436 24454 45970 22219 14493 23751 15973 55982 13267 55281 8481 701 10484
is_linear=0
shrinkage=0.01


Tree=453
num_leaves=15
num_cat=0
split_feature=7 10 9 11 20 10 9 13 11 47 3 4 42 47
split_gain=43496.9 99136.9 88695.4 98049.7 62592.6 52278 49471.3 49359.3 48259 45648.8 44175 36120.2 34483.3 29561.7
threshold=1006.3000500000002 0.25000000000000011 -0.12940952255126037 0.6830127018922193 136.58040201005028 0.68301270189221941 0.78656609248549303 -2.8729692039356158 0.25000000000000017 1.0000000180025095e-35 12.997539000000002 1.0000000180025095e-35 1.0000000180025095e-35 1.0000000180025095e-35
decision_type=2 2 2 2 2 2 2 2 2 2 2 2 2 2
left_child=1 4 3 13 6 -4 -1 -5 12 -7 -6 -10 -3 -2
right_child=2 8 5 7 10 9 -8 -9 11 -11 -12 -13 -14 -15
leaf_value=-0.0033570085701976103 -0.0037620449977440744 0.0056838312315723579 -0.014880691854239103 -0.0040040816364323561 0.43309168599747322 0.0071783734480883599 0.019366289602970078 0.053312125817234948 -0.060895558705642901 0.080767732468253417 0.078063977970236759 -0.0091429717274756767 -0.02315238331465011 0.049054565205193058
leaf_weight=42949 10243 6426 17149 1804 37 5610 12332 8990 4388 992 664 1947 11693 1182
leaf_count=42949 10243 6426 17149 1804 37 5610 12332 8990 4388 992 664 1947 11693 1182
internal_value=-1.6391e-11 -0.00443463 0.00775949 0.0221207 0.00290279 -0.00567541 0.00171207 0.0437329 -0.021232 0.0182357 0.096803 -0.0449899 -0.0129255 0.00170222
internal_weight=126406 80436 45970 22219 55982 23751 55281 10794 24454 6602 701 6335 18119 11425
internal_count=126406 80436 45970 22219 55982 23751 55281 10794 24454 6602 701 6335 18119 11425
is_linear=0
shrinkage=0.01


Tree=454
num_leaves=14
num_cat=0
split_feature=7 31 35 0 0 7 7 23 23 11 14 26 19
split_gain=43363.6 45064.7 46008.6 48779.3 33278.4 39352.1 30578.1 26789.6 15178.1 6986.03 7766.06 6187.97 1337.79
threshold=992.71127500000011 60.694761301225192 56.962610899873262 35.400001525878913 37.042691525878915 1002.8996150000002 1011.6009500000001 73.774028305872434 79.707718195965057 -0.68301270189221952 9.0000014690073513 16.699653258745141 3.5847422573996597
decision_type=2 2 2 2 2 2 2 2 2 2 2 2 2
left_child=8 2 6 -4 5 -3 -2 -6 9 12 -11 -10 -1
right_child=1 4 3 -5 7 -7 -8 -9 11 10 -12 -13 -14
leaf_value=0.104349715590477 0.0025199064083400407 -0.00044175279477026735 0.0027857497560622091 -0.015591746987302446 -0.024360639947908859 0.027707530477031544 0.029865193786866469 -0.23858731385503634 -0.39335682296752927 -0.12840883083728163 -0.03351303321723309 -0.17285788135869162 -0.0074778780729874315
leaf_weight=20 39388 8248 24349 35502 1356 12482 4563 61 20 215 144 35 23
leaf_count=20 39388 8248 24349 35502 1356 12482 4563 61 20 215 144 35 23
internal_value=1.56066e-11 0.000352809 -0.00241016 -0.00811529 0.0133027 0.0165076 0.0053589 -0.0335828 -0.097234 -0.0759173 -0.0903448 -0.253039 0.044535
internal_weight=126406 125949 103802 59851 22147 20730 43951 1417 457 402 359 55 43
internal_count=126406 125949 103802 59851 22147 20730 43951 1417 457 402 359 55 43
is_linear=0
shrinkage=0.01


Tree=455
num_leaves=15
num_cat=0
split_feature=31 6 47 7 10 39 2 22 32 46 9 36 44 28
split_gain=42883.3 43554.6 43302.5 81626.6 65128.5 41211.1 31327.8 31523.2 24071.3 21249.9 15173.5 14660 13213.7 11819.3
threshold=23.923611111111118 17.101420000000005 1.0000000180025095e-35 1006.4001350000001 0.25000000000000011 58.286931418110136 24.725000000000005 57.91216730038024 66.855133079847931 1.0000000180025095e-35 -0.12940952255126037 29.463244613434728 1.0000000180025095e-35 59.211026615969594
decision_type=2 2 2 2 2 2 2 2 2 2 2 2 2 2
left_child=5 2 4 -4 -2 10 7 -3 13 -8 11 -1 -10 -7
right_child=1 6 3 -5 -6 8 9 -9 12 -11 -12 -13 -14 -15
leaf_value=0.016699162386264149 0.0075773814754052336 -0.019697414584780235 0.0057822355468237019 0.061552364121735148 -0.010579243656257621 -0.022046895411113897 -0.014128227572776793 -0.075904333600996771 -0.067340261662019452 0.042528703469150962 -0.016911137086149556 -0.016382770460482719 -0.16803335576879314 -0.068320242417787377
leaf_weight=4308 58865 3334 9735 3593 29736 3975 1974 1424 684 996 5036 1944 161 641
leaf_count=4308 58865 3334 9735 3593 29736 3975 1974 1424 684 996 5036 1944 161 641
internal_value=1.52314e-12 0.00227634 0.00401167 0.0208169 0.00148371 -0.0149034 -0.020612 -0.0365193 -0.0374554 0.00487187 -0.00399297 0.00641265 -0.0865256 -0.0284726
internal_weight=126406 109657 101929 13328 88601 16749 7728 4758 5461 2970 11288 6252 845 4616
internal_count=126406 109657 101929 13328 88601 16749 7728 4758 5461 2970 11288 6252 845 4616
is_linear=0
shrinkage=0.01


Tree=456
num_leaves=14
num_cat=0
split_feature=7 25 39 2 0 11 24 25 12 11 13 18 2
split_gain=42407.8 41660.4 49529.2 48074.8 30853.5 27884.6 50467.2 16420.9 14746.1 6719.54 7309.88 5913.92 1642.11
threshold=992.71127500000011 22.640027226212272 34.422222222222224 31.325000000000006 34.083213737060554 0.93301270189221952 2.1234347468135608 80.25021203397641 1.0000000180025095e-35 -0.68301270189221952 6.42275347465299 6.3524349668345312 30.925000000000001
decision_type=2 2 2 2 2 2 2 2 2 2 2 2 2
left_child=7 5 4 -4 -3 8 -7 9 -2 12 -11 -9 -1
right_child=1 2 3 -5 -6 6 -8 11 -10 10 -12 -13 -14
leaf_value=0.11041812205314637 -0.025693581649789105 -0.0025046067795265409 -0.0029462262401382228 0.022190369623938992 0.027485736272714157 -0.38802987178166709 0.086170280025464438 -0.39539038372039798 -0.07005418536088516 -0.07083507341436876 -0.20584052159734395 -0.1798295102119446 -0.013477581635765408
leaf_weight=20 3634 5020 96891 8257 10833 24 346 20 944 313 46 35 23
leaf_count=20 3634 5020 96891 8257 10833 24 346 20 944 313 46 35 23
internal_value=-6.40633e-12 0.000348899 0.00151191 -0.000972314 0.017989 -0.028092 0.0554114 -0.0961565 -0.0348409 -0.0739842 -0.0881338 -0.258215 0.0441483
internal_weight=126406 125949 121001 105148 15853 4948 370 457 4578 402 359 55 43
internal_count=126406 125949 121001 105148 15853 4948 370 457 4578 402 359 55 43
is_linear=0
shrinkage=0.01


Tree=457
num_leaves=15
num_cat=0
split_feature=7 10 44 9 8 20 47 3 44 10 8 3 15 3
split_gain=42383.9 95572.2 124699 86766.6 79326.6 61238.2 59433.8 94659.2 85684.9 54088.6 51485.6 43258.3 41846.6 37433.9
threshold=1006.3000500000002 0.25000000000000011 1.0000000180025095e-35 -0.12940952255126037 0.12940952255126045 136.58040201005028 1.0000000180025095e-35 75.831030000000013 1.0000000180025095e-35 0.68301270189221941 -0.78656609248549303 12.997539000000002 0.36717583394355541 17.002483500000004
decision_type=2 2 2 2 2 2 2 2 2 2 2 2 2 2
left_child=1 5 12 6 9 10 8 -8 -2 -5 -1 -7 -3 -6
right_child=3 2 -4 4 13 11 7 -9 -10 -11 -12 -13 -14 -15
leaf_value=-0.017976957958697987 0.0036754179802541199 -0.013603049510271078 -0.054198712677001493 -0.0021230043921917218 -0.24444174492970491 0.42848684333466197 0.13017747231428736 0.0046729359776098408 0.050788219178700647 0.042617199644340367 0.0063944692243638555 0.077161884398132291 0.025511822702982592 -0.024550970504108271
leaf_weight=10764 14561 13318 7694 9489 78 37 1229 1176 5253 3778 44517 664 3442 10406
leaf_count=10764 14561 13318 7694 9489 78 37 1229 1176 5253 3778 44517 664 3442 10406
internal_value=-3.04562e-12 -0.00437752 -0.0208701 0.00765957 -0.00562845 0.00282677 0.0218638 0.0688081 0.0161658 0.0106175 0.001649 0.0957054 -0.00557003 -0.0261869
internal_weight=126406 80436 24454 45970 23751 55982 22219 2405 19814 13267 55281 701 16760 10484
internal_count=126406 80436 24454 45970 23751 55982 22219 2405 19814 13267 55281 701 16760 10484
is_linear=0
shrinkage=0.01


Tree=458
num_leaves=15
num_cat=0
split_feature=7 2 1 3 8 0 10 23 2 2 38 7 10 35
split_gain=41540.4 99313.2 81545.3 75666.7 70359.4 74098.6 70037.7 62474.6 61175.5 60251.7 57154.7 50696.8 50343.6 28261.1
threshold=1006.3000500000002 15.325000000000001 -118.21337597412109 84.737657500000012 -0.78656609248549303 35.400001525878913 0.25000000000000011 141.4332192901617 10.625000000000002 26.025000000000002 133.80332635998306 1001.2001500000001 1.0000000180025095e-35 75.256413563380931
decision_type=2 2 2 2 2 2 2 2 2 2 2 2 2 2
left_child=1 7 8 6 5 -3 -4 11 12 -6 -9 -1 -2 -10
right_child=2 4 3 -5 9 -7 -8 10 13 -11 -12 -13 -14 -15
leaf_value=-0.047158664204964049 0.039866118951301703 0.005197481942692571 0.016631033324207897 -0.020698529992742132 0.00096345634444060442 -0.043329753513316568 0.10639253062938066 0.27380926911158837 9.5239305550423139e-06 0.026233504236975937 -0.22678150717701231 -0.013968586708001027 0.0030110197978306667 -0.023552011226001601
leaf_weight=6345 6559 6552 1471 1248 31019 6054 2125 123 19105 13560 28 16755 8522 6940
leaf_count=6345 6559 6552 1471 1248 31019 6054 2125 123 19105 13560 28 16755 8522 6940
internal_value=6.54336e-12 -0.00433375 0.00758298 0.0463907 0.00275155 -0.0181076 0.0696742 -0.0217598 0.00301203 0.00865008 0.180984 -0.0230851 0.01904 -0.00626873
internal_weight=126406 80436 45970 4844 57185 12606 3596 23251 41126 44579 151 23100 15081 26045
internal_count=126406 80436 45970 4844 57185 12606 3596 23251 41126 44579 151 23100 15081 26045
is_linear=0
shrinkage=0.01


Tree=459
num_leaves=15
num_cat=0
split_feature=9 11 2 9 17 8 35 12 20 23 40 26 43 5
split_gain=41903.1 139261 56946.4 84638.1 45102.3 53961.7 43203.7 41285.8 49922.9 36954.1 36343.7 36197.5 23518.9 22651.6
threshold=-0.78656609248549325 0.6830127018922193 25.675000000000001 0.25881904510252057 0.0067621935786427159 -1.0000000180025095e-35 54.914026193493889 1.0000000180025095e-35 69.468155893536135 128.40500444375346 75.256413563380931 41.844542972818189 1.0000000180025095e-35 1.0000000180025095e-35
decision_type=2 2 2 2 2 2 2 2 2 2 2 2 2 2
left_child=1 11 4 -4 5 -2 -6 10 -9 -5 -3 12 -1 -13
right_child=2 7 3 9 6 -7 -8 8 -10 -11 -12 13 -14 -15
leaf_value=-0.013715544415734623 0.014013726806602235 0.047495359372411283 -0.021229000569600958 0.022753711443271367 -0.0011474471817856714 -0.010489579273812714 -0.021646684679065175 0.05676858643082848 0.16770586688613906 0.20839336475840323 -0.0148097057141657 0.39520988883198921 0.0088127054381381652 0.0055602565765380868
leaf_weight=10668 17539 4036 5663 15063 16799 18433 26499 1578 546 108 1219 37 8193 25
leaf_count=10668 17539 4036 5663 15063 16799 18433 26499 1578 546 108 1219 37 8193 25
internal_value=-1.72012e-11 0.0112324 -0.00295126 0.0117609 -0.00681795 0.00145759 -0.0136933 0.0480806 0.0852864 0.0240753 0.0330425 -0.00313656 -0.00392953 0.238093
internal_weight=126406 26302 100104 20834 79270 35972 43298 7379 2124 15171 5255 18923 18861 62
internal_count=126406 26302 100104 20834 79270 35972 43298 7379 2124 15171 5255 18923 18861 62
is_linear=0
shrinkage=0.01


Tree=460
num_leaves=15
num_cat=0
split_feature=5 7 1 13 26 2 42 11 46 45 7 23 41 24
split_gain=41735.2 70770.8 90811.1 57535.3 69505.4 53365.3 48078.8 45621.2 44338.4 41025.2 37447.8 31528.8 30137.9 23938.7
threshold=8.5000000000000018 1007.10008 -120.84999847412108 1.8000030386147849 41.844542972818189 24.525000000000002 1.0000000180025095e-35 0.6830127018922193 1.0000000180025095e-35 1.0000000180025095e-35 1013.2001000000001 102.9774047759842 51.559569074778217 33.48979920427454
decision_type=2 2 2 2 2 2 2 2 2 2 2 2 2 2
left_child=3 5 -3 9 8 6 -2 -6 -5 11 -4 -1 -11 -7
right_child=1 2 10 4 7 13 -8 -9 -10 12 -12 -13 -14 -15
leaf_value=0.01780657416746894 -0.0017536270010074038 -0.017096268828892772 0.0177983287090249 0.00011271997910983607 0.27661503328879677 0.017014416234535267 -0.026240570771407686 -0.19654648567239444 -0.035295612319580727 0.0066061632150014897 0.068676277379118481 0.083782902088891331 -0.064056577896645317 -0.19650917910180002
leaf_weight=26094 12118 8858 13182 27702 135 5632 23701 24 4054 1448 1625 745 1035 53
leaf_count=26094 12118 8858 13182 27702 135 5632 23701 24 4054 1448 1625 745 1035 53
internal_value=1.05714e-11 -0.00556998 0.00823063 0.00592763 -0.00336331 -0.0134389 -0.0179563 0.205194 -0.00440754 0.0160402 0.0233819 0.019638 -0.0228485 0.0150238
internal_weight=126406 65169 23665 61237 31915 41504 35819 159 31756 29322 14807 26839 2483 5685
internal_count=126406 65169 23665 61237 31915 41504 35819 159 31756 29322 14807 26839 2483 5685
is_linear=0
shrinkage=0.01


Tree=461
num_leaves=15
num_cat=0
split_feature=31 6 47 3 10 28 2 23 0 31 2 36 40 25
split_gain=41591.7 42541.3 40928.3 66713.1 61568.3 31100.1 29419.6 30964.8 20597.3 17677.2 16138.8 27222.6 21216.9 13036.7
threshold=23.923611111111118 17.101420000000005 1.0000000180025095e-35 72.962955000000008 0.25000000000000011 57.336079425433049 24.725000000000005 61.844059522133044 34.083213737060554 14.02777777777778 12.725000000000001 27.246092099704274 66.859790874524734 74.621055492809319
decision_type=2 2 2 2 2 2 2 2 2 2 2 2 2 2
left_child=5 2 4 -4 -2 10 7 -3 -8 13 11 -1 -12 -7
right_child=1 6 3 -5 -6 9 8 -9 -10 -11 12 -13 -14 -15
leaf_value=0.018488640812338388 0.0074239151781103742 -0.024593065537871977 0.042091071323823906 -0.0026700830885585114 -0.01022947004184969 -0.07073082051903945 0.041390999541645289 -0.093895975783363145 -0.014389243472479342 -0.032729526579484157 -0.0058358288418536046 -0.023410397014072885 -0.040153028380204174 -0.18628341291517023
leaf_weight=4073 58865 3989 6838 6490 29736 446 996 769 1974 1941 4762 2504 2898 125
leaf_count=4073 58865 3989 6838 6490 29736 446 996 769 1974 1941 4762 2504 2898 125
internal_value=3.49212e-12 0.00224179 0.00395682 0.0202949 0.00149914 -0.0146772 -0.0203787 -0.035794 0.00431686 -0.0471176 -0.00895337 0.00253681 -0.018819 -0.0960269
internal_weight=126406 109657 101929 13328 88601 16749 7728 4758 2970 2512 14237 6577 7660 571
internal_count=126406 109657 101929 13328 88601 16749 7728 4758 2970 2512 14237 6577 7660 571
is_linear=0
shrinkage=0.01


Tree=462
num_leaves=15
num_cat=0
split_feature=9 10 2 2 9 6 25 35 47 12 21 39 3 3
split_gain=41360.4 60767.5 102015 54871.8 67452.6 36693.8 33159 33071.7 39470.4 30274.3 27195.9 26825.6 25475 17646.6
threshold=-0.78656609248549325 1.0000000180025095e-35 11.225000000000001 27.725000000000005 0.25881904510252057 18.444510500000003 133.23489760367167 83.260752431358341 1.0000000180025095e-35 1.0000000180025095e-35 162.95207439198859 49.469696969696976 35.720123500000007 58.999117000000005
decision_type=2 2 2 2 2 2 2 2 2 2 2 2 2 2
left_child=1 2 9 5 -5 6 -2 8 -3 -1 -6 -7 -4 -9
right_child=3 7 12 4 10 11 -8 13 -10 -11 -12 -13 -14 -15
leaf_value=0.049663879426148617 -0.0049001720052819411 -0.0061154930174387003 0.050823490689162004 -0.022282189324458003 0.025194516179145969 0.00086731622681224675 0.10334711389170148 0.069069753821801264 0.052313136879562454 0.10949560865603061 0.30842186724438386 -0.04972907383329548 0.0024841141474739831 -0.049084924027588815
leaf_weight=2935 79373 8235 1236 3825 11836 1560 284 135 1345 1188 34 3192 9243 1985
leaf_count=2935 79373 8235 1236 3825 11836 1560 284 135 1345 1188 34 3192 9243 1985
internal_value=-1.8542e-11 0.0111594 0.0247653 -0.00293209 0.0142376 -0.00612462 -0.00451424 -0.00582129 0.00208769 0.0669038 0.0260058 -0.0331191 0.00818575 -0.0415609
internal_weight=126406 26302 14602 100104 15695 84409 79657 11700 9580 4123 11870 4752 10479 2120
internal_count=126406 26302 14602 100104 15695 84409 79657 11700 9580 4123 11870 4752 10479 2120
is_linear=0
shrinkage=0.01


Tree=463
num_leaves=15
num_cat=0
split_feature=7 31 35 17 17 38 7 23 26 6 13 18 32 11
split_gain=40931.1 43223.4 45618.3 43095 33915.7 36003.5 29102.8 14799 13804.4 9190.72 6550.64 6281.66 2818.83 2648.12
threshold=992.71127500000011 59.385509083227724 56.962610899873262 0.0053481647849156402 0.01694730851885733 59.775285171102674 1012.77372 48.323170445477167 14.065973986080449 6.9899357000000011 5.7275649276110352 6.0631249831016119 18.333333333333336 0.25000000000000017
decision_type=2 2 2 2 2 2 2 2 2 2 2 2 2 2
left_child=7 2 6 -4 5 -3 -2 11 -6 -9 -11 13 -13 -1
right_child=1 4 3 -5 8 -7 -8 9 -10 10 -12 12 -14 -15
leaf_value=-0.13671312422706533 0.002868511243254671 0.0013283962778494615 0.0038550583355990227 -0.014407886693506558 -0.021720948253621485 0.026077940799628153 0.033625826778591258 -0.34013705839713415 -0.10465753342488973 -0.082749362829733983 -0.20300926936137212 -0.028528856748626347 0.088033139298601848 -0.050236347752984044
leaf_weight=52 39811 10938 19373 38794 715 12705 3334 24 279 110 77 42 41 111
leaf_count=52 39811 10938 19373 38794 715 12705 3334 24 279 110 77 42 41 111
internal_value=-4.22452e-12 0.000342771 -0.00254608 -0.00832526 0.0122223 0.014628 0.00524526 -0.0944674 -0.0449999 -0.155912 -0.132268 -0.0417649 0.02905 -0.077824
internal_weight=126406 125949 101312 58167 24637 23643 43145 457 994 211 187 246 83 163
internal_count=126406 125949 101312 58167 24637 23643 43145 457 994 211 187 246 83 163
is_linear=0
shrinkage=0.01


Tree=464
num_leaves=15
num_cat=0
split_feature=31 7 25 12 39 16 11 15 25 16 7 23 23 11
split_gain=40551.5 41295.9 40026.8 94634.9 39718.1 38512.2 19666.8 18979.4 15030.2 13846.8 13162.5 11548 7874.54 7002.96
threshold=24.459876543209884 992.71127500000011 133.23489760367167 1.0000000180025095e-35 57.030291508238285 0.3199405937499995 -0.68301270189221952 0.124902012421805 80.25021203397641 0.051000000000000031 1000.4997250000001 17.137345679012352 61.453240153968942 -0.68301270189221952
decision_type=2 2 2 2 2 2 2 2 2 2 2 2 2 2
left_child=4 8 5 -4 9 -3 12 -8 13 10 -1 -11 -6 -2
right_child=1 2 3 -5 6 -7 7 -9 -10 11 -12 -13 -14 -15
leaf_value=0.32271118116378789 0.043775180467339449 0.029949295649872486 0.021333918582805447 0.37522048642005151 -0.0081974778057235052 0.00096910711040190905 -0.0030191935896202995 -0.051136553827712372 -0.25374659874222494 -0.035003654498869649 0.052443929011268278 -0.00095328244246499223 0.060303036450845372 -0.092945216202858796
leaf_weight=20 43 4799 355 96 820 103120 1014 4279 55 1106 182 10015 211 291
leaf_count=20 43 4799 355 96 820 103120 1014 4279 55 1106 182 10015 211 291
internal_value=5.41045e-12 0.00228151 0.00265069 0.0966623 -0.014061 0.00225781 -0.0341355 -0.0419185 -0.100568 -0.00284926 0.0792031 -0.00433964 0.00582154 -0.0753435
internal_weight=126406 108759 108370 451 17647 107919 6324 5293 389 11323 202 11121 1031 334
internal_count=126406 108759 108370 451 17647 107919 6324 5293 389 11323 202 11121 1031 334
is_linear=0
shrinkage=0.01


Tree=465
num_leaves=15
num_cat=0
split_feature=5 7 0 0 25 15 26 10 13 14 7 7 0 25
split_gain=40532.6 63884.9 93564.2 84051.6 67283.1 54242.4 43582.4 143285 46781 53204.8 33250.1 31540.9 30924.2 28425.7
threshold=1.5000000000000002 1007.4002250000001 37.042691525878915 36.742692288818368 59.327002065436794 0.30427051130709731 37.698913730712952 -0.6830127018922193 1.0549740469210389 1.8221189111459879 1013.2001000000001 998.50020000000006 36.742692288818368 68.518545704629815
decision_type=2 2 2 2 2 2 2 2 2 2 2 2 2 2
left_child=6 3 10 5 -5 -2 8 11 12 -10 -3 -8 -1 -4
right_child=1 2 13 4 -6 -7 7 -9 9 -11 -12 -13 -14 -15
leaf_value=0.010043280805699802 -0.01129591013202445 0.018549094285123833 -0.014245092999169342 -0.019548936918012214 -0.069972208848183629 0.015484466404065284 0.032575953673748742 -0.088622116353174643 -0.0076970970401987982 0.029814800350959944 0.064584917862458555 0.33628505555345961 0.037286561971726868 -0.21506402192401214
leaf_weight=15737 23223 13342 9734 11963 3398 11216 42 198 25411 4442 1778 184 5667 71
leaf_count=15737 23223 13342 9734 11963 3398 11216 42 198 25411 4442 1778 184 5667 71
internal_value=2.78348e-11 -0.00470924 0.00836039 -0.0112506 -0.030703 -0.00257415 0.00680904 0.107777 0.00597383 -0.00211549 0.0239626 0.279844 0.0172563 -0.0156993
internal_weight=126406 74725 24925 49800 15361 34439 51681 424 51257 29853 15120 226 21404 9805
internal_count=126406 74725 24925 49800 15361 34439 51681 424 51257 29853 15120 226 21404 9805
is_linear=0
shrinkage=0.01


Tree=466
num_leaves=15
num_cat=0
split_feature=8 2 19 8 1 18 24 6 45 24 19 28 32 20
split_gain=40156.1 46164.7 49305.1 105279 46259.7 48626.7 42693.6 29774.7 22711.6 18299.1 18840.6 17121.1 5336.29 4525.71
threshold=0.91597561503675362 10.575000000000001 0.54975243773373428 -0.78656609248549303 -118.21337597412109 0.312 14.1209702339572 7.8043822500000006 1.0000000180025095e-35 28.593229501152901 1.7201901968069302 55.661808196028737 133.13316582914572 85.529784537389119
decision_type=2 2 2 2 2 2 2 2 2 2 2 2 2 2
left_child=1 4 7 -4 5 -1 -6 -3 9 11 -11 -2 13 -10
right_child=8 2 3 -5 6 -7 -8 -9 12 10 -12 -13 -14 -15
leaf_value=0.043703392623259153 -0.024885802666362741 -0.0043029151896611549 -0.015835122228037318 0.01282490062612947 0.10822346006388657 0.0027422909130179595 0.0126261497217221 -0.025468472520519148 0.014245370521295844 -0.10594305897549708 0.10593562260587165 0.00032524763080519478 0.11710852932557464 -0.11604878611034818
leaf_weight=3631 9355 19633 18296 42800 992 14361 883 10048 2108 392 47 3783 50 27
leaf_count=3631 9355 19633 18296 42800 992 14361 883 10048 2108 392 47 3783 50 27
internal_value=-7.89739e-12 0.00212732 -0.0008945 0.00424228 0.0159347 0.0110087 0.0632035 -0.0114682 -0.0149331 -0.0197486 -0.083259 -0.0176264 0.0149892 0.0125976
internal_weight=126406 110644 90777 61096 19867 17992 1875 29681 15762 13577 439 13138 2185 2135
internal_count=126406 110644 90777 61096 19867 17992 1875 29681 15762 13577 439 13138 2185 2135
is_linear=0
shrinkage=0.01


Tree=467
num_leaves=15
num_cat=0
split_feature=25 39 2 13 8 8 15 11 24 38 35 11 25 24
split_gain=40021.1 47069.4 45667.5 59763.5 48649.8 27367.1 31073 27271.9 49523.6 31097.5 14401 17521.8 15820.1 9842.76
threshold=22.640027226212272 40.562051119560628 27.725000000000005 9.3600005086564 -0.78656609248549303 0.91597561503675362 0.04807591837039956 0.93301270189221952 2.1234347468135608 21.504629629629637 23.923611111111118 0.6830127018922193 13.899013636577008 28.593229501152901
decision_type=2 2 2 2 2 2 2 2 2 2 2 2 2 2
left_child=7 5 3 -3 -4 6 -2 10 -9 -10 11 -1 -12 -7
right_child=1 2 4 -5 -6 13 -8 8 9 -11 12 -13 -14 -15
leaf_value=-0.020850680886975771 0.072379857088198399 -0.002110323332117693 -0.014491112515350429 -0.031664988700751774 0.02586079047787352 -0.010665604421794673 0.015174485128243494 -0.38445098956425988 0.25013484785723133 0.030771081256178709 -0.086753949440238662 0.097023751327745669 -0.032818730477819844 -0.10309649047876399
leaf_weight=515 998 75686 4179 7522 10482 2885 19552 24 86 260 652 167 3278 120
leaf_count=515 998 75686 4179 7522 10482 2885 19552 24 86 260 652 167 3278 120
internal_value=-4.59461e-12 0.00113975 -0.00191472 -0.00478206 0.0143588 0.0138308 0.0179526 -0.0277787 0.054825 0.085295 -0.0344056 0.008013 -0.0417668 -0.0143567
internal_weight=126406 121424 97869 83208 14661 23555 20550 4982 370 346 4612 682 3930 3005
internal_count=126406 121424 97869 83208 14661 23555 20550 4982 370 346 4612 682 3930 3005
is_linear=0
shrinkage=0.01


Tree=468
num_leaves=15
num_cat=0
split_feature=9 10 15 44 9 15 21 3 34 47 17 13 44 8
split_gain=39915 74363.8 77468.5 50061.6 47752.7 90263.8 48798.4 36530.8 35733.6 34322.2 29506.2 35198 30219.7 21160
threshold=-0.60355339059327384 1.0000000180025095e-35 0.13012110225061466 1.0000000180025095e-35 0.78656609248549303 0.233333329126056 123.74797062234251 13.997478500000001 70.960898174862493 1.0000000180025095e-35 0.0067621935786427159 1.4225159029954288 1.0000000180025095e-35 -1.0000000180025095e-35
decision_type=2 2 2 2 2 2 2 2 2 2 2 2 2 2
left_child=1 2 3 -1 10 13 -7 -4 9 -3 11 -2 -12 -6
right_child=4 8 7 -5 5 6 -8 -9 -10 -11 12 -13 -14 -15
leaf_value=0.026071488754944912 0.0065332778679456065 -0.0081327662025277078 0.28960058005566292 0.093206636752401942 0.0064696396265584519 0.015915515821339286 0.20000701797008513 0.010397992960153975 -0.045657154155090592 0.034502652678276818 -0.0078622927110003141 -0.017615652436476292 -0.02761529116076173 -0.039519224960097715
leaf_weight=2307 19906 12049 47 2142 1318 20714 145 15949 2097 2239 23001 8662 11677 4153
leaf_count=2307 19906 12049 47 2142 1318 20714 145 15949 2097 2239 23001 8662 11677 4153
internal_value=-8.09588e-12 0.00876354 0.0214842 0.0583941 -0.00360321 0.00771282 0.0171952 0.0112184 -0.00710914 -0.00145159 -0.0083142 -0.000788832 -0.0145136 -0.0284402
internal_weight=126406 36830 20445 4449 89576 26330 20859 15996 16385 14288 63246 28568 34678 5471
internal_count=126406 36830 20445 4449 89576 26330 20859 15996 16385 14288 63246 28568 34678 5471
is_linear=0
shrinkage=0.01


Tree=469
num_leaves=15
num_cat=0
split_feature=5 0 13 25 11 26 0 3 13 14 45 3 20 8
split_gain=39429.3 50744.6 64369.2 89078.7 82316.3 42639.7 83667.6 63831.4 45461 51900.8 40080.8 37842.4 50963.9 30405
threshold=1.5000000000000002 36.742692288818368 -2.520007497357295 63.294043092522195 0.6830127018922193 37.698913730712952 36.742692288818368 46.999586000000008 1.0549740469210389 1.8221189111459879 1.0000000180025095e-35 75.384370000000004 78.620722433460102 -1.0000000180025095e-35
decision_type=2 2 2 2 2 2 2 2 2 2 2 2 2 2
left_child=5 11 3 -3 -4 8 -7 -8 10 -10 -1 12 -2 -13
right_child=1 2 4 -5 -6 6 7 -9 9 -11 -12 13 -14 -15
leaf_value=0.021017082996445145 0.0067958441268890337 -0.024466510483640996 -0.019690476495730851 -0.11596236914542551 0.020446340084328191 -0.089295807387679824 0.31466094593487443 -0.0050635682173231812 -0.0075975620707762238 0.029451826834734171 -0.029740647728289677 0.0083669973056177769 0.06086349651887505 -0.01621666819685133
leaf_weight=19715 20317 7220 14545 1248 7877 144 186 94 25411 4442 1689 7971 1907 13640
leaf_count=19715 20317 7220 14545 1248 7877 144 186 94 25411 4442 1689 7971 1907 13640
internal_value=-1.04199e-11 -0.0046447 -0.0144614 -0.037951 -0.00559014 0.00671573 0.106586 0.207325 0.0058896 -0.00208477 0.0170118 0.00227297 0.0114353 -0.00714923
internal_weight=126406 74725 30890 8468 22422 51681 424 280 51257 29853 21404 43835 22224 21611
internal_count=126406 74725 30890 8468 22422 51681 424 280 51257 29853 21404 43835 22224 21611
is_linear=0
shrinkage=0.01


Tree=470
num_leaves=15
num_cat=0
split_feature=31 6 47 11 5 28 11 21 0 32 31 7 24 23
split_gain=39257.8 40458.1 39224.2 102727 53079.3 30225.4 29394.7 26702.1 24073.4 21324.6 17225.8 15641.5 14197.9 14028.8
threshold=23.923611111111118 17.101420000000005 1.0000000180025095e-35 -0.5 28.500000000000004 57.336079425433049 -0.5 65.000000000000014 34.083213737060554 72.798963129971796 14.02777777777778 1000.9005500000002 1.736879430673457 71.153504431277184
decision_type=2 2 2 2 2 2 2 2 2 2 2 2 2 2
left_child=5 2 4 -4 -2 9 8 -8 -3 12 -7 -12 -1 -11
right_child=1 6 3 -5 -6 10 7 -9 -10 13 11 -13 -14 -15
leaf_value=-0.14798538611616407 0.0078588184079589323 0.042677129583696169 -0.018087964076012941 0.040163889888856497 -0.0078952711355968486 -0.094521268228372327 -0.027453525694757588 -0.098762374293649868 -0.01502581608426189 -0.037919522758019436 -0.10089059956563333 -0.020333380678250676 -0.005199779159118274 -0.14548680188770621
leaf_weight=70 52527 999 4649 8679 36074 571 3494 618 2617 491 282 1659 13515 161
leaf_count=70 52527 999 4649 8679 36074 571 3494 618 2617 491 282 1659 13515 161
internal_value=-2.58588e-12 0.00217799 0.0038505 0.0198448 0.00144452 -0.0142595 -0.0198817 -0.0381707 0.000915899 -0.00861669 -0.0462404 -0.0320372 -0.00593552 -0.0644814
internal_weight=126406 109657 101929 13328 88601 16749 7728 4112 3616 14237 2512 1941 13585 652
internal_count=126406 109657 101929 13328 88601 16749 7728 4112 3616 14237 2512 1941 13585 652
is_linear=0
shrinkage=0.01


Tree=471
num_leaves=15
num_cat=0
split_feature=9 11 1 7 9 19 7 13 26 27 12 7 43 19
split_gain=39366.3 131303 48472.5 61393.5 39161.6 83572.6 38991.3 35186.2 34152.2 31019.6 35132.5 32557 22595.9 21777
threshold=-0.78656609248549325 0.6830127018922193 -119.7866065258789 1003.2004000000001 0.78656609248549303 0.72563994640573648 1007.4002250000001 13.738498535602959 41.844542972818189 152.36695278969958 1.0000000180025095e-35 1007.6001000000001 1.0000000180025095e-35 0.54247868525730625
decision_type=2 2 2 2 2 2 2 2 2 2 2 2 2 2
left_child=1 8 -3 -4 9 6 -6 -7 12 11 -11 -2 -1 -10
right_child=4 2 3 -5 5 7 -8 -9 13 10 -12 -13 -14 -15
leaf_value=-0.013427614186580113 -0.011569139928870893 0.0017098304629737501 -0.012026853059744659 0.076317253224759268 -0.041624815127268733 0.023058880368019345 0.0056800969388938324 -0.021515121022798404 -0.040339705467224124 0.002961943439813174 0.1741576929431205 0.0028809967902635627 0.0086541784913503044 0.36057842180842442
leaf_weight=10668 50774 1810 948 4621 4117 17218 3021 1974 20 297 201 22502 8193 42
leaf_count=10668 50774 1810 948 4621 4117 17218 3021 1974 20 297 201 22502 8193 42
internal_value=-4.59396e-11 0.010887 0.0466669 0.0612786 -0.00286053 0.00760908 -0.0216041 0.0184742 -0.0030653 -0.00659715 0.072059 -0.00713171 -0.00383554 0.23125
internal_weight=126406 26302 7379 5569 100104 26330 7138 19192 18923 73774 498 73276 18861 62
internal_count=126406 26302 7379 5569 100104 26330 7138 19192 18923 73774 498 73276 18861 62
is_linear=0
shrinkage=0.01


Tree=472
num_leaves=14
num_cat=0
split_feature=7 31 40 6 7 1 7 21 25 11 13 5 2
split_gain=38797.5 41094.3 42932.3 40058.1 34400.9 31546.5 37909.7 26491.4 15830.5 6198.11 7089.02 5402.84 1614.92
threshold=992.71127500000011 60.694761301225192 64.605618926911717 5.3999998000000007 1007.7002500000002 -120.84999847412108 1002.8996150000002 64.43773764258556 80.25021203397641 -0.68301270189221952 6.42275347465299 2.5000000000000004 30.925000000000001
decision_type=2 2 2 2 2 2 2 2 2 2 2 2 2
left_child=8 2 4 -4 -2 7 -7 -3 9 12 -11 -10 -1
right_child=1 5 3 -5 -6 6 -8 -9 11 10 -12 -13 -14
leaf_value=0.10897299313545228 -0.0015379175575730734 -0.0019534489095736391 0.0046245205454237192 -0.016926215207760473 0.015254960431651015 -0.00081545533685991049 0.026813126295653831 -0.093265212717816515 -0.17616854126112802 -0.066756585191090262 -0.1997068178653717 -0.38220466661453245 -0.013892723425574925
leaf_weight=20 46685 936 12431 28172 16514 8248 12482 481 35 313 46 20 23
leaf_count=20 46685 936 12431 28172 16514 8248 12482 481 35 313 46 20 23
internal_value=-2.43003e-11 0.000333718 -0.00230473 -0.0103282 0.00285009 0.0127 0.0158203 -0.0329492 -0.0919724 -0.0702025 -0.083792 -0.251091 0.0432541
internal_weight=126406 125949 103802 40603 63199 22147 20730 1417 457 402 359 55 43
internal_count=126406 125949 103802 40603 63199 22147 20730 1417 457 402 359 55 43
is_linear=0
shrinkage=0.01


Tree=473
num_leaves=15
num_cat=0
split_feature=25 39 5 14 6 9 11 11 19 39 11 25 40 36
split_gain=38615.3 45663.9 44930.8 54219.3 46790.6 40276.2 44900.6 26519.1 26733.6 23677.1 22870.4 11949.3 12495.4 11311.3
threshold=22.640027226212272 34.422222222222224 21.500000000000004 4.331597592808472 20.467828000000004 -0.37940952255126015 0.6830127018922193 0.93301270189221952 0.014118626289191695 27.708333333333339 0.25000000000000017 13.899013636577008 67.131555917677602 7.8125000000000009
decision_type=2 2 2 2 2 2 2 2 2 2 2 2 2 2
left_child=7 5 4 -4 -3 6 -2 11 -9 -10 -7 13 -13 -1
right_child=1 2 3 -5 -6 10 -8 8 9 -11 -12 12 -14 -15
leaf_value=0.063602416072285076 0.011722568295020244 0.0060913410901404013 -0.0022675709965930373 -0.026971893944027693 -0.046785255381894209 0.021058607215542598 0.058717892791778185 0.36993689918518063 0.20003586430158188 -0.0093820361021182529 -0.014056022364433134 -0.016786467185974867 -0.061641025426471305 -0.077717318291202042
leaf_weight=61 4664 57158 34668 11945 1724 3150 3604 25 67 278 4511 2974 785 792
leaf_count=61 4664 57158 34668 11945 1724 3150 3604 25 67 278 4511 2974 785 792
internal_value=1.2242e-11 0.00111956 -0.00126338 -0.00859828 0.00454317 0.0169013 0.0322077 -0.0272864 0.0541692 0.0312875 0.000382182 -0.0338212 -0.0261535 -0.0676112
internal_weight=126406 121424 105495 46613 58882 15929 8268 4982 370 345 7661 4612 3759 853
internal_count=126406 121424 105495 46613 58882 15929 8268 4982 370 345 7661 4612 3759 853
is_linear=0
shrinkage=0.01


Tree=474
num_leaves=15
num_cat=0
split_feature=8 1 10 31 8 2 20 2 20 23 5 26 33 5
split_gain=38504.5 68206.7 69894.6 86636.4 58753.8 52787.5 51789.3 44393 42508.1 39468.3 26349.3 18467.6 17580.2 17441.4
threshold=0.37940952255126054 -118.21337597412109 0.68301270189221941 52.308196028728361 -0.60355339059327362 20.375000000000004 152.92775393419171 31.125000000000004 87.37737642585553 17.137345679012352 1.5000000000000002 41.844542972818189 81.196841181632081 1.0000000180025095e-35
decision_type=2 2 2 2 2 2 2 2 2 2 2 2 2 2
left_child=1 4 8 -4 6 9 -1 -6 -3 -2 -11 12 -7 -13
right_child=5 2 3 -5 7 11 -8 -9 -10 10 -12 13 -14 -15
leaf_value=-0.01012639417488952 -0.076917653526648616 0.0044232886736267317 0.038406769855989363 0.16846342575410586 0.0055930442826696482 0.012812866290839496 0.20247028873277745 0.042675696161661676 0.073018077059535336 -6.6408920785837583e-05 -0.018022959848376277 0.28296769196682792 -0.060196967603638768 -0.063678263823191333
leaf_weight=31731 943 7202 1996 689 32693 11003 115 3582 1033 12996 22015 47 340 21
leaf_count=31731 943 7202 1996 689 32693 11003 115 3582 1033 12996 22015 47 340 21
internal_value=-1.93668e-12 0.00427242 0.0274739 0.0717807 0.000553151 -0.00712967 -0.00935868 0.0092548 0.0130278 -0.013077 -0.0113575 0.0116094 0.0106244 0.175915
internal_weight=126406 79041 10920 2685 68121 47365 31846 36275 8235 35954 35011 11411 11343 68
internal_count=126406 79041 10920 2685 68121 47365 31846 36275 8235 35954 35011 11411 11343 68
is_linear=0
shrinkage=0.01


Tree=475
num_leaves=15
num_cat=0
split_feature=7 2 9 9 9 11 44 8 27 0 27 19 44 27
split_gain=38260.7 91101.2 94295.7 85495.6 80275.6 89211.8 87242.8 75747.4 46564.4 46561.5 37072.5 30099.6 28497.7 21995.8
threshold=1006.3000500000002 15.325000000000001 -0.12940952255126037 0.25881904510252057 -0.12940952255126037 0.25000000000000017 1.0000000180025095e-35 0.12940952255126045 121.06783919597991 34.083213737060554 165.26537911301864 1.1402005398367125 1.0000000180025095e-35 75.072622300348399
decision_type=2 2 2 2 2 2 2 2 2 2 2 2 2 2
left_child=1 2 8 13 5 12 -7 11 -1 -5 -4 -6 -2 -3
right_child=4 3 10 9 7 6 -8 -9 -10 -11 -12 -13 -14 -15
leaf_value=-0.0077503109335782571 0.00092252499979271214 -0.012348940712872417 -0.049087232977010231 0.031691683018373849 0.022405342841390088 0.019771431601861924 0.073672306289220946 -0.02559319808229607 0.16483172479568967 0.0052623910200684434 0.38197408759593965 -0.0084815912524676598 -0.056170394164857584 0.021433020687172694
leaf_weight=14857 6721 25955 8216 10319 8098 10245 4248 10484 158 18829 20 5169 1005 2082
leaf_count=14857 6721 25955 8216 10319 8098 10245 4248 10484 158 18829 20 5169 1005 2082
internal_value=-1.9121e-12 -0.00415915 -0.0208492 0.00262689 0.00727747 0.0209401 0.0355702 -0.00550385 -0.00593426 0.0146189 -0.0480405 0.0103714 -0.00650414 -0.00984033
internal_weight=126406 80436 23251 57185 45970 22219 14493 23751 15015 29148 8236 13267 7726 28037
internal_count=126406 80436 23251 57185 45970 22219 14493 23751 15015 29148 8236 13267 7726 28037
is_linear=0
shrinkage=0.01


Tree=476
num_leaves=15
num_cat=0
split_feature=9 11 2 8 45 13 44 8 6 13 26 11 16 42
split_gain=37903.2 157892 61979.6 103249 61652.1 60197.2 72980.1 58025.9 57016.6 47592.4 42290.7 39652.3 33548.4 30164.4
threshold=-0.60355339059327384 0.6830127018922193 20.625000000000004 -0.78656609248549303 1.0000000180025095e-35 -3.2399905576626313 1.0000000180025095e-35 -1.0000000180025095e-35 6.3959505000000005 -5.0732009093110486 41.844542972818189 -0.24999999999999994 4.5000574320000011 1.0000000180025095e-35
decision_type=2 2 2 2 2 2 2 2 2 2 2 2 2 2
left_child=1 10 7 4 -4 -3 -7 8 -2 -5 13 -9 -12 -1
right_child=2 5 3 9 -6 6 -8 11 -10 -11 12 -13 -14 -15
leaf_value=0.0070711313396339169 0.018932001156429172 -0.012824454633948133 -0.0087413749354456789 0.038273423213846011 -0.074730801903382771 0.033239822597905748 0.096512130840375812 -0.00060854536198204454 -0.013721995192650384 0.0085306159153997838 -0.068000394475871126 -0.025482732086839929 0.34513602669610349 -0.014490466755605605
leaf_weight=11470 10619 1693 9427 7923 1666 6024 2614 8796 10771 16761 29 23613 61 14939
leaf_count=11470 10619 1693 9427 7923 1666 6024 2614 8796 10771 16761 29 23613 61 14939
internal_value=-2.16052e-12 0.00853982 -0.00351123 0.00668909 -0.018652 0.0417005 0.0523871 -0.0102946 0.00248898 0.0180774 -0.00438831 -0.0187317 0.212014 -0.0051258
internal_weight=126406 36830 89576 35777 11093 10331 8638 53799 21390 24684 26499 32409 90 26409
internal_count=126406 36830 89576 35777 11093 10331 8638 53799 21390 24684 26499 32409 90 26409
is_linear=0
shrinkage=0.01


Tree=477
num_leaves=15
num_cat=0
split_feature=9 14 3 14 13 0 9 23 26 1 13 13 23 6
split_gain=37148.9 73415.6 76133.5 71476.5 83709.9 113473 78790.5 58447.8 50136.6 48435.2 44725.9 31921.7 28909.4 20703.1
threshold=-0.60355339059327384 -1.4554127125691567 60.999690000000008 2.9013901956584665 -1.0500536277229084 34.083213737060554 0.37940952255126048 110.41223969445879 41.844542972818189 -118.21337597412109 -1.7615230958070482 -3.252691193458118 60.160329531051971 15.486799500000002
decision_type=2 2 2 2 2 2 2 2 2 2 2 2 2 2
left_child=1 8 9 4 7 -6 11 -2 13 -3 -4 -5 -8 -1
right_child=3 2 10 6 5 -7 12 -9 -10 -11 -12 -13 -14 -15
leaf_value=-0.0090436943151978727 0.0122483539708289 0.041864282811029795 -0.007334325509171743 -0.02706615429652846 -0.054570698162179972 -0.0021923905131680087 -0.038133404496439711 0.12174241340178396 0.31072157925615712 0.13239801792165518 0.022604574032392272 0.0058783414573089898 -0.088592631495331628 -0.055572176414269966
leaf_weight=10930 28496 3361 8370 4823 4644 37816 4208 496 48 717 12356 7538 1555 1048
leaf_count=10930 28496 3361 8370 4823 4644 37816 4208 496 48 717 12356 7538 1555 1048
internal_value=-6.38517e-12 0.00845442 0.0182853 -0.00347611 0.00102278 -0.00792119 -0.0212125 0.0141216 -0.0118221 0.0577821 0.010514 -0.0069759 -0.0517486 -0.0131146
internal_weight=126406 36830 24804 89576 71452 42460 18124 28992 12026 4078 20726 12361 5763 11978
internal_count=126406 36830 24804 89576 71452 42460 18124 28992 12026 4078 20726 12361 5763 11978
is_linear=0
shrinkage=0.01


Tree=478
num_leaves=14
num_cat=0
split_feature=7 25 39 2 9 11 24 25 35 14 11 14 2
split_gain=37611.9 36570.9 45266.9 42517.9 37899.8 25624.9 48280.9 15612.9 13742.3 5986.86 5973.29 7370.21 1591.42
threshold=992.71127500000011 22.640027226212272 34.422222222222224 31.325000000000006 -0.37940952255126015 0.93301270189221952 2.1234347468135608 80.25021203397641 23.923611111111118 -6.7659623757233378 -0.68301270189221952 9.0000014690073513 30.925000000000001
decision_type=2 2 2 2 2 2 2 2 2 2 2 2 2
left_child=7 5 4 -4 -3 8 -7 10 -2 -9 12 -12 -1
right_child=1 2 3 -5 -6 6 -8 9 -10 -11 11 -13 -14
leaf_value=0.10768257141113281 0.0086221679060274736 0.032043680137202941 -0.0028130229398047996 0.020826220037232335 0.0010966045681002384 -0.3799995509783427 0.083815311120629232 -0.16970965218544007 -0.040037074694965744 -0.38659576797485351 -0.11935838994037273 -0.026912715217202076 -0.014286117553710937
leaf_weight=20 682 8234 96891 8257 7619 24 346 35 3896 20 215 144 23
leaf_count=20 682 8234 96891 8257 7619 24 346 35 3896 20 215 144 23
internal_value=1.80016e-11 0.000328579 0.00141824 -0.000956694 0.0171704 -0.0263185 0.05373 -0.0905562 -0.0327881 -0.248577 -0.0689364 -0.0822771 0.0424435
internal_weight=126406 125949 121001 105148 15853 4948 370 457 4578 55 402 359 43
internal_count=126406 125949 121001 105148 15853 4948 370 457 4578 55 402 359 43
is_linear=0
shrinkage=0.01


Tree=479
num_leaves=15
num_cat=0
split_feature=7 2 9 9 9 8 1 0 32 23 26 3 27 37
split_gain=37368.1 88571.1 90426.7 82549.2 76428.5 73109.8 59676.6 67567.8 53719.4 48102.4 47883.2 36820.6 36322.1 29863.9
threshold=1006.3000500000002 15.325000000000001 -0.12940952255126037 0.25881904510252057 -0.12940952255126037 0.12940952255126045 -119.7866065258789 34.083213737060554 165.65092989985695 128.40500444375346 41.844542972818189 17.002483500000004 165.26537911301864 96.925855513308008
decision_type=2 2 2 2 2 2 2 2 2 2 2 2 2 2
left_child=1 2 8 10 6 13 -2 -8 -1 -5 -3 -7 -4 -6
right_child=4 3 12 9 5 11 7 -9 -10 -11 -12 -13 -14 -15
leaf_value=-0.0068623577362938908 0.0026152241538328238 -0.010544261542384459 -0.048230714035349627 0.013291217223638116 0.015750108914288543 -0.24147521190154247 0.0044555225046364159 0.053508288918562144 0.39107852783273245 0.1681435413776648 0.18561408088684084 -0.023393188457638221 0.37844578105211257 -0.03111510921494311
leaf_weight=14981 10127 27912 8216 28946 11729 78 4434 7658 34 202 125 10406 20 1538
leaf_count=14981 10127 27912 8216 28946 11729 78 4434 7658 34 202 125 10406 20 1538
internal_value=8.3336e-12 -0.00411035 -0.020567 0.0025808 0.00719208 -0.00527921 0.0205233 0.0355212 -0.00596126 0.0143644 -0.00966971 -0.0250157 -0.0471946 0.0103172
internal_weight=126406 80436 23251 57185 45970 23751 22219 12092 15015 29148 28037 10484 8236 13267
internal_count=126406 80436 23251 57185 45970 23751 22219 12092 15015 29148 28037 10484 8236 13267
is_linear=0
shrinkage=0.01


Tree=480
num_leaves=15
num_cat=0
split_feature=31 6 39 47 8 5 11 21 0 25 0 11 9 11
split_gain=37278.3 38978.1 38066.6 37220.1 99095.7 50610.8 27735.5 26158.6 22736.8 18821 25008 13550.6 13035.8 13450.1
threshold=23.923611111111118 17.101420000000005 58.286931418110136 1.0000000180025095e-35 0.12940952255126045 28.500000000000004 -0.5 65.000000000000014 34.083213737060554 84.330254329314513 36.742692288818368 -0.68301270189221952 1.0000000180025095e-35 0.25000000000000017
decision_type=2 2 2 2 2 2 2 2 2 2 2 2 2 2
left_child=2 3 12 5 -5 -2 8 -8 -3 11 -11 -4 -1 -14
right_child=1 6 9 4 -6 -7 7 -9 -10 10 -12 -13 13 -15
leaf_value=0.005237218777606154 0.0076836719602739823 0.041257402797036616 0.0068018386431615441 0.046157307833642892 -0.0083853344235936007 -0.0076997375211052136 -0.026687890460378713 -0.097267250391748106 -0.014820849323322456 -0.067680120083348991 -0.28359427071386767 -0.037314214137744418 0.0014756767340532854 -0.033387346184547251
leaf_weight=6852 52527 999 836 6776 6552 36074 3494 618 2617 398 62 4165 2115 2321
leaf_count=6852 52527 999 836 6776 6552 36074 3494 618 2617 398 62 4165 2115 2321
internal_value=-2.63463e-11 0.00212237 -0.0138953 0.003764 0.0193443 0.0014203 -0.0195301 -0.0372954 0.000672008 -0.0355698 -0.0967816 -0.0299395 -0.00340942 -0.0167653
internal_weight=126406 109657 16749 101929 13328 88601 7728 4112 3616 5461 460 5001 11288 4436
internal_count=126406 109657 16749 101929 13328 88601 7728 4112 3616 5461 460 5001 11288 4436
is_linear=0
shrinkage=0.01


Tree=481
num_leaves=15
num_cat=0
split_feature=7 44 11 15 8 10 9 0 31 44 37 13 0 21
split_gain=36825.1 95494.1 92567.6 82565.6 89920.6 69871.1 68465.8 66753.1 48417.3 56352.1 41153.1 36370.9 27593.6 26783.4
threshold=1007.5001000000001 1.0000000180025095e-35 0.25000000000000017 0.26515498024550571 -0.78656609248549303 -0.24999999999999994 -0.37940952255126015 35.400001525878913 94.310024456885202 1.0000000180025095e-35 70.221166032953121 -4.9787408975003684 37.042691525878915 162.95207439198859
decision_type=2 2 2 2 2 2 2 2 2 2 2 2 2 2
left_child=3 5 -3 8 7 10 -4 -5 9 -1 -2 -6 -7 -10
right_child=1 2 6 4 11 12 -8 -9 13 -11 -12 -13 -14 -15
leaf_value=-0.0089275627038319059 -0.014755030385485653 -0.038483501699803732 0.090735795689864326 0.0052770270640304772 0.029106608490049358 0.019745724895890954 0.027405591309092796 -0.040511386383308555 0.054852864159078439 -0.037176724352609644 -0.07422280563976226 0.0068570278750712419 -0.0038941507441147371 0.29882206569425762
leaf_weight=29239 6993 1343 2788 6282 10045 11600 4403 6456 551 9310 1396 27354 8597 49
leaf_count=29239 6993 1343 2788 6282 10045 11600 4403 6456 551 9310 1396 27354 8597 49
internal_value=6.91573e-12 0.00837097 0.0377261 -0.00348017 0.00501729 -0.00039266 0.0519591 -0.0179299 -0.0143626 -0.01575 -0.024651 0.012833 0.00968324 0.074777
internal_weight=126406 37120 8534 89286 50137 28586 7191 12738 39149 38549 8389 37399 20197 600
internal_count=126406 37120 8534 89286 50137 28586 7191 12738 39149 38549 8389 37399 20197 600
is_linear=0
shrinkage=0.01


Tree=482
num_leaves=14
num_cat=0
split_feature=7 8 2 10 8 24 45 25 19 14 23 18 23
split_gain=36519 36123.7 44552.9 94093.9 45145.1 21983.7 19644.3 15356.7 15150.2 5842.79 5738.45 5309.72 4542.18
threshold=992.71127500000011 0.91597561503675362 10.575000000000001 1.0000000180025095e-35 -0.78656609248549303 28.593229501152901 1.0000000180025095e-35 80.25021203397641 1.7201901968069302 -6.7659623757233378 47.955945172041503 6.0631249831016119 70.076515044829378
decision_type=2 2 2 2 2 2 2 2 2 2 2 2 2
left_child=7 2 3 -2 -4 6 -3 10 -7 -9 11 -1 -12
right_child=1 5 4 -5 -6 8 -8 9 -10 -11 12 -13 -14
leaf_value=-0.069995441439544198 0.042660858951227891 -0.01647015234300683 -0.012632628577057809 -0.0018912255272459234 0.0035310458880006071 -0.10455640158152733 0.015981153851576235 -0.16803739595413208 0.080335739111900326 -0.38229815006256107 -0.13624569905935413 0.029679614931344984 0.012889199107885361
leaf_weight=161 7909 13105 23257 11833 67230 390 2175 35 50 20 137 80 24
leaf_count=161 7909 13105 23257 11833 67230 390 2175 35 50 20 137 80 24
internal_value=-9.52143e-12 0.00032377 0.00234622 0.0159571 -0.000623347 -0.0138577 -0.0118509 -0.0892308 -0.0835459 -0.24595 -0.0677891 -0.0369083 -0.114014
internal_weight=126406 125949 110229 19742 90487 15720 15280 457 440 55 402 241 161
internal_count=126406 125949 110229 19742 90487 15720 15280 457 440 55 402 241 161
is_linear=0
shrinkage=0.01


Tree=483
num_leaves=15
num_cat=0
split_feature=31 6 47 8 27 28 13 23 32 26 31 7 2 23
split_gain=36385.3 38307.2 36399.4 96982 33876 29453.1 26604.8 32972.1 20596 18070.1 16658 15173.5 13917.9 13782.7
threshold=23.923611111111118 17.101420000000005 1.0000000180025095e-35 0.12940952255126045 140.52010050251261 57.336079425433049 -8.2341453012742836 57.862484157160971 72.798963129971796 13.442530507585294 14.02777777777778 1000.9005500000002 12.725000000000001 71.153504431277184
decision_type=2 2 2 2 2 2 2 2 2 2 2 2 2 2
left_child=5 2 4 -4 -2 8 9 -8 12 -3 -7 -12 -1 -10
right_child=1 6 3 -5 -6 10 7 -9 13 -11 11 -13 -14 -15
leaf_value=0.0055569490326182695 0.00057037809534234282 0.0170351999021514 0.045657330659572261 -0.0083004846306600176 0.047133912298451382 -0.092775990694709085 -0.023336331196118724 -0.097006208899010279 -0.036731878863476869 -0.033607626355936622 -0.099145914792803172 -0.019803006774911487 -0.014769406823359008 -0.14335136633620871
leaf_weight=6180 87010 2346 6776 6552 1591 571 3646 729 491 1007 282 1659 7405 161
leaf_count=6180 87010 2346 6776 6552 1591 571 3646 729 491 1007 282 1659 7405 161
internal_value=-2.14545e-11 0.00209679 0.00372424 0.0191319 0.00140652 -0.0137279 -0.0193685 -0.0356118 -0.00815765 0.00182574 -0.0452975 -0.0313304 -0.00552267 -0.0630597
internal_weight=126406 109657 101929 13328 88601 16749 7728 4375 14237 3353 2512 1941 13585 652
internal_count=126406 109657 101929 13328 88601 16749 7728 4375 14237 3353 2512 1941 13585 652
is_linear=0
shrinkage=0.01


Tree=484
num_leaves=15
num_cat=0
split_feature=31 40 28 47 11 5 33 14 11 2 5 36 20 33
split_gain=36140.7 51455.4 39384.4 51660.4 53479.2 38474 32174.8 27603.3 30126.1 25582.5 20681.6 14346.9 11468.9 11459.9
threshold=52.303971271651889 61.255386565272509 43.285382340515426 1.0000000180025095e-35 -0.5 95.500000000000014 57.706168145331652 3.9600036296541057 0.93301270189221952 22.825000000000006 2.5000000000000004 12.91666666666667 54.561421468265586 17.361111111111118
decision_type=2 2 2 2 2 2 2 2 2 2 2 2 2 2
left_child=1 6 12 5 -5 -4 9 8 -3 -1 -9 -8 -2 -14
right_child=2 7 3 4 -6 -7 11 10 -10 -11 -12 -13 13 -15
leaf_value=0.0034910911815748367 -0.0044775351130734945 -0.011515297313645978 0.011678835729299833 -0.023106028925831197 0.064993081077529935 -0.012224713157220218 -0.17522682503930159 0.0089498943011798292 0.025385960166228794 0.026481618541965093 -0.036945144923923562 -0.014550755683373424 0.14023222863674165 -0.039582040341611405
leaf_weight=29655 2077 26370 30367 896 2983 8652 56 1160 2415 5784 6394 7269 36 2292
leaf_count=29655 2077 26370 30367 896 2983 8652 56 1160 2415 5784 6394 7269 36 2292
internal_value=-1.27503e-11 -0.00413487 0.00691459 0.00983856 0.0446433 0.00637851 0.00329987 -0.0128841 -0.00841936 0.00724338 -0.0298975 -0.0157791 -0.0215604 -0.0368014
internal_weight=126406 79103 47303 42898 3879 39019 42764 36339 28785 35439 7554 7325 4405 2328
internal_count=126406 79103 47303 42898 3879 39019 42764 36339 28785 35439 7554 7325 4405 2328
is_linear=0
shrinkage=0.01


Tree=485
num_leaves=15
num_cat=0
split_feature=25 15 3 6 10 11 24 16 10 27 35 35 11 25
split_gain=35638.3 37297.7 45197.5 44330.9 33905.8 25238.9 47361.1 33942.9 22759.9 29905.2 22763.4 13608.5 16703.8 14874.6
threshold=22.640027226212272 0.086456621345978008 70.927510000000026 18.611846500000002 0.68301270189221941 0.93301270189221952 2.1234347468135608 0.14802446599999994 0.25000000000000011 145.19849246231158 83.801665169956252 23.923611111111118 0.6830127018922193 13.899013636577008
decision_type=2 2 2 2 2 2 2 2 2 2 2 2 2 2
left_child=5 8 3 -3 -4 11 -7 -8 9 -2 -10 12 -1 -13
right_child=1 2 4 -5 -6 6 7 -9 10 -11 -12 13 -14 -15
leaf_value=-0.019535710140258004 0.037473310917098608 0.006530220087301768 -0.003385696457086983 -0.025258039452061527 -0.023962303688132028 -0.37632652600606287 0.36503014959787067 0.048259126651886995 0.019736356538715787 0.27467861859886739 -0.030190344134548821 -0.083366510377499772 0.095554462503363011 -0.031067910353613924
leaf_weight=515 3374 66282 31235 4698 10769 24 38 308 3811 54 1201 652 167 3278
leaf_count=515 3374 66282 31235 4698 10769 24 38 308 3811 54 1201 652 167 3278
internal_value=-9.42887e-12 0.00107553 -0.000439252 0.00442623 -0.00866113 -0.0262135 0.0532517 0.083049 0.0213536 0.0412099 0.00777268 -0.0325887 0.00864619 -0.0397444
internal_weight=126406 121424 112984 70980 42004 4982 370 346 8440 3428 5012 4612 682 3930
internal_count=126406 121424 112984 70980 42004 4982 370 346 8440 3428 5012 4612 682 3930
is_linear=0
shrinkage=0.01


Tree=486
num_leaves=15
num_cat=0
split_feature=7 2 9 9 9 11 44 8 10 10 46 3 1 44
split_gain=36050.5 84144.4 87529.4 79593.6 73651.4 83532.2 81074.8 71350.3 61953.9 53404.8 44901.3 36106.5 29462.7 27606
threshold=1006.3000500000002 15.325000000000001 -0.12940952255126037 0.25881904510252057 -0.12940952255126037 0.25000000000000017 1.0000000180025095e-35 0.12940952255126045 1.0000000180025095e-35 0.68301270189221941 1.0000000180025095e-35 17.002483500000004 -119.7866065258789 1.0000000180025095e-35
decision_type=2 2 2 2 2 2 2 2 2 2 2 2 2 2
left_child=1 2 8 -3 5 13 -7 9 -1 -6 -5 -9 -4 -2
right_child=4 3 12 10 7 6 -8 11 -10 -11 -12 -13 -14 -15
leaf_value=0.020333287589202803 0.00090422281008873361 -0.0095446308050371863 -0.0059807069785705073 0.004867061537108996 -0.0024306420326415073 0.019077629926451744 0.071038184492597675 -0.23902622002821702 -0.021552386351372205 0.042025880609243831 0.030820875357327481 -0.023069323592270825 -0.055152892513295131 -0.055288420603253806
leaf_weight=5680 6721 28037 1487 18829 9489 10245 4248 78 9335 3778 10319 10406 6749 1005
leaf_count=5680 6721 28037 1487 18829 9489 10245 4248 78 9335 3778 10319 10406 6749 1005
internal_value=-1.55616e-11 -0.00403723 -0.0200774 0.00248456 0.00706415 0.0201509 0.0343076 -0.00517848 -0.00570752 0.0102291 0.0140553 -0.024676 -0.0462749 -0.00640533
internal_weight=126406 80436 23251 57185 45970 22219 14493 23751 15015 13267 29148 10484 8236 7726
internal_count=126406 80436 23251 57185 45970 22219 14493 23751 15015 13267 29148 10484 8236 7726
is_linear=0
shrinkage=0.01


Tree=487
num_leaves=15
num_cat=0
split_feature=7 31 35 0 0 7 7 8 23 6 13 18 12 33
split_gain=35500.9 38267.4 41550.1 43593.8 30106.1 36736 27487.3 25762.3 13824.8 8694.21 6366.06 5768.2 3309.64 2190.35
threshold=992.71127500000011 60.694761301225192 56.7788339670469 35.400001525878913 37.042691525878915 1002.8996150000002 1012.77372 0.12940952255126045 48.323170445477167 6.9899357000000011 5.7275649276110352 6.0631249831016119 1.0000000180025095e-35 27.246092099704274
decision_type=2 2 2 2 2 2 2 2 2 2 2 2 2 2
left_child=8 2 6 -4 5 -3 -2 -6 11 -10 -11 12 -1 -13
right_child=1 4 3 -5 7 -7 -8 -9 9 10 -12 13 -14 -15
leaf_value=-0.050631345292525512 0.0029422657239267119 -0.0010753843210684628 0.0026650713696566774 -0.014633395509738325 0.016842460524731952 0.026122138149117156 0.032874703309759452 -0.06930675293313171 -0.32654592514038089 -0.075553661244836715 -0.19410714154119618 -0.022443418726325035 -0.16845503153472113 0.080365699446478547
leaf_weight=134 40116 8248 24565 35799 608 12482 3322 809 24 110 77 40 29 43
leaf_count=134 40116 8248 24565 35799 608 12482 3322 809 24 110 77 40 29 43
internal_value=-2.21804e-11 0.000319225 -0.00222685 -0.00759382 0.0122526 0.0153009 0.0052314 -0.0323422 -0.0879783 -0.147366 -0.12437 -0.0370399 -0.0715938 0.0308191
internal_weight=126406 125949 103802 60364 22147 20730 43438 1417 457 211 187 246 163 83
internal_count=126406 125949 103802 60364 22147 20730 43438 1417 457 211 187 246 163 83
is_linear=0
shrinkage=0.01


Tree=488
num_leaves=15
num_cat=0
split_feature=9 14 3 14 9 13 0 23 1 10 26 44 13 10
split_gain=35132.3 61972 57656.9 53052 60340.8 49845.4 113882 41634.9 39392.1 38222.6 34599 26384.3 18773.2 16471.4
threshold=-0.78656609248549325 -1.4554127125691567 60.524778500000004 5.0668913991695517 0.1294095225512602 0.69533046434943835 34.083213737060554 110.41223969445879 -118.21337597412109 1.0000000180025095e-35 41.844542972818189 1.0000000180025095e-35 0.17999545519653334 0.68301270189221941
decision_type=2 2 2 2 2 2 2 2 2 2 2 2 2 2
left_child=1 10 8 5 12 7 -7 -2 -3 -4 13 -6 -5 -1
right_child=3 2 9 4 11 6 -8 -9 -10 -11 -12 -13 -14 -15
leaf_value=-0.0066616331950998843 0.0066004432542943678 0.04475718193665687 0.029072831057705736 -0.014586931689030764 -0.032051932669420531 -0.050050371101851107 -0.0012486909370677075 0.078352069121237961 0.14156420551494608 -0.0029622891095336724 0.31136761831514764 -0.080090931768753024 0.018087870858335221 -0.043249758519207288
leaf_weight=7040 40963 2327 7460 5689 3402 5440 39518 825 513 7438 33 1722 2545 1491
leaf_count=7040 40963 2327 7460 5689 3402 5440 39518 825 513 7438 33 1722 2545 1491
internal_value=9.19478e-12 0.0102849 0.0209506 -0.00270233 -0.0212538 0.000154412 -0.00715378 0.008017 0.0622438 0.0130789 -0.0118062 -0.0481962 -0.00448766 -0.0130563
internal_weight=126406 26302 17738 100104 13358 86746 44958 41788 2840 14898 8564 5124 8234 8531
internal_count=126406 26302 17738 100104 13358 86746 44958 41788 2840 14898 8564 5124 8234 8531
is_linear=0
shrinkage=0.01


Tree=489
num_leaves=15
num_cat=0
split_feature=7 2 1 3 8 0 23 41 2 2 15 7 11 35
split_gain=35267.1 82077.2 72344.5 70954.6 61622.6 67700.9 57002.1 55676.3 51128.7 51027.2 48317.8 45879.6 40710.7 27933.8
threshold=1006.3000500000002 15.325000000000001 -118.21337597412109 84.737657500000012 -0.78656609248549303 35.400001525878913 141.4332192901617 133.58329819644874 10.875000000000002 27.325000000000006 0.69118762066017936 1001.2001500000001 0.25000000000000017 75.256413563380931
decision_type=2 2 2 2 2 2 2 2 2 2 2 2 2 2
left_child=1 6 8 10 5 -3 11 -8 12 -6 -4 -1 -2 -10
right_child=2 4 3 -5 9 -7 7 -9 13 -11 -12 -13 -14 -15
leaf_value=-0.044002216730460376 -0.016039652331754046 0.0052031968263413098 0.078668343802435772 -0.021426822843339043 0.0016777297167166311 -0.041181824501467082 0.26544233793953087 -0.22863162207816326 0.00020059613686623602 0.026164651213910362 -0.040708000413031568 -0.012428358811097804 0.024776499437018061 -0.02357540605189163
leaf_weight=6345 3029 6552 3217 1248 33127 6054 123 28 18740 11452 379 16755 12646 6711
leaf_count=6345 3029 6552 3217 1248 33127 6054 123 28 18740 11452 379 16755 12646 6711
internal_value=3.73481e-11 -0.00399313 0.00698697 0.0435399 0.00244806 -0.0170731 -0.019835 0.173826 0.00268162 0.00796823 0.0660867 -0.0211009 0.0168893 -0.00606874
internal_weight=126406 80436 45970 4844 57185 12606 23251 151 41126 44579 3596 23100 15675 25451
internal_count=126406 80436 45970 4844 57185 12606 23251 151 41126 44579 3596 23100 15675 25451
is_linear=0
shrinkage=0.01


Tree=490
num_leaves=15
num_cat=0
split_feature=5 7 44 1 13 2 26 10 13 45 7 7 2 25
split_gain=34696.6 55952.4 90377.4 83086.6 64031.4 41807.8 39758.1 135233 41387.7 31956.1 31284.5 31012 28517.6 27661.8
threshold=1.5000000000000002 1007.4002250000001 1.0000000180025095e-35 -120.84999847412108 -3.6662440706919139 26.025000000000002 37.698913730712952 -0.6830127018922193 7.2166493188955796 1.0000000180025095e-35 1013.2001000000001 998.50020000000006 34.875000000000007 68.518545704629815
decision_type=2 2 2 2 2 2 2 2 2 2 2 2 2 2
left_child=6 2 5 13 -4 -2 8 11 9 -1 -5 -8 -10 -3
right_child=1 3 4 10 -6 -7 7 -9 12 -11 -12 -13 -14 -15
leaf_value=0.014305102058838589 -0.0057353944538920225 -0.013363752564812308 -0.074400678443460336 0.017325915130554523 -0.021232913985916233 0.03040027714212112 0.024712043624548687 -0.0880642832516495 -0.014822643731531691 -0.011707108772416411 0.061980292438408961 0.32586392806437997 0.040177816848244292 -0.21146579887665493
leaf_weight=33238 32552 9734 2864 13342 10833 3551 42 198 11487 5505 1778 184 1027 71
leaf_count=33238 32552 9734 2864 13342 10833 3551 42 198 11487 5505 1778 184 1027 71
internal_value=1.85839e-11 -0.00435705 -0.0104789 0.00787428 -0.0323501 -0.00218118 0.00629981 0.102736 0.00550208 0.010609 0.0225769 0.269898 -0.0103089 -0.0147982
internal_weight=126406 74725 49800 24925 13697 36103 51681 424 51257 38743 15120 226 12514 9805
internal_count=126406 74725 49800 24925 13697 36103 51681 424 51257 38743 15120 226 12514 9805
is_linear=0
shrinkage=0.01


Tree=491
num_leaves=15
num_cat=0
split_feature=31 6 47 8 10 25 42 17 21 25 44 10 42 40
split_gain=34588.5 36440.1 34469.1 94101 52659.9 25078.4 26502.8 19585 18789.2 17818.1 15635.1 14858.9 16341.4 9612.97
threshold=23.923611111111118 17.101420000000005 1.0000000180025095e-35 0.12940952255126045 0.25000000000000011 66.672487443083142 1.0000000180025095e-35 0.0047952891258840344 83.651140684410663 81.193594981667971 1.0000000180025095e-35 -0.5 1.0000000180025095e-35 45.555661174482474
decision_type=2 2 2 2 2 2 2 2 2 2 2 2 2 2
left_child=5 2 4 -4 -2 11 7 -7 10 -8 -3 13 -13 -1
right_child=1 8 3 -5 -6 6 9 -9 -10 -11 -12 12 -14 -15
leaf_value=0.0049618187231294311 0.0068556282708217052 -0.0081219459441249607 0.044753686225393878 -0.0083966567617707738 -0.0094707332101013099 0.029643118389306351 -0.072702252620479982 -0.047956924568805848 -0.11084541025675006 -0.20365970787451124 -0.04186289060217338 0.011005096518977622 -0.014870499919062729 -0.030046664578639391
leaf_weight=982 58865 5703 6776 6552 29736 482 488 1000 216 132 1809 4998 4770 3897
leaf_count=982 58865 5703 6776 6552 29736 482 488 1000 216 132 1809 4998 4770 3897
internal_value=1.93032e-11 0.00204436 0.00363165 0.0186252 0.00137622 -0.0133846 -0.0456854 -0.0227186 -0.0188913 -0.100584 -0.0162473 -0.00874911 -0.00163071 -0.0230005
internal_weight=126406 109657 101929 13328 88601 16749 2102 1482 7728 620 7512 14647 9768 4879
internal_count=126406 109657 101929 13328 88601 16749 2102 1482 7728 620 7512 14647 9768 4879
is_linear=0
shrinkage=0.01


Tree=492
num_leaves=15
num_cat=0
split_feature=9 14 3 14 9 9 2 13 47 2 26 37 13 17
split_gain=34563.7 60450.3 56051.2 51048.3 58705.9 49037.9 55672.5 49935.2 38125.4 37894.7 33326.2 27269.6 18128.6 16125
threshold=-0.78656609248549325 -1.4554127125691567 60.524778500000004 5.0668913991695517 0.1294095225512602 0.78656609248549303 18.825000000000006 2.1599980756903698 1.0000000180025095e-35 11.225000000000001 41.844542972818189 58.098129359655637 3.5943382330328025e-16 0.014850907113320105
decision_type=2 2 2 2 2 2 2 2 2 2 2 2 2 2
left_child=1 10 8 5 12 7 -7 -2 -3 -4 13 -6 -5 -1
right_child=3 2 9 4 11 6 -8 -9 -10 -11 -12 -13 -14 -15
leaf_value=-0.0083937628444154984 0.0035730627192726112 0.044246223259866893 0.030284516540358599 -0.01485381708217687 -0.030111728454231716 -0.0082826245813016446 0.02318325000944161 -0.01443110588860522 0.13948400826866922 -0.001720017685251122 0.30555733362833659 -0.078142434472466715 0.016601502264757283 -0.055319404568808739
leaf_weight=7722 33893 2327 6840 5482 3274 8694 15918 28241 513 8058 33 1850 2752 809
leaf_count=7722 33893 2327 6840 5482 3274 8694 15918 28241 513 8058 33 1850 2752 809
internal_value=4.46491e-12 0.0102013 0.0207353 -0.00268037 -0.0208782 0.000121905 0.0120682 -0.00461015 0.0614494 0.012974 -0.0116168 -0.047453 -0.0043407 -0.0128438
internal_weight=126406 26302 17738 100104 13358 86746 24612 62134 2840 14898 8564 5124 8234 8531
internal_count=126406 26302 17738 100104 13358 86746 24612 62134 2840 14898 8564 5124 8234 8531
is_linear=0
shrinkage=0.01


Tree=493
num_leaves=15
num_cat=0
split_feature=7 15 9 11 44 9 26 44 25 36 14 44 30 44
split_gain=34168.6 74122.8 70832.9 79474.6 79082.8 63986.5 62200.4 48443.9 58938.9 31702.8 28066.6 50579.9 28288.2 26878
threshold=1006.3000500000002 0.28781202317072702 -0.12940952255126037 0.25000000000000017 1.0000000180025095e-35 0.78656609248549303 41.844542972818189 1.0000000180025095e-35 133.23489760367167 42.777883396704702 3.1924987502529842 1.0000000180025095e-35 92.364283394157113 1.0000000180025095e-35
decision_type=2 2 2 2 2 2 2 2 2 2 2 2 2 2
left_child=1 7 3 13 -5 6 -3 -1 -9 -7 11 -4 -12 -2
right_child=2 5 10 4 -6 9 -8 8 -10 -11 12 -13 -14 -15
leaf_value=-0.0080406339234926662 0.0010205077883293577 -0.0046606277925159111 -0.0087472495903408269 0.018478070814782224 0.069796337323476385 0.0055035822450551419 0.20368024530510109 -0.037811458704241789 0.21802982538856647 0.035253614001575909 -0.016516707382858226 0.029800802176580061 -0.084429333214380023 -0.054426165852593772
leaf_weight=27664 6721 29456 15189 10245 4248 6462 144 8582 91 8037 3428 4387 747 1005
leaf_count=27664 6721 29456 15189 10245 4248 6462 144 8582 91 8037 3428 4387 747 1005
internal_value=-9.26127e-12 -0.00393045 0.0068773 0.0197112 0.0335198 0.00478342 -0.00364708 -0.0145057 -0.0351271 0.0219944 -0.00512879 -0.000108595 -0.0286678 -0.00619201
internal_weight=126406 80436 45970 22219 14493 44099 29600 36337 8673 14499 23751 19576 4175 7726
internal_count=126406 80436 45970 22219 14493 44099 29600 36337 8673 14499 23751 19576 4175 7726
is_linear=0
shrinkage=0.01


Tree=494
num_leaves=14
num_cat=0
split_feature=7 25 12 40 16 24 30 27 25 23 18 18 23
split_gain=34011.3 33651.4 87121 41300 38430.9 31899.6 30111.3 28087.1 15062.7 5514.54 5279.7 5054.82 4442.39
threshold=992.71127500000011 133.23489760367167 1.0000000180025095e-35 80.63249230945604 0.11899964999999992 36.116677276841834 98.113477081223621 126.69011725293133 80.25021203397641 47.955945172041503 6.3524349668345312 6.0631249831016119 70.076515044829378
decision_type=2 2 2 2 2 2 2 2 2 2 2 2 2
left_child=8 3 5 4 -2 -3 -4 -5 9 11 -10 -1 -11
right_child=1 2 6 7 -6 -7 -8 -9 10 12 -12 -13 -14
leaf_value=-0.066888014551090155 0.043643454103333736 0.040181178780992262 0.011457677239721471 -0.014676212141178662 0.001773148795617257 -0.29951632535457612 0.42810011566412159 0.038236176104040481 -0.37093554401397705 -0.1321773602579632 -0.16726093823569163 0.030365083456039429 0.015310167471567791
leaf_weight=161 2241 352 22 21631 100539 30 82 1052 20 137 35 80 24
leaf_count=161 2241 352 22 21631 100539 30 82 1052 20 137 35 80 24
internal_value=1.32664e-11 0.000312456 0.0833633 -9.25452e-06 0.00268608 0.0135034 0.339964 -0.0122222 -0.0861126 -0.0648772 -0.241324 -0.0346048 -0.110192
internal_weight=126406 125949 486 125463 102780 382 104 22683 457 402 55 241 161
internal_count=126406 125949 486 125463 102780 382 104 22683 457 402 55 241 161
is_linear=0
shrinkage=0.01


Tree=495
num_leaves=15
num_cat=0
split_feature=9 11 14 13 0 9 13 12 23 26 3 14 13 23
split_gain=33760.5 142516 64086.9 76170.1 109346 73716.2 55990.6 59557.1 55590.6 38182.8 31344.3 30877.5 29648.1 28770.5
threshold=-0.60355339059327384 0.6830127018922193 2.9013901956584665 -1.0500536277229084 34.083213737060554 0.37940952255126048 -3.2399905576626313 1.0000000180025095e-35 110.41223969445879 41.844542972818189 62.999742500000004 -1.080000966810289 -3.252691193458118 60.160329531051971
decision_type=2 2 2 2 2 2 2 2 2 2 2 2 2 2
left_child=1 9 3 8 -5 12 -3 -8 -2 11 -11 -1 -4 -7
right_child=2 6 5 4 -6 13 7 -9 -10 10 -12 -13 -14 -15
leaf_value=-0.01778747657871366 0.011614303392514444 -0.013021094639001966 -0.025699391652688596 -0.053378838579251929 -0.0019618114011548085 -0.036062313534696536 0.033122327917580817 0.091037568783147449 0.11839851541745086 0.33007537474397752 -0.06925875417117415 0.0041654471634890774 0.0060502304656529426 -0.08640017434859415
leaf_weight=10934 28496 1693 4823 4644 37816 4208 6140 2498 496 61 29 15475 7538 1555
leaf_count=10934 28496 1693 4823 4644 37816 4208 6140 2498 496 61 29 15475 7538 1555
internal_value=-1.10967e-11 0.00805963 -0.00331379 0.000946197 -0.00758547 -0.0201084 0.0395642 0.0498707 0.0134412 -0.00422287 0.201401 -0.00492362 -0.0063378 -0.0496447
internal_weight=126406 36830 89576 71452 42460 18124 10331 8638 28992 26499 90 26409 12361 5763
internal_count=126406 36830 89576 71452 42460 18124 10331 8638 28992 26499 90 26409 12361 5763
is_linear=0
shrinkage=0.01


Tree=496
num_leaves=15
num_cat=0
split_feature=31 39 6 28 1 2 25 17 23 26 35 12 20 11
split_gain=33501.2 40700.9 35998.7 36738 43425.9 31276.5 42054.2 41191.9 29147.5 21662.1 21333 15644.8 12441 11457.7
threshold=53.236388360794258 47.21164936562861 18.314103500000005 38.324989438107316 -118.21337597412109 26.025000000000002 103.67231200290387 0.0061345617412529056 17.137345679012352 14.185939682566191 68.903398288973406 1.0000000180025095e-35 55.484790874524727 0.25000000000000017
decision_type=2 2 2 2 2 2 2 2 2 2 2 2 2 2
left_child=1 8 3 12 -5 7 -7 -3 11 13 -10 -1 -2 -4
right_child=2 5 9 4 -6 6 -8 -9 10 -11 -12 -13 -14 -15
leaf_value=-0.018573330691016039 -0.004553005380424544 -0.00055284972517049636 -0.0038145620906665958 0.0080367679480064895 0.045432593460227072 0.0059456816121907551 0.28837526834236005 -0.019761240509421404 0.013600588149078512 -0.10671100553095181 -0.0097414917890862665 -0.094655554267061043 -0.049445122738978553 -0.083705886292715997
leaf_weight=1365 1162 18739 938 35605 3402 10040 53 27619 20388 373 4846 337 1317 222
leaf_count=1365 1162 18739 938 35605 3402 10040 53 27619 20388 373 4846 337 1317 222
internal_value=-3.55025e-12 -0.00369766 0.00716746 0.00892593 0.0112982 -0.00852362 0.00742877 -0.0119968 0.00641632 -0.0404201 0.00911792 -0.0336378 -0.0284025 -0.0191041
internal_weight=126406 83387 43019 41486 39007 56451 10093 46358 26936 1533 25234 1702 2479 1160
internal_count=126406 83387 43019 41486 39007 56451 10093 46358 26936 1533 25234 1702 2479 1160
is_linear=0
shrinkage=0.01


Tree=497
num_leaves=15
num_cat=0
split_feature=25 39 2 13 26 0 11 11 24 16 16 41 25 29
split_gain=33202.5 42377.7 39130 52767.8 44394 25187.6 27603.4 24372.4 46420.5 32891 23215.2 11859.7 13578.1 8891.78
threshold=22.640027226212272 40.562051119560628 31.325000000000006 9.3600005086564 24.623267122495736 34.083213737060554 -0.68301270189221952 0.93301270189221952 2.1234347468135608 0.14802446599999994 0.24800415500000014 47.777777777777786 13.899013636577008 37.223225602027888
decision_type=2 2 2 2 2 2 2 2 2 2 2 2 2 2
left_child=7 5 3 -3 -4 6 -2 11 -9 -10 -7 12 -1 -13
right_child=1 2 4 -5 -6 10 -8 8 9 -11 -12 13 -14 -15
leaf_value=-0.064497740685532046 0.055397507748461888 -0.0012494649139294072 0.014791954275877475 -0.027192714715889816 0.14339181665843689 0.063344352115516006 -0.0093679256398701873 -0.37250399271647133 0.3598644806836781 0.048040777629289731 0.016625483060607925 -0.021779049474280329 -0.018949180263078211 -0.13643378222206845
leaf_weight=804 734 81108 7804 8679 278 1143 6362 24 38 308 15316 108 3519 181
leaf_count=804 734 81108 7804 8679 278 1143 6362 24 38 308 15316 108 3519 181
internal_value=-8.69523e-12 0.00103813 -0.00186012 -0.00375719 0.0192155 0.0130801 -0.00266868 -0.0253018 0.0527873 0.0822873 0.0198699 -0.0315666 -0.0274204 -0.093587
internal_weight=126406 121424 97869 89787 8082 23555 7096 4982 370 346 16459 4612 4323 289
internal_count=126406 121424 97869 89787 8082 23555 7096 4982 370 346 16459 4612 4323 289
is_linear=0
shrinkage=0.01


Tree=498
num_leaves=15
num_cat=0
split_feature=5 0 35 16 9 26 10 13 14 45 3 20 3 10
split_gain=33505.5 46109 58097.4 48538.7 47023.3 37821.9 130873 39177.6 46782.4 37988.1 32873.1 46934.6 28545.2 23618.3
threshold=1.5000000000000002 36.742692288818368 67.958386142796812 1.0000000180025095e-35 -0.12940952255126037 37.698913730712952 -0.6830127018922193 1.0549740469210389 1.8221189111459879 1.0000000180025095e-35 75.831030000000013 78.620722433460102 12.997539000000002 0.25000000000000011
decision_type=2 2 2 2 2 2 2 2 2 2 2 2 2 2
left_child=5 10 3 -3 -4 7 12 9 -9 -1 11 -2 -7 -12
right_child=1 2 4 -5 -6 6 -8 8 -10 -11 13 -13 -14 -15
leaf_value=0.019636991083878539 0.006352542433417532 0.13293071339238982 -0.012888193281432179 -0.0051366449359297565 -0.054084925571126818 0.62538127231597895 -0.087449888716442423 -0.0072240345478628634 0.02795105995110389 -0.029777917112120415 0.0033718905609157169 0.057980887604317688 0.2296760473356953 -0.017631192802480048
leaf_weight=19715 20419 258 6008 19482 5142 20 198 25411 4442 1689 11370 1927 206 10119
leaf_count=19715 20419 258 6008 19482 5142 20 198 25411 4442 1689 11370 1927 206 10119
internal_value=1.43793e-11 -0.0042816 -0.0136391 -0.00333212 -0.0318867 0.00619072 0.10025 0.00541267 -0.00199013 0.0157376 0.00231254 0.0108047 0.264694 -0.0065183
internal_weight=126406 74725 30890 19740 11150 51681 424 51257 29853 21404 43835 22346 226 21489
internal_count=126406 74725 30890 19740 11150 51681 424 51257 29853 21404 43835 22346 226 21489
is_linear=0
shrinkage=0.01


Tree=499
num_leaves=15
num_cat=0
split_feature=31 39 6 1 11 9 11 21 32 0 44 9 11 36
split_gain=32965.4 35903.7 34699.5 32578.1 96358.6 33443.4 25018.4 25203.5 22195.8 20587.7 12302.4 11912.4 12607.5 12551.7
threshold=23.923611111111118 58.286931418110136 17.101420000000005 -118.21337597412109 -0.5 0.78656609248549303 -0.5 65.000000000000014 66.855133079847931 34.083213737060554 1.0000000180025095e-35 1.0000000180025095e-35 0.25000000000000017 29.463244613434728
decision_type=2 2 2 2 2 2 2 2 2 2 2 2 2 2
left_child=1 11 3 5 -5 -2 9 -8 -3 -4 -10 13 -13 -1
right_child=2 8 6 4 -6 -7 7 -9 10 -11 -12 12 -14 -15
leaf_value=0.01455632211310795 -0.0016784874630360908 -0.025490862395623669 0.039373096146427831 -0.018617037114683682 0.037800364464061646 0.01380731853505488 -0.024894342937269637 -0.094173272021814081 -0.062724473118735746 -0.0139891356529784 -0.1598831794572913 0.0020098099990706036 -0.031743539862843527 -0.014585577185940573
leaf_weight=4695 71262 4616 999 4649 8679 17339 3494 618 684 2617 161 2115 2321 2157
leaf_count=4695 71262 4616 999 4649 8679 17339 3494 618 684 2617 161 2115 2321 2157
internal_value=7.69984e-12 -0.0130668 0.00199582 0.00354474 0.0181212 0.00135205 -0.0184337 -0.0353064 -0.0341166 0.000753361 -0.0812364 -0.00288316 -0.0156506 0.00538249
internal_weight=126406 16749 109657 101929 13328 88601 7728 4112 5461 3616 845 11288 4436 6852
internal_count=126406 16749 109657 101929 13328 88601 7728 4112 5461 3616 845 11288 4436 6852
is_linear=0
shrinkage=0.01


Tree=500
num_leaves=15
num_cat=0
split_feature=7 0 0 15 8 0 38 31 3 42 25 26 7 23
split_gain=33708.7 82701.1 85462.5 73914.3 85687.9 61519.4 49008.6 47180 44163 44147.1 37902.4 31000.9 29600.2 28116.2
threshold=1007.5001000000001 37.042691525878915 34.083213737060554 0.26266580858994554 -0.78656609248549303 35.400001525878913 96.823970135850374 94.310024456885202 29.861015500000004 1.0000000180025095e-35 68.518545704629815 41.844542972818189 1017.9223050000002 141.4332192901617
decision_type=2 2 2 2 2 2 2 2 2 2 2 2 2 2
left_child=3 2 8 7 5 -5 -4 9 -2 -1 12 -6 -3 -9
right_child=1 10 6 4 11 -7 -8 13 -10 -11 -12 -13 -14 -15
leaf_value=-0.00023245891912382092 -0.080764443772430403 -0.014739468092077138 0.035041247825647021 0.0044622744709619331 0.01162340177785144 -0.039386624114922324 -0.063250006755941918 0.046275053837806876 -0.0014473331838022964 -0.022864159394158836 -0.20850366639283796 0.14618345963400464 0.027186117256239987 0.2409157620832838
leaf_weight=13136 811 12632 15892 6328 37519 6472 524 505 5222 25067 96 172 1943 87
leaf_count=13136 811 12632 15892 6328 37519 6472 524 505 5222 25067 96 172 1943 87
internal_value=-3.39438e-12 0.00800894 0.0200755 -0.00332966 0.00464576 -0.0177088 0.0319038 -0.0137095 -0.0121097 -0.0150823 -0.0104548 0.0122375 -0.00915035 0.0748793
internal_weight=126406 37120 22449 89286 50491 12800 16416 38795 6033 38203 14671 37691 14575 592
internal_count=126406 37120 22449 89286 50491 12800 16416 38795 6033 38203 14671 37691 14575 592
is_linear=0
shrinkage=0.01


Tree=501
num_leaves=15
num_cat=0
split_feature=9 11 14 13 1 9 25 1 7 13 23 14 3 39
split_gain=33102.1 138455 62294.7 72925.6 98608 72037.2 57368 56815.9 68895.7 28570.5 28423.7 28224.3 29581.6 18893
threshold=-0.60355339059327384 0.6830127018922193 2.9013901956584665 -0.54874661231670496 -118.99998249999999 0.37940952255126048 133.23489760367167 -119.7866065258789 1003.2004000000001 -3.252691193458118 60.160329531051971 -11.159982359523465 65.977335000000011 93.666944513441749
decision_type=2 2 2 2 2 2 2 2 2 2 2 2 2 2
left_child=1 11 3 6 -5 9 -2 13 -9 -4 -7 -1 -13 -3
right_child=2 7 5 4 -6 10 -8 8 -10 -11 -12 12 -14 -15
leaf_value=-0.055162405932464076 0.011916873008683644 -0.0064982875819018238 -0.025233022738027976 -0.0011349989629180492 -0.043982368200421187 -0.035537153744278654 0.2530343986280037 -0.014112448203854567 0.065686870840496903 0.0059342633764936327 -0.085570751137294801 0.014440231396296504 -0.0090899548972888673 0.16752827755874022
leaf_weight=1041 30161 2470 4823 34842 6350 4208 99 1298 6499 7538 1555 7629 17829 64
leaf_count=1041 30161 2470 4823 34842 6350 4208 99 1298 6499 7538 1555 7629 17829 64
internal_value=-1.44326e-11 0.00798066 -0.00328132 0.00091868 -0.00774018 -0.0198394 0.0127057 0.0390332 0.0524023 -0.00622655 -0.0490375 -0.0041256 -0.00203866 -0.00210298
internal_weight=126406 36830 89576 71452 41192 18124 30260 10331 7797 12361 5763 26499 25458 2534
internal_count=126406 36830 89576 71452 41192 18124 30260 10331 7797 12361 5763 26499 25458 2534
is_linear=0
shrinkage=0.01


Tree=502
num_leaves=15
num_cat=0
split_feature=7 0 0 15 8 0 38 31 3 42 25 2 7 23
split_gain=32911.6 80671.6 83721.8 71927.1 83307.4 80146 48145.5 44593.8 43218.6 42910.6 37154.8 34147.1 28972.3 25192.4
threshold=1007.5001000000001 37.042691525878915 34.083213737060554 0.26515498024550571 -0.60355339059327362 35.400001525878913 96.823970135850374 94.310024456885202 29.861015500000004 1.0000000180025095e-35 68.518545704629815 33.525000000000006 1017.9223050000002 141.4332192901617
decision_type=2 2 2 2 2 2 2 2 2 2 2 2 2 2
left_child=3 2 8 7 5 -5 -4 9 -2 -1 12 -6 -3 -9
right_child=1 10 6 4 11 -7 -8 13 -10 -11 -12 -13 -14 -15
leaf_value=-0.00020171263560922879 -0.079941235791312459 -0.014560106656045672 0.034648175219717553 0.0091836831570868711 0.0104610647632437 -0.033890954963239558 -0.062773720064691008 0.045058025591715137 -0.0014767386110530756 -0.022415028907556235 -0.20640786788892002 0.043403533881012327 0.026918396518339955 0.22736559580551105
leaf_weight=13252 811 12632 15892 8343 29312 8957 524 511 5222 25297 96 3525 1943 89
leaf_count=13252 811 12632 15892 8343 29312 8957 524 511 5222 25297 96 3525 1943 89
internal_value=8.62245e-12 0.00791367 0.0198312 -0.00329005 0.00464109 -0.013118 0.0315385 -0.0134472 -0.0120245 -0.0147788 -0.0103221 0.0139974 -0.00903059 0.0721003
internal_weight=126406 37120 22449 89286 50137 17300 16416 39149 6033 38549 14671 32837 14575 600
internal_count=126406 37120 22449 89286 50137 17300 16416 39149 6033 38549 14671 32837 14575 600
is_linear=0
shrinkage=0.01


Tree=503
num_leaves=14
num_cat=0
split_feature=7 8 39 27 23 45 25 35 14 7 23 18 14
split_gain=32794.7 32402.5 40171.4 38688.9 26374.1 21003.5 14919.6 14701.3 5510.81 5406.96 5394 4917.81 4394.69
threshold=992.71127500000011 0.91597561503675362 37.951256865230256 150.50000000000003 18.680402994883352 1.0000000180025095e-35 80.25021203397641 74.48146387832702 -6.7659623757233378 1012.2565650000001 47.955945172041503 6.0631249831016119 11.498539898314084
decision_type=2 2 2 2 2 2 2 2 2 2 2 2 2
left_child=6 2 4 -4 -2 7 10 -3 -8 -7 11 -1 -12
right_child=1 5 3 -5 -6 9 8 -9 -10 -11 12 -13 -14
leaf_value=-0.065327116738287561 -0.026090914387543056 -0.010609835703950406 -0.0012562809136295791 0.056113410851598336 0.018942616669898885 0.011551393192080759 -0.1633641062464033 -0.032942230663809247 -0.3714488115310669 0.075793343859591661 -0.13272917749755311 0.03059888618439436 0.0032245751084952518
leaf_weight=161 1406 9202 90303 1191 17329 2041 35 4337 20 140 132 80 29
leaf_count=161 1406 9202 90303 1191 17329 2041 35 4337 20 140 132 80 29
internal_value=8.95806e-12 0.000306816 0.00222226 -0.000509485 0.015563 -0.0131243 -0.0845585 -0.0177637 -0.239031 0.0156751 -0.0634241 -0.0334845 -0.108241
internal_weight=126406 125949 110229 91494 18735 15720 457 13539 55 2181 402 241 161
internal_count=126406 125949 110229 91494 18735 15720 457 13539 55 2181 402 241 161
is_linear=0
shrinkage=0.01


Tree=504
num_leaves=15
num_cat=0
split_feature=40 27 16 44 12 2 24 15 20 12 0 28 7 6
split_gain=32513.2 61261.1 36372.4 41209 31537.2 43228.6 29715.8 39264.9 34259.8 27349.8 27114.1 31778.9 26427.6 24359.8
threshold=80.63249230945604 126.69011725293133 0.11899964999999992 1.0000000180025095e-35 1.0000000180025095e-35 14.325000000000001 29.88509962664175 1.9251112597474251 70.586026615969601 1.0000000180025095e-35 35.400001525878913 43.886178003098159 1010.0000500000001 8.8965830000000015
decision_type=2 2 2 2 2 2 2 2 2 2 2 2 2 2
left_child=2 10 3 -1 13 -6 8 -8 -4 -5 11 -2 -12 -3
right_child=1 4 6 9 5 -7 7 -9 -10 -11 12 -13 -14 -15
leaf_value=0.0043280310971760124 -0.032022829166002825 0.051351292765330472 -0.00010953887498253164 0.056723897332017374 0.24072149726812558 0.039048342181129327 -0.060314411243706796 0.17704233637734038 0.017450509513069892 0.17247722093312387 -0.0340068016905056 0.010327209441758025 -0.0038306908410492314 -0.071231918248499546
leaf_weight=1258 2437 659 86911 695 186 248 1198 74 12739 289 8633 6492 4372 215
leaf_count=1258 2437 659 86911 695 186 248 1198 74 12739 289 8633 6492 4372 215
internal_value=7.03989e-12 -0.010685 0.00240724 0.0422452 0.055798 0.12548 0.00152223 -0.0465059 0.00213529 0.0907206 -0.0146496 -0.00123142 -0.0238622 0.0211964
internal_weight=126406 23242 103164 2242 1308 434 100922 1272 99650 984 21934 8929 13005 874
internal_count=126406 23242 103164 2242 1308 434 100922 1272 99650 984 21934 8929 13005 874
is_linear=0
shrinkage=0.01


Tree=505
num_leaves=15
num_cat=0
split_feature=9 14 3 14 9 9 2 13 10 47 26 37 39 33
split_gain=32243.8 57073.7 53405.1 47173.6 54611.8 44661.4 52668.4 46773.7 36409 36361.4 31039 26540.3 17070.3 15491.2
threshold=-0.78656609248549325 -1.4554127125691567 60.524778500000004 5.0668913991695517 0.1294095225512602 0.78656609248549303 18.825000000000006 2.1599980756903698 1.0000000180025095e-35 1.0000000180025095e-35 41.844542972818189 58.098129359655637 56.225198755617015 93.774963219137533
decision_type=2 2 2 2 2 2 2 2 2 2 2 2 2 2
left_child=1 10 9 5 12 7 -7 -2 -4 -3 13 -6 -5 -1
right_child=3 2 8 4 11 6 -8 -9 -10 -11 -12 -13 -14 -15
leaf_value=-0.010948962992673868 0.003508936226548806 0.04302955221961087 0.028122521984461725 0.0074359663868461432 -0.028606035837389247 -0.0082884152748903782 0.02231673353255547 -0.01391596369417738 -0.0031433722571371264 0.13603804658357685 0.2947496252348929 -0.075990085245034575 -0.022053405439299487 -0.12730427613931483
leaf_weight=8415 33893 2327 7460 5004 3274 8694 15918 28241 7438 513 33 1850 3230 116
leaf_count=8415 33893 2327 7460 5004 3274 8694 15918 28241 7438 513 33 1850 3230 116
internal_value=-7.18685e-12 0.00985305 0.0200886 -0.00258886 -0.0200824 0.000104972 0.0115057 -0.00441099 0.0125127 0.05983 -0.011347 -0.0457139 -0.004132 -0.0125311
internal_weight=126406 26302 17738 100104 13358 86746 24612 62134 14898 2840 8564 5124 8234 8531
internal_count=126406 26302 17738 100104 13358 86746 24612 62134 14898 2840 8564 5124 8234 8531
is_linear=0
shrinkage=0.01


Tree=506
num_leaves=15
num_cat=0
split_feature=5 0 35 16 28 26 0 3 13 3 36 27 2 2
split_gain=32177.1 44285.7 56406.5 46408.2 45740 36662.8 76642.5 59302.5 37933.1 31113.9 30062.9 28608.3 27300.5 25608.1
threshold=1.5000000000000002 36.742692288818368 67.958386142796812 1.0000000180025095e-35 103.1418356038749 37.698913730712952 36.742692288818368 46.999586000000008 7.5600062621682733 75.831030000000013 45.442332065906221 78.620722433460102 12.225000000000001 34.875000000000007
decision_type=2 2 2 2 2 2 2 2 2 2 2 2 2 2
left_child=5 9 3 -3 -4 8 -7 -8 12 10 -2 -11 -1 -10
right_child=1 2 4 -5 -6 6 7 -9 13 11 -12 -13 -14 -15
leaf_value=0.027208041535148091 -0.00065237717829299906 0.13002821795180325 -0.035217942212260427 -0.0049750815674100843 0.074617787569988783 -0.088804547007506104 0.29854854291485206 -0.0096249511711140896 -0.015001894278349331 -0.0098250234529066224 0.022560974571789065 0.0317090502657996 0.0059725698406224541 0.038403686921250041
leaf_weight=7461 11583 258 10757 19482 393 144 186 94 10711 19678 10763 1811 32105 980
leaf_count=7461 11583 258 10757 19482 393 144 186 94 10711 19678 10763 1811 32105 980
internal_value=-3.75345e-11 -0.00419587 -0.0133665 -0.0032106 -0.0313466 0.00606676 0.0986732 0.19509 0.00530072 0.00226658 0.0105284 -0.00632471 0.00997696 -0.0105252
internal_weight=126406 74725 30890 19740 11150 51681 424 280 51257 43835 22346 21489 39566 11691
internal_count=126406 74725 30890 19740 11150 51681 424 280 51257 43835 22346 21489 39566 11691
is_linear=0
shrinkage=0.01


Tree=507
num_leaves=15
num_cat=0
split_feature=25 39 2 6 26 0 11 11 24 38 40 12 40 44
split_gain=31772 40162.1 37226.2 50670 32086.5 24173.2 26968.2 23840.8 45552.8 29169.7 22184.8 14224.8 10492.6 9657.04
threshold=22.640027226212272 40.562051119560628 27.725000000000005 15.122141500000001 24.623267122495736 34.083213737060554 -0.68301270189221952 0.93301270189221952 2.1234347468135608 22.268518518518523 54.914026193493889 1.0000000180025095e-35 64.015948457963688 1.0000000180025095e-35
decision_type=2 2 2 2 2 2 2 2 2 2 2 2 2 2
left_child=7 5 3 -3 -4 6 -2 11 -9 -10 -7 13 -13 -1
right_child=1 2 4 -5 -6 10 -8 8 9 -11 -12 12 -14 -15
leaf_value=0.00055666788323097127 0.054704278943093043 -0.0016551862806262769 0.010306008562703558 -0.026622845984748508 0.097689052503878632 0.028364289353087206 -0.0093116207620100727 -0.3688153680165609 0.22987582818915445 0.024807581524103881 0.0043705117503405611 -0.046751881392442095 -0.12460655359845413 -0.033690859519503395
leaf_weight=1249 734 74078 14228 9130 433 10303 6362 24 96 250 6156 719 228 2416
leaf_count=1249 734 74078 14228 9130 433 10303 6362 24 96 250 6156 719 228 2416
internal_value=9.79573e-13 0.00101552 -0.00180595 -0.00439476 0.0128868 0.0127385 -0.00268991 -0.0247508 0.0524822 0.0817051 0.0193901 -0.0309468 -0.0654962 -0.0220196
internal_weight=126406 121424 97869 83208 14661 23555 7096 4982 370 346 16459 4612 947 3665
internal_count=126406 121424 97869 83208 14661 23555 7096 4982 370 346 16459 4612 947 3665
is_linear=0
shrinkage=0.01


Tree=508
num_leaves=15
num_cat=0
split_feature=9 10 2 44 2 8 45 8 17 26 45 35 1 23
split_gain=31707.9 63879.6 96043.2 51566.3 49740.4 92512.1 57339.9 53695.4 50026.6 39405.1 37530.3 35166.9 45120.9 33713
threshold=-0.60355339059327384 1.0000000180025095e-35 11.925000000000002 1.0000000180025095e-35 20.625000000000004 -0.78656609248549303 1.0000000180025095e-35 -1.0000000180025095e-35 0.0062919556524458319 41.844542972818189 1.0000000180025095e-35 83.260752431358341 -118.21337597412109 128.40500444375346
decision_type=2 2 2 2 2 2 2 2 2 2 2 2 2 2
left_child=1 2 3 -1 7 6 -6 8 -2 -4 -9 12 -3 -7
right_child=4 11 9 -5 5 13 -8 10 -10 -11 -12 -13 -14 -15
leaf_value=0.027840576445477362 0.018457317475025065 -0.0073125942645455013 0.0038347963202717216 0.085648184821544043 -0.0085031562497212328 0.01578026529564679 -0.072142950302825096 -0.021235222528362515 -0.012130412456054538 0.23520282510970092 0.012825239894891207 -0.037471964595931828 0.045678323291126519 0.1642020279343252
leaf_weight=3710 10587 11456 14019 2642 9427 24530 1666 28764 10803 74 3645 3060 1869 154
leaf_count=3710 10587 11456 14019 2642 9427 24530 1666 28764 10803 74 3645 3060 1869 154
internal_value=3.64253e-13 0.00781079 0.0196007 0.0518846 -0.00321148 0.00592637 -0.0180609 -0.00928826 0.00300901 0.00504967 -0.0174045 -0.00690049 0.000120053 0.0167062
internal_weight=126406 36830 20445 6352 89576 35777 11093 53799 21390 14093 32409 16385 13325 24684
internal_count=126406 36830 20445 6352 89576 35777 11093 53799 21390 14093 32409 16385 13325 24684
is_linear=0
shrinkage=0.01


Tree=509
num_leaves=15
num_cat=0
split_feature=7 2 9 9 9 11 8 10 10 0 23 3 27 18
split_gain=32479.8 73024.7 79892 71799.3 65001.2 73162.1 67293.6 56494.4 52600.9 46687.9 43814.3 34886.2 33939.9 26564.5
threshold=1006.3000500000002 15.325000000000001 -0.12940952255126037 0.25881904510252057 -0.12940952255126037 0.25000000000000017 0.12940952255126045 1.0000000180025095e-35 0.68301270189221941 37.042691525878915 128.40500444375346 17.002483500000004 165.26537911301864 7.956147290864501
decision_type=2 2 2 2 2 2 2 2 2 2 2 2 2 2
left_child=1 2 7 13 5 -2 8 -1 -6 -7 -5 -8 -4 -3
right_child=4 3 12 10 6 9 11 -9 -10 -11 -12 -13 -14 -15
leaf_value=0.019820775743186948 -0.0058537701528118651 -0.0059573224963182774 -0.044804904299989297 0.012208880131391249 -0.002396978966507935 0.041489528079468041 -0.23442797540090024 -0.02017684721154319 0.041723649251029366 -0.0026108737477228035 0.15999795910929984 -0.022151894316510358 0.36764244580268857 -0.038568028647695839
leaf_weight=5680 7726 25265 8216 28946 9489 11456 78 9335 3778 3037 202 10406 20 2772
leaf_count=5680 7726 25265 8216 28946 9489 11456 78 9335 3778 3037 202 10406 20 2772
internal_value=-2.0129e-11 -0.00383209 -0.0187748 0.00224352 0.00670519 0.0189994 -0.00479605 -0.00504621 0.0101671 0.0322483 0.0132331 -0.0237312 -0.0438033 -0.00918152
internal_weight=126406 80436 23251 57185 45970 22219 23751 15015 13267 14493 29148 10484 8236 28037
internal_count=126406 80436 23251 57185 45970 22219 23751 15015 13267 14493 29148 10484 8236 28037
is_linear=0
shrinkage=0.01


Tree=510
num_leaves=15
num_cat=0
split_feature=7 0 0 15 9 26 21 11 38 31 42 25 7 21
split_gain=31857.4 76437.7 81677.6 68104.5 56604.6 56616.1 49511.3 48656.4 47499.3 44357.6 42371.3 36420.1 28211.2 26162.7
threshold=1007.5001000000001 37.042691525878915 34.083213737060554 0.26266580858994554 0.78656609248549303 41.844542972818189 129.43969849246236 0.93301270189221952 96.823970135850374 94.310024456885202 1.0000000180025095e-35 68.518545704629815 1017.9223050000002 162.95207439198859
decision_type=2 2 2 2 2 2 2 2 2 2 2 2 2 2
left_child=3 2 7 9 5 -5 -6 -2 -4 10 -1 12 -3 -11
right_child=1 11 8 4 6 -7 -8 -9 -10 13 -12 -13 -14 -15
leaf_value=1.6505422181879902e-05 -0.0312370009613895 -0.014142616499892771 0.034038708654263811 -0.0037017500961711676 0.018433365770357285 0.19100254825750987 0.23732861132719196 0.030017216399541025 -0.062727240500189657 0.0529506130369298 -0.022155331069121924 -0.2041024111539203 0.026787480495889766 0.29649730138480662
leaf_weight=13136 4146 12632 15892 34166 16071 150 104 1887 524 544 25067 96 1943 48
leaf_count=13136 4146 12632 15892 34166 16071 150 104 1887 524 544 25067 96 1943 48
internal_value=-2.07386e-11 0.0077859 0.0193865 -0.00323693 0.00441863 -0.00285067 0.0198408 -0.0120779 0.0309499 -0.0132005 -0.0145316 -0.00996492 -0.00868621 0.0726976
internal_weight=126406 37120 22449 89286 50491 34316 16175 6033 16416 38795 38203 14671 14575 592
internal_count=126406 37120 22449 89286 50491 34316 16175 6033 16416 38795 38203 14671 14575 592
is_linear=0
shrinkage=0.01


Tree=511
num_leaves=14
num_cat=0
split_feature=7 31 33 9 0 7 25 21 25 14 25 26 18
split_gain=31759.6 34263.3 30485.5 31941.2 27428.8 35137.9 27028.7 25092 14770.8 5379.45 5035.95 4501.54 3179.48
threshold=992.71127500000011 60.694761301225192 62.939480354879606 -0.12940952255126037 37.042691525878915 1002.8996150000002 22.640027226212272 64.43773764258556 80.25021203397641 -6.7659623757233378 41.790962540487264 10.336949597571914 2.5938477990885569
decision_type=2 2 2 2 2 2 2 2 2 2 2 2 2
left_child=8 2 6 -4 5 -3 -2 -6 10 -10 12 -12 -1
right_child=1 4 3 -5 7 -7 -8 -9 9 -11 11 -13 -14
leaf_value=-0.084166384981228748 -0.023079858085778931 -0.0015127624348528069 0.0027269893226395058 -0.02841515991193596 -0.00080607473446279131 0.025086576965284737 0.0013085770762045971 -0.089673378148160718 -0.16215415627615795 -0.3677437505722046 0.02295000072320302 -0.10808183225731437 0.010455050991315926
leaf_weight=52 4800 8248 5481 8252 936 12482 85269 481 35 20 30 208 112
leaf_count=52 4800 8248 5481 8252 936 12482 85269 481 35 20 30 208 112
internal_value=-6.4585e-12 0.000301936 -0.00210726 -0.015986 0.0115937 0.0145033 8.85699e-06 -0.030972 -0.0832133 -0.236914 -0.0621846 -0.0915652 -0.0195469
internal_weight=126406 125949 103802 13733 22147 20730 90069 1417 457 55 402 238 164
internal_count=126406 125949 103802 13733 22147 20730 90069 1417 457 55 402 238 164
is_linear=0
shrinkage=0.01


Tree=512
num_leaves=15
num_cat=0
split_feature=40 27 7 44 11 47 15 8 43 12 15 14 0 6
split_gain=31884.1 58217.3 31134.4 106201 87405.5 67703.4 56408.3 75083.3 40603.5 30855.3 40569.3 28615.6 26238.9 23871
threshold=80.63249230945604 126.69011725293133 1007.7002500000002 1.0000000180025095e-35 0.25000000000000017 1.0000000180025095e-35 0.25515665696109968 -0.60355339059327362 1.0000000180025095e-35 1.0000000180025095e-35 0.178432102917294 3.5807642611772539 35.400001525878913 8.8965830000000015
decision_type=2 2 2 2 2 2 2 2 2 2 2 2 2 2
left_child=2 11 6 5 -5 -4 8 -8 -1 13 -11 12 -2 -3
right_child=1 9 3 4 -6 -7 7 -9 -10 10 -12 -13 -14 -15
leaf_value=-0.018597466056016951 0.0070983012459998832 0.049854566469132812 -0.0053575870081215126 -0.0307430581131065 0.065118455275001749 0.055012273182641035 -0.011738769200464299 0.015919537595158729 0.005393648614213228 0.26860268047716668 0.058885197775605511 -0.035229387384242271 -0.018370935205158249 -0.071492517957420537
leaf_weight=21983 6748 659 18665 1166 5162 2063 14872 28865 10388 133 301 5088 10098 215
leaf_count=21983 6748 659 18665 1166 5162 2063 14872 28865 10388 133 301 5088 10098 215
internal_value=1.11058e-12 -0.0105811 0.00238383 0.0115977 0.047455 0.000650857 -0.000891633 0.00651482 -0.0108986 0.0542293 0.123153 -0.014446 -0.00816873 0.0200037
internal_weight=126406 23242 103164 27056 6328 20728 76108 43737 32371 1308 434 21934 16846 874
internal_count=126406 23242 103164 27056 6328 20728 76108 43737 32371 1308 434 21934 16846 874
is_linear=0
shrinkage=0.01


Tree=513
num_leaves=15
num_cat=0
split_feature=31 39 17 13 23 47 8 10 14 32 25 11 28 25
split_gain=31028 34378.7 33375.3 36153.8 36500.1 33182.7 96363.4 45512.6 30679.9 21582.2 12407.9 11586.8 10571.1 15689.2
threshold=23.923611111111118 58.286931418110136 0.015882416233083056 -6.840818350530113 61.649626813124918 1.0000000180025095e-35 0.12940952255126045 0.25000000000000011 -10.440000150288759 66.855133079847931 85.621938377990517 0.93301270189221952 60.322137727080694 84.330254329314513
decision_type=2 2 2 2 2 2 2 2 2 2 2 2 2 2
left_child=1 12 5 8 -5 7 -7 -2 -4 11 -11 -3 13 -1
right_child=2 9 3 4 -6 6 -8 -9 -10 10 -12 -13 -14 -15
leaf_value=-0.0018236343446630166 0.0066568481286219585 -0.031343209658809823 0.023718860667061234 -0.022667636285814613 -0.10083025597993345 0.046038905826399697 -0.0085878773395046386 -0.0087409313695111807 -0.029270969852755124 -0.062735853310378939 -0.16609934399293053 0.013413978981659103 -0.038280214195146892 0.085488362981449989
leaf_weight=10300 57296 3938 3139 5084 677 6449 6468 28868 1676 706 139 678 778 210
leaf_count=10300 57296 3938 3139 5084 677 6449 6468 28868 1676 706 139 678 778 210
internal_value=1.04701e-11 -0.012677 0.00193628 -0.0149498 -0.0318529 0.00373872 0.0186853 0.00149805 0.00527422 -0.0332749 -0.0797388 -0.0247693 -0.00271198 -7.90559e-05
internal_weight=126406 16749 109657 10576 5761 99081 12917 86164 4815 5461 845 4616 11288 10510
internal_count=126406 16749 109657 10576 5761 99081 12917 86164 4815 5461 845 4616 11288 10510
is_linear=0
shrinkage=0.01


Tree=514
num_leaves=15
num_cat=0
split_feature=40 27 16 44 12 25 24 15 25 12 6 23 47 28
split_gain=31087.3 56922.8 34336.2 39090.6 30230.6 63564.2 29844.3 37739.5 36413.7 26757.8 23384.2 19120.9 16487.9 57970
threshold=80.63249230945604 126.69011725293133 0.11899964999999992 1.0000000180025095e-35 1.0000000180025095e-35 133.23489760367167 29.88509962664175 1.9251112597474251 91.861009110043057 1.0000000180025095e-35 8.8965830000000015 106.5090921198378 1.0000000180025095e-35 43.886178003098159
decision_type=2 2 2 2 2 2 2 2 2 2 2 2 2 2
left_child=2 12 3 11 10 -6 8 -8 -4 -5 -3 -1 -2 -14
right_child=1 4 6 9 5 -7 7 -9 -10 -11 -12 -13 13 -15
leaf_value=-0.0032911817496608909 -0.018301606681423239 0.049305273112197928 0.0014621317410372029 0.054646923867422793 0.078685967401637663 0.46109033526206505 -0.060175486632680304 0.17252501429738223 0.058653518110133217 0.16914050894741059 -0.070798098907047927 0.20891532459592616 -0.051596421116302568 0.030931201541694216
leaf_weight=1214 18034 659 98524 695 385 49 1198 74 1126 289 215 44 1255 2645
leaf_count=1214 18034 659 98524 695 385 49 1198 74 1126 289 215 44 1255 2645
internal_value=-1.41826e-11 -0.010448 0.00235386 0.0410607 0.0536377 0.121861 0.00149398 -0.0466379 0.00210837 0.0882736 0.0197604 0.00413099 -0.0142697 0.00437424
internal_weight=126406 23242 103164 2242 1308 434 100922 1272 99650 984 874 1258 21934 3900
internal_count=126406 23242 103164 2242 1308 434 100922 1272 99650 984 874 1258 21934 3900
is_linear=0
shrinkage=0.01


Tree=515
num_leaves=15
num_cat=0
split_feature=7 2 32 47 3 10 8 13 7 2 2 10 22 5
split_gain=31018.4 69485.4 64979.7 63408.6 67455.1 69486.8 55980.6 55696.5 44523.6 44112.9 43045 34515.2 31615.3 15969.4
threshold=1006.3000500000002 15.325000000000001 165.65092989985695 1.0000000180025095e-35 84.737657500000012 0.25000000000000011 -0.78656609248549303 3.2125591347640676 1001.2001500000001 27.325000000000006 11.375000000000002 0.25000000000000011 121.80653266331659 61.500000000000007
decision_type=2 2 2 2 2 2 2 2 2 2 2 2 2 2
left_child=1 2 8 10 5 -5 7 -3 -1 -8 11 -2 -12 -4
right_child=3 6 13 4 -6 -7 9 -9 -10 -11 12 -13 -14 -15
leaf_value=-0.041724318209508164 0.030738019602945622 -0.0046520286634350186 0.43918892290857103 0.0099233269276139211 -0.022570737225787289 0.099331056021593298 0.0015942522971041588 -0.053955149380726743 -0.010674556050338586 0.024361808673621019 -0.004750469400617149 0.0021023147420124091 -0.10301592625206314 0.12076636752911978
leaf_weight=6366 7492 9596 36 1471 1248 2125 33127 3010 16821 11452 23696 9606 332 28
leaf_count=6366 7492 9596 36 1471 1248 2125 33127 3010 16821 11452 23696 9606 332 28
internal_value=2.37466e-12 -0.00374488 -0.018321 0.0065526 0.0407736 0.0627574 0.00218166 -0.0164244 -0.0191993 0.00744306 0.0025219 0.0146499 -0.00610822 0.299879
internal_weight=126406 80436 23251 45970 4844 3596 57185 12606 23187 44579 41126 17098 24028 64
internal_count=126406 80436 23251 45970 4844 3596 57185 12606 23187 44579 41126 17098 24028 64
is_linear=0
shrinkage=0.01


Tree=516
num_leaves=15
num_cat=0
split_feature=9 11 1 12 11 0 8 9 45 2 45 26 16 42
split_gain=30898.3 127630 54103.3 67590.6 48245.4 76282.1 71235.5 65398.4 55966.1 47763.8 40878.5 34696.9 29381.3 26901.4
threshold=-0.60355339059327384 0.6830127018922193 -119.7866065258789 1.0000000180025095e-35 -0.24999999999999994 34.083213737060554 0.12940952255126045 0.25881904510252057 1.0000000180025095e-35 34.025000000000006 1.0000000180025095e-35 41.844542972818189 4.5000574320000011 1.0000000180025095e-35
decision_type=2 2 2 2 2 2 2 2 2 2 2 2 2 2
left_child=1 11 -3 -4 5 7 10 -2 -8 -7 -6 13 -13 -1
right_child=4 2 3 -5 6 9 8 -9 -10 -11 -12 12 -14 -15
leaf_value=0.0069374116892506098 -0.0011392000977598147 -0.0026178425815101235 0.031859700535519377 0.096900996757132291 0.0063632069057930679 -0.0089834936901188739 -0.027138863342611598 0.050845175981858691 0.016582940951186082 0.029395072102317222 -0.028864283413320226 -0.06994728491224092 0.31668037800026722 -0.013424607180172106
leaf_weight=11470 4129 2534 5554 2243 24826 21783 22006 5847 3377 3810 3798 29 61 14939
leaf_count=11470 4129 2534 5554 2243 24826 21783 22006 5847 3377 3810 3798 29 61 14939
internal_value=-3.05368e-11 0.00771043 0.0375244 0.0505704 -0.00317021 0.00587297 -0.00912605 0.0293292 -0.021322 -0.00327012 0.00168902 -0.00391294 0.1921 -0.00458094
internal_weight=126406 36830 10331 7797 89576 35569 54007 9976 25383 25593 28624 26499 90 26409
internal_count=126406 36830 10331 7797 89576 35569 54007 9976 25383 25593 28624 26499 90 26409
is_linear=0
shrinkage=0.01


Tree=517
num_leaves=14
num_cat=0
split_feature=7 39 9 11 27 12 5 15 25 23 14 18 23
split_gain=30716.4 30062.8 38604.9 55940.9 32103.9 44185.3 31499.1 20248.9 14524.8 5286.22 5274.41 4700.47 4385.21
threshold=992.71127500000011 40.562051119560628 -0.37940952255126015 0.6830127018922193 152.36695278969958 1.0000000180025095e-35 8.5000000000000018 0.178432102917294 80.25021203397641 47.955945172041503 -6.7659623757233378 6.0631249831016119 70.076515044829378
decision_type=2 2 2 2 2 2 2 2 2 2 2 2 2
left_child=8 2 3 -2 6 -6 -3 -4 9 11 -10 -1 -11
right_child=1 4 7 -5 5 -7 -8 -9 10 12 -12 -13 -14
leaf_value=-0.062474405078784281 0.005828951064115212 0.0028343359225788929 -0.018501143778218373 0.048999200878675868 0.0041855916147160071 0.13873890965055 -0.008450992386372029 0.0072378607770688273 -0.16022439289093018 -0.12719259656476278 -0.36379700469970699 0.031307972855865958 0.019342676351467771
leaf_weight=161 7850 49726 4785 4860 679 381 49207 8461 35 137 20 80 24
leaf_count=161 7850 49726 4785 4860 679 381 49207 8461 35 137 20 80 24
internal_value=-4.25972e-12 0.000296935 0.00988615 0.0223362 -0.00219222 0.0525486 -0.00277873 -0.00206013 -0.0818352 -0.0609823 -0.234251 -0.0313433 -0.105349
internal_weight=126406 125949 25956 12710 99993 1060 98933 13246 457 402 55 241 161
internal_count=126406 125949 25956 12710 99993 1060 98933 13246 457 402 55 241 161
is_linear=0
shrinkage=0.01


Tree=518
num_leaves=15
num_cat=0
split_feature=40 27 10 16 23 14 10 23 24 15 25 26 26 34
split_gain=30412.8 55153.5 36167.5 33303.7 30996 30934.2 30451.6 46081 29349.1 36772.2 35505.9 29328.3 21194.7 13579.4
threshold=80.63249230945604 126.69011725293133 -0.93301270189221908 0.11899964999999992 70.440841665493139 3.5807642611772539 0.25000000000000011 128.40500444375346 29.88509962664175 1.9251112597474251 91.861009110043057 15.100315938170956 11.289142701814496 26.736111111111118
decision_type=2 2 2 2 2 2 2 2 2 2 2 2 2 2
left_child=3 2 4 11 -2 -4 7 -3 10 -10 -5 -1 -8 -13
right_child=1 6 5 8 -6 -7 12 -9 9 -11 -12 13 -14 -15
leaf_value=0.0090363647846478812 -0.039433078518750032 0.035303980795563093 -0.0042602127360822414 0.0014524674461924689 -0.16046226519582082 -0.032972134951173585 -0.24733251211491039 0.18292180997758947 -0.059612531071398189 0.17008662302298724 0.057926494030804632 0.19366270609200001 -0.0037763626703479947 0.069466869906591164
leaf_weight=1278 886 828 15854 98524 278 4916 47 284 1198 74 1126 98 149 866
leaf_count=1278 886 828 15854 98524 278 4916 47 284 1198 74 1126 98 149 866
internal_value=1.2154e-12 -0.0103341 -0.0140959 0.00232818 -0.0683387 -0.011056 0.0527478 0.0730049 0.00148133 -0.0462495 0.0020906 0.0404486 -0.0621801 0.0820926
internal_weight=126406 23242 21934 103164 1164 20770 1308 1112 100922 1272 99650 2242 196 964
internal_count=126406 23242 21934 103164 1164 20770 1308 1112 100922 1272 99650 2242 196 964
is_linear=0
shrinkage=0.01


Tree=519
num_leaves=15
num_cat=0
split_feature=7 2 9 1 44 10 3 10 9 10 36 26 10 1
split_gain=30320.8 67937.7 78156.9 62098.2 86559.4 70020 65922.7 68317.5 61429.6 53442.1 44628.5 40153.2 37208.9 30161.9
threshold=1006.3000500000002 14.625000000000002 -0.12940952255126037 -118.21337597412109 1.0000000180025095e-35 -0.5 84.737657500000012 0.25000000000000011 0.25881904510252057 1.0000000180025095e-35 42.777883396704702 41.844542972818189 -0.5 -119.7866065258789
decision_type=2 2 2 2 2 2 2 2 2 2 2 2 2 2
left_child=1 2 9 4 12 -6 7 -5 11 -1 -10 -3 -2 -4
right_child=3 8 13 6 5 -7 -8 -9 10 -11 -12 -13 -14 -15
leaf_value=0.020901264945813524 -0.023658313772813026 -0.0092346855554812923 -0.0034928911169512873 0.0096890328030046872 0.066246784986354584 0.010323352757072643 -0.022276657362835045 0.098341339619626461 -0.0023722605237465511 -0.020454210461081836 0.022276339710933176 0.16895532600053653 0.00085319671566813486 -0.056223240418375231
leaf_weight=4945 8662 29749 1337 1471 3182 7554 1248 2125 12799 8489 17240 127 21728 5750
leaf_count=4945 8662 29749 1337 1471 3182 7554 1248 2125 12799 8489 17240 127 21728 5750
internal_value=9.14956e-12 -0.00370253 -0.0194061 0.0064785 0.00248966 0.0268983 0.0403441 0.0620767 0.00167598 -0.00523143 0.0117741 -0.00847722 -0.00613327 -0.0462754
internal_weight=126406 80436 20521 45970 41126 10736 4844 3596 59915 13434 30039 29876 30390 7087
internal_count=126406 80436 20521 45970 41126 10736 4844 3596 59915 13434 30039 29876 30390 7087
is_linear=0
shrinkage=0.01


Tree=520
num_leaves=15
num_cat=0
split_feature=9 14 14 9 9 10 44 36 5 26 25 6 39 10
split_gain=30080.3 54580.5 43258.3 51771.7 40331.1 37435.9 71424.4 35414.6 35023.7 28533.7 26259.7 22685.1 16166.8 14787
threshold=-0.78656609248549325 -1.4554127125691567 5.0668913991695517 0.1294095225512602 0.78656609248549303 1.0000000180025095e-35 1.0000000180025095e-35 41.111216730038031 15.500000000000002 41.844542972818189 65.537576867107944 18.444510500000003 56.225198755617015 0.68301270189221941
decision_type=2 2 2 2 2 2 2 2 2 2 2 2 2 2
left_child=1 9 4 12 11 6 -3 -6 -7 13 -5 -2 -4 -1
right_child=2 5 3 10 7 8 -8 -9 -10 -11 -12 -13 -14 -15
leaf_value=-0.0062915017483676575 -0.0031203882013125192 0.019313885478369427 0.0075354495580392082 -0.03324817046023807 -0.0016341414901358273 0.034456829751310328 0.087557522178476399 0.022381091119803881 -0.010519503208999317 0.28226819547739895 -0.090966928929840915 -0.037648055801087515 -0.021162924440942012 -0.040958355955909471
leaf_weight=7040 60169 7783 5004 4151 11753 2522 1910 12859 5523 33 973 1965 3230 1491
leaf_count=7040 60169 7783 5004 4151 11753 2522 1910 12859 5523 33 973 1965 3230 1491
internal_value=4.09482e-12 0.00951675 -0.00250049 -0.0192523 7.91197e-05 0.0195262 0.0327613 0.0109131 0.00357998 -0.0112151 -0.0442084 -0.00421233 -0.00372223 -0.0123504
internal_weight=126406 26302 100104 13358 86746 17738 9693 24612 8045 8564 5124 62134 8234 8531
internal_count=126406 26302 100104 13358 86746 17738 9693 24612 8045 8564 5124 62134 8234 8531
is_linear=0
shrinkage=0.01


Tree=521
num_leaves=14
num_cat=0
split_feature=7 31 40 10 33 0 7 8 25 23 14 18 14
split_gain=29894.8 32267.9 37845.9 34675.6 31231.7 26307.6 33850.7 24757.4 14280.1 5195.36 5180.01 4592.61 4381.64
threshold=992.71127500000011 60.694761301225192 64.605618926911717 -0.93301270189221908 57.706168145331652 37.042691525878915 1002.8996150000002 0.12940952255126045 80.25021203397641 47.955945172041503 -6.7659623757233378 6.0631249831016119 11.498539898314084
decision_type=2 2 2 2 2 2 2 2 2 2 2 2 2
left_child=8 2 4 -4 -2 6 -3 -7 9 11 -10 -1 -11
right_child=1 5 3 -5 -6 7 -8 -9 10 12 -12 -13 -14
leaf_value=-0.061445630586573055 0.0065127476601599885 -0.0016194969132634158 -0.042062810514961663 -0.0069493144251175998 -0.01049691727950585 0.017780108667640508 0.024488115564136121 -0.066672135527085688 -0.15849854115077427 -0.12849271363832734 -0.36024112701416017 0.031254553787410259 0.007258947079294714
leaf_weight=161 49385 8248 3040 37563 13814 608 12482 809 35 132 20 80 29
leaf_count=161 49385 8248 3040 37563 13814 608 12482 809 35 132 20 80 29
internal_value=8.24561e-13 0.000292937 -0.00204505 -0.00957831 0.00279479 0.011251 0.0141005 -0.0304357 -0.0807334 -0.060057 -0.231859 -0.0306738 -0.104041
internal_weight=126406 125949 103802 40603 63199 22147 20730 1417 457 402 55 241 161
internal_count=126406 125949 103802 40603 63199 22147 20730 1417 457 402 55 241 161
is_linear=0
shrinkage=0.01


Tree=522
num_leaves=15
num_cat=0
split_feature=17 25 2 39 7 0 17 2 42 34 24 0 3 2
split_gain=29762.4 50713.5 49307.8 45728.5 40958.3 39795.1 36381.2 34390 25004.1 21007.3 20146 19236.1 27655.5 26415
threshold=0.0058081017204881643 133.23489760367167 25.825000000000006 49.469696969696976 1004.4999700000002 37.042691525878915 0.012475239838596228 3.2250000000000005 1.0000000180025095e-35 132.81853713009494 21.324993315765699 35.400001525878913 16.999175000000005 34.025000000000006
decision_type=2 2 2 2 2 2 2 2 2 2 2 2 2 2
left_child=1 4 3 8 7 -6 -5 -1 -2 10 -3 12 -4 -13
right_child=2 9 11 6 5 -7 -8 -9 -10 -11 -12 13 -14 -15
leaf_value=0.33798413112245634 0.015134020104567802 0.27547551918128305 -0.05111495286332457 -0.0078602092859012158 0.020669752315730171 -0.0068643618900191671 -0.028461037116075318 -0.0066647773162435307 -0.0058072959516025074 -0.12258520711552014 0.036851311004161835 -0.0056701314454711297 0.033208342261566652 0.027148232819612272
leaf_weight=29 10398 121 421 29017 20160 7097 12167 17497 12624 22 50 8195 5108 3500
leaf_count=29 10398 121 421 29017 20160 7097 12167 17497 12624 22 50 8195 5108 3500
internal_value=4.51012e-12 0.00652908 -0.00360619 -0.00763656 0.00583198 0.0135006 -0.0139463 -0.00609449 0.00365095 0.168281 0.205702 0.0114178 0.0267876 0.00415153
internal_weight=126406 44976 81430 64206 44783 27257 41184 17526 23022 193 171 17224 5529 11695
internal_count=126406 44976 81430 64206 44783 27257 41184 17526 23022 193 171 17224 5529 11695
is_linear=0
shrinkage=0.01


Tree=523
num_leaves=15
num_cat=0
split_feature=31 39 17 2 0 47 8 10 22 32 25 9 36 28
split_gain=29531.8 32844.7 32037.9 37030.2 38352.1 31805.1 92969.3 42938.9 30926.8 21009.4 12249 10591 12415.1 10091
threshold=23.923611111111118 58.286931418110136 0.015882416233083056 22.825000000000006 34.083213737060554 1.0000000180025095e-35 0.12940952255126045 0.25000000000000011 58.475760456273768 66.855133079847931 85.621938377990517 1.0000000180025095e-35 29.463244613434728 59.211026615969594
decision_type=2 2 2 2 2 2 2 2 2 2 2 2 2 2
left_child=1 11 5 8 -5 7 -7 -2 -4 13 -11 12 -1 -3
right_child=2 9 3 4 -6 6 -8 -9 -10 10 -12 -13 -14 -15
leaf_value=0.014290073331465926 0.0064721317143830569 -0.018171308111678223 -0.017800707068077706 0.04240081971139139 -0.015134303303065999 0.045155570381300074 -0.0085005664354834386 -0.0084839606987116532 -0.070662028809229643 -0.061450103136180524 -0.16414960818968233 -0.014665984279521035 -0.014692716716063772 -0.060927771176218802
leaf_weight=4695 57296 3975 3883 1762 3383 6449 6468 28868 1548 706 139 4436 2157 641
leaf_count=4695 57296 3975 3883 1762 3383 6449 6468 28868 1548 706 139 4436 2157 641
internal_value=-2.32039e-12 -0.0123676 0.00188903 -0.0146553 0.00456966 0.00365498 0.018288 0.00146131 -0.0328678 -0.0325007 -0.0783439 -0.00262745 0.00516633 -0.0241087
internal_weight=126406 16749 109657 10576 5145 99081 12917 86164 5431 5461 845 11288 6852 4616
internal_count=126406 16749 109657 10576 5145 99081 12917 86164 5431 5461 845 11288 6852 4616
is_linear=0
shrinkage=0.01


Tree=524
num_leaves=15
num_cat=0
split_feature=40 27 10 23 10 23 14 20 8 10 12 15 36 35
split_gain=29314.4 53064.7 35079.9 30467 29631.7 44729.5 29611.5 25100.9 38835.7 32590 24639.8 44576.6 22533.6 19903.7
threshold=80.63249230945604 126.69011725293133 -0.93301270189221908 70.440841665493139 0.25000000000000011 128.40500444375346 3.5807642611772539 68.171736375158432 0.37940952255126054 -0.93301270189221908 1.0000000180025095e-35 0.029449069989048591 59.385509083227724 56.7788339670469
decision_type=2 2 2 2 2 2 2 2 2 2 2 2 2 2
left_child=7 2 3 -2 5 -3 -4 10 9 -9 13 -12 -10 -1
right_child=1 4 6 -5 -6 -7 -8 8 12 -11 11 -13 -14 -15
leaf_value=0.0092837270702996084 -0.038598789595693989 0.034568575068921359 -0.0041928981553522498 -0.15859068876748786 -0.061639985468010514 0.18000569960915705 -0.032284286876362152 -0.034728373916376648 -0.01969665464061433 0.031757107525228541 0.14098830094128245 -0.0096726546846596616 0.016388322325133618 -0.0020522704369415855
leaf_weight=30072 886 828 15854 278 196 284 4916 803 4084 9008 198 24057 3003 31939
leaf_count=30072 886 828 15854 278 196 284 4916 803 4084 9008 198 24057 3003 31939
internal_value=4.18212e-12 -0.0101458 -0.0138356 -0.0672566 0.0517301 0.0717126 -0.0108418 0.00228575 0.0134308 0.0263155 0.000102629 -0.00844277 -0.00440624 0.00344508
internal_weight=126406 23242 21934 1164 1308 1112 20770 103164 16898 9811 86266 24255 7087 62011
internal_count=126406 23242 21934 1164 1308 1112 20770 103164 16898 9811 86266 24255 7087 62011
is_linear=0
shrinkage=0.01


Tree=525
num_leaves=15
num_cat=0
split_feature=7 44 11 1 15 8 13 23 19 44 13 13 11 30
split_gain=29620.4 77548.4 80044.3 72922.8 62529.1 76670.6 56663.9 54711.9 49955.8 47212.1 62162 31911.5 23007 19652.8
threshold=1007.5001000000001 1.0000000180025095e-35 0.25000000000000017 -118.21337597412109 0.28781202317072702 -0.78656609248549303 1.0549740469210389 61.071316246538053 0.17931820202713636 1.0000000180025095e-35 -2.899999999999999 -5.0732009093110486 0.93301270189221952 55.287213068581906
decision_type=2 2 2 2 2 2 2 2 2 2 2 2 2 2
left_child=4 3 13 12 9 6 -6 -4 -5 -1 -11 -7 -2 -3
right_child=1 2 7 8 5 11 -8 -9 -10 10 -12 -13 -14 -15
leaf_value=-0.0059669688439299845 -0.010568031753556462 -0.0098416029917045011 0.07733308851840788 -0.028501919476818797 -0.00079137210164606834 0.028384810117112955 -0.045862470102050967 0.021950116645210484 0.064799934223619265 -0.070609689987978008 -0.015493232643572918 0.006626445037865099 0.014462418998752462 -0.090975003103459517
leaf_weight=31763 20832 895 3278 740 7817 9100 4337 3913 2556 2821 7451 25997 4458 448
leaf_count=31763 20832 895 3278 740 7817 9100 4337 3913 2556 2821 7451 25997 4458 448
internal_value=3.39228e-11 0.00750757 0.0339611 -0.000389791 -0.00312122 0.00477192 -0.0168744 0.0471963 0.0438523 -0.0119938 -0.0306299 0.012268 -0.00615578 -0.0369062
internal_weight=126406 37120 8534 28586 89286 47251 12154 7191 3296 42035 10272 35097 25290 1343
internal_count=126406 37120 8534 28586 89286 47251 12154 7191 3296 42035 10272 35097 25290 1343
is_linear=0
shrinkage=0.01


Tree=526
num_leaves=15
num_cat=0
split_feature=9 11 14 9 9 1 12 23 26 3 14 23 14 24
split_gain=29352.2 120994 54317.3 68164.5 57648.7 51735.6 66045.5 40277.7 33057.6 28517.3 28462.1 28179.1 26708.9 21915.4
threshold=-0.60355339059327384 0.6830127018922193 2.9013901956584665 0.37940952255126048 0.60355339059327384 -119.7866065258789 1.0000000180025095e-35 128.40500444375346 41.844542972818189 62.999742500000004 -1.080000966810289 60.160329531051971 -6.1199968914014748 26.497058107514153
decision_type=2 2 2 2 2 2 2 2 2 2 2 2 2 2
left_child=1 8 4 13 12 -3 -7 -6 10 -10 -1 -5 -2 -4
right_child=2 5 3 11 7 6 -8 -9 9 -11 -12 -13 -14 -15
leaf_value=-0.016804633583685304 -0.020645160438319744 -0.0027104084310746635 -0.00247470661669942 -0.033511744645240378 0.0096989276378324583 0.030805380041026877 0.095098967951028721 0.15384594960243272 0.31025917332191938 -0.070641079853320937 0.0042721684316612994 -0.083329545619217779 -0.0022091056186708787 -0.067850766479413002
leaf_weight=10934 10994 2534 11825 4208 32713 5554 2243 195 61 29 15475 1555 27550 536
leaf_count=10934 10994 2534 11825 4208 32713 5554 2243 195 61 29 15475 1555 27550 536
internal_value=-2.46378e-11 0.00751504 -0.00308988 -0.0185514 0.000831988 0.0365436 0.049301 0.0105531 -0.00380214 0.187525 -0.00445417 -0.0469538 -0.00746767 -0.00530956
internal_weight=126406 36830 89576 18124 71452 10331 7797 32908 26499 90 26409 5763 38544 12361
internal_count=126406 36830 89576 18124 71452 10331 7797 32908 26499 90 26409 5763 38544 12361
is_linear=0
shrinkage=0.01


Tree=527
num_leaves=15
num_cat=0
split_feature=5 7 44 0 28 2 13 0 23 14 0 3 38 25
split_gain=29242.6 47389.2 81256.8 66524.7 58724.9 35234.3 31284.6 45153.3 73220 61709.8 35443.8 50689.1 29515.7 25421.8
threshold=1.5000000000000002 1007.4002250000001 1.0000000180025095e-35 37.042691525878915 122.71345267818776 26.025000000000002 1.0549740469210389 34.083213737060554 78.202555978031299 -1.0577155672964991 36.742692288818368 26.896924000000002 93.495072430006147 70.216681445060374
decision_type=2 2 2 2 2 2 2 2 2 2 2 2 2 2
left_child=6 2 5 12 -4 -2 10 8 -8 -9 11 -1 -3 -5
right_child=1 3 4 13 -6 -7 7 9 -10 -11 -12 -13 -14 -15
leaf_value=-0.037828669755338253 -0.0050288760315021202 0.023488507121870641 -0.031790926049961185 -0.011735969203249277 0.2718344339868054 0.028144535422235963 -0.024111373534344151 -0.0033422981476087621 -0.25543305720346915 0.036294428248061707 0.036267765251187876 0.01436773494884898 -0.043048915822399995 -0.21326273546332405
leaf_weight=2154 32552 14421 13633 9742 64 3551 3762 21418 142 4810 5740 13655 699 63
leaf_count=2154 32552 14421 13633 9742 64 3551 3762 21418 142 4810 5740 13655 699 63
internal_value=1.40759e-11 -0.00399997 -0.00963388 0.00725654 -0.0303722 -0.00176602 0.00578351 -0.000796085 -0.0325252 0.00392675 0.0149838 0.0072559 0.0204125 -0.0130308
internal_weight=126406 74725 49800 24925 13697 36103 51681 30132 3904 26228 21549 15809 15120 9805
internal_count=126406 74725 49800 24925 13697 36103 51681 30132 3904 26228 21549 15809 15120 9805
is_linear=0
shrinkage=0.01


Tree=528
num_leaves=15
num_cat=0
split_feature=40 27 10 16 23 24 10 25 10 23 14 26 26 34
split_gain=28838.6 51568.4 34392.2 31489.1 29900.2 29110.9 35964.3 33789 28917.1 43451 28541.6 28225.4 20695.6 13303.1
threshold=80.63249230945604 126.69011725293133 -0.93301270189221908 0.11899964999999992 70.440841665493139 29.88509962664175 -0.6830127018922193 91.861009110043057 0.25000000000000011 128.40500444375346 3.5807642611772539 15.100315938170956 11.289142701814496 26.736111111111118
decision_type=2 2 2 2 2 2 2 2 2 2 2 2 2 2
left_child=3 2 4 11 -2 7 -7 -5 9 -3 -4 -1 -10 -13
right_child=1 8 10 5 -6 6 -8 -9 12 -11 -12 13 -14 -15
leaf_value=0.0085185285811261498 -0.038205279609531115 0.034064953628981459 -0.0042085393353156189 0.0014279500846376952 -0.15707578154401383 0.0738253092380802 -0.069670696378223818 0.056519647815825538 -0.24402015954890149 0.17740838600611183 -0.031787761173546744 0.19061710961467149 -0.003348539687643115 0.067691342940739002
leaf_weight=1278 886 828 15854 98524 278 209 1063 1126 47 284 4916 98 149 866
leaf_count=1278 886 828 15854 98524 278 209 1063 1126 47 284 4916 98 149 866
internal_value=-1.59841e-11 -0.0100631 -0.0137005 0.00226713 -0.0665953 0.00144367 -0.0460931 0.00205046 0.0509342 0.0706742 -0.0107362 0.0393345 -0.0610606 0.0801879
internal_weight=126406 23242 21934 103164 1164 100922 1272 99650 1308 1112 20770 2242 196 964
internal_count=126406 23242 21934 103164 1164 100922 1272 99650 1308 1112 20770 2242 196 964
is_linear=0
shrinkage=0.01


Tree=529
num_leaves=15
num_cat=0
split_feature=25 5 7 24 1 6 13 11 24 19 23 41 23 29
split_gain=28841.2 32787.2 56733.7 51023.6 48867.9 42353 36789.7 22673.1 44888 27227.3 16663 11659.7 13337.7 8601.42
threshold=22.640027226212272 21.500000000000004 1004.4003000000001 19.739105117268252 -118.21337597412109 22.400571000000003 -0.37649371299091478 0.93301270189221952 2.1234347468135608 0.03433673871392174 55.599316997605982 47.777777777777786 11.396604938271606 37.223225602027888
decision_type=2 2 2 2 2 2 2 2 2 2 2 2 2 2
left_child=7 5 3 -3 -4 6 -2 11 -9 -10 -7 12 -1 -13
right_child=1 2 4 -5 -6 10 -8 8 9 -11 -12 13 -14 -15
leaf_value=-0.064937285556296645 0.016127212286482055 -0.011656860233577614 -0.0007417320966725873 -0.062635584379258952 0.036019705814096595 -0.035640108651962168 0.00073255876951008609 -0.36647627830505369 0.29658155379295348 0.044286215611154568 -0.13100375339969994 -0.02049362167922987 -0.017687090291824133 -0.13326081701322814
leaf_weight=716 25173 22074 26400 2155 4190 686 40496 24 50 296 250 108 3607 181
leaf_count=716 25173 22074 26400 2155 4190 686 40496 24 50 296 250 108 3607 181
internal_value=1.16901e-11 0.000967548 -0.00476025 -0.0161911 0.00429359 0.0056818 0.00663382 -0.0235816 0.0517361 0.0807451 -0.0611112 -0.029624 -0.0255129 -0.0911194
internal_weight=126406 121424 54819 24229 30590 66605 65669 4982 370 346 936 4612 4323 289
internal_count=126406 121424 54819 24229 30590 66605 65669 4982 370 346 936 4612 4323 289
is_linear=0
shrinkage=0.01


Tree=530
num_leaves=15
num_cat=0
split_feature=9 11 1 12 2 9 18 26 25 35 26 16 39 17
split_gain=28762.7 94883.6 39680 49382.1 37694.4 52201.3 27706.8 25448.8 23381.7 20344.4 20087.8 17452.5 15400.1 14294.4
threshold=-0.78656609248549325 0.6830127018922193 -119.7866065258789 1.0000000180025095e-35 27.725000000000005 0.25881904510252057 11.904076837855433 41.844542972818189 133.23489760367167 83.801665169956252 20.20410600907077 4.5688394425000007 89.256020278833972 0.027136086180422198
decision_type=2 2 2 2 2 2 2 2 2 2 2 2 2 2
left_child=1 7 12 -4 6 -6 8 9 -2 -1 -7 -9 -3 -8
right_child=4 2 3 -5 5 10 13 11 -10 -11 -12 -13 -14 -15
leaf_value=0.0014327447725228806 -0.0044976710341504793 -0.0059708142146654639 0.034001994155833562 0.099760125300831143 -0.020341386166672387 0.019115576303068177 -0.030906812837234687 -0.043419535398483283 0.084690302354299418 -0.026405214829604395 0.078126445098559524 0.31548964574933053 0.16864737575443889 -0.10851034937242231
leaf_weight=15709 82023 1758 3965 1604 3825 11262 1818 20 295 3152 608 42 52 273
leaf_count=15709 82023 1758 3965 1604 3825 11262 1818 20 295 3152 608 42 52 273
internal_value=-1.13634e-11 0.00930599 0.0397217 0.0529418 -0.00244512 0.0117856 -0.00509117 -0.00255457 -0.00417805 -0.00321946 0.0221382 0.199712 -0.000954159 -0.0410387
internal_weight=126406 26302 7379 5569 100104 15695 84409 18923 82318 18861 11870 62 1810 2091
internal_count=126406 26302 7379 5569 100104 15695 84409 18923 82318 18861 11870 62 1810 2091
is_linear=0
shrinkage=0.01


Tree=531
num_leaves=14
num_cat=0
split_feature=7 31 35 17 38 16 7 25 10 23 9 23 5
split_gain=28575 30366.3 36190.9 36533.2 25356.7 31172.9 24882.5 14136.8 7361.97 5089.45 4751.69 4350.36 4322.79
threshold=992.71127500000011 60.694761301225192 56.7788339670469 0.0053481647849156402 45.555661174482474 29.072478333000003 1012.77372 80.25021203397641 -0.24999999999999994 47.955945172041503 1.0000000180025095e-35 70.076515044829378 36.500000000000007
decision_type=2 2 2 2 2 2 2 2 2 2 2 2 2
left_child=7 2 6 -4 8 -6 -2 9 -3 12 -9 -11 -1
right_child=1 4 3 -5 5 -7 -8 10 -10 11 -12 -13 -14
leaf_value=0.068611473817574362 0.0028010289786723074 -0.0015122834165575778 0.0040123594372858378 -0.012491058774188246 0.013125183520102198 0.091126056169274591 0.031279957923178253 -0.35225616598129272 -0.03214364572262584 -0.12364843741276837 -0.15903420686721803 0.022303434039155641 -0.047600413437822627
leaf_weight=38 40116 1749 20119 40245 18448 527 3322 20 1423 137 35 24 203
leaf_count=38 40116 1749 20119 40245 18448 527 3322 20 1423 137 35 24 203
internal_value=1.19501e-11 0.000286398 -0.00198166 -0.00699056 0.0109167 0.0152915 0.00497901 -0.0789311 -0.0152539 -0.0583587 -0.229297 -0.101892 -0.0292765
internal_weight=126406 125949 103802 60364 22147 18975 43438 457 3172 402 55 161 241
internal_count=126406 125949 103802 60364 22147 18975 43438 457 3172 402 55 161 241
is_linear=0
shrinkage=0.01


Tree=532
num_leaves=15
num_cat=0
split_feature=35 11 26 9 11 1 2 9 25 12 9 12 44 43
split_gain=28421.7 37894.1 37098 34499.1 79345.5 42981.4 33676.3 33663.3 32782.8 105917 27860.5 26875.5 23346.6 20812.4
threshold=81.845765901752131 0.25000000000000017 41.844542972818189 -0.78656609248549325 0.6830127018922193 -119.7866065258789 27.725000000000005 0.25881904510252057 133.23489760367167 1.0000000180025095e-35 -0.12940952255126037 1.0000000180025095e-35 1.0000000180025095e-35 1.0000000180025095e-35
decision_type=2 2 2 2 2 2 2 2 2 2 2 2 2 2
left_child=3 2 12 4 13 -6 11 -8 10 -10 -3 -5 -2 -1
right_child=1 8 -4 6 5 -7 7 -9 9 -11 -12 -13 -14 -15
leaf_value=-0.0075470586465500034 -0.020367860732700943 0.010732704017833104 0.23607431535450918 0.00030760444528082578 -0.0052190514082460452 0.060324879576828638 -0.015148063398738211 0.021636953787089665 -0.0013325846232078945 0.3976288927059578 -0.017806167439364654 -0.013569133254860196 -0.061848072365589493 0.016245942453054468
leaf_weight=9354 6252 7154 53 49539 1294 4411 3216 10987 283 87 6555 19431 1733 6057
leaf_count=9354 6252 7154 53 49539 1294 4411 3216 10987 283 87 6555 19431 1733 6057
internal_value=-7.46481e-12 -0.0102967 -0.0276201 0.00218366 0.0135985 0.0454583 -0.000714347 0.0133077 -0.000406355 0.0924773 -0.00291324 -0.00360191 -0.0293704 0.00180433
internal_weight=126406 22117 8038 104289 21116 5705 83173 14203 14079 370 13709 68970 7985 15411
internal_count=126406 22117 8038 104289 21116 5705 83173 14203 14079 370 13709 68970 7985 15411
is_linear=0
shrinkage=0.01


Tree=533
num_leaves=15
num_cat=0
split_feature=31 39 6 5 7 13 13 23 32 26 25 11 24 41
split_gain=28269.6 31694.5 30516.7 28253.4 55272.2 28051.6 21678.8 30566.7 20416.2 14713.2 12043.5 10998 10292.7 11420.9
threshold=23.923611111111118 58.286931418110136 17.101420000000005 21.500000000000004 1001.7000500000001 -4.312020085429431 -8.2341453012742836 57.862484157160971 66.855133079847931 13.442530507585294 85.621938377990517 0.93301270189221952 1.736879430673457 30.022179974651465
decision_type=2 2 2 2 2 2 2 2 2 2 2 2 2 2
left_child=1 12 3 5 -5 -2 9 -8 11 -4 -10 -3 -1 -14
right_child=2 8 6 4 -6 -7 7 -9 10 -11 -12 -13 13 -15
leaf_value=-0.13899796156449751 0.022088647200374151 -0.030009895526103291 0.01554556877599618 -0.023490073736976948 0.0032777149062419219 0.0044862136130369218 -0.020153828893879604 -0.091085650127800122 -0.060317793066162223 -0.0301518197581098 -0.16215224760899444 0.013595273380777675 0.0072995029694173045 -0.012959363351385771
leaf_weight=55 11276 3938 2346 9910 34812 45931 3646 729 706 1007 139 678 6152 5081
leaf_count=55 11276 3938 2346 9910 34812 45931 3646 729 706 1007 139 678 6152 5081
internal_value=-1.3625e-11 -0.0121004 0.00184822 0.00330078 -0.00265379 0.00795581 -0.0173105 -0.0319731 -0.0318778 0.00182136 -0.0770693 -0.0236052 -0.00253232 -0.00186415
internal_weight=126406 16749 109657 101929 44722 57207 7728 4375 5461 3353 845 4616 11288 11233
internal_count=126406 16749 109657 101929 44722 57207 7728 4375 5461 3353 845 4616 11288 11233
is_linear=0
shrinkage=0.01


Tree=534
num_leaves=15
num_cat=0
split_feature=25 39 5 13 17 9 27 35 24 23 3 26 17 35
split_gain=28133.1 36389.9 33444.6 51096.7 43094.2 30719.8 25301 20389.6 17970.1 14739.1 11428.9 10513.4 9999.66 8795.71
threshold=22.640027226212272 34.422222222222224 21.500000000000004 -0.37649371299091478 0.0047952891258840344 -0.37940952255126015 67.600380228136899 23.923611111111118 12.894188401454057 13.435003631082063 97.001167500000022 4.8325221871490234 0.01677058256229064 62.742501056189276
decision_type=2 2 2 2 2 2 2 2 2 2 2 2 2 2
left_child=7 5 3 -3 -4 6 -2 10 -7 11 12 -9 -1 -11
right_child=1 2 4 -5 -6 8 -8 9 -10 13 -12 -13 -14 -15
leaf_value=0.0046094438857470169 0.021035889534875708 0.015537136169448618 0.0068192304164979454 -0.0035794674222284907 -0.013956380584199559 0.013332684426332279 0.069900341246527845 0.087673113119034543 -0.017829996082861448 -0.011118573818753807 0.25843229818344116 -0.074179149446214829 0.12246677166409792 -0.047032340769480374
leaf_weight=719 7020 22847 14486 36035 32127 4535 1248 42 3126 2237 20 903 80 981
leaf_count=719 7020 22847 14486 36035 32127 4535 1248 42 3126 2237 20 903 80 981
internal_value=1.2194e-11 0.000955596 -0.00117164 0.00383803 -0.00749991 0.0150439 0.0284117 -0.0232903 0.000617042 -0.0322634 0.0223201 -0.0669857 0.0164099 -0.0220668
internal_weight=126406 121424 105495 58882 46613 15929 8268 4982 7661 4163 819 945 799 3218
internal_count=126406 121424 105495 58882 46613 15929 8268 4982 7661 4163 819 945 799 3218
is_linear=0
shrinkage=0.01


Tree=535
num_leaves=15
num_cat=0
split_feature=7 44 11 24 15 9 26 2 31 44 2 23 0 30
split_gain=27860.2 74438.4 76798.7 71367.5 60093 49922.9 52029.5 41412.9 40520.3 45662.7 31699.7 23791.3 19969.8 19095.3
threshold=1007.5001000000001 1.0000000180025095e-35 0.25000000000000017 22.217341187494274 0.26266580858994554 0.78656609248549303 41.844542972818189 18.225000000000005 94.310024456885202 1.0000000180025095e-35 11.725000000000001 141.4332192901617 37.042691525878915 55.287213068581906
decision_type=2 2 2 2 2 2 2 2 2 2 2 2 2 2
left_child=4 10 13 -4 8 6 -6 -7 9 -1 12 -10 -2 -3
right_child=1 2 3 -5 5 7 -8 -9 11 -11 -12 -13 -14 -15
leaf_value=-0.0074890838404498318 0.02296690576582424 -0.0095390034551061063 0.064379923077472145 -0.008316545324786654 -0.0034785253590370784 -0.029020413422368021 0.1831724682231744 0.024018614146660539 0.0433999689177859 -0.033032564604527227 -0.008936262292816622 0.22244591521120619 -0.0045438781602343496 -0.089513276108274503
leaf_weight=28976 7016 895 5389 1802 34166 1638 150 14537 505 9227 17341 87 4229 448
leaf_count=28976 7016 895 5389 1802 34166 1638 150 14537 505 9227 17341 87 4229 448
internal_value=1.68889e-11 0.00728108 0.0331987 0.0461628 -0.00302706 0.00416414 -0.00266265 0.0186475 -0.0123863 -0.0136585 -0.000456306 0.0697125 0.0126207 -0.0362169
internal_weight=126406 37120 8534 7191 89286 50491 34316 16175 38795 38203 28586 592 11245 1343
internal_count=126406 37120 8534 7191 89286 50491 34316 16175 38795 38203 28586 592 11245 1343
is_linear=0
shrinkage=0.01


Tree=536
num_leaves=15
num_cat=0
split_feature=40 10 20 10 16 44 23 24 10 20 12 0 23 35
split_gain=27907.2 40700.4 35412.4 45753 30179.4 35189.3 30115.1 28660.9 34874.2 30127.3 25473.4 24000.8 18588.9 11790.2
threshold=80.63249230945604 -0.93301270189221908 126.69011725293133 -0.24999999999999994 0.11899964999999992 1.0000000180025095e-35 70.440841665493139 29.88509962664175 -0.6830127018922193 70.586026615969601 1.0000000180025095e-35 35.400001525878913 106.5090921198378 70.781051964512059
decision_type=2 2 2 2 2 2 2 2 2 2 2 2 2 2
left_child=4 6 11 -4 5 12 13 9 -9 -6 -7 -3 -1 -2
right_child=1 2 3 -5 7 10 -8 8 -10 -11 -12 -13 -14 -15
leaf_value=-0.0038381536064448552 -0.0074338833469789001 0.0032055479541366508 0.10651133111876543 -0.020187013567608096 -7.8945405945456202e-05 0.050503874678405926 -0.15664290987333415 0.07234305315610895 -0.06896133602497817 0.016388029667926539 0.16221579166838196 -0.018623598285820765 0.20539529095996512 -0.080864297279401837
leaf_weight=1214 515 8452 610 535 86911 695 285 209 1063 12739 289 12465 44 380
leaf_count=1214 515 8452 610 535 86911 695 285 209 1063 12739 289 12465 44 380
internal_value=7.05624e-12 -0.00989924 -0.00683882 0.0473117 0.00223022 0.0385185 -0.0671187 0.00142407 -0.0457439 0.00202615 0.0833136 -0.00980302 0.00348003 -0.038611
internal_weight=126406 23242 22062 1145 103164 2242 1180 100922 1272 99650 984 20917 1258 895
internal_count=126406 23242 22062 1145 103164 2242 1180 100922 1272 99650 984 20917 1258 895
is_linear=0
shrinkage=0.01


Tree=537
num_leaves=15
num_cat=0
split_feature=9 11 14 9 13 46 23 13 44 26 23 3 14 13
split_gain=27807.7 113028 51718.5 65996.9 63342.1 103175 50351.7 49509 60323.6 31283.6 27816.3 27199.4 27188.8 25699
threshold=-0.60355339059327384 0.6830127018922193 2.9013901956584665 0.37940952255126048 -1.0500536277229084 1.0000000180025095e-35 110.41223969445879 -3.2399905576626313 1.0000000180025095e-35 41.844542972818189 60.160329531051971 62.999742500000004 -1.080000966810289 -3.252691193458118
decision_type=2 2 2 2 2 2 2 2 2 2 2 2 2 2
left_child=1 9 4 13 6 -6 -2 -3 -9 12 -5 -11 -1 -4
right_child=2 7 3 10 5 -7 -8 8 -10 11 -12 -13 -14 -15
leaf_value=-0.016328958848345277 0.010475097329019746 -0.014076687757605748 -0.023091081167707767 -0.032686479774763612 -0.0014980690892495822 -0.051443180971402713 0.11210311653002375 0.027654927274015355 0.085179720888271998 0.3023637260814182 -0.082182606848555703 -0.069631217553697791 0.004270988404935434 0.0064685203745911404
leaf_weight=10934 28496 1693 4823 4208 37816 4644 496 6024 2614 61 1555 29 15475 7538
leaf_count=10934 28496 1693 4823 4208 37816 4644 496 6024 2614 61 1555 29 15475 7538
internal_value=-6.5349e-12 0.00731466 -0.00300749 -0.0180946 0.000819409 -0.00696074 0.0122138 0.0353713 0.0450629 -0.00362362 -0.0460418 0.182499 -0.00425792 -0.00506501
internal_weight=126406 36830 89576 18124 71452 42460 28992 10331 8638 26499 5763 90 26409 12361
internal_count=126406 36830 89576 18124 71452 42460 28992 10331 8638 26499 5763 90 26409 12361
is_linear=0
shrinkage=0.01


Tree=538
num_leaves=15
num_cat=0
split_feature=35 11 26 9 11 1 2 8 25 12 9 12 44 42
split_gain=27733.1 36663.9 35543.6 33296.5 75397.9 41586.6 32413.6 33114.4 31280.9 103399 26959.4 26348.4 22609.7 20306.6
threshold=81.845765901752131 0.25000000000000017 41.844542972818189 -0.78656609248549325 0.6830127018922193 -119.7866065258789 27.725000000000005 -0.60355339059327362 133.23489760367167 1.0000000180025095e-35 -0.12940952255126037 1.0000000180025095e-35 1.0000000180025095e-35 1.0000000180025095e-35
decision_type=2 2 2 2 2 2 2 2 2 2 2 2 2 2
left_child=3 2 12 4 13 -6 11 -8 10 -10 -3 -5 -2 -1
right_child=1 8 -4 6 5 -7 7 -9 9 -11 -12 -13 -14 -15
leaf_value=0.016139159207046633 -0.020065027949570737 0.010531948915339248 0.23089978460081906 0.00034806918332651364 -0.0054199728881580388 0.059051680004792564 -0.0063621744056029288 0.025066909970157831 -0.0023996610670965891 0.3917903992979006 -0.017541606359808577 -0.01339189679578085 -0.06088533570137105 -0.0073629137985527287
leaf_weight=6057 6252 7154 53 49539 1294 4411 5423 8780 283 87 6555 19431 1733 9354
leaf_count=6057 6252 7154 53 49539 1294 4411 5423 8780 283 87 6555 19431 1733 9354
internal_value=-1.43897e-11 -0.0101712 -0.0272111 0.00215705 0.0133712 0.0444283 -0.000690002 0.0130666 -0.000442717 0.0902883 -0.00289151 -0.00352291 -0.0289243 0.00187413
internal_weight=126406 22117 8038 104289 21116 5705 83173 14203 14079 370 13709 68970 7985 15411
internal_count=126406 22117 8038 104289 21116 5705 83173 14203 14079 370 13709 68970 7985 15411
is_linear=0
shrinkage=0.01


Tree=539
num_leaves=14
num_cat=0
split_feature=7 31 39 2 8 0 7 8 25 14 23 18 14
split_gain=27582 28990 34842.5 34425.2 27791.6 24769.2 31960.5 24293.9 13890.7 5073.39 4973.2 4451.09 4356.74
threshold=992.71127500000011 60.694761301225192 49.469696969696976 24.525000000000002 0.37940952255126054 37.042691525878915 1002.8996150000002 0.12940952255126045 80.25021203397641 -6.7659623757233378 47.955945172041503 6.0631249831016119 11.498539898314084
decision_type=2 2 2 2 2 2 2 2 2 2 2 2 2
left_child=8 2 4 -4 -2 6 -3 -7 10 -10 11 -1 -12
right_child=1 5 3 -5 -6 7 -8 -9 9 -11 12 -13 -14
leaf_value=-0.058700947820770025 0.012649615009470625 -0.0018419168364388959 -0.010106373780632057 0.0062697200355870319 -0.006171834235415407 0.017980776241992746 0.023526321481095382 -0.065677169721265069 -0.15399679974147254 -0.35365236949920659 -0.12457051017011204 0.03255978886783123 0.010794987945721066
leaf_weight=161 22939 8248 51883 17057 11923 608 12482 809 35 20 132 80 29
leaf_count=161 22939 8248 51883 17057 11923 608 12482 809 35 20 132 80 29
internal_value=1.30365e-11 0.000281378 -0.00193468 -0.00605463 0.00621257 0.0106679 0.0134329 -0.0297816 -0.0775476 -0.226599 -0.057155 -0.0284069 -0.100188
internal_weight=126406 125949 103802 68940 34862 22147 20730 1417 457 55 402 241 161
internal_count=126406 125949 103802 68940 34862 22147 20730 1417 457 55 402 241 161
is_linear=0
shrinkage=0.01


Tree=540
num_leaves=15
num_cat=0
split_feature=25 13 23 14 9 25 36 34 25 41 6 2 15 8
split_gain=27197.1 29030.4 38326.6 26046.9 67823.2 29384.4 17114.3 14163.4 12583.3 12430.1 11519.1 9748.46 8303.4 7124.31
threshold=22.640027226212272 11.569279319124648 57.862484157160971 5.7923611947433917 -0.12940952255126037 133.23489760367167 18.392857142857149 1.0000000180025095e-35 13.899013636577008 47.777777777777786 27.044961500000003 31.325000000000006 0.07976686151481574 -0.5
decision_type=2 2 2 2 2 2 2 2 2 2 2 2 2 2
left_child=6 3 10 5 -5 -2 7 -1 13 -10 -3 -4 -9 -8
right_child=1 2 11 4 -6 -7 8 12 9 -11 -12 -13 -14 -15
leaf_value=0.20877348584287309 0.003586837859646746 -0.0071683848950049572 -0.095081026883042874 0.0057290568754276051 -0.038202435236084673 0.089575282170304235 -0.026003424282849692 -0.068536873941586626 -0.019600647347406547 -0.095994327302489954 -0.089903425877036036 -0.0065432885024171552 0.010901908069216091 -0.096859610773858976
leaf_weight=34 99583 5121 752 9752 5494 399 209 148 2732 231 174 149 1186 442
leaf_count=34 99583 5121 752 9752 5494 399 209 148 2732 231 174 149 1186 442
internal_value=4.91023e-12 0.000939566 -0.0201466 0.0020734 -0.010102 0.00392999 -0.0228996 0.00722551 -0.0343028 -0.0255564 -0.00988716 -0.0804394 0.00208861 -0.0741116
internal_weight=126406 121424 6196 115228 15246 99982 4982 1368 3614 2963 5295 901 1334 651
internal_count=126406 121424 6196 115228 15246 99982 4982 1368 3614 2963 5295 901 1334 651
is_linear=0
shrinkage=0.01


Tree=541
num_leaves=15
num_cat=0
split_feature=7 2 15 8 0 1 3 32 42 3 3 8 10 2
split_gain=27226.6 63597.2 58580.3 74861.5 72764.2 45293.5 56112.5 37010.3 35136.7 31642.3 29751.4 29641.3 34580.7 28882.8
threshold=1007.5001000000001 11.725000000000001 0.26266580858994554 -0.60355339059327362 35.400001525878913 -118.21337597412109 75.831030000000013 165.65092989985695 1.0000000180025095e-35 23.952716500000005 68.999815000000012 0.12940952255126045 0.68301270189221941 33.525000000000006
decision_type=2 2 2 2 2 2 2 2 2 2 2 2 2 2
left_child=2 5 7 4 -4 9 -7 8 -1 -2 -9 12 -3 -5
right_child=1 11 3 13 -6 6 -8 10 -10 -11 -12 -13 -14 -15
leaf_value=0.00058701293504474273 -0.17054295903444291 -0.0053806836320458833 0.0084562660083770912 0.0097077180199820982 -0.03248086481715768 0.13982323116269421 0.014685795574968009 0.43547325309365986 -0.01953282934413236 0.017502290407541584 0.054463510178683096 -0.02118495322618863 0.032366660829306428 0.039990023128540046
leaf_weight=13142 90 9566 8404 29579 8983 693 742 32 25564 15599 57 7178 3252 3525
leaf_count=13142 90 9566 8404 29579 8983 693 742 32 25564 15599 57 7178 3252 3525
internal_value=7.45894e-12 0.00719781 -0.00299244 0.00410767 -0.0126939 0.0213422 0.075118 -0.0122331 -0.0127015 0.0164236 0.191456 -0.00491502 0.00419603 0.0129323
internal_weight=126406 37120 89286 50491 17387 17124 1435 38795 38706 15689 89 19996 12818 33104
internal_count=126406 37120 89286 50491 17387 17124 1435 38795 38706 15689 89 19996 12818 33104
is_linear=0
shrinkage=0.01


Tree=542
num_leaves=15
num_cat=0
split_feature=31 39 17 2 0 21 47 7 5 32 44 38 28 31
split_gain=27054.3 30536.7 29927.9 33089.8 35880.8 32791.1 29469.1 59426.5 40707.8 19962.3 11815.8 10602.9 10128.1 15119.2
threshold=23.923611111111118 58.286931418110136 0.015882416233083056 22.825000000000006 34.083213737060554 57.720532319391644 1.0000000180025095e-35 1006.4001350000001 98.500000000000014 66.855133079847931 1.0000000180025095e-35 75.603529370553673 60.322137727080694 13.472222222222223
decision_type=2 2 2 2 2 2 2 2 2 2 2 2 2 2
left_child=1 12 6 5 -5 -4 8 -8 -2 11 -11 -3 -1 -14
right_child=2 9 3 4 -6 -7 7 -9 -10 10 -12 -13 13 -15
leaf_value=0.00013142760155287494 0.0047388924340148525 -0.02579942735271569 -0.017837377804860957 0.040583158760938362 -0.015067466658232876 -0.075921139195693613 0.0043649817882178196 0.052360662901342642 -0.012760430334822275 -0.057794473269268086 -0.15301233316430396 0.061088253732385307 -0.13434066330902 -0.017242728682039958
leaf_weight=10510 69740 4471 4163 1762 3383 1268 9355 3562 16424 684 161 145 133 645
leaf_count=10510 69740 4471 4163 1762 3383 1268 9355 3562 16424 684 161 145 133 645
internal_value=1.38958e-11 -0.0118374 0.00180805 -0.0141822 0.00399111 -0.0313985 0.00351486 0.0176003 0.00140329 -0.0312503 -0.0759366 -0.0230701 -0.00244574 -0.0372608
internal_weight=126406 16749 109657 10576 5145 5431 99081 12917 86164 5461 845 4616 11288 778
internal_count=126406 16749 109657 10576 5145 5431 99081 12917 86164 5461 845 4616 11288 778
is_linear=0
shrinkage=0.01


Tree=543
num_leaves=14
num_cat=0
split_feature=7 25 5 7 13 11 24 25 12 11 13 18 2
split_gain=26853.1 26299.3 28075.2 48257 37001.7 21619.6 43853.6 13684 13621.8 4770.04 6786.19 4617.72 1483.94
threshold=992.71127500000011 22.640027226212272 21.500000000000004 1004.4003000000001 -0.37649371299091478 0.93301270189221952 2.1234347468135608 80.25021203397641 1.0000000180025095e-35 -0.68301270189221952 6.42275347465299 6.3524349668345312 30.925000000000001
decision_type=2 2 2 2 2 2 2 2 2 2 2 2 2
left_child=7 5 4 -4 -3 8 -7 9 -2 12 -11 -9 -1
right_child=1 2 3 -5 -6 6 -8 11 -10 10 -12 -13 -14
leaf_value=0.10625320172309875 -0.019470421705244035 0.015090125770657671 -0.014762623324452624 0.0042000162002674051 -0.00027750888995472611 -0.36215820709864299 0.079880122262876857 -0.34566770076751707 -0.062106377474383558 -0.051529815002514148 -0.18160936479983122 -0.15518922764914378 -0.011524568770242773
leaf_weight=20 3634 25271 23910 30590 41230 24 346 20 944 313 46 35 23
leaf_count=20 3634 25271 23910 30590 41230 24 346 20 944 313 46 35 23
internal_value=2.44438e-12 0.000277635 0.00120168 -0.00411919 0.00556234 -0.0223196 0.0512074 -0.0765161 -0.0282621 -0.0562758 -0.0681974 -0.224454 0.0432558
internal_weight=126406 125949 121001 54500 66501 4948 370 457 4578 402 359 55 43
internal_count=126406 125949 121001 54500 66501 4948 370 457 4578 402 359 55 43
is_linear=0
shrinkage=0.01


Tree=544
num_leaves=15
num_cat=0
split_feature=40 27 10 14 25 18 19 16 44 3 17 9 10 25
split_gain=27237.1 53166.6 36896.8 40204.5 36077.3 31727 41299.2 28463.8 34737.1 22385.3 25843.1 25798.5 18354.5 11067.7
threshold=75.256413563380931 126.69011725293133 -0.93301270189221908 4.331597592808472 75.197833833062433 7.2642904279515612 4.0429853927501158 0.11899964999999992 1.0000000180025095e-35 70.927510000000026 0.023390105231503148 1.0000000180025095e-35 0.25000000000000011 84.330254329314513
decision_type=2 2 2 2 2 2 2 2 2 2 2 2 2 2
left_child=7 2 4 -4 -2 6 -3 8 13 10 -9 -11 -10 -1
right_child=1 5 3 -5 -6 -7 -8 9 12 11 -12 -13 -14 -15
leaf_value=-0.0054492332477637448 -0.036909436843145731 0.056581357616881683 -0.0023535157135856142 -0.032994387051314786 -0.1654029416737019 -0.078546954649774459 0.37900776682648718 0.0066120936268792953 0.12883380587007534 0.0012412844334750144 -0.055014053439324063 -0.01678675353650648 0.038896055027109404 0.11575500151993316
leaf_weight=1078 1527 1279 21953 5320 255 170 41 55025 472 26801 689 11278 437 81
leaf_count=1078 1527 1279 21953 5320 255 170 41 55025 472 26801 689 11278 437 81
internal_value=2.84601e-11 -0.00822332 -0.011211 -0.00833047 -0.0552966 0.0500362 0.0665961 0.00262027 0.0393177 0.00181114 0.00584998 -0.00409815 0.0855964 0.00302147
internal_weight=126406 30545 29055 27273 1782 1490 1320 95861 2068 93793 55714 38079 909 1159
internal_count=126406 30545 29055 27273 1782 1490 1320 95861 2068 93793 55714 38079 909 1159
is_linear=0
shrinkage=0.01


Tree=545
num_leaves=15
num_cat=0
split_feature=35 11 26 25 12 2 23 26 2 26 18 44 18 14
split_gain=27051.6 35750.9 34768.9 29723.2 101227 26584.8 43543.8 24728.6 23611.3 28387.2 27649.8 22036.8 20340.2 7952.54
threshold=81.845765901752131 0.25000000000000017 41.844542972818189 133.23489760367167 1.0000000180025095e-35 5.2250000000000005 8.7577160493827186 11.664976012806752 30.125000000000004 20.424071953585386 11.904076837855433 1.0000000180025095e-35 0.312 -7.5599934366805472
decision_type=2 2 2 2 2 2 2 2 2 2 2 2 2 2
left_child=5 2 11 12 -5 6 -1 -8 10 -10 -7 -2 -3 -4
right_child=1 3 13 4 -6 8 7 -9 9 -11 -12 -13 -14 -15
leaf_value=-0.21955463905265366 -0.019819956948667197 0.023157167063140863 0.37381741545417091 -0.0037051227025345439 0.38632287697545414 0.00056438235704808922 -0.0070870458672539407 0.051573417604623348 0.012536416904143434 0.10037424060445542 -0.032062916857757633 -0.060119775287074503 -0.0085362082422795159 0.1252188584112352
leaf_weight=69 6252 2470 22 283 87 88370 1022 2421 9348 383 2676 1733 11239 31
leaf_count=69 6252 2470 22 283 87 88370 1022 2421 9348 383 2676 1733 11239 31
internal_value=7.28165e-12 -0.0100454 -0.0268719 -0.000438859 0.0880042 0.00213038 0.0291763 0.034161 0.00118785 0.0159936 -0.000394591 -0.0285663 -0.0028259 0.228411
internal_weight=126406 22117 8038 14079 370 104289 3512 3443 100777 9731 91046 7985 13709 53
internal_count=126406 22117 8038 14079 370 104289 3512 3443 100777 9731 91046 7985 13709 53
is_linear=0
shrinkage=0.01


Tree=546
num_leaves=15
num_cat=0
split_feature=39 9 11 31 6 9 1 42 24 22 13 19 28 37
split_gain=26905 39042.8 48220.9 37503.8 35312.9 36839.1 34591.9 23205.4 19539.4 17505.9 15961.4 15187.6 14044.5 12718
threshold=44.442261653288277 -0.37940952255126015 0.6830127018922193 24.459876543209884 18.611846500000002 0.78656609248549303 -119.7866065258789 1.0000000180025095e-35 28.593229501152901 105.47319932998327 -9.7015851292070021 0.35087994441965753 57.336079425433049 61.874901517487082
decision_type=2 2 2 2 2 2 2 2 2 2 2 2 2 2
left_child=1 2 7 9 5 -5 -4 -1 11 12 -6 -3 -2 -11
right_child=3 8 6 4 10 -7 -8 -9 -10 13 -12 -13 -14 -15
leaf_value=0.022968061836024508 -0.012237409695560199 -0.016359909154529388 0.00016307481045189958 -0.0023792734905830515 -0.0031093758865835832 0.014228003103791707 0.058676377026569901 -0.008791411969293705 -0.078613836060072717 -0.010386365731828846 -0.045006634826529973 0.0052649949066327093 -0.04185713344385001 -0.13585854633621974
leaf_weight=4347 9112 4567 1352 63446 1436 16919 3998 4887 331 128 2479 11243 1942 219
leaf_count=4347 9112 4567 1352 63446 1436 16919 3998 4887 331 128 2479 11243 1942 219
internal_value=2.05749e-12 0.0081414 0.0200005 -0.00261436 -0.000311679 0.00111701 0.0438895 0.00615969 -0.00257373 -0.0196366 -0.029639 -0.000981744 -0.0174411 -0.0895749
internal_weight=126406 30725 14584 95681 84280 80365 5350 9234 16141 11401 3915 15810 11054 347
internal_count=126406 30725 14584 95681 84280 80365 5350 9234 16141 11401 3915 15810 11054 347
is_linear=0
shrinkage=0.01


Tree=547
num_leaves=15
num_cat=0
split_feature=40 10 20 10 23 16 24 15 25 26 1 24 35 23
split_gain=26422.3 39116.4 32928.3 43756.7 29125.3 28098.8 28226.9 34719.9 32040.3 26008 22975 11518.9 11380.5 10080.5
threshold=80.63249230945604 -0.93301270189221908 126.69011725293133 -0.24999999999999994 70.440841665493139 0.11899964999999992 29.88509962664175 1.9251112597474251 91.861009110043057 15.100315938170956 -118.99998249999999 14.036118910701381 70.781051964512059 11.396604938271606
decision_type=2 2 2 2 2 2 2 2 2 2 2 2 2 2
left_child=5 4 10 -4 12 9 8 -8 -7 13 -3 -11 -2 -1
right_child=1 2 3 -5 -6 6 7 -9 -10 11 -12 -13 -14 -15
leaf_value=-0.21513709348440169 -0.0070613007794667797 -0.018120363839971936 0.10347841086275265 -0.020425023743760921 -0.15376798892282603 0.0013835237363744705 -0.058402009822851132 0.16479501562394405 0.05503065413362835 0.13239681920792937 0.0032372154918945163 0.055061784966389804 -0.079204625430179906 0.011145612132320138
leaf_weight=20 515 12465 610 535 285 98524 1198 74 1126 266 8452 698 380 1258
leaf_count=20 515 12465 610 535 285 98524 1198 74 1126 266 8452 698 380 1258
internal_value=-6.78963e-12 -0.00963227 -0.00663199 0.0455847 -0.0657273 0.00217007 0.0013922 -0.0454173 0.00198971 0.0371852 -0.00949034 0.0764011 -0.037692 0.00760441
internal_weight=126406 23242 22062 1145 1180 103164 100922 1272 99650 2242 20917 964 895 1278
internal_count=126406 23242 22062 1145 1180 103164 100922 1272 99650 2242 20917 964 895 1278
is_linear=0
shrinkage=0.01


Tree=548
num_leaves=15
num_cat=0
split_feature=23 39 9 11 8 2 17 8 15 11 35 29 8 30
split_gain=26336.2 29957.6 32996.9 44810 32738.7 30297.9 33912.5 32050.7 23355.9 10804.2 12195.8 10189 6101.35 3919.33
threshold=11.396604938271606 40.562051119560628 -0.37940952255126015 0.6830127018922193 0.12940952255126045 31.325000000000006 0.018008398967217985 -0.78656609248549303 0.069413971750104095 0.6830127018922193 37.789351851851855 30.705956907477827 -1.0000000180025095e-35 33.618610054921852
decision_type=2 2 2 2 2 2 2 2 2 2 2 2 2 2
left_child=8 2 3 -2 -4 6 -3 -7 11 12 -11 -1 -10 -13
right_child=1 5 4 -5 -6 7 -8 -9 9 10 -12 13 -14 -15
leaf_value=-0.10903697790978831 0.0066922340379232748 -0.002203099090646914 0.014571346323896894 0.045577579463988584 -0.017174102749378879 -0.016952400192971992 -0.028329679068385096 0.028191981517758351 -0.026321729416678472 0.068866618699686868 -0.078923590430399274 -0.37705268731484048 -0.089397730034694339 -0.19337409768785752
leaf_weight=79 7694 86470 6589 4820 6408 2128 5271 6026 332 175 82 26 285 21
leaf_count=79 7694 86470 6589 4820 6408 2128 5271 6026 332 175 82 26 285 21
internal_value=-1.62458e-11 0.000407599 0.0100793 0.0216696 -0.00108033 -0.00206234 -0.00370421 0.0164104 -0.0511154 -0.0327657 0.0217118 -0.178398 -0.0554573 -0.294984
internal_weight=126406 125406 25511 12514 12997 99895 91741 8154 1000 874 257 126 617 47
internal_count=126406 125406 25511 12514 12997 99895 91741 8154 1000 874 257 126 617 47
is_linear=0
shrinkage=0.01


Tree=549
num_leaves=15
num_cat=0
split_feature=7 10 0 47 3 10 20 9 8 10 8 16 21 7
split_gain=26344.2 57727.1 75432.4 55813.1 62588.4 67337.4 41760.1 40141.8 58464.1 53049.1 37057.5 35894.4 33992.7 33329.8
threshold=1006.3000500000002 0.25000000000000011 36.742692288818368 1.0000000180025095e-35 84.737657500000012 0.25000000000000011 155.38125894134481 -0.12940952255126037 0.12940952255126045 1.0000000180025095e-35 -0.78656609248549303 9.1169954047500017 53.242907282831247 1001.29965
decision_type=2 2 2 2 2 2 2 2 2 2 2 2 2 2
left_child=1 6 11 7 5 -5 10 9 -9 -2 -1 -3 -4 -8
right_child=3 2 12 4 -6 -7 13 8 -10 -11 -12 -13 -14 -15
leaf_value=-0.015167767819884674 0.028333001852455686 -0.011204011156442224 -0.029090625109719683 0.0073101805678026203 -0.022871726594293228 0.095324280674852171 -0.003409510756200048 0.0074665915799376828 -0.025885505607809507 -0.0044101865510392099 0.0054770555462804668 0.025589403485042718 -0.075900171118400958 0.19799532736111911
leaf_weight=10785 10235 12616 6437 1471 1248 2125 142 11896 9416 9579 44860 3357 2044 195
leaf_count=10785 10235 12616 6437 1471 1248 2125 142 11896 9416 9579 44860 3357 2044 195
internal_value=1.64521e-12 -0.00345121 -0.016269 0.00603875 0.0381448 0.0593207 0.00214786 0.00225715 -0.00726893 0.0125034 0.00147572 -0.00347124 -0.0403722 0.11313
internal_weight=126406 80436 24454 45970 4844 3596 55982 41126 21312 19814 55645 15973 8481 337
internal_count=126406 80436 24454 45970 4844 3596 55982 41126 21312 19814 55645 15973 8481 337
is_linear=0
shrinkage=0.01


Tree=550
num_leaves=15
num_cat=0
split_feature=35 10 22 9 11 15 10 20 44 2 9 18 42 16
split_gain=26258.5 34986.2 32067.8 31532.1 71177.9 31437.6 29920.5 42748.3 33126.4 29854.9 31545.6 22549.9 19233.9 10533.4
threshold=81.845765901752131 -0.93301270189221908 72.099809885931577 -0.78656609248549325 0.6830127018922193 0.40704896461147416 1.0000000180025095e-35 136.58040201005028 1.0000000180025095e-35 27.725000000000005 0.25881904510252057 11.904076837855433 1.0000000180025095e-35 3.6000372625000008
decision_type=2 2 2 2 2 2 2 2 2 2 2 2 2 2
left_child=3 2 -2 4 12 -6 7 -3 -8 11 -11 -5 -1 -4
right_child=1 6 13 9 5 -7 8 -9 -10 10 -12 -13 -14 -15
leaf_value=0.015724363783513978 -0.039031903760971612 -0.0015120665861498284 -0.075601129679178647 -0.0024020774644201086 0.037725367810508663 0.14407595671306495 -0.011014238546292208 0.07975792515672657 -0.05796125057661753 -0.015015296072051753 0.020593853859524419 -0.036469695416960789 -0.007148565434533332 -0.22919973585052766
leaf_weight=6057 799 11452 66 66969 5412 293 7067 686 1909 3216 10987 2001 9354 138
leaf_count=6057 799 11452 66 66969 5412 293 7067 686 1909 3216 10987 2001 9354 138
internal_value=-3.43262e-13 -0.00989708 -0.0676029 0.00209891 0.0130119 0.0431874 -0.00715582 0.00308105 -0.0209988 -0.000671674 0.0125308 -0.00339047 0.0018412 -0.179506
internal_weight=126406 22117 1003 104289 21116 5705 21114 12138 8976 83173 14203 68970 15411 204
internal_count=126406 22117 1003 104289 21116 5705 21114 12138 8976 83173 14203 68970 15411 204
is_linear=0
shrinkage=0.01


Tree=551
num_leaves=15
num_cat=0
split_feature=40 10 14 23 25 16 44 23 3 8 8 40 23 35
split_gain=25770.7 42979 39508.7 38432.3 35040.6 26831.7 33395.4 23020.8 21668.3 43963.9 26160.8 15568.1 13553.8 12349.5
threshold=75.256413563380931 -0.93301270189221908 4.331597592808472 73.271402605196116 133.23489760367167 0.11899964999999992 1.0000000180025095e-35 11.396604938271606 70.927510000000026 -0.78656609248549303 0.12940952255126045 162.91702432045784 106.5090921198378 57.524081115335882
decision_type=2 2 2 2 2 2 2 2 2 2 2 2 2 2
left_child=5 3 4 13 -3 6 12 -8 9 -7 -10 -4 -1 -2
right_child=1 2 11 -5 -6 8 7 -9 10 -11 -12 -13 -14 -15
leaf_value=-0.0036198716947548229 0.011919067621724793 -0.00079252288068262084 -0.026929006644324641 -0.15728484193002654 0.10207616318017244 -0.0095094821996648503 -0.22878816459489904 0.091662927866907079 0.0057906391989764674 0.010912485236363827 -0.011031591638972976 -0.16253199011174052 0.19090479660678555 -0.052262231250530693
leaf_weight=1122 415 22872 5449 307 336 14120 23 886 15802 41594 22277 86 37 1080
leaf_count=1122 415 22872 5449 307 336 14120 23 886 15802 41594 22277 86 37 1080
internal_value=-2.63308e-12 -0.00799889 -0.0050288 -0.0553736 0.000696786 0.00254875 0.0381785 0.0835547 0.00176317 0.0057368 -0.00405071 -0.0290359 0.00259015 -0.034446
internal_weight=126406 30545 28743 1802 23208 95861 2068 909 93793 55714 38079 5535 1159 1495
internal_count=126406 30545 28743 1802 23208 95861 2068 909 93793 55714 38079 5535 1159 1495
is_linear=0
shrinkage=0.01


Tree=552
num_leaves=14
num_cat=0
split_feature=7 39 5 0 13 9 11 8 23 26 23 14 18
split_gain=26036.1 25634.4 27729.1 43666 35897.2 26729.3 28497 19245.3 12366.8 5325.42 5150.34 4467.44 4327.71
threshold=992.71127500000011 32.272727272727288 1.5000000000000002 36.742692288818368 -0.37649371299091478 -0.37940952255126015 0.6830127018922193 0.12940952255126045 79.707718195965057 16.699653258745141 47.955945172041503 11.498539898314084 6.0631249831016119
decision_type=2 2 2 2 2 2 2 2 2 2 2 2 2
left_child=8 5 4 -4 -3 6 -2 -7 10 -10 12 -12 -1
right_child=1 2 3 -5 -6 7 -8 -9 9 -11 11 -13 -14
leaf_value=-0.056717165284645488 0.0085286824549409054 0.016417710832558215 0.0012022391357283881 -0.015550848845038002 -0.0019373489702079706 0.015727668250894018 0.047574810059640885 -0.017220316471772201 -0.34615179777145388 -0.14159716551644461 -0.1245845699581233 0.012489867066514905 0.033269842401146887
leaf_weight=161 4238 16399 38205 26246 30419 3440 3344 3658 20 35 132 29 80
leaf_count=161 4238 16399 38205 26246 30419 3440 3344 3658 20 35 132 29 80
internal_value=9.2403e-12 0.000273379 -0.00136529 -0.00562002 0.0044919 0.0126939 0.0257498 -0.00125229 -0.075343 -0.215981 -0.0561016 -0.0998941 -0.026846
internal_weight=126406 125949 111269 64451 46818 14680 7582 7098 457 55 402 161 241
internal_count=126406 125949 111269 64451 46818 14680 7582 7098 457 55 402 161 241
is_linear=0
shrinkage=0.01


Tree=553
num_leaves=15
num_cat=0
split_feature=7 0 0 15 11 9 26 41 23 32 42 23 3 7
split_gain=26033.5 60261.1 74269.3 55089.8 45734 45687.8 49535.5 41619.3 38912.4 35531 34132.3 29959.5 28628.8 26436.4
threshold=1007.5001000000001 37.042691525878915 34.083213737060554 0.26266580858994554 0.93301270189221952 0.78656609248549303 41.844542972818189 101.59323246179456 128.40500444375346 165.65092989985695 1.0000000180025095e-35 73.774028305872434 68.999815000000012 1017.4605850000002
decision_type=2 2 2 2 2 2 2 2 2 2 2 2 2 2
left_child=3 2 4 9 -2 6 -5 -4 -7 10 -1 13 -11 -3
right_child=1 11 7 5 -6 8 -8 -9 -10 12 -12 -13 -14 -15
leaf_value=0.00075099696926514295 -0.031239849058868525 -0.013594875161295412 0.030670232578376637 -0.0033676997078729972 0.028146392235134602 0.01649636379517776 0.17875491011540096 -0.081618545939289147 0.2003100958171076 0.42705931700766087 -0.019079197538508862 -0.25557815657586469 0.05330661055288817 0.023826627931225128
leaf_weight=13142 4146 12395 16079 34166 1887 16059 150 337 116 32 25564 49 57 2227
leaf_count=13142 4146 12395 16079 34166 1887 16059 150 337 116 32 25564 49 57 2227
internal_value=-1.94355e-11 0.00703834 0.0173385 -0.00292614 -0.012665 0.00395919 -0.00257162 0.0283651 0.0178146 -0.0118873 -0.0123462 -0.00872264 0.18769 -0.0078954
internal_weight=126406 37120 22449 89286 6033 50491 34316 16416 16175 38795 38706 14671 89 14622
internal_count=126406 37120 22449 89286 6033 50491 34316 16416 16175 38795 38706 14671 89 14622
is_linear=0
shrinkage=0.01


Tree=554
num_leaves=15
num_cat=0
split_feature=31 39 6 1 11 5 11 0 21 32 25 11 24 41
split_gain=25543.7 29050.8 27599.8 27396.3 87607.3 41110.1 24370.2 27562.4 23863 19314.4 11933.5 10669.7 9843.66 11018.1
threshold=23.923611111111118 58.286931418110136 16.304814000000004 -118.21337597412109 -0.5 98.500000000000014 -0.5 34.083213737060554 65.000000000000014 66.855133079847931 85.621938377990517 -0.68301270189221952 1.736879430673457 30.022179974651465
decision_type=2 2 2 2 2 2 2 2 2 2 2 2 2 2
left_child=1 12 3 5 -5 -2 7 -4 -8 11 -11 -3 -1 -14
right_child=2 9 6 4 -6 -7 8 -9 -10 10 -12 -13 13 -15
leaf_value=-0.1357973149689761 0.0046109955753438755 0.009961695964693533 0.040761436996861196 -0.018919956886972913 0.035594412415560397 -0.012903640196243609 -0.020578738410983562 -0.01338576728666546 -0.081709383661805565 -0.057717138540841345 -0.15908565750707396 -0.029535183141286853 0.0073121726916426542 -0.012586242123841591
leaf_weight=55 70493 835 1316 4497 8558 16547 4202 3291 753 706 139 3781 6152 5081
leaf_count=55 70493 835 1316 4497 8558 16547 4202 3291 753 706 139 3781 6152 5081
internal_value=-1.06108e-11 -0.0115022 0.00175685 0.00330746 0.0168161 0.00128132 -0.014475 0.0020815 -0.0298686 -0.0304369 -0.074392 -0.0223905 -0.00234187 -0.00168844
internal_weight=126406 16749 109657 100095 13055 87040 9562 4607 4955 5461 845 4616 11288 11233
internal_count=126406 16749 109657 100095 13055 87040 9562 4607 4955 5461 845 4616 11288 11233
is_linear=0
shrinkage=0.01


Tree=555
num_leaves=15
num_cat=0
split_feature=7 2 19 8 0 1 3 10 19 36 42 26 3 2
split_gain=25567.5 60538.5 52272 67511.4 70597.4 39734.7 55924 33393.8 40236.5 30586 31447 31364.7 29940.3 25796.8
threshold=1007.5001000000001 12.125000000000002 0.76877178264071355 -0.60355339059327362 35.400001525878913 -118.21337597412109 75.831030000000013 0.68301270189221941 0.45714393533067227 112.08764112861287 1.0000000180025095e-35 29.765923899789481 23.952716500000005 33.525000000000006
decision_type=2 2 2 2 2 2 2 2 2 2 2 2 2 2
left_child=2 5 9 4 -4 12 -7 -3 -9 10 -1 -11 -2 -5
right_child=1 7 3 13 -6 6 -8 8 -10 11 -12 -13 -14 -15
leaf_value=0.00040692871007613838 -0.15973628890575822 -0.012726070247208107 0.010067877077856904 0.009799106702595416 -0.03142831615135272 0.13060952552233171 0.010901934407701644 -0.031594803092300706 0.037996475366635966 0.14659473330822104 -0.01788042098841696 -0.15217977580570038 0.016464606367313263 0.038554136646314401
leaf_weight=14252 97 14648 7710 27147 8756 748 816 1138 3078 215 27639 42 16595 3525
leaf_count=14252 97 14648 7710 27147 8756 748 816 1138 3078 215 27639 42 16595 3525
internal_value=9.68848e-12 0.00697507 -0.00289983 0.00433529 -0.0119982 0.0199566 0.0681534 -0.00558806 0.0192121 -0.0109915 -0.0116588 0.0977678 0.0154407 0.0131038
internal_weight=126406 37120 89286 47138 16466 18256 1564 18864 4216 42148 41891 257 16692 30672
internal_count=126406 37120 89286 47138 16466 18256 1564 18864 4216 42148 41891 257 16692 30672
is_linear=0
shrinkage=0.01


Tree=556
num_leaves=15
num_cat=0
split_feature=17 44 11 8 15 1 8 9 10 6 9 37 15 28
split_gain=25692 70330.3 84555 44185.3 56771.1 39509.8 68054.6 38750.9 29479.1 26547.3 25038.5 24117.9 21217.2 18062.3
threshold=0.0058081017204881643 1.0000000180025095e-35 0.25000000000000017 -0.78656609248549303 0.26266580858994554 -118.21337597412109 0.12940952255126045 1.0000000180025095e-35 -0.5 23.935262500000004 -0.37940952255126015 70.976763836079442 0.15005796614070185 90.686775130404897
decision_type=2 2 2 2 2 2 2 2 2 2 2 2 2 2
left_child=1 5 13 11 10 8 -7 -4 -1 -6 -5 12 -2 -3
right_child=3 2 7 4 9 6 -8 -9 -10 -11 -12 -13 -14 -15
leaf_value=-0.018839123074212143 0.028136363136427679 -0.013434326965326626 0.071557835960155761 -0.0010988712160208732 0.0099254266877210739 0.051374373018803994 -0.010977803921473333 0.024442615602831813 0.0022854591160826393 -0.057946900606803825 -0.018973518647817166 -0.04664092973240707 -0.017356378906594139 0.18600565955680595
leaf_weight=11116 1131 3538 3624 16326 34752 3516 3486 3368 16282 586 15071 2606 10958 46
leaf_count=11116 1131 3538 3624 16326 34752 3516 3486 3368 16282 586 15071 2606 10958 46
internal_value=-3.68033e-13 0.00606621 0.0286189 -0.00335053 0.000106113 -0.000867447 0.0203319 0.0488627 -0.00628527 0.00879992 -0.00967895 -0.0190483 -0.0131003 -0.0108746
internal_weight=126406 44976 10576 81430 66735 34400 7002 6992 27398 35338 31397 14695 12089 3584
internal_count=126406 44976 10576 81430 66735 34400 7002 6992 27398 35338 31397 14695 12089 3584
is_linear=0
shrinkage=0.01


Tree=557
num_leaves=13
num_cat=0
split_feature=23 39 9 31 6 27 24 24 28 10 16 3
split_gain=25378.3 28618.1 35575.8 32292.1 33324.7 26188.7 23122.8 21305.5 18037.8 14998.9 11304.2 9369.26
threshold=11.396604938271606 44.442261653288277 -0.37940952255126015 24.459876543209884 18.611846500000002 70.586026615969601 2.1234347468135608 12.894188401454057 57.336079425433049 0.25000000000000011 0.24800415500000014 81.000055000000017
decision_type=2 2 2 2 2 2 2 2 2 2 2 2
left_child=6 2 5 8 -5 -2 -1 -4 -3 11 -11 -8
right_child=1 3 7 4 -6 -7 9 -9 -10 10 -12 -13
leaf_value=-0.3444925697033222 0.01561428865445358 -0.012207096319452611 0.0071017021909994546 0.0012247419138394495 -0.028767558362214594 0.059240904159145735 0.10924699007038106 -0.017236900483699559 -0.044951065904673133 -0.2130426668084186 -0.051544717268943788 -0.036084292445863995
leaf_weight=26 12780 9138 10226 80226 3884 1542 94 5548 2062 46 750 84
leaf_count=26 12780 9138 10226 80226 3884 1542 94 5548 2062 46 750 84
internal_value=-7.58552e-12 0.000400118 0.00890124 -0.00228428 -0.000160231 0.0203114 -0.0501772 -0.00145862 -0.0182355 -0.0423207 -0.0608775 0.0406637
internal_weight=126406 125406 30096 95310 84110 14322 1000 15774 11200 974 796 178
internal_count=126406 125406 30096 95310 84110 14322 1000 15774 11200 974 796 178
is_linear=0
shrinkage=0.01


Tree=558
num_leaves=15
num_cat=0
split_feature=35 10 7 44 1 10 15 9 25 10 7 44 31 3
split_gain=25475.8 33719.1 32463.7 65881 66406.7 52051.8 44362 32602 30313 29141.4 47670.1 32301.1 28783.7 11679.5
threshold=81.845765901752131 -0.93301270189221908 1007.2001500000001 1.0000000180025095e-35 -118.21337597412109 -0.5 0.26266580858994554 0.78656609248549303 68.834430717863981 1.0000000180025095e-35 1012.0005800000001 1.0000000180025095e-35 72.524441493483494 72.962955000000008
decision_type=2 2 2 2 2 2 2 2 2 2 2 2 2 2
left_child=2 8 6 4 -4 -5 7 -1 -2 10 -3 -11 -8 -10
right_child=1 9 3 5 -6 -7 12 -9 13 11 -12 -13 -14 -15
leaf_value=-0.0072047918546301005 -0.032865361199725711 0.010455828623376523 -0.0033805977447434262 0.08110120532506819 0.051605107406767846 0.020708644193127707 0.0030851513829098648 -0.040673010899658503 -0.21606035392556414 -0.01085946399801712 -0.049952252934917639 -0.057217986585192809 0.040681931990529545 -0.084401166440267877
leaf_weight=26880 731 10649 20360 1969 2462 5186 42028 3264 149 7067 1489 1909 2140 123
leaf_count=26880 731 10649 20360 1969 2462 5186 42028 3264 149 7067 1489 1909 2140 123
internal_value=9.93541e-12 -0.00974846 0.0020674 0.0108519 0.00255117 0.0373282 -0.0014762 -0.0108287 -0.0663997 -0.0070573 0.00304541 -0.0207189 0.00490677 -0.156523
internal_weight=126406 22117 104289 29977 22822 7155 74312 30144 1003 21114 12138 8976 44168 272
internal_count=126406 22117 104289 29977 22822 7155 74312 30144 1003 21114 12138 8976 44168 272
is_linear=0
shrinkage=0.01


Tree=559
num_leaves=14
num_cat=0
split_feature=7 35 11 26 7 44 15 25 25 14 25 26 18
split_gain=25235.3 25388.2 33197.7 33178.7 29763.8 64570 41730.7 27209 13344.6 4867.09 4729.9 4028.15 2980.82
threshold=992.71127500000011 81.845765901752131 0.25000000000000017 41.844542972818189 1007.2001500000001 1.0000000180025095e-35 0.26266580858994554 133.23489760367167 80.25021203397641 -6.7659623757233378 41.790962540487264 10.336949597571914 2.5938477990885569
decision_type=2 2 2 2 2 2 2 2 2 2 2 2 2
left_child=8 4 3 -3 6 -6 -2 -4 10 -10 12 -12 -1
right_child=1 2 7 -5 5 -7 -8 -9 9 -11 11 -13 -14
leaf_value=-0.075433944738828224 -0.010194375304849448 -0.027384797058477097 -0.0025032219406744089 0.22364981610819978 0.0025256584138026957 0.036954922287498429 0.0051189304293009844 0.084401483838622643 -0.14915680721827917 -0.34471104049682616 0.025665216426054637 -0.098285522918001966 0.01618371737189591
leaf_weight=52 29868 7955 13697 53 22822 7155 44029 370 35 20 30 208 112
leaf_count=52 29868 7955 13697 53 22822 7155 44029 370 35 20 30 208 112
internal_value=-6.42198e-12 0.000269142 -0.00947002 -0.0257234 0.00233888 0.0107433 -0.00107047 -0.000217394 -0.0741753 -0.220267 -0.0541876 -0.0826615 -0.0128658
internal_weight=126406 125949 22075 8008 103874 29977 73897 14067 457 55 402 238 164
internal_count=126406 125949 22075 8008 103874 29977 73897 14067 457 55 402 238 164
is_linear=0
shrinkage=0.01


Tree=560
num_leaves=14
num_cat=0
split_feature=40 27 10 41 10 23 23 16 24 14 26 26 19
split_gain=25041.7 43993.9 30772.9 28112.3 27178 37358.5 26896.1 26059.6 27577.2 24917.5 24513.6 20435.3 3925.62
threshold=80.63249230945604 126.69011725293133 -0.93301270189221908 85.208155798001428 0.25000000000000011 128.40500444375346 70.440841665493139 0.11899964999999992 31.425470999337715 3.5807642611772539 15.100315938170956 11.289142701814496 0.2823996144724123
decision_type=2 2 2 2 2 2 2 2 2 2 2 2 2
left_child=3 2 6 7 5 -3 -2 10 -9 -4 -1 -6 -5
right_child=1 4 9 12 11 -7 -8 8 -10 -11 -12 -13 -14
leaf_value=0.0072284806572507155 -0.035845066590169464 0.032153917350007701 -0.0038337801068742661 -0.12957461261749267 -0.24341757743916614 0.16506849354231387 -0.14858598561341063 0.0020059203432864986 -0.050204977208270954 -0.029602609455641936 0.074019360231009565 -0.0042643396926406243 -0.3116864146857426
leaf_weight=1278 886 828 15854 20 47 284 278 99851 1022 4916 964 149 29
leaf_count=1278 886 828 15854 20 47 284 278 99851 1022 4916 964 149 29
internal_value=6.60816e-12 -0.00937724 -0.012737 0.00211262 0.0469624 0.0660997 -0.0627712 0.00222641 0.00147694 -0.00993294 0.0359468 -0.0616123 -0.237355
internal_weight=126406 23242 21934 103164 1308 1112 1164 103115 100873 20770 2242 196 49
internal_count=126406 23242 21934 103164 1308 1112 1164 103115 100873 20770 2242 196 49
is_linear=0
shrinkage=0.01


Tree=561
num_leaves=15
num_cat=0
split_feature=25 39 5 13 17 9 11 11 24 16 11 41 23 29
split_gain=24918.8 31710.8 29057.7 48136.7 39477.5 26278.6 28735.9 21193.2 41704.6 29028.9 20656 11080.5 11925.7 8283.08
threshold=22.640027226212272 34.422222222222224 21.500000000000004 -0.37649371299091478 0.0039829723916479367 -0.37940952255126015 0.6830127018922193 0.93301270189221952 2.1234347468135608 0.14802446599999994 0.25000000000000017 47.777777777777786 11.396604938271606 37.223225602027888
decision_type=2 2 2 2 2 2 2 2 2 2 2 2 2 2
left_child=7 5 3 -3 -4 6 -2 11 -9 -10 -7 12 -1 -13
right_child=1 2 4 -5 -6 10 -8 8 9 -11 -12 13 -14 -15
leaf_value=-0.061032806901916779 0.010026544025609123 0.014938345771822436 0.0097833286230198813 -0.00361630254263479 -0.012035757472734021 0.020357397085305543 0.047622460798224998 -0.35221119244893395 0.33963203587030111 0.046687012917132342 -0.013013994643722999 -0.018403257335777638 -0.016353710762033766 -0.12906404529981191
leaf_weight=716 4664 22847 10790 36035 35823 3150 3604 24 38 308 4511 108 3607 181
leaf_count=716 4664 22847 10790 36035 35823 3150 3604 24 38 308 4511 108 3607 181
internal_value=7.32207e-12 0.000899352 -0.00108642 0.00358315 -0.00698506 0.0140508 0.0264145 -0.0219195 0.0508988 0.0788602 0.000707436 -0.0277614 -0.0237537 -0.0877098
internal_weight=126406 121424 105495 58882 46613 15929 8268 4982 370 346 7661 4612 4323 289
internal_count=126406 121424 105495 58882 46613 15929 8268 4982 370 346 7661 4612 4323 289
is_linear=0
shrinkage=0.01


Tree=562
num_leaves=15
num_cat=0
split_feature=9 11 12 20 14 9 13 0 23 40 26 23 14 3
split_gain=24714.4 99890.6 46999.4 50810 45970.8 62835 59151.4 99422 47341.8 32543.5 29675.9 27597 26470.7 26196.4
threshold=-0.60355339059327384 0.6830127018922193 1.0000000180025095e-35 69.098859315589365 2.9013901956584665 0.37940952255126048 -1.0500536277229084 34.083213737060554 110.41223969445879 75.256413563380931 41.844542972818189 60.160329531051971 -1.080000966810289 62.999742500000004
decision_type=2 2 2 2 2 2 2 2 2 2 2 2 2 2
left_child=1 10 9 -4 6 -6 8 -8 -2 -3 12 -7 -1 -12
right_child=4 2 3 -5 5 11 7 -9 -10 -11 13 -13 -14 -15
leaf_value=-0.015915479899807794 0.010097797442518519 0.031979223356125977 0.042639568687600313 0.1375033690330221 -0.0043457264173297951 -0.031026312336292446 -0.050411619333068328 -0.0013832716682860052 0.10864150326880684 -0.016348235368345534 0.29552355415508397 -0.080326927995878206 0.0044106061899973053 -0.069547909333788113
leaf_weight=10934 28496 5493 2213 758 12361 4208 4644 37816 496 1867 61 1555 15475 29
leaf_count=10934 28496 5493 2213 758 12361 4208 4644 37816 496 1867 61 1555 15475 29
internal_value=-7.45994e-12 0.00689582 0.0332716 0.0668425 -0.00283528 -0.0170594 0.00077271 -0.00674568 0.0117837 0.0197201 -0.00338713 -0.0443288 -0.00400491 0.177889
internal_weight=126406 36830 10331 2971 89576 18124 71452 42460 28992 7360 26499 5763 26409 90
internal_count=126406 36830 10331 2971 89576 18124 71452 42460 28992 7360 26499 5763 26409 90
is_linear=0
shrinkage=0.01


Tree=563
num_leaves=14
num_cat=0
split_feature=7 31 40 10 38 6 7 23 10 23 14 18 11
split_gain=24580.4 26780.1 32355.4 31272 24733.4 28649.7 22397.4 12021.5 6787.63 4985.27 4459.39 4180.06 3736.79
threshold=992.71127500000011 60.694761301225192 64.605618926911717 -0.93301270189221908 45.555661174482474 14.105104500000001 1007.7002500000002 79.707718195965057 -0.24999999999999994 47.955945172041503 9.0000014690073513 6.0631249831016119 0.6830127018922193
decision_type=2 2 2 2 2 2 2 2 2 2 2 2 2
left_child=7 2 6 -4 8 -6 -2 9 -3 11 -11 -1 -9
right_child=1 4 3 -5 5 -7 -8 12 -10 10 -12 -13 -14
leaf_value=-0.054809755730610456 -0.00092991466014658345 -0.0024037068157806659 -0.039678757623730666 -0.0063330710312774745 0.018187472813690517 -0.027160056549074593 0.012620084169253755 -0.14955838114874703 -0.031815963737949343 -0.1270767708244871 -0.0042372160385816529 0.033628828793764116 -0.32090731239318848
leaf_weight=161 46685 1749 3040 37563 17461 1514 16514 35 1423 122 39 80 20
leaf_count=161 46685 1749 3040 37563 17461 1514 16514 35 1423 122 39 80 20
internal_value=-9.53626e-13 0.000265626 -0.0018643 -0.00882971 0.0102485 0.0145692 0.00261072 -0.0732065 -0.0155984 -0.0542355 -0.0973206 -0.0254525 -0.211867
internal_weight=126406 125949 103802 40603 22147 18975 63199 457 3172 402 161 241 55
internal_count=126406 125949 103802 40603 22147 18975 63199 457 3172 402 161 241 55
is_linear=0
shrinkage=0.01


Tree=564
num_leaves=15
num_cat=0
split_feature=25 5 17 3 9 8 47 11 24 19 12 17 35 44
split_gain=24421.5 27078.2 38041.4 34446.7 37498.6 28730.1 26812.7 20710.7 40885.2 25210.2 13405.9 9821.51 9818.62 8843.37
threshold=22.640027226212272 21.500000000000004 0.022438830355122338 50.999748000000004 -0.12940952255126037 -0.78656609248549303 1.0000000180025095e-35 0.93301270189221952 2.1234347468135608 0.03433673871392174 1.0000000180025095e-35 0.027136086180422198 37.789351851851855 1.0000000180025095e-35
decision_type=2 2 2 2 2 2 2 2 2 2 2 2 2 2
left_child=7 2 5 6 -5 -2 -3 10 -9 -10 13 -4 -12 -1
right_child=1 3 11 4 -6 -7 -8 8 9 -11 12 -13 -14 -15
leaf_value=0.0027960571468250567 -0.0072620688674944877 0.0056222070148688342 -0.04152147427690725 -0.00039558253143908985 -0.019138858243666342 0.0093376459982690754 0.05300891263404979 -0.34884516159693396 0.28565813789367678 0.042887884123703916 -0.016048707075161726 -0.12027120077204936 -0.084072453259183957 -0.029976949105158739
leaf_weight=1249 12997 9684 685 25320 18453 52717 1362 24 50 296 321 206 626 2416
leaf_count=1249 12997 9684 685 25320 18453 52717 1362 24 50 296 321 206 626 2416
internal_value=7.89735e-12 0.000890331 0.00517453 -0.00431496 -0.00829702 0.00605453 0.0114651 -0.0216996 0.050285 0.0779703 -0.0274746 -0.0597285 -0.0610148 -0.0188082
internal_weight=126406 121424 66605 54819 43773 65714 11046 4982 370 346 4612 891 947 3665
internal_count=126406 121424 66605 54819 43773 65714 11046 4982 370 346 4612 891 947 3665
is_linear=0
shrinkage=0.01


Tree=565
num_leaves=15
num_cat=0
split_feature=35 11 7 2 1 15 31 10 12 25 12 3 10 22
split_gain=24339.9 34673.8 30554.2 53519.8 61481.5 43041.7 28440 27460.5 26678.6 26262.3 97891 26464.5 17971.3 29730.1
threshold=82.115800273016973 0.25000000000000017 1007.2001500000001 12.825000000000001 -118.21337597412109 0.26266580858994554 72.524441493483494 0.68301270189221941 1.0000000180025095e-35 133.23489760367167 1.0000000180025095e-35 21.999717000000004 -0.93301270189221908 72.099809885931577
decision_type=2 2 2 2 2 2 2 2 2 2 2 2 2 2
left_child=2 12 5 4 -4 8 -7 -5 -1 11 -11 -3 13 -2
right_child=1 9 3 7 -6 6 -8 -9 -10 10 -12 -13 -14 -15
leaf_value=-0.0047184173096515777 -0.038918716736729968 -0.072965135027625361 0.017940393957560152 -0.010063537361565032 0.09332653777074397 0.0030406117092182149 0.040335305804892051 0.022580629062167925 -0.025544069013726127 -0.0072357158778834267 0.37631192346071374 0.00032800355935373526 -0.020859482940047962 -0.17770842078266685
leaf_weight=21718 755 512 13920 11697 1173 42142 2149 3305 8582 283 87 13034 6855 194
leaf_count=21718 755 512 13920 11697 1173 42142 2149 3305 8582 283 87 13034 6855 194
internal_value=-2.11355e-11 -0.00963363 0.00199876 0.010504 0.0237993 -0.00143282 0.00485015 -0.0028719 -0.010617 -0.000171854 0.0829498 -0.00244227 -0.0265057 -0.0672909
internal_weight=126406 21720 104686 30095 15093 74591 44291 15002 30300 13916 370 13546 7804 949
internal_count=126406 21720 104686 30095 15093 74591 44291 15002 30300 13916 370 13546 7804 949
is_linear=0
shrinkage=0.01


Tree=566
num_leaves=15
num_cat=0
split_feature=17 44 11 7 8 2 13 47 8 26 7 10 33 0
split_gain=24306.6 67058.2 81204.9 74887.6 42712.7 66787.2 39478.3 38157 66396.9 36888.5 32407.5 28898.3 24929.5 21889.3
threshold=0.0058081017204881643 1.0000000180025095e-35 0.25000000000000017 1001.0999250000001 -0.78656609248549303 20.625000000000004 -5.0732009093110486 1.0000000180025095e-35 0.12940952255126045 25.169526675087056 1007.7002500000002 -0.5 47.732361639205749 35.400001525878913
decision_type=2 2 2 2 2 2 2 2 2 2 2 2 2 2
left_child=1 7 9 -4 12 10 -7 11 -9 -3 -6 -1 -2 -14
right_child=4 2 3 -5 5 6 -8 8 -10 -11 -12 -13 13 -15
leaf_value=-0.018623893940088562 0.0021989087549830976 -0.015959225537305 -0.061361644804200068 0.057576041783024876 -0.013195009964521781 0.031677855790735607 0.0044977054795907676 0.050625274645858469 -0.010962847275107839 0.18798417597354114 0.0058489250638848094 0.0022915501661159234 -0.010468581052466817 -0.039468955571518562
leaf_weight=11116 4113 3493 577 6415 29583 7920 16429 3516 3486 91 12803 16282 4618 5964
leaf_count=11116 4113 3493 577 6415 29583 7920 16429 3516 3486 91 12803 16282 4618 5964
internal_value=1.10601e-11 0.00590038 0.0279222 0.047761 -0.00325894 0.000139615 0.0133386 -0.000870064 0.0199632 -0.010781 -0.00744265 -0.00619433 -0.0186929 -0.0268132
internal_weight=126406 44976 10576 6992 81430 66735 24349 34400 7002 3584 42386 27398 14695 10582
internal_count=126406 44976 10576 6992 81430 66735 24349 34400 7002 3584 42386 27398 14695 10582
is_linear=0
shrinkage=0.01


Tree=567
num_leaves=15
num_cat=0
split_feature=23 39 9 11 31 17 15 11 22 7 11 28 30 30
split_gain=24184.9 27208.4 33684.3 39749 30802.6 32249.7 22627.4 20300.6 17747.7 11998.2 10325.8 9803.33 8294.35 5852.58
threshold=11.396604938271606 44.442261653288277 -0.37940952255126015 0.6830127018922193 24.459876543209884 0.018008398967217985 0.069413971750104095 0.25000000000000017 105.47319932998327 1007.3001 0.6830127018922193 16.157407407407408 42.777883396704702 55.115547106041411
decision_type=2 2 2 2 2 2 2 2 2 2 2 2 2 2
left_child=6 2 3 -2 8 -6 9 -4 -3 11 13 -1 -12 -8
right_child=1 4 7 -5 5 -7 10 -9 -10 -11 12 -13 -14 -15
leaf_value=-0.107341525969298 0.0070575984990777167 -0.015554941257346092 0.010276285378250686 0.041593210292937589 0.0013442007260461408 -0.025772587955767933 -0.037193039000814582 -0.012422129703664552 -0.088205819333949123 -0.076682299157929804 0.059492150478892863 -0.36643901515007016 -0.064523374976275805 -0.11271618551818223
leaf_weight=23 9045 10853 7659 5277 79468 4642 487 8115 347 63 180 40 77 130
leaf_count=23 9045 10853 7659 5277 79468 4642 487 8115 347 63 180 40 77 130
internal_value=1.65395e-11 0.000390597 0.00867969 0.0197824 -0.00222685 -0.000152365 -0.0489832 -0.00140101 -0.0178058 -0.174265 -0.030922 -0.271848 0.0223357 -0.0531055
internal_weight=126406 125406 30096 14322 95310 84110 1000 15774 11200 126 874 63 257 617
internal_count=126406 125406 30096 14322 95310 84110 1000 15774 11200 126 874 63 257 617
is_linear=0
shrinkage=0.01


Tree=568
num_leaves=14
num_cat=0
split_feature=40 27 10 9 10 41 16 44 14 25 21 3 19
split_gain=23991.9 42216.1 29752.7 28070 28951.6 27321.6 24738.9 29952.4 23697 21894.3 21305.6 19692.4 3828.56
threshold=80.63249230945604 126.69011725293133 -0.93301270189221908 1.0000000180025095e-35 -0.6830127018922193 85.208155798001428 0.11899964999999992 1.0000000180025095e-35 3.5807642611772539 75.197833833062433 162.95207439198859 70.927510000000026 0.2823996144724123
decision_type=2 2 2 2 2 2 2 2 2 2 2 2 2
left_child=5 2 9 4 -3 6 7 -1 -4 -2 -5 -8 -7
right_child=1 3 8 10 -6 12 11 -9 -10 -11 -12 -13 -14
leaf_value=0.0027085845706324037 -0.042452227764751931 0.0078943240659675382 -0.0037646620695472345 -0.0030727293361247016 0.17192301103039412 -0.12756855809688569 0.0050855334670713102 0.076362525030508707 -0.028894483390157367 -0.15955538015090981 0.17671227091509437 -0.003919668732873232 -0.30741505113141293
leaf_weight=1258 973 174 15854 780 282 20 60147 984 4916 191 72 40726 29
leaf_count=1258 973 174 15854 780 282 20 60147 984 4916 191 72 40726 29
internal_value=-2.29001e-11 -0.00917859 -0.0124697 0.0460111 0.109333 0.00206786 0.00218004 0.0350348 -0.00971258 -0.0616676 0.0121204 0.00144981 -0.234008
internal_weight=126406 23242 21934 1308 456 103164 103115 2242 20770 1164 852 100873 49
internal_count=126406 23242 21934 1308 456 103164 103115 2242 20770 1164 852 100873 49
is_linear=0
shrinkage=0.01


Tree=569
num_leaves=14
num_cat=0
split_feature=7 31 35 44 38 17 7 24 23 26 23 20 18
split_gain=23865.1 25724.1 32707.8 34658.3 27445.8 35276.4 21318.9 17559.2 11805.9 5122.25 4905.47 4443.16 4070.42
threshold=992.71127500000011 59.385509083227724 55.661808196028737 1.0000000180025095e-35 59.775285171102674 0.0130028075182675 1012.77372 31.425470999337715 79.707718195965057 16.699653258745141 47.955945172041503 30.055555555555561 6.0631249831016119
decision_type=2 2 2 2 2 2 2 2 2 2 2 2 2
left_child=8 2 6 -4 7 -6 -2 -3 10 -10 12 -12 -1
right_child=1 4 3 -5 5 -7 -8 -9 9 -11 11 -13 -14
leaf_value=-0.053751380854454009 0.0029949697809407206 5.6862745448417162e-06 -0.0024802186232036325 -0.020425282247750524 0.024690928812813616 -0.030160235012885037 0.030522601905977834 -0.082811802398726223 -0.33720879125595088 -0.13659419461659023 -0.22811937960711393 -0.075172740261760546 0.033519714951515199
leaf_weight=161 36693 11203 47671 13901 11871 1301 3047 262 20 35 22 139 80
leaf_count=161 36693 11203 47671 13901 11871 1301 3047 262 20 35 22 139 80
internal_value=-3.84699e-13 0.000261733 -0.00196689 -0.00653164 0.00942625 0.0192733 0.00510561 -0.00188687 -0.0721335 -0.209545 -0.0533334 -0.0960723 -0.0247817
internal_weight=126406 125949 101312 61572 24637 13172 39740 11465 457 55 402 161 241
internal_count=126406 125949 101312 61572 24637 13172 39740 11465 457 55 402 161 241
is_linear=0
shrinkage=0.01


Tree=570
num_leaves=15
num_cat=0
split_feature=25 5 7 44 1 17 13 11 24 16 23 12 35 23
split_gain=23711.8 26366.2 47694.9 49645.9 43838.4 36999.6 32512.9 20176.6 39828.3 27807.7 14599.9 13128.4 9599.03 9110.12
threshold=22.640027226212272 21.500000000000004 1004.4003000000001 1.0000000180025095e-35 -118.21337597412109 0.022438830355122338 -0.37649371299091478 0.93301270189221952 2.1234347468135608 0.14802446599999994 55.599316997605982 1.0000000180025095e-35 37.789351851851855 11.396604938271606
decision_type=2 2 2 2 2 2 2 2 2 2 2 2 2 2
left_child=7 5 3 -3 -4 6 -2 11 -9 -10 -7 13 -13 -1
right_child=1 2 4 -5 -6 10 -8 8 9 -11 -12 12 -14 -15
leaf_value=-0.051870127336298893 0.014897386405260867 -0.0058535479544239918 -0.00072692610362457997 -0.03779811010205858 0.034091428475533356 -0.033904205386779566 0.00042892458433327731 -0.3442690896987915 0.33222121612021793 0.04550431689634532 -0.1244497194471277 -0.015812955625192769 -0.083071720167851679 -0.011055569791117525
leaf_weight=669 25179 17489 26400 6740 4190 645 40535 24 38 308 246 321 626 2996
leaf_count=669 25179 17489 26400 6740 4190 645 40535 24 38 308 246 321 626 2996
internal_value=4.59222e-12 0.000877299 -0.0042591 -0.0147399 0.00404224 0.0051048 0.00597267 -0.021382 0.0496683 0.0769935 -0.0589033 -0.0270821 -0.0602733 -0.0185058
internal_weight=126406 121424 54819 24229 30590 66605 65714 4982 370 346 891 4612 947 3665
internal_count=126406 121424 54819 24229 30590 66605 65714 4982 370 346 891 4612 947 3665
is_linear=0
shrinkage=0.01


Tree=571
num_leaves=15
num_cat=0
split_feature=9 27 2 9 39 6 28 23 7 26 8 45 37 36
split_gain=23691.1 41456.8 36209.9 55658.1 34822.8 30996.2 27356.8 26571.5 24539.9 53606.5 34720.2 21786.1 16089.9 14973.6
threshold=-0.60355339059327384 104.57035175879398 25.675000000000001 0.25881904510252057 37.951256865230256 10.800749500000002 70.763381105586447 128.40500444375346 1001.0999250000001 12.162070643966308 0.12940952255126045 1.0000000180025095e-35 166.10658082975684 52.862906632868622
decision_type=2 2 2 2 2 2 2 2 2 2 2 2 2 2
left_child=1 4 8 11 6 -6 -1 -5 9 -2 -10 -4 13 -3
right_child=2 12 3 7 5 -7 -8 -9 10 -11 -12 -13 -14 -15
leaf_value=0.019205438690738538 0.0012433021289105543 -0.040306301263498732 -0.0080923323853826085 0.017509318122688231 0.0043218711025415375 -0.024026942779772256 0.11866111950961861 0.17492485482935555 0.0042701279724127721 -0.041088815791427494 -0.011312445088000507 -0.056701980899512831 -0.12130155807588158 0.095025158420853004
leaf_weight=8389 6181 91 4036 15063 22566 4652 286 108 28664 5797 28532 1195 41 805
leaf_count=8389 6181 91 4036 15063 22566 4652 286 108 28664 5797 28532 1195 41 805
internal_value=-8.97816e-12 0.00675155 -0.00277596 0.00893124 0.00503735 -0.000523403 0.0224843 0.0186299 -0.00622885 -0.0192442 -0.00350318 -0.019197 0.0724162 0.0812806
internal_weight=126406 36830 89576 20402 35893 27218 8675 15171 69174 11978 57196 5231 937 896
internal_count=126406 36830 89576 20402 35893 27218 8675 15171 69174 11978 57196 5231 937 896
is_linear=0
shrinkage=0.01


Tree=572
num_leaves=15
num_cat=0
split_feature=40 27 10 14 23 10 2 16 44 12 3 8 8 26
split_gain=23642.3 46039.6 32796.2 35163.6 33634.3 28036.1 37977.5 23832.7 30230.5 24807 19097.2 40867.1 24947.5 18746
threshold=75.256413563380931 126.69011725293133 -0.93301270189221908 4.331597592808472 73.271402605196116 1.0000000180025095e-35 14.225000000000001 0.11899964999999992 1.0000000180025095e-35 1.0000000180025095e-35 70.927510000000026 -0.78656609248549303 0.12940952255126045 11.289142701814496
decision_type=2 2 2 2 2 2 2 2 2 2 2 2 2 2
left_child=7 2 4 -4 -2 6 -3 8 -1 -10 11 -9 -12 -7
right_child=1 5 3 -5 -6 13 -8 10 9 -11 12 -13 -14 -15
leaf_value=0.0021607683944524724 -0.032458635775935454 0.14694466165599548 -0.0021362319718080821 -0.030791869179244133 -0.14856614198635021 -0.22333635318513012 0.028248516806554554 -0.0092682086753088071 0.044967246072697406 0.1589289135215915 0.0058532282386363687 0.010421366043178382 -0.010574297403514723 -0.0066685520630815759
leaf_weight=1159 1482 392 21953 5320 300 51 863 14120 636 273 15802 41594 22277 184
leaf_count=1159 1482 392 21953 5320 300 51 863 14120 636 273 15802 41594 22277 184
internal_value=-7.98323e-12 -0.00766146 -0.0104417 -0.00772594 -0.0520054 0.0465528 0.0653233 0.00244124 0.0360208 0.0791934 0.00170085 0.0054313 -0.00375721 -0.0536901
internal_weight=126406 30545 29055 27273 1782 1490 1255 95861 2068 909 93793 55714 38079 235
internal_count=126406 30545 29055 27273 1782 1490 1255 95861 2068 909 93793 55714 38079 235
is_linear=0
shrinkage=0.01


Tree=573
num_leaves=15
num_cat=0
split_feature=35 11 26 7 44 11 1 15 9 9 25 24 3 44
split_gain=23480.5 33520 32153.5 28927.2 62291.2 64767.8 62461.1 40991.3 30488.2 26377.4 25159.6 78631.8 26115.6 21975.2
threshold=82.115800273016973 0.25000000000000017 41.844542972818189 1007.2001500000001 1.0000000180025095e-35 0.25000000000000017 -118.21337597412109 0.26266580858994554 0.78656609248549303 0.78656609248549303 133.23489760367167 22.6908282307589 21.999717000000004 1.0000000180025095e-35
decision_type=2 2 2 2 2 2 2 2 2 2 2 2 2 2
left_child=3 2 13 7 6 -6 -5 8 -1 -9 12 -12 -3 -2
right_child=1 10 -4 4 5 -7 -8 9 -10 -11 11 -13 -14 -15
leaf_value=-0.0068513655897420294 -0.018865263000076023 -0.072437728724107725 0.21941802013595152 -0.003558358528667181 -0.026328339032801313 0.050430981601258376 0.049632321454175149 -0.00076572159657842633 -0.039193268512806967 0.015541848953075262 0.16931010592192741 -0.15999450653490394 0.00037069947627871145 -0.059713519430541026
leaf_weight=27033 6069 512 53 20441 1355 5824 2475 29295 3267 14996 271 99 13034 1682
leaf_count=27033 6069 512 53 20441 1355 5824 2475 29295 3267 14996 271 99 13034 1682
internal_value=1.22077e-11 -0.00946202 -0.026051 0.00196316 0.0102389 0.035943 0.0021864 -0.00137582 -0.0103385 0.00475568 -0.000159014 0.0811989 -0.00238125 -0.0277295
internal_weight=126406 21720 7804 104686 30095 7179 22916 74591 30300 44291 13916 370 13546 7751
internal_count=126406 21720 7804 104686 30095 7179 22916 74591 30300 44291 13916 370 13546 7751
is_linear=0
shrinkage=0.01


Tree=574
num_leaves=14
num_cat=0
split_feature=40 10 41 14 13 13 16 26 35 2 25 7 19
split_gain=23236.8 34493.2 26717.8 23908.3 43535.4 24169.9 23435.5 23162.4 22532.3 18953.2 14038.1 8280.62 3745.53
threshold=80.63249230945604 -0.93301270189221908 85.208155798001428 3.5807642611772539 1.2360679774997896 0.17999545519653334 0.11899964999999992 15.100315938170956 70.213403041825117 27.725000000000005 55.729791578650897 1002.7002500000002 0.2823996144724123
decision_type=2 2 2 2 2 2 2 2 2 2 2 2 2
left_child=2 8 6 4 -3 -5 7 -1 11 -8 -10 -2 -4
right_child=1 3 12 5 -6 -7 9 -9 10 -11 -12 -13 -14
leaf_value=0.006207973795166132 0.008337873581355227 0.014616646209717171 -0.12613851630687714 -0.038340755820329545 -0.017530651912002541 0.01033340313908951 -0.00024483295582448174 0.0711320247140972 -0.05315053300075661 0.012618650019956502 -0.15290638395745901 -0.06802234377928211 -0.30402417034938417
leaf_weight=1278 388 8975 20 3746 7939 1402 87698 964 261 13175 307 224 29
leaf_count=1278 388 8975 20 3746 7939 1402 87698 964 261 13175 307 224 29
internal_value=-3.34545e-12 -0.009033 0.00203506 -0.0062156 -0.000472475 -0.0250849 0.002146 0.0341236 -0.0617089 0.00143526 -0.107068 -0.019611 -0.231418
internal_weight=126406 23242 103164 22062 16914 5148 103115 2242 1180 100873 568 612 49
internal_count=126406 23242 103164 22062 16914 5148 103115 2242 1180 100873 568 612 49
is_linear=0
shrinkage=0.01


Tree=575
num_leaves=15
num_cat=0
split_feature=9 10 2 12 2 9 26 39 23 7 26 3 3 27
split_gain=23156 52894.3 70359.5 38089.8 34843.6 53949 32024.3 27717.9 26025.6 23817.8 52360.2 25781.5 17225.4 14265.6
threshold=-0.60355339059327384 1.0000000180025095e-35 11.925000000000002 1.0000000180025095e-35 25.675000000000001 0.25881904510252057 41.844542972818189 48.334530347838339 128.40500444375346 1001.0999250000001 12.162070643966308 15.000763000000001 71.905555000000007 92.640684410646415
decision_type=2 2 2 2 2 2 2 2 2 2 2 2 2 2
left_child=1 2 3 -1 9 -6 -4 12 -7 10 -2 -11 -3 -9
right_child=4 7 6 -5 5 8 -8 13 -10 11 -12 -13 -14 -15
leaf_value=0.029493323196662147 0.001293934550987981 0.034453102830543342 0.0038536662496253026 0.083617795270984063 -0.018953227233774867 0.017179337774931323 0.21243112325668334 -0.020784763993745708 0.17296945825012194 -0.059149536840817793 -0.040543166994393046 -0.0026370695240832413 -0.0010758901146138864 0.06991845595339935
leaf_weight=4528 6181 1774 14019 1824 5231 15063 74 8521 108 819 5797 56377 5913 177
leaf_count=4528 6181 1774 14019 1824 5231 15063 74 8521 108 819 5797 56377 5913 177
internal_value=8.43462e-12 0.00667488 0.0174032 0.0450354 -0.00274444 0.00873977 0.00494887 -0.00671183 0.0182884 -0.00613156 -0.018954 -0.00344628 0.00712346 -0.018939
internal_weight=126406 36830 20445 6352 89576 20402 14093 16385 15171 69174 11978 57196 7687 8698
internal_count=126406 36830 20445 6352 89576 20402 14093 16385 15171 69174 11978 57196 7687 8698
is_linear=0
shrinkage=0.01


Tree=576
num_leaves=15
num_cat=0
split_feature=23 16 44 40 5 24 34 15 5 11 24 29 42 27
split_gain=23107.3 24796.9 31901.7 33809 25838.5 49218 33402 22325.2 16680.6 10036.9 12113.2 9520.32 4713.91 3439.72
threshold=11.396604938271606 0.3199405937499995 1.0000000180025095e-35 69.276299112801027 28.500000000000004 33.48979920427454 79.134032010496099 0.069413971750104095 99.500000000000014 0.6830127018922193 2.5725114452936295 30.705956907477827 1.0000000180025095e-35 5.0444444444444434
decision_type=2 2 2 2 2 2 2 2 2 2 2 2 2 2
left_child=7 2 8 -4 6 -6 -3 11 -2 12 -11 -1 -9 -13
right_child=1 4 3 -5 5 -7 -8 9 -10 10 -12 13 -14 -15
leaf_value=-0.1052753976855097 -0.022599706040349048 0.0051506689992924367 0.077991955847461172 -0.0033892445361889678 -0.005044146636447938 -0.09731686854330647 -0.022383670838230878 0.025456465923360417 0.021459666224448736 -0.20758064951215471 0.043047408570803823 -0.36876425425211584 -0.061698187515480098 -0.1976285189649333
leaf_weight=79 1560 65596 1481 779 48769 585 4723 70 1913 21 236 24 547 23
leaf_count=79 1560 65596 1481 779 48769 585 4723 70 1913 21 236 24 547 23
internal_value=3.55921e-12 0.000381796 0.0206982 0.0499406 -0.000591471 -0.00613787 0.00330132 -0.0478795 0.0016691 -0.0299393 0.0225681 -0.172322 -0.0518103 -0.285017
internal_weight=126406 125406 5733 2260 119673 49354 70319 1000 3473 874 257 126 617 47
internal_count=126406 125406 5733 2260 119673 49354 70319 1000 3473 874 257 126 617 47
is_linear=0
shrinkage=0.01


Tree=577
num_leaves=14
num_cat=0
split_feature=7 31 33 40 10 26 10 9 23 26 23 20 18
split_gain=22850.6 24760 34421.4 28267.1 26112.2 32102.9 27597.2 23084.6 11646.5 5014.31 4814.55 4339.92 3958.18
threshold=992.71127500000011 59.385509083227724 63.13510773130546 64.605618926911717 -0.93301270189221908 35.548223311342603 -0.24999999999999994 -0.12940952255126037 79.707718195965057 16.699653258745141 47.955945172041503 30.055555555555561 6.0631249831016119
decision_type=2 2 2 2 2 2 2 2 2 2 2 2 2
left_child=8 2 3 -2 5 -3 -6 -4 10 -10 12 -12 -1
right_child=1 4 7 -5 6 -7 -8 -9 9 -11 11 -13 -14
leaf_value=-0.052192526696718401 0.0046415137747838793 -0.027679620047853733 -0.00069280918002517355 -0.0070544708302595557 0.023631327687123366 0.37482980537414551 0.0014685315287454538 -0.028087890698559471 -0.33337610483169555 -0.13488653094427927 -0.22475594758987427 -0.073596569633633979 0.033866879431530834
leaf_weight=161 55559 2141 5098 32900 11126 20 11350 7755 20 35 22 139 80
leaf_count=161 55559 2141 5098 32900 11126 20 11350 7755 20 35 22 139 80
internal_value=2.42427e-11 0.00025611 -0.00193035 0.0002915 0.00924725 -0.0239544 0.0124395 -0.0172219 -0.0705837 -0.207065 -0.0519109 -0.0942519 -0.0236251
internal_weight=126406 125949 101312 88459 24637 2161 22476 12853 457 55 402 161 241
internal_count=126406 125949 101312 88459 24637 2161 22476 12853 457 55 402 161 241
is_linear=0
shrinkage=0.01


Tree=578
num_leaves=15
num_cat=0
split_feature=25 7 44 1 2 32 10 20 11 24 19 35 11 44
split_gain=22960.4 25038.6 67550.9 71475 51804.5 45345.5 44279.9 32135.8 19635.7 38606.1 23911.9 11757.7 14509 12301
threshold=22.640027226212272 1006.3000500000002 1.0000000180025095e-35 -118.21337597412109 14.625000000000002 165.65092989985695 -0.5 132.64070351758798 0.93301270189221952 2.1234347468135608 0.03433673871392174 23.923611111111118 0.6830127018922193 1.0000000180025095e-35
decision_type=2 2 2 2 2 2 2 2 2 2 2 2 2 2
left_child=8 4 3 -3 5 -2 -4 -6 11 -10 -11 12 -1 -13
right_child=1 2 6 -5 7 -7 -8 -9 9 10 -12 13 -14 -15
leaf_value=-0.01460051101648692 -0.017703084944319197 -0.0055724279722755808 0.06179296676936686 0.035912739438249977 0.0013461658986003682 0.25995700371467462 0.0156263284235829 0.073208622996871531 -0.33879525343577066 0.2782227267026901 0.041786384609452373 -0.0095186473532853453 0.092662281311579983 -0.046468366865106941
leaf_weight=515 19027 29116 3064 4844 58232 59 6453 629 24 50 296 1399 167 2531
leaf_count=515 19027 29116 3064 4844 58232 59 6453 629 24 50 296 1399 167 2531
internal_value=5.32052e-12 0.000863288 0.00694355 0.00034495 -0.00252814 -0.0168448 0.0304897 0.0021141 -0.0210405 0.0490509 0.0759535 -0.0266636 0.0116647 -0.033315
internal_weight=126406 121424 43477 33960 77947 19086 9517 58861 4982 370 346 4612 682 3930
internal_count=126406 121424 43477 33960 77947 19086 9517 58861 4982 370 346 4612 682 3930
is_linear=0
shrinkage=0.01


Tree=579
num_leaves=15
num_cat=0
split_feature=35 11 26 9 11 1 2 26 24 23 3 18 44 42
split_gain=22736.5 32482.2 31070.3 28303.3 61647.2 39139.2 26624.8 27109.5 23987.7 47497.1 28181.2 23431.4 21565.7 18728.8
threshold=82.115800273016973 0.25000000000000017 41.844542972818189 -0.78656609248549325 0.6830127018922193 -119.7866065258789 30.125000000000004 20.424071953585386 28.593229501152901 141.4332192901617 92.000135000000014 13.277231399677451 1.0000000180025095e-35 1.0000000180025095e-35
decision_type=2 2 2 2 2 2 2 2 2 2 2 2 2 2
left_child=3 2 12 4 13 -6 11 -8 9 -3 -10 -5 -2 -1
right_child=1 8 -4 6 5 -7 7 -9 10 -11 -12 -13 -14 -15
leaf_value=0.015509656479007181 -0.018509791798114378 0.00036966297672243019 0.21565757925042284 -0.0019176028745722935 -0.0080170620711800498 0.054423716514294604 0.011470162921579517 0.09720017290227892 -0.07775139622776521 0.12565478239520902 0.056969787187798673 -0.041225918456406996 -0.058975664347131758 -0.0069818796160510625
leaf_weight=6111 6069 12676 53 72169 1298 4430 9352 384 733 310 197 1549 1682 9393
leaf_count=6111 6069 12676 53 72169 1298 4430 9352 384 733 310 197 1549 1682 9393
internal_value=-2.75713e-11 -0.00931091 -0.0256411 0.00193181 0.0122405 0.0402743 -0.000690879 0.0148515 -0.000153054 0.00336045 -0.0492137 -0.00274357 -0.0272911 0.0018833
internal_weight=126406 21720 7804 104686 21232 5728 83454 9736 13916 12986 930 73718 7751 15504
internal_count=126406 21720 7804 104686 21232 5728 83454 9736 13916 12986 930 73718 7751 15504
is_linear=0
shrinkage=0.01


Tree=580
num_leaves=15
num_cat=0
split_feature=17 35 2 46 8 2 2 1 8 10 23 38 2 8
split_gain=22877.8 33107.8 24809.4 24608.6 24355.3 36835.3 32847.3 23826.2 24084.5 22379.2 30010.7 22352 21400 14150.9
threshold=0.003847505521251481 77.670937345015716 10.575000000000001 1.0000000180025095e-35 -0.78656609248549303 26.525000000000002 13.025000000000002 -119.7866065258789 1.0000000180025095e-35 -0.93301270189221908 75.553157162614482 89.137555648967293 19.025000000000002 -0.70710678118654735
decision_type=2 2 2 2 2 2 2 2 2 2 2 2 2 2
left_child=2 4 3 11 6 -6 -2 13 -9 10 -3 -1 -11 -4
right_child=1 9 7 -5 5 -7 -8 8 -10 12 -12 -13 -14 -15
leaf_value=0.046517275953963891 0.018889028204096162 -0.029235627616879693 -0.039652963159475939 -0.024988643724575987 1.2813763460144401e-05 0.01960224541258709 -0.017557923530325856 0.022339285770555675 -0.0042344021972668669 -0.017077058902022026 -0.15500410657938646 -0.037945173205509129 0.0071365039598975067 -0.0035181427347872941
leaf_weight=3621 3075 841 1577 703 55142 11622 12625 7704 6120 14438 245 343 4885 3465
leaf_count=3621 3075 841 1577 703 55142 11622 12625 7704 6120 14438 245 343 4885 3465
internal_value=2.35741e-12 -0.00203475 0.00889479 0.0295386 0.000787481 0.00342286 -0.0104194 0.00378799 0.0105749 -0.0134382 -0.0576088 0.0392088 -0.0109557 -0.0148201
internal_weight=126406 102873 23533 4667 82464 66764 15700 18866 13824 20409 1086 3964 19323 5042
internal_count=126406 102873 23533 4667 82464 66764 15700 18866 13824 20409 1086 3964 19323 5042
is_linear=0
shrinkage=0.01


Tree=581
num_leaves=15
num_cat=0
split_feature=39 9 11 8 31 17 9 0 45 15 42 11 22 37
split_gain=22594.7 32109.8 38886.3 33432.6 31884.7 31170.5 31627.9 25267.3 23196.5 21460.5 21409.1 17620.4 16956.1 12148.7
threshold=44.442261653288277 -0.37940952255126015 0.6830127018922193 0.12940952255126045 24.459876543209884 0.018008398967217985 0.78656609248549303 37.042691525878915 1.0000000180025095e-35 0.10013529468512262 1.0000000180025095e-35 -0.5 105.47319932998327 61.874901517487082
decision_type=2 2 2 2 2 2 2 2 2 2 2 2 2 2
left_child=1 2 10 9 12 6 -6 -4 -5 -3 -1 -7 -2 -14
right_child=4 3 7 8 5 11 -8 -9 -10 -11 -12 -13 13 -15
leaf_value=0.021931121080663047 -0.015930376150771905 0.1277383241745142 0.047932840996011611 -0.024541391365434009 -0.0020244319053210895 -0.0059313258593993688 0.013518007113919024 -0.01747636624926029 0.023980557577599346 0.0093461530137457244 -0.0085743874154930837 -0.044751259854790629 -0.009526506117836106 -0.13215831008778042
leaf_weight=4347 11054 156 4674 6572 63081 2336 16522 676 1159 8254 4887 2341 128 219
leaf_count=4347 11054 156 4674 6572 63081 2336 16522 676 1159 8254 4887 2341 128 219
internal_value=1.83577e-11 0.00746081 0.0182156 -0.0022565 -0.00239581 -0.000272626 0.00120148 0.0396681 -0.0172672 0.0115423 0.00578639 -0.025362 -0.0180911 -0.0869224
internal_weight=126406 30725 14584 16141 95681 84280 79603 5350 7731 8410 9234 4677 11401 347
internal_count=126406 30725 14584 16141 95681 84280 79603 5350 7731 8410 9234 4677 11401 347
is_linear=0
shrinkage=0.01


Tree=582
num_leaves=15
num_cat=0
split_feature=23 39 9 11 8 2 6 9 15 7 11 24 19 8
split_gain=22427 25223.2 30829.5 36391.8 29675.6 27181.3 53891.5 42352.5 21881.2 11624.2 9716.98 11633.3 7522.19 5788.66
threshold=11.396604938271606 44.442261653288277 -0.37940952255126015 0.6830127018922193 0.12940952255126045 25.675000000000001 12.404780500000003 0.25881904510252057 0.069413971750104095 1007.3001 0.6830127018922193 2.5725114452936295 0.082561400996592052 -1.0000000180025095e-35
decision_type=2 2 2 2 2 2 2 2 2 2 2 2 2 2
left_child=8 2 3 -2 -4 6 -3 -7 9 12 13 -12 -1 -10
right_child=1 5 4 -5 -6 7 -8 -9 10 -11 11 -13 -14 -15
leaf_value=-0.34368392217726934 0.0068033384345189997 -0.00092471176563850923 0.011895138573252723 0.039848356608741121 -0.015558554921261717 -0.014558994941814892 -0.022964626844412157 0.017970122615995739 -0.022548966260784002 -0.074318395018104527 -0.20328912280854725 0.042324830590100108 -0.11188667842320033 -0.083987393650046566
leaf_weight=42 9045 62493 8200 5277 7574 5660 13489 13668 332 63 21 236 21 285
leaf_count=42 9045 62493 8200 5277 7574 5660 13489 13668 332 63 21 236 21 285
internal_value=-2.7301e-11 0.000376134 0.00835711 0.0189789 -0.00128695 -0.00214402 -0.00483743 0.00844432 -0.0471695 -0.170368 -0.0294086 0.0222552 -0.266418 -0.0509281
internal_weight=126406 125406 30096 14322 15774 95310 75982 19328 1000 126 874 257 63 617
internal_count=126406 125406 30096 14322 15774 95310 75982 19328 1000 126 874 257 63 617
is_linear=0
shrinkage=0.01


Tree=583
num_leaves=14
num_cat=0
split_feature=7 31 39 31 0 7 21 23 23 23 14 18 36
split_gain=22258.9 23866.7 28642.7 25775.6 22653.8 29191.8 23737.9 21721.2 11430.4 4733.31 4427.15 3876.42 3770.75
threshold=992.71127500000011 60.694761301225192 49.469696969696976 23.923611111111118 37.042691525878915 1002.8996150000002 64.43773764258556 17.137345679012352 79.707718195965057 47.955945172041503 11.498539898314084 6.0631249831016119 78.889096146129901
decision_type=2 2 2 2 2 2 2 2 2 2 2 2 2
left_child=8 2 7 -4 5 -3 -6 -2 9 11 -11 -1 -10
right_child=1 4 3 -5 6 -7 -8 -9 12 10 -12 -13 -14
leaf_value=-0.051389801426333676 -0.028240147482226283 -0.002276971674262121 -0.020839878430958657 -0.0030571313716070115 0.00033400787829628421 0.021967541701554606 -0.086102253643760993 0.0074685937144777417 -0.28327315067422804 -0.11772614666542998 0.01872875871329472 0.03377613412775099 -0.11742547846757448
leaf_weight=161 1796 8248 9445 59495 936 12482 481 33066 29 132 29 80 26
leaf_count=161 1796 8248 9445 59495 936 12482 481 33066 29 132 29 80 26
internal_value=3.32684e-11 0.000252772 -0.00175796 -0.00549342 0.00967697 0.0123212 -0.0290067 0.00562897 -0.0696638 -0.0511651 -0.0931473 -0.023119 -0.204872
internal_weight=126406 125949 103802 68940 22147 20730 1417 34862 457 402 161 241 55
internal_count=126406 125949 103802 68940 22147 20730 1417 34862 457 402 161 241 55
is_linear=0
shrinkage=0.01


Tree=584
num_leaves=15
num_cat=0
split_feature=17 8 16 8 1 0 7 13 16 33 0 0 9 13
split_gain=22262.3 39822.1 48897.1 39337.3 48276.7 47749.3 34100.3 29909.8 25628.8 24351 21025.1 19701 56071.1 20081.7
threshold=0.0058081017204881643 -0.78656609248549303 6.448864694750001 0.37940952255126054 -119.7866065258789 34.083213737060554 1007.7002500000002 -4.9787408975003684 6.8203831700000022 47.732361639205749 35.400001525878913 35.400001525878913 1.0000000180025095e-35 2.1600058367920503
decision_type=2 2 2 2 2 2 2 2 2 2 2 2 2 2
left_child=3 9 6 4 8 -6 -3 -4 -1 -2 -11 13 -13 -5
right_child=1 2 7 11 5 -7 -8 -9 -10 10 -12 12 -14 -15
leaf_value=0.004457284666818947 0.0026265371705666042 -0.015522187748171644 0.023561858725216735 -0.0084372709914809548 0.002635210150332295 0.033075949865973196 0.0061494040077124182 0.0026896416263096608 -0.03319044886784854 -0.01002821576141753 -0.038450399380130257 0.033415259803286704 -0.02661061622704616 -0.043487031734813844
leaf_weight=5321 4113 22317 9609 7304 8823 12388 10762 24047 2739 4618 5964 3480 2815 2106
leaf_count=5321 4113 22317 9609 7304 8823 12388 10762 24047 2739 4618 5964 3480 2815 2106
internal_value=1.08137e-11 -0.00311888 0.000162657 0.0056468 0.0124971 0.0204137 -0.0084715 0.00864879 -0.00833641 -0.0180215 -0.0260469 -0.00712087 0.00657287 -0.0162816
internal_weight=126406 81430 66735 44976 29271 21211 33079 33656 8060 14695 10582 15705 6295 9410
internal_count=126406 81430 66735 44976 29271 21211 33079 33656 8060 14695 10582 15705 6295 9410
is_linear=0
shrinkage=0.01


Tree=585
num_leaves=15
num_cat=0
split_feature=25 39 5 13 0 0 11 24 16 15 12 40 35 16
split_gain=22018 27843.7 25983 45325.8 35390.9 22365.6 19191.5 37323.1 26358.9 17663.8 12842.7 12760.7 9353.72 8571.45
threshold=22.640027226212272 34.422222222222224 21.500000000000004 -0.37649371299091478 36.742692288818368 34.083213737060554 0.93301270189221952 2.1234347468135608 0.14802446599999994 0.25515665696109968 1.0000000180025095e-35 54.731939163498105 37.789351851851855 0.21375782999999957
decision_type=2 2 2 2 2 2 2 2 2 2 2 2 2 2
left_child=6 5 3 -3 -4 9 10 -8 -9 -2 13 -7 -12 -1
right_child=1 2 4 -5 -6 11 7 8 -10 -11 12 -13 -14 -15
leaf_value=-0.10672813269637881 -0.016825555831525372 0.014418910563259106 0.00054608932992164679 -0.0035858455325164392 -0.017228012117467568 0.028675936825592181 -0.33265725692113246 0.32363203211834563 0.044483811647038574 0.023531495537865758 -0.015102834432237896 0.0054633206561929253 -0.081496630791253355 -0.015054479076474739
leaf_weight=105 3473 22847 27890 36035 18723 7395 24 38 308 1577 321 3484 626 3560
leaf_count=105 3473 22847 27890 36035 18723 7395 24 38 308 1577 321 3484 626 3560
internal_value=-1.32058e-11 0.000845385 -0.00101537 0.00340024 -0.00659322 0.0131689 -0.0206042 0.0486899 0.0751417 -0.00422297 -0.0261633 0.0212421 -0.0589914 -0.0176809
internal_weight=126406 121424 105495 58882 46613 15929 4982 370 346 5050 4612 10879 947 3665
internal_count=126406 121424 105495 58882 46613 15929 4982 370 346 5050 4612 10879 947 3665
is_linear=0
shrinkage=0.01


Tree=586
num_leaves=15
num_cat=0
split_feature=17 44 11 7 35 8 2 2 10 25 2 2 8 26
split_gain=21897.7 42369.3 39311.2 33616 32011.8 23372.3 35173.5 32095.7 21909.8 32246.1 20849.9 17740.1 23498.2 17616.5
threshold=0.003847505521251481 1.0000000180025095e-35 0.25000000000000017 1001.0999250000001 77.670937345015716 -0.78656609248549303 26.525000000000002 13.025000000000002 -0.93301270189221908 68.834430717863981 19.025000000000002 18.425000000000001 0.12940952255126045 25.169526675087056
decision_type=2 2 2 2 2 2 2 2 2 2 2 2 2 2
left_child=1 11 13 -4 5 7 -7 -2 9 -6 -10 12 -1 -3
right_child=4 2 3 -5 8 6 -8 -9 10 -11 -12 -13 -14 -15
leaf_value=0.020086967885231264 0.018777217814932405 -0.013144408531296571 -0.064243549478519318 0.058785961778077434 -0.022778737469850922 3.3850775724152092e-05 0.019176298658856145 -0.017250337941944277 -0.016789629540736532 -0.14390694372769861 0.0071106802599486471 -0.015946075674170199 -0.0061158267274596953 0.19681093044397308
leaf_weight=6868 3075 1581 237 3530 780 55142 11622 12625 14438 306 4885 4454 6822 41
leaf_count=6868 3075 1581 237 3530 780 55142 11622 12625 14438 306 4885 4454 6822 41
internal_value=-7.40214e-12 0.00870216 0.0333228 0.0510456 -0.00199069 0.000784439 0.00336609 -0.010194 -0.0132038 -0.0569088 -0.0107475 0.00138951 0.00702959 -0.00783728
internal_weight=126406 23533 5389 3767 102873 82464 66764 15700 20409 1086 19323 18144 13690 1622
internal_count=126406 23533 5389 3767 102873 82464 66764 15700 20409 1086 19323 18144 13690 1622
is_linear=0
shrinkage=0.01


Tree=587
num_leaves=14
num_cat=0
split_feature=40 27 10 9 10 41 16 44 0 35 41 10 19
split_gain=21820 38233.4 27702.5 27021.6 27754.2 25786.1 21711.9 26888.5 21499.8 20478 18320.8 17785 3671.82
threshold=80.63249230945604 126.69011725293133 -0.93301270189221908 1.0000000180025095e-35 -0.6830127018922193 85.208155798001428 0.11899964999999992 1.0000000180025095e-35 35.400001525878913 70.213403041825117 60.694761301225192 0.25000000000000011 0.2823996144724123
decision_type=2 2 2 2 2 2 2 2 2 2 2 2 2
left_child=5 2 9 4 -3 6 7 -1 -4 -2 -8 -5 -7
right_child=1 3 8 11 -6 12 10 -9 -10 -11 -12 -13 -14
leaf_value=0.0022319757664170481 -0.019523146093086478 0.0065778937781679212 0.0030638350557738313 0.031892212326978156 0.16717869666028531 -0.12313612055778503 -0.00030985415932924791 0.072017130871751531 -0.017648355083044 -0.10352234717833041 0.012038151792950941 -0.087139271447081973 -0.29926263644777495
leaf_weight=1258 612 174 8447 699 282 20 86930 984 12323 552 13943 153 29
leaf_count=1258 612 174 8447 699 282 20 86930 984 12323 552 13943 153 29
internal_value=-2.85147e-12 -0.00875328 -0.0118853 0.0437686 0.105897 0.00197204 0.00208103 0.0328603 -0.00922487 -0.0593578 0.00139693 0.0105168 -0.227374
internal_weight=126406 23242 21934 1308 456 103164 103115 2242 20770 1164 100873 852 49
internal_count=126406 23242 21934 1308 456 103164 103115 2242 20770 1164 100873 852 49
is_linear=0
shrinkage=0.01


Tree=588
num_leaves=15
num_cat=0
split_feature=9 11 1 17 11 0 8 9 45 26 27 45 26 35
split_gain=21627.8 90027 45093.7 43937.7 41970.5 69311.6 61300.8 56059.2 55065 39905.6 38338.5 36617.3 28883.5 28034.9
threshold=-0.60355339059327384 0.25000000000000017 -118.21337597412109 0.0052905838817010479 -0.24999999999999994 34.083213737060554 0.12940952255126045 0.25881904510252057 1.0000000180025095e-35 41.844542972818189 118.60552763819096 1.0000000180025095e-35 41.844542972818189 83.801665169956252
decision_type=2 2 2 2 2 2 2 2 2 2 2 2 2 2
left_child=1 12 10 -4 5 7 11 -2 -8 -7 -3 -6 13 -1
right_child=4 2 3 -5 6 9 8 -9 -10 -11 -12 -13 -14 -15
leaf_value=-0.0031829482584622448 -6.7964208107189049e-05 0.014830090065224837 0.11902075979310561 0.026839701092096588 0.0062491152580458681 -0.0035631531760064645 -0.025290797978003172 0.04806168225809463 0.018077572394293379 0.24452877057515657 0.11475091966628273 -0.027091811415599278 0.22792076285641927 -0.036105872234853183
leaf_weight=17467 4129 13780 921 1179 24826 25528 22006 5847 3377 65 395 3798 52 3036
leaf_count=17467 4129 13780 921 1179 24826 25528 22006 5847 3377 65 395 3798 52 3036
internal_value=8.91144e-12 0.00645086 0.0240213 0.0672677 -0.00265233 0.00578229 -0.00820737 0.0281411 -0.019521 -0.00293306 0.0176145 0.00182525 -0.00746106 -0.00805804
internal_weight=126406 36830 16275 2100 89576 35569 54007 9976 25383 25593 14175 28624 20555 20503
internal_count=126406 36830 16275 2100 89576 35569 54007 9976 25383 25593 14175 28624 20555 20503
is_linear=0
shrinkage=0.01


Tree=589
num_leaves=15
num_cat=0
split_feature=5 0 25 13 26 0 3 13 45 32 2 18 2 3
split_gain=21585.7 38832.6 54229.6 95865.8 28925.4 69036.6 54097.3 29198 25750 24684.2 26545.4 24010.7 19260.4 14724.2
threshold=1.5000000000000002 36.742692288818368 61.940642163075637 -4.5000007322669093 37.698913730712952 36.742692288818368 46.999586000000008 7.5600062621682733 1.0000000180025095e-35 118.60552763819096 26.025000000000002 0.037007547586710085 34.875000000000007 51.001308500000007
decision_type=2 2 2 2 2 2 2 2 2 2 2 2 2 2
left_child=4 9 11 -4 7 13 -7 8 -1 10 -2 -3 -9 -6
right_child=1 2 3 -5 5 6 -8 12 -10 -11 -12 -13 -14 -15
leaf_value=0.011710012164913828 -0.00086077095204204965 0.068489149164425819 -0.1421788445970299 -0.023458148082430613 -0.17988613906465931 0.27754652175731875 -0.016791402443926386 -0.013478547104154987 -0.011218590414590135 0.050966638823073257 0.028285159556149592 -0.00697012196861757 0.032837351515366486 0.02395157881243716
leaf_weight=33839 39410 429 788 4970 81 186 94 10711 5727 1031 3394 24703 980 63
leaf_count=33839 39410 429 788 4970 81 186 94 10711 5727 1031 3394 24703 980 63
internal_value=2.88239e-11 -0.00343662 -0.0120241 -0.0397054 0.00496897 0.0872251 0.178733 0.00428855 0.0083912 0.00261488 0.00145026 -0.00568204 -0.00959611 -0.0907071
internal_weight=126406 74725 30890 5758 51681 424 280 51257 39566 43835 42804 25132 11691 144
internal_count=126406 74725 30890 5758 51681 424 280 51257 39566 43835 42804 25132 11691 144
is_linear=0
shrinkage=0.01


Tree=590
num_leaves=14
num_cat=0
split_feature=7 31 40 7 2 1 6 24 25 14 25 14 13
split_gain=21615.8 23011.4 36858.2 26306.3 63018.9 61565.8 18908.5 18729.9 12283.3 4654.39 4443.54 3987.66 2488.4
threshold=992.71127500000011 53.236388360794258 64.229908030288271 1004.4999700000002 15.125000000000002 -118.21337597412109 5.3168595000000005 28.593229501152901 80.25021203397641 -6.7659623757233378 41.790962540487264 9.0000014690073513 4.687222170220025
decision_type=2 2 2 2 2 2 2 2 2 2 2 2 2
left_child=8 2 7 4 -3 -5 -4 -2 10 -10 12 -12 -1
right_child=1 3 6 5 -6 -7 -8 -9 9 -11 11 -13 -14
leaf_value=-0.028228130489587784 0.0030919973315474318 -0.037009898544693158 0.00053952319697369807 0.0086891235660729489 0.0066054255308057152 0.067194398101182995 -0.016115371367450955 -0.06185498600426529 -0.13927297878265382 -0.3305064196586609 -0.10456786709406027 -0.016135754134203938 0.071260987693263639
leaf_weight=133 50160 4051 9729 18619 18179 1991 22772 448 35 20 164 74 31
leaf_count=133 50160 4051 9729 18619 18179 1991 22772 448 35 20 164 74 31
internal_value=-2.02217e-11 0.000249094 -0.00281975 0.00620261 -0.00134265 0.0143409 -0.0111298 0.00251706 -0.0686501 -0.208812 -0.0494737 -0.0770722 -0.00942226
internal_weight=126406 125949 83109 42840 22230 20610 32501 50608 457 55 402 238 164
internal_count=126406 125949 83109 42840 22230 20610 32501 50608 457 55 402 238 164
is_linear=0
shrinkage=0.01


Tree=591
num_leaves=15
num_cat=0
split_feature=23 39 31 17 15 16 0 42 22 7 11 30 31 8
split_gain=21519.8 24002.2 27043.6 29674.7 21408.1 21042.3 23631.6 18524.2 16223.3 11295 9496.05 7927.84 7739.25 5625.96
threshold=11.396604938271606 44.442261653288277 23.923611111111118 0.018008398967217985 0.069413971750104095 0.21375782999999957 36.742692288818368 1.0000000180025095e-35 105.47319932998327 1007.3001 0.6830127018922193 42.777883396704702 16.157407407407408 -1.0000000180025095e-35
decision_type=2 2 2 2 2 2 2 2 2 2 2 2 2 2
left_child=4 5 8 -4 9 6 -2 -7 -3 12 13 -12 -1 -6
right_child=1 2 3 -5 10 7 -8 -9 -10 -11 11 -13 -14 -15
leaf_value=-0.10022813367843629 -0.0010523714725688149 -0.014912686558967141 0.0012295750688513002 -0.024638177977416655 -0.021933764928716223 0.01501563243393717 0.082433336861494039 -0.0010987092582048369 -0.085832899755311637 -0.073385087623009604 0.058761497234304745 -0.062483083474171627 -0.33833425338878187 -0.082502651824370818
leaf_weight=20 598 10280 80002 4695 332 13220 783 15495 333 63 180 77 43 285
leaf_count=20 598 10280 80002 4695 332 13220 783 15495 333 63 180 77 43 285
internal_value=1.03724e-11 0.000368448 -0.00208994 -0.000204349 -0.0462056 0.00815385 0.0462824 0.00632012 -0.0171379 -0.168065 -0.0286378 0.0224353 -0.262745 -0.0499113
internal_weight=126406 125406 95310 84697 1000 30096 1381 28715 10613 126 874 257 63 617
internal_count=126406 125406 95310 84697 1000 30096 1381 28715 10613 126 874 257 63 617
is_linear=0
shrinkage=0.01


Tree=592
num_leaves=15
num_cat=0
split_feature=25 39 2 26 17 0 7 11 24 38 15 35 11 44
split_gain=21242.6 26813.7 24611 37163.9 27040.5 21715.7 26082 18690.8 36376.5 25898.2 17187.5 11378.2 13996.1 11880.6
threshold=22.640027226212272 34.422222222222224 31.325000000000006 24.623267122495736 0.0054789741426296739 34.083213737060554 1003.1000200000002 0.93301270189221952 2.1234347468135608 22.268518518518523 0.25515665696109968 23.923611111111118 0.6830127018922193 1.0000000180025095e-35
decision_type=2 2 2 2 2 2 2 2 2 2 2 2 2 2
left_child=7 5 4 -4 -3 10 -7 11 -9 -10 -2 12 -1 -13
right_child=1 2 3 -5 -6 6 -8 8 9 -11 -12 13 -14 -15
leaf_value=-0.01381631086450251 -0.016645043447776692 0.0048541831646243712 0.011569916768518132 0.12856929398834493 -0.0062387496904624641 -0.0059053335802920093 0.029829874282231106 -0.3283340311050415 0.21387491755459148 0.020648365384340287 0.023164243171701401 -0.0088812595057707975 0.091533486522109561 -0.045194136427409271
leaf_weight=515 3473 33569 8022 281 63623 2725 8154 24 96 250 1577 1399 167 2531
leaf_count=515 3473 33569 8022 281 63623 2725 8154 24 96 250 1577 1399 167 2531
internal_value=7.87821e-12 0.000830367 -0.00099565 0.0155295 -0.00240738 0.0129238 0.0208788 -0.0202382 0.0481461 0.0742604 -0.00421351 -0.0257243 0.0119805 -0.0322675
internal_weight=126406 121424 105495 8303 97192 15929 10879 4982 370 346 5050 4612 682 3930
internal_count=126406 121424 105495 8303 97192 15929 10879 4982 370 346 5050 4612 682 3930
is_linear=0
shrinkage=0.01


Tree=593
num_leaves=15
num_cat=0
split_feature=9 11 7 47 11 0 9 7 2 0 26 37 26 35
split_gain=21120.7 88022.2 46479.2 49304.1 41052.8 67668.1 55011.2 39971.5 60674.5 52413.2 38023.8 37772 28061.7 27415.9
threshold=-0.60355339059327384 0.25000000000000017 1001.0999250000001 1.0000000180025095e-35 -0.24999999999999994 34.083213737060554 0.25881904510252057 1001.5001850000001 18.225000000000005 34.083213737060554 41.844542972818189 65.211608670022443 41.844542972818189 83.260752431358341
decision_type=2 2 2 2 2 2 2 2 2 2 2 2 2 2
left_child=1 12 11 -4 5 6 -2 8 -6 -9 -7 -3 13 -1
right_child=4 2 3 -5 7 10 -8 9 -10 -11 -12 -13 -14 -15
leaf_value=-0.0030707922300192143 -0.00013114302483663374 -0.001429769168869498 0.022860860455442795 0.07828403643620617 -0.053293305998951754 -0.0035056127558132483 0.047546484012943022 -0.021027822764690233 -0.0059648587938879215 0.0033878045067072915 0.23866592708000769 -0.11596819096693287 0.22462772935628891 -0.03526445945426792
leaf_weight=17383 4129 1602 12480 1842 4506 25528 5847 12382 6791 30328 65 351 52 3120
leaf_count=17383 4129 1602 12480 1842 4506 25528 5847 12382 6791 30328 65 351 52 3120
internal_value=1.16028e-11 0.00637479 0.0237485 0.029989 -0.00262105 0.00572085 0.027813 -0.00811503 -0.0248426 -0.0036905 -0.00289056 -0.022015 -0.00738137 -0.00796979
internal_weight=126406 36830 16275 14322 89576 35569 9976 54007 11297 42710 25593 1953 20555 20503
internal_count=126406 36830 16275 14322 89576 35569 9976 54007 11297 42710 25593 1953 20555 20503
is_linear=0
shrinkage=0.01


Tree=594
num_leaves=15
num_cat=0
split_feature=40 27 10 23 10 2 24 3 23 12 12 16 2 26
split_gain=20987.4 41696.2 30624 31837.5 26760.5 36590.4 24975.6 25008.2 21283.9 27118.2 23920.5 20509.9 19521.6 18528.6
threshold=75.256413563380931 126.69011725293133 -0.93301270189221908 73.271402605196116 1.0000000180025095e-35 14.225000000000001 31.425470999337715 12.997539000000002 74.933988170680209 1.0000000180025095e-35 1.0000000180025095e-35 0.3199405937499995 18.775000000000002 11.289142701814496
decision_type=2 2 2 2 2 2 2 2 2 2 2 2 2 2
left_child=6 2 3 -2 5 -3 8 -8 10 -10 -1 -9 -4 -6
right_child=1 4 12 -5 13 -7 7 11 9 -11 -12 -13 -14 -15
leaf_value=0.0048673903080809324 -0.031010501052450273 0.14283055298182429 -0.013263968275360003 -0.1439740779956182 -0.22222060362497967 0.026322239039580177 0.27104937732219697 0.065963535697992182 0.0074634817279410209 0.055391251876451782 -0.006646036629860126 -0.073291704338088279 0.004642333342229861 -0.006812646975335868
leaf_weight=64078 1482 392 18098 300 51 863 24 121 4005 1674 25119 840 9175 184
leaf_count=64078 1482 392 18098 300 51 863 24 121 4005 1674 25119 840 9175 184
internal_value=-7.20451e-12 -0.00721849 -0.00986432 -0.0500279 0.0443751 0.0627137 0.00230009 -0.0477952 0.00282018 0.0215912 0.00162506 -0.055758 -0.00724005 -0.0535608
internal_weight=126406 30545 29055 1782 1490 1255 95861 985 94876 5679 89197 961 27273 235
internal_count=126406 30545 29055 1782 1490 1255 95861 985 94876 5679 89197 961 27273 235
is_linear=0
shrinkage=0.01


Tree=595
num_leaves=15
num_cat=0
split_feature=5 7 44 25 1 38 26 10 7 13 2 45 25 2
split_gain=20924.7 35100.1 71875.6 55265.2 51545.4 29131.2 27877.5 112070 31894.5 28106.7 27619.6 25183.9 24432.6 18698.7
threshold=1.5000000000000002 1007.4002250000001 1.0000000180025095e-35 59.327002065436794 -120.84999847412108 93.495072430006147 37.698913730712952 -0.6830127018922193 998.50020000000006 7.5600062621682733 26.025000000000002 1.0000000180025095e-35 70.216681445060374 34.875000000000007
decision_type=2 2 2 2 2 2 2 2 2 2 2 2 2 2
left_child=6 2 10 -4 12 -6 9 8 -8 11 -2 -1 -3 -11
right_child=1 4 3 -5 5 -7 7 -9 -10 13 -12 -13 -14 -15
leaf_value=0.011531696092911235 -0.0037213695623548042 -0.010284383882523911 -0.016415655252922635 -0.06337672498635874 0.02094042862952324 -0.045162214744617589 -0.010830849238804409 -0.088049113186396133 0.29457571289947498 -0.013223813346714568 0.025649469628438597 -0.011143468117979031 -0.20785113629840671 0.032411760258165244
leaf_weight=33839 32552 9742 10395 3302 14421 699 42 198 184 10711 3551 5727 63 980
leaf_count=33839 32552 9742 10395 3302 14421 699 42 198 184 10711 3551 5727 63 980
internal_value=-1.94207e-12 -0.00338359 -0.00823228 -0.0277368 0.00630405 0.0178845 0.0048923 0.0856446 0.237819 0.00422431 -0.000832528 0.00824957 -0.0115538 -0.0093984
internal_weight=126406 74725 49800 13697 24925 15120 51681 424 226 51257 36103 39566 9805 11691
internal_count=126406 74725 49800 13697 24925 15120 51681 424 226 51257 36103 39566 9805 11691
is_linear=0
shrinkage=0.01


Tree=596
num_leaves=15
num_cat=0
split_feature=25 39 13 11 31 9 11 11 11 24 38 35 11 44
split_gain=20731.5 26110.3 23803.5 28613.2 24943.4 22892.6 29256.9 24371.1 18290.4 35660.1 25358.3 11144.4 13678.9 11612.5
threshold=22.640027226212272 40.562051119560628 11.569279319124648 0.25000000000000017 59.016265314744416 -0.37940952255126015 0.6830127018922193 0.25000000000000017 0.93301270189221952 2.1234347468135608 22.268518518518523 23.923611111111118 0.6830127018922193 1.0000000180025095e-35
decision_type=2 2 2 2 2 2 2 2 2 2 2 2 2 2
left_child=8 5 4 -4 -3 6 -2 -7 11 -10 -11 12 -1 -13
right_child=1 2 3 -5 -6 7 -8 -9 9 10 -12 13 -14 -15
leaf_value=-0.013607673698258632 0.0074429897128959399 -0.0031104880451858614 -0.010855006981777202 -0.069946072110628518 0.0092056512145922056 0.016066479012109586 0.039789165169575688 -0.012724519347898342 -0.3250999824206034 0.21166240441302461 0.020460195191502575 -0.0087749615332392648 0.090541630315031124 -0.044675825792134798
leaf_weight=515 7098 71048 4419 1006 21396 5427 4614 6416 24 96 250 1399 167 2531
leaf_count=515 7098 71048 4419 1006 21396 5427 4614 6416 24 96 250 1399 167 2531
internal_value=2.35826e-11 0.000820315 -0.00145464 -0.0218127 -0.000259939 0.0102725 0.0201859 0.000468823 -0.0199932 0.0476547 0.0735105 -0.0254202 0.0118952 -0.0318958
internal_weight=126406 121424 97869 5425 92444 23555 11712 11843 4982 370 346 4612 682 3930
internal_count=126406 121424 97869 5425 92444 23555 11712 11843 4982 370 346 4612 682 3930
is_linear=0
shrinkage=0.01


Tree=597
num_leaves=14
num_cat=0
split_feature=7 2 26 8 9 11 14 6 23 26 14 11 19
split_gain=20750 20698.4 30287.2 30950.9 27438.2 106653 56117 26863.1 11043 4777.55 4551.29 7100.25 2171.63
threshold=992.71127500000011 34.025000000000006 25.745932844571925 -0.60355339059327362 -0.37940952255126015 0.6830127018922193 2.9013901956584665 7.697960000000001 79.707718195965057 16.699653258745141 9.0000014690073513 -0.68301270189221952 0.17931820202713636
decision_type=2 2 2 2 2 2 2 2 2 2 2 2 2
left_child=8 4 3 -3 5 -2 -6 -4 10 -10 11 -1 -12
right_child=1 2 7 -5 6 -7 -8 -9 9 -11 12 -13 -14
leaf_value=0.04308740804361743 -0.0039875201014816604 -0.018500760289573918 0.35624800722649758 0.034770317249888771 -0.00012810442670766389 0.029478946084969055 -0.022257817859653906 0.072496958815533183 -0.32345263481140135 -0.1297056711741856 -0.055694229854987225 -0.097677158812450815 0.025155439164449015
leaf_weight=43 34034 1695 47 3059 59590 13222 14187 115 20 35 52 215 92
leaf_count=43 34034 1695 47 3059 59590 13222 14187 115 20 35 52 215 92
internal_value=-1.35771e-11 0.000244054 0.0203589 0.0157769 -0.000572951 0.00537624 -0.00438355 0.15482 -0.0672612 -0.200159 -0.0490787 -0.0742164 -0.00404027
internal_weight=126406 125949 4916 4754 121033 47256 73777 162 457 55 402 258 144
internal_count=126406 125949 4916 4754 121033 47256 73777 162 457 55 402 258 144
is_linear=0
shrinkage=0.01


Tree=598
num_leaves=15
num_cat=0
split_feature=23 39 9 11 13 0 14 15 24 7 28 11 35 30
split_gain=20701.2 22647.5 28281.5 33022 25369.7 29789.8 26480.5 20936 20079.9 10932.7 9087.22 8991.9 10882.1 5555.75
threshold=11.396604938271606 44.442261653288277 -0.37940952255126015 0.6830127018922193 10.260001480763526 35.400001525878913 5.3623091179429743 0.069413971750104095 12.894188401454057 1007.3001 16.157407407407408 0.6830127018922193 37.789351851851855 55.115547106041411
decision_type=2 2 2 2 2 2 2 2 2 2 2 2 2 2
left_child=7 2 3 -2 6 -6 -3 9 -4 10 -1 13 -13 -9
right_child=1 4 8 -5 5 -7 -8 11 -10 -11 -12 12 -14 -15
leaf_value=-0.10059170691863351 0.0064991032923655745 0.0017316490073348717 0.0069974153915018725 0.037977021876686834 -0.08788865786116079 -0.013654670958296604 -0.014281848534217947 -0.033142565786150081 -0.016630756438165657 -0.072677343648577489 -0.35004657411575318 0.066296393154774397 -0.073307019799220857 -0.10672560720632855
leaf_weight=23 9045 75330 10226 5277 583 7430 11967 487 5548 63 40 175 82 130
leaf_count=23 9045 75330 10226 5277 583 7430 11967 487 5548 63 40 175 82 130
internal_value=1.73084e-11 0.000361372 0.00792389 0.0180973 -0.00202664 -0.0190557 -0.000463541 -0.0453182 -0.00131304 -0.165827 -0.258976 -0.0279452 0.0217537 -0.0486463
internal_weight=126406 125406 30096 14322 95310 8013 87297 1000 15774 126 63 874 257 617
internal_count=126406 125406 30096 14322 95310 8013 87297 1000 15774 126 63 874 257 617
is_linear=0
shrinkage=0.01


Tree=599
num_leaves=15
num_cat=0
split_feature=5 0 25 17 26 0 7 14 13 9 36 7 16 16
split_gain=20512.8 37048.7 53248.1 107150 27193.1 65879.6 61351.4 28061.4 37860.2 31053.7 26611.7 33950.4 29386.2 19409.2
threshold=1.5000000000000002 36.742692288818368 61.940642163075637 0.010628673178492039 37.698913730712952 36.742692288818368 1005.0996000000001 2.47820318710346 -1.0800051117219336 -0.37940952255126015 45.442332065906221 1008.5001850000001 4.7087218175000016 0.051000000000000031
decision_type=2 2 2 2 2 2 2 2 2 2 2 2 2 2
left_child=4 10 13 -4 7 -6 -7 8 -1 -9 11 -2 -12 -3
right_child=1 2 3 -5 5 6 -8 9 -10 -11 12 -13 -14 -15
leaf_value=0.015267089243453429 -0.010359077680400921 0.06765123143812965 -0.019331487345565883 -0.13298042359443113 -0.089217441796014707 0.26352372868177371 -0.070735600948333741 0.035921363607071564 -0.005517287755931799 -0.00073321450618010992 0.00061553565344896113 0.023321640058906318 0.024400145862928203 -0.0065100581055011634
leaf_weight=12489 18926 358 4753 1005 144 205 75 5260 29385 4123 12430 3555 8924 24774
leaf_count=12489 18926 358 4753 1005 144 205 75 5260 29385 4123 12430 3555 8924 24774
internal_value=8.49829e-12 -0.00335013 -0.0117381 -0.0391677 0.00484392 0.0845988 0.17399 0.00418418 0.000681692 0.0198149 0.00256075 -0.00503303 0.0105553 -0.00545365
internal_weight=126406 74725 30890 5758 51681 424 280 51257 41874 9383 43835 22481 21354 25132
internal_count=126406 74725 30890 5758 51681 424 280 51257 41874 9383 43835 22481 21354 25132
is_linear=0
shrinkage=0.01


Tree=600
num_leaves=15
num_cat=0
split_feature=35 7 44 1 12 15 8 9 37 12 23 29 38 3
split_gain=20565.8 26253.5 57487.9 57801.5 46947.6 36897.1 60500.6 28184.8 18568.5 29471.2 33648 19962.9 17903.5 24724.9
threshold=82.115800273016973 1007.2001500000001 1.0000000180025095e-35 -118.21337597412109 1.0000000180025095e-35 0.26266580858994554 -0.60355339059327362 0.78656609248549303 127.22361809045229 1.0000000180025095e-35 141.4332192901617 86.796919483348333 96.823970135850374 20.998885000000005
decision_type=2 2 2 2 2 2 2 2 2 2 2 2 2 2
left_child=1 5 3 -3 -4 7 -7 -1 12 11 -11 -10 -2 -14
right_child=8 2 4 -5 -6 6 -8 -9 9 10 -12 -13 13 -15
leaf_value=-0.0064941308200813811 -0.0097238436310484906 -0.0035408496963290044 0.01850641455400534 0.047627389559360467 0.075522998512247835 -0.01214333349773446 0.01269400309159136 -0.037590307839811168 -0.030213663379086469 0.060825905294449471 0.31766183338468035 0.078916359715032997 -0.27519242525100707 -0.046209336184866487
leaf_weight=27033 20102 20441 5176 2475 2003 14659 29632 3267 633 268 63 228 54 372
leaf_count=27033 20102 20441 5176 2475 2003 14659 29632 3267 633 268 63 228 54 372
internal_value=-1.19797e-11 0.00183728 0.00972125 0.00198548 0.0344145 -0.00134364 0.00447359 -0.00984698 -0.00885531 0.0295149 0.10971 -0.00131512 -0.0110833 -0.0752354
internal_weight=126406 104686 30095 22916 7179 74591 44291 30300 21720 1192 331 861 20528 426
internal_count=126406 104686 30095 22916 7179 74591 44291 30300 21720 1192 331 861 20528 426
is_linear=0
shrinkage=0.01


Tree=601
num_leaves=14
num_cat=0
split_feature=40 27 10 12 25 41 23 32 24 15 23 6 16
split_gain=20289.4 35490.9 26592.3 25914.5 50322.7 25014.1 24326.9 23759.2 21866.6 31339.4 30113.4 21501.8 2877.37
threshold=80.63249230945604 126.69011725293133 -0.93301270189221908 1.0000000180025095e-35 133.23489760367167 85.208155798001428 70.440841665493139 69.468155893536135 31.425470999337715 1.9251112597474251 74.933988170680209 8.8965830000000015 2.0740941000000004
decision_type=2 2 2 2 2 2 2 2 2 2 2 2 2
left_child=5 2 6 11 -5 8 -2 -4 10 -10 -1 -3 -7
right_child=1 3 7 4 -6 12 -8 -9 9 -11 -12 -13 -14
leaf_value=0.0010235432203135907 -0.032362079445764622 0.039127300892305053 -0.0027318131624849674 0.066912298572600476 0.40716240104363893 -0.1355005134854998 -0.13958328753066579 -0.027543524213731248 -0.056219558331272616 0.16243606005821909 0.022653048055037452 -0.076040413223553538 -0.290349018403462
leaf_weight=95110 886 659 15647 385 49 21 278 5123 1031 70 6904 215 28
leaf_count=95110 886 659 15647 385 49 21 278 5123 1031 70 6904 215 28
internal_value=-5.17555e-12 -0.0084407 -0.0114583 0.0421624 0.105328 0.00190162 -0.0579699 -0.00885172 0.00200896 -0.0423177 0.00248736 0.0107966 -0.223985
internal_weight=126406 23242 21934 1308 434 103164 1164 20770 103115 1101 102014 874 49
internal_count=126406 23242 21934 1308 434 103164 1164 20770 103115 1101 102014 874 49
is_linear=0
shrinkage=0.01


Tree=602
num_leaves=15
num_cat=0
split_feature=31 39 6 13 21 14 7 15 3 25 0 10 41 24
split_gain=20221.5 23937.2 23389.4 27057.5 31783.1 22879.9 22448.6 78343.2 50260.3 18843.3 20071.5 11429.1 8980.62 10402.5
threshold=23.388888888888896 58.286931418110136 15.629971500000002 -6.8255595925774495 62.568268233667489 -10.440000150288759 1005.2002000000001 0.15005796614070185 18.008937000000003 84.330254329314513 36.742692288818368 -0.5 30.022179974651465 1.736879430673457
decision_type=2 2 2 2 2 2 2 2 2 2 2 2 2 2
left_child=1 12 6 5 -5 -4 7 -2 -8 11 -11 -3 13 -1
right_child=2 9 3 4 -6 -7 8 -9 -10 10 -12 -13 -14 -15
leaf_value=-0.13744697201251985 -0.033947906923364989 -0.041354897067522663 0.020494712253189586 -0.018223017320103112 -0.091118465828528589 -0.023277406640665937 -0.055589883647658579 0.003169200584416778 0.010344662417863682 -0.063466689519267136 -0.25766115004016504 -0.0096710194812873324 -0.012169217675847445 0.007402141815071323
leaf_weight=50 6423 1903 3339 5576 670 1859 1189 49600 41795 376 62 2834 4829 5901
leaf_count=50 6423 1903 3339 5576 670 1859 1189 49600 41795 376 62 2834 4829 5901
internal_value=-1.02489e-11 -0.0105235 0.00152015 -0.0120152 -0.0260424 0.00484016 0.00308467 -0.00108625 0.00852082 -0.0282018 -0.0909554 -0.0223994 -0.00203687 0.00618513
internal_weight=126406 15955 110451 11444 6246 5198 99007 56023 42984 5175 438 4737 10780 5951
internal_count=126406 15955 110451 11444 6246 5198 99007 56023 42984 5175 438 4737 10780 5951
is_linear=0
shrinkage=0.01


Tree=603
num_leaves=15
num_cat=0
split_feature=23 39 31 17 2 15 8 15 24 7 11 24 31 8
split_gain=20225.6 22022.2 25440.7 27849.9 22028.5 20560.1 19753.4 23065.9 16897.1 10640.3 8826.32 10743.7 7320.14 5480.71
threshold=11.396604938271606 44.442261653288277 57.153147444021982 0.017557987482251108 25.825000000000006 0.069413971750104095 0.37940952255126054 0.04807591837039956 28.593229501152901 1007.3001 0.6830127018922193 2.5725114452936295 16.157407407407408 -1.0000000180025095e-35
decision_type=2 2 2 2 2 2 2 2 2 2 2 2 2 2
left_child=5 6 4 -4 -3 9 7 -2 -8 12 13 -12 -1 -7
right_child=1 2 3 -5 -6 10 8 -9 -10 -11 11 -13 -14 -15
leaf_value=-0.098055884838104249 0.067065269081788087 -0.0078729686378137698 0.0087310771576015762 -0.044707090353197233 0.0062732224559705896 -0.020473947779174488 -0.00054905188607928227 0.011705652038211688 -0.070202668703057705 -0.072321358763036275 -0.19508756558100385 0.040947762678803533 -0.32962506743364556 -0.080255805256858201
leaf_weight=20 785 56289 24321 1016 13684 332 10696 18255 360 63 21 236 43 285
leaf_count=20 785 56289 24321 1016 13684 332 10696 18255 360 63 21 236 43 285
internal_value=-4.58395e-12 0.000357197 -0.00199761 0.00658824 -0.00510652 -0.0447947 0.00781457 0.0139881 -0.00281708 -0.164216 -0.0275783 0.0216608 -0.256111 -0.0480879
internal_weight=126406 125406 95310 25337 69973 1000 30096 19040 11056 126 874 257 63 617
internal_count=126406 125406 95310 25337 69973 1000 30096 19040 11056 126 874 257 63 617
is_linear=0
shrinkage=0.01


Tree=604
num_leaves=14
num_cat=0
split_feature=7 31 35 44 38 16 7 25 29 14 14 26 16
split_gain=19983.5 21564.1 27796.8 35813.5 23949.5 26854.3 19981.7 11864.3 6480.65 4525.26 4347.12 5151.15 1908.4
threshold=992.71127500000011 60.694761301225192 55.661808196028737 1.0000000180025095e-35 45.555661174482474 29.072478333000003 1012.77372 80.25021203397641 75.453422053231961 -6.7659623757233378 9.0000014690073513 10.43084528077725 1.4080000000000004
decision_type=2 2 2 2 2 2 2 2 2 2 2 2 2
left_child=7 2 6 -4 8 -6 -2 10 -3 -9 11 -1 -12
right_child=1 4 3 -5 5 -7 -8 9 -10 -11 12 -13 -14
leaf_value=0.026814168054949152 0.0027872927102570283 -0.01026017904995544 -0.0017213982379333664 -0.019644394629682052 0.01143859030365393 0.083835188411209335 0.029302437372268897 -0.13519025877543858 -0.05042289761479124 -0.32375218439102171 -0.05627999297950579 -0.091989143017296479 0.021797209803718239
leaf_weight=44 37383 2700 48902 14441 18448 527 3076 35 472 20 46 214 98
leaf_count=44 37383 2700 48902 14441 18448 527 3076 35 472 20 46 214 98
internal_value=-5.54643e-12 0.000239504 -0.00167177 -0.0058075 0.00919755 0.0134493 0.00480318 -0.0660072 -0.0162365 -0.203758 -0.0471607 -0.0717281 -0.00314412
internal_weight=126406 125949 103802 63343 22147 18975 40459 457 3172 55 402 258 144
internal_count=126406 125949 103802 63343 22147 18975 40459 457 3172 55 402 258 144
is_linear=0
shrinkage=0.01


Tree=605
num_leaves=15
num_cat=0
split_feature=17 40 10 25 14 44 7 24 3 24 20 9 1 26
split_gain=20027.8 25232.3 25548.6 33652.6 23905.6 23554.8 28052.9 21708.8 26363.8 17852.3 17181.8 14244.1 19436.9 13264
threshold=0.0027821973201676759 75.256413563380931 -0.93301270189221908 75.197833833062433 6.1548938593388476 1.0000000180025095e-35 1003.1995500000002 31.425470999337715 41.997663500000009 16.632194884578816 70.586026615969601 -0.12940952255126037 -118.21337597412109 24.623267122495736
decision_type=2 2 2 2 2 2 2 2 2 2 2 2 2 2
left_child=5 7 3 -3 -4 11 13 10 -9 -8 -2 12 -1 -7
right_child=1 2 4 -5 -6 6 9 8 -10 -11 -12 -13 -14 -15
leaf_value=0.0041076458657683078 0.0001142745345601588 -0.028759467075039954 -0.0032718554667170757 -0.15358403196030362 -0.03097142952599263 -0.026135336665942806 0.073643212884364512 0.053128613394558731 -0.077691064634684018 0.017078914201960404 0.014025811166176332 -0.011800062479423022 0.045952342180575111 0.15448083392409392
leaf_weight=5360 75341 1443 21216 254 3652 747 1490 199 682 892 10064 3623 1400 43
leaf_count=5360 75341 1443 21216 254 3652 747 1490 199 682 892 10064 3623 1400 43
internal_value=4.08894e-12 -0.00137953 -0.00990151 -0.0474427 -0.00733969 0.0114851 0.0353349 0.00124415 -0.0481416 0.0524613 0.00175359 0.00419904 0.0127737 -0.0163043
internal_weight=126406 112851 26565 1697 24868 13555 3172 86286 881 2382 85405 10383 6760 790
internal_count=126406 112851 26565 1697 24868 13555 3172 86286 881 2382 85405 10383 6760 790
is_linear=0
shrinkage=0.01


Tree=606
num_leaves=15
num_cat=0
split_feature=23 16 10 44 24 2 23 15 7 11 24 31 23 1
split_gain=19822.2 21559.7 36554.4 27160.2 23091.7 34404.5 29982.4 20149.3 10430.7 8651.66 10532.2 7172.13 6408.02 4556.7
threshold=11.396604938271606 0.3199405937499995 0.93301270189221952 1.0000000180025095e-35 28.593229501152901 13.125000000000002 128.40500444375346 0.069413971750104095 1007.3001 0.6830127018922193 2.5725114452936295 16.157407407407408 58.016359198235001 -119.7866065258789
decision_type=2 2 2 2 2 2 2 2 2 2 2 2 2 2
left_child=7 2 3 -2 6 -6 -3 8 11 13 -11 -1 -4 -9
right_child=1 4 12 -5 5 -7 -8 9 -10 10 -12 -13 -14 -15
leaf_value=-0.09710434412956237 0.0074961819933410927 -0.00026309860612402778 -0.046456411135386663 0.053407165900342106 -0.066342964181256597 0.0061739523649141986 0.070085832530813075 0.028359584007944378 -0.071582784468219404 -0.19315788620994206 0.040543592842769316 -0.32632042757300445 -0.13362682309148349 -0.057329411428963167
leaf_weight=20 3196 116447 251 2159 1303 1314 609 70 63 21 236 43 127 547
leaf_count=20 3196 116447 251 2159 1303 1314 609 70 63 21 236 43 127 547
internal_value=-2.17957e-11 0.000353616 0.0192975 0.0260063 -0.000553902 -0.0299321 0.000102901 -0.0443456 -0.162568 -0.0273021 0.0214474 -0.253553 -0.0757438 -0.0476078
internal_weight=126406 125406 5733 5355 119673 2617 117056 1000 126 874 257 63 378 617
internal_count=126406 125406 5733 5355 119673 2617 117056 1000 126 874 257 63 378 617
is_linear=0
shrinkage=0.01


Tree=607
num_leaves=15
num_cat=0
split_feature=35 11 26 9 11 1 11 46 46 25 12 3 44 42
split_gain=19876.7 33044.2 26883.6 25674.7 55370.2 38210.2 25119.1 53584.6 34912.6 24724.5 90461.6 26430.7 21632.7 17348.2
threshold=84.361224691263672 0.25000000000000017 41.844542972818189 -0.78656609248549325 0.6830127018922193 -119.7866065258789 -0.24999999999999994 1.0000000180025095e-35 1.0000000180025095e-35 133.23489760367167 1.0000000180025095e-35 21.999717000000004 1.0000000180025095e-35 1.0000000180025095e-35
decision_type=2 2 2 2 2 2 2 2 2 2 2 2 2 2
left_child=3 2 12 4 13 -6 7 -5 -8 11 -11 -3 -2 -1
right_child=1 9 -4 6 5 -7 8 -9 -10 10 -12 -13 -14 -15
leaf_value=0.014567252192056969 -0.019259974929460365 -0.076912780273889939 0.19968258908161751 -0.0021254985367772463 -0.00930639149238696 0.051464869571984581 0.00023313626748329032 0.024709221883626068 -0.018098202915901515 -0.0063364547118544582 0.36283373040607436 0.00073420318641303844 -0.062470256747718306 -0.0068325262109977889
leaf_weight=6288 5388 455 52 26309 1340 4540 33145 10376 15133 280 87 12008 1476 9529
leaf_count=6288 5388 455 52 26309 1340 4540 33145 10376 15133 280 87 12008 1476 9529
internal_value=-2.27512e-12 -0.00921615 -0.0268356 0.00170619 0.011415 0.0376156 -0.000773156 0.00546444 -0.00551292 0.000281631 0.081178 -0.00210054 -0.0285517 0.00167489
internal_weight=126406 19746 6916 106660 21697 5880 84963 36685 48278 12830 367 12463 6864 15817
internal_count=126406 19746 6916 106660 21697 5880 84963 36685 48278 12830 367 12463 6864 15817
is_linear=0
shrinkage=0.01


Tree=608
num_leaves=15
num_cat=0
split_feature=2 8 20 7 1 44 18 2 10 0 23 26 22 45
split_gain=19876.7 27311.1 30460.6 25908 46392 61983.8 42768.6 39427.9 36899.2 33800.6 16902.7 19346 13107.7 7369.03
threshold=34.025000000000006 -0.60355339059327362 114.66582914572867 1006.3000500000002 -118.21337597412109 1.0000000180025095e-35 0.99000000000000066 14.625000000000002 -0.24999999999999994 34.083213737060554 115.34937668610237 28.747205027061479 95.584410646387866 1.0000000180025095e-35
decision_type=2 2 2 2 2 2 2 2 2 2 2 2 2 2
left_child=3 2 13 7 5 -5 -6 8 -1 -9 12 -12 -3 -2
right_child=1 10 -4 4 6 -7 -8 9 -10 -11 11 -13 -14 -15
leaf_value=0.0091726258446120697 -0.0043137137545912665 0.036186968965244141 0.32757748610125142 -0.0056418240265095725 -0.0059596562580218086 0.022323022353782238 0.056273720535281124 0.010095305559448233 -0.023308648890140355 -0.0060780940729125137 0.047938131345757126 0.44118923574686053 -0.16122637577793178 -0.05027000039371321
leaf_weight=4472 1237 3120 26 30306 1703 10733 3141 20723 16049 34325 29 22 34 486
leaf_count=4472 1237 3120 26 30306 1703 10733 3141 20723 16049 34325 29 22 34 486
internal_value=1.81008e-11 0.0196342 -0.01215 -0.000800874 0.00512648 0.00167187 0.0343944 -0.00439977 -0.0162302 1.04352e-05 0.0369791 0.217576 0.0340589 -0.0172764
internal_weight=126406 4954 1749 121452 45883 41039 4844 75569 20521 55048 3205 51 3154 1723
internal_count=126406 4954 1749 121452 45883 41039 4844 75569 20521 55048 3205 51 3154 1723
is_linear=0
shrinkage=0.01


Tree=609
num_leaves=15
num_cat=0
split_feature=31 39 10 23 26 8 20 10 40 23 42 10 24 36
split_gain=19508.1 23219.2 23028 43559.4 25307.5 23990.1 53673.9 34194.3 17658.8 12494.2 25510.6 11279.7 8263.79 8747.26
threshold=23.388888888888896 58.286931418110136 -0.93301270189221908 71.153504431277184 35.548223311342603 0.37940952255126054 118.60552763819096 0.68301270189221941 67.131555917677602 74.933988170680209 1.0000000180025095e-35 -0.5 1.736879430673457 28.908730158730162
decision_type=2 2 2 2 2 2 2 2 2 2 2 2 2 2
left_child=1 12 3 8 -5 6 -4 -7 -2 11 -11 -3 -1 -14
right_child=2 9 5 4 -6 7 -8 -9 -10 10 -12 -13 13 -15
leaf_value=-0.12773648063437296 0.0019165613721374806 -0.04151306306239607 0.0053299365232305019 -0.090503376357325097 0.26103521926062451 0.0017853903004239591 0.068775783790315084 -0.020845125518597386 -0.029891270180642783 -0.027229111808366284 -0.15399551329765027 -0.0086842206437510762 0.0046174763892000642 -0.014990109113784407
leaf_weight=52 6464 1702 61374 825 21 29372 1363 8641 2391 528 227 2718 7453 3275
leaf_count=52 6464 1702 61374 825 21 29372 1363 8641 2391 528 227 2718 7453 3275
internal_value=9.42075e-12 -0.0103362 0.00149309 -0.0132218 -0.0817772 0.00290996 0.00670834 -0.00335891 -0.00667209 -0.0277474 -0.065343 -0.0213256 -0.00197782 -0.00136825
internal_weight=126406 15955 110451 9701 846 100750 62737 38013 8855 5175 755 4420 10780 10728
internal_count=126406 15955 110451 9701 846 100750 62737 38013 8855 5175 755 4420 10780 10728
is_linear=0
shrinkage=0.01


Tree=610
num_leaves=15
num_cat=0
split_feature=5 7 44 28 48 38 15 26 10 7 14 13 2 10
split_gain=19693.4 32382.6 68832.5 50596.7 48451.6 28593.3 26321.1 26274.8 106823 31826 27345.9 36585.4 23674.2 19887.4
threshold=1.5000000000000002 1007.4002250000001 1.0000000180025095e-35 122.71345267818776 1.0000000180025095e-35 93.495072430006147 0.57816393141435529 37.698913730712952 -0.6830127018922193 998.50020000000006 2.47820318710346 -1.0800051117219336 15.025000000000002 0.68301270189221941
decision_type=2 2 2 2 2 2 2 2 2 2 2 2 2 2
left_child=7 2 6 -4 5 -3 -2 10 9 -9 11 -1 -12 -6
right_child=1 4 3 -5 13 -7 -8 8 -10 -11 12 -13 -14 -15
leaf_value=0.014977859799109657 -0.0040072513272389155 0.020277677441099019 -0.028343753193699361 0.25348678273847325 -0.020443931601909108 -0.045211790845181808 0.021334715641065555 -0.016670496946289425 -0.086435746226196333 0.28840785802463476 0.033673246563551959 -0.0054535975233267588 0.0016910119402474802 0.01086921066299389
leaf_weight=12489 31389 14421 13633 64 6939 699 4714 42 198 184 5233 29385 4150 2866
leaf_count=12489 31389 14421 13633 64 6939 699 4714 42 198 184 5233 29385 4150 2866
internal_value=-5.87109e-12 -0.00328253 -0.00793974 -0.0270269 0.00602255 0.0172501 -0.000698329 0.00474617 0.0831429 0.231712 0.00409767 0.000640123 0.0195278 -0.0112911
internal_weight=126406 74725 49800 13697 24925 15120 36103 51681 424 226 51257 41874 9383 9805
internal_count=126406 74725 49800 13697 24925 15120 36103 51681 424 226 51257 41874 9383 9805
is_linear=0
shrinkage=0.01


Tree=611
num_leaves=15
num_cat=0
split_feature=9 10 15 3 23 39 1 24 8 15 10 33 23 7
split_gain=19528.1 49297.1 50347.6 34422.2 33436.5 29964.1 30338.6 27520.5 43506 28707.5 26804.3 37575.7 28458.9 24448
threshold=-0.37940952255126015 1.0000000180025095e-35 0.13012110225061466 13.997478500000001 141.4332192901617 55.122148288973392 -118.21337597412109 9.8133269544520605 0.12940952255126045 0.19821163289935939 -0.5 58.639245352767226 115.34937668610237 1008.7002800000001
decision_type=2 2 2 2 2 2 2 2 2 2 2 2 2 2
left_child=1 2 4 -4 -1 6 -3 10 13 -10 12 -12 -2 -9
right_child=7 5 3 -5 -6 -7 -8 8 9 -11 11 -13 -14 -15
leaf_value=0.038728634258458204 -0.0088726557944333491 -0.004006816674969391 0.24430868265325906 0.0064100823935966745 0.29112403095893141 -0.0222594253624111 0.036579219379024155 -0.0045038840879568238 -0.032234264462010644 -0.0083372381894980061 0.018045095397994423 -0.0095899026425831368 0.28081751686685225 0.020589503602271457
leaf_weight=5430 13078 11312 61 20752 53 7561 2200 17195 9138 11174 16368 7035 34 5015
leaf_count=5430 13078 11312 61 20752 53 7561 2200 17195 9138 11174 16368 7035 34 5015
internal_value=-5.1677e-12 0.00507709 0.0142094 0.00710733 0.0411683 -0.00631872 0.00260133 -0.00304284 -0.008511 -0.0190881 0.00332489 0.00973795 -0.00812148 0.00116218
internal_weight=126406 47369 26296 20813 5483 21073 13512 79037 42522 20312 36515 23403 13112 22210
internal_count=126406 47369 26296 20813 5483 21073 13512 79037 42522 20312 36515 23403 13112 22210
is_linear=0
shrinkage=0.01


Tree=612
num_leaves=15
num_cat=0
split_feature=25 39 5 13 0 0 11 24 16 11 9 12 40 16
split_gain=19542.7 24283.9 23232.2 41438.8 32437.7 20885.1 17820 33623.1 25022.8 16808.7 14701.9 12593.5 8977.49 8460.9
threshold=22.640027226212272 34.422222222222224 21.500000000000004 -0.37649371299091478 36.742692288818368 34.083213737060554 0.93301270189221952 2.1234347468135608 0.14802446599999994 -0.68301270189221952 -0.37940952255126015 1.0000000180025095e-35 86.599618816516056 0.21375782999999957
decision_type=2 2 2 2 2 2 2 2 2 2 2 2 2 2
left_child=6 5 3 -3 -4 9 11 -8 -9 -2 -7 13 -13 -1
right_child=1 2 4 -5 -6 10 7 8 -10 -11 -12 12 -14 -15
leaf_value=-0.10483968672298249 0.054625972771978941 0.013769660156711992 0.00061932196395500332 -0.0034457661318411411 -0.016397031020706044 0.031337595483327291 -0.31459082682927447 0.31457738402642699 0.042596459686211861 -0.010130436789337689 0.0080737890342641207 -0.047055436484188126 -0.15002622915075181 -0.01375916253772219
leaf_weight=105 439 22847 27890 36035 18723 5627 24 38 308 4611 5252 853 94 3560
leaf_count=105 439 22847 27890 36035 18723 5627 24 38 308 4611 5252 853 94 3560
internal_value=2.75697e-12 0.000796449 -0.000941291 0.00323405 -0.00621562 0.0123052 -0.0194115 0.0473607 0.0724672 -0.00450112 0.0201066 -0.0247683 -0.0572764 -0.0163686
internal_weight=126406 121424 105495 58882 46613 15929 4982 370 346 5050 10879 4612 947 3665
internal_count=126406 121424 105495 58882 46613 15929 4982 370 346 5050 10879 4612 947 3665
is_linear=0
shrinkage=0.01


Tree=613
num_leaves=15
num_cat=0
split_feature=17 40 44 11 24 3 14 13 13 24 41 9 11 40
split_gain=19424.8 24478.7 22743.4 27514.3 21321.6 25510.2 20160.4 31535.5 28894.4 17967.6 17739 13806.8 33794.9 11594.5
threshold=0.0027821973201676759 75.256413563380931 1.0000000180025095e-35 0.25000000000000017 31.425470999337715 41.997663500000009 4.331597592808472 -1.0800051117219336 0.69533046434943835 20.014641040817725 85.208155798001428 -0.12940952255126037 0.93301270189221952 84.728050900892313
decision_type=2 2 2 2 2 2 2 2 2 2 2 2 2 2
left_child=2 4 11 13 10 -6 7 -3 -8 -5 -2 12 -1 -4
right_child=1 6 3 9 5 -7 8 -9 -10 -11 -12 -13 -14 -15
leaf_value=0.004085455170222207 0.0018303584723188538 0.0094518596697796397 -0.0026164702724104059 0.070960353455712527 0.051899457203233662 -0.076784953755924687 -0.038735305330985313 -0.015514855537454577 0.014752582950155647 0.0097488915986995526 -0.20622426120246329 -0.011600217105630037 0.071353044395885107 -0.13954392092441445
leaf_weight=5905 85364 8621 803 1621 199 682 4387 12245 1312 681 41 3623 855 67
leaf_count=5905 85364 8621 803 1621 199 682 4387 12245 1312 681 41 3623 855 67
internal_value=-8.63149e-12 -0.0013586 0.0113109 0.0347463 0.0012256 -0.0477178 -0.00975236 -0.0051996 -0.0264215 0.0528522 0.00173048 0.00415139 0.0125934 -0.0131615
internal_weight=126406 112851 13555 3172 86286 881 26565 20866 5699 2302 85405 10383 6760 870
internal_count=126406 112851 13555 3172 86286 881 26565 20866 5699 2302 85405 10383 6760 870
is_linear=0
shrinkage=0.01


Tree=614
num_leaves=15
num_cat=0
split_feature=2 8 9 11 12 14 13 9 42 26 28 23 26 22
split_gain=19578.4 26834.3 26125.6 96753.9 52202.6 51823.8 68358.5 41947.8 28651.1 20878.8 23917.4 16467.6 18837.9 12861.6
threshold=34.025000000000006 -0.60355339059327362 -0.37940952255126015 0.6830127018922193 1.0000000180025095e-35 2.9013901956584665 -1.0500536277229084 0.37940952255126048 1.0000000180025095e-35 26.38586146075302 70.101522080193988 115.34937668610237 28.747205027061479 95.584410646387866
decision_type=2 2 2 2 2 2 2 2 2 2 2 2 2 2
left_child=2 9 3 8 -5 6 -4 -7 -1 -2 -11 13 -13 -3
right_child=1 11 5 4 -6 7 -8 -9 -10 10 -12 12 -14 -15
leaf_value=0.006569838773418663 -0.018067319178629974 0.035904761478326504 0.011741963971682447 0.015308837691767196 0.059113734033804696 -0.0077370624318074278 -0.0098241636050678191 -0.042719574457179617 -0.011932070902246288 0.0017017885843912761 0.43579887482252988 0.047540506499594654 0.43559388832612472 -0.15964656633489271
leaf_weight=14768 1697 3120 26091 9464 3818 8663 33658 5672 19318 30 22 29 22 34
leaf_count=14768 1697 3120 26091 9464 3818 8663 33658 5672 19318 30 22 29 22 34
internal_value=-3.15153e-11 0.0194863 -0.000794841 0.00500546 0.0279008 -0.00450345 -0.000406737 -0.0215788 -0.00391599 -0.0120192 0.185358 0.0366791 0.214936 0.0337967
internal_weight=126406 4954 121452 47368 13282 74084 59749 14335 34086 1749 52 3205 51 3154
internal_count=126406 4954 121452 47368 13282 74084 59749 14335 34086 1749 52 3205 51 3154
is_linear=0
shrinkage=0.01


Tree=615
num_leaves=14
num_cat=0
split_feature=7 2 8 9 11 14 27 21 25 14 25 14 18
split_gain=19219.1 19431.3 26922.9 25085.8 97630.4 51686 19733 15557.9 11614 4504.19 4365.91 3896.29 2709.14
threshold=992.71127500000011 34.025000000000006 -0.60355339059327362 -0.37940952255126015 0.6830127018922193 2.9013901956584665 114.66582914572867 123.74797062234251 80.25021203397641 -6.7659623757233378 41.790962540487264 9.0000014690073513 2.5938477990885569
decision_type=2 2 2 2 2 2 2 2 2 2 2 2 2
left_child=8 3 6 4 -2 -5 -3 -4 10 -10 12 -12 -1
right_child=1 2 7 5 -6 -7 -8 -9 9 -11 11 -13 -14
leaf_value=-0.066034476844450601 -0.0038272042400934857 -0.017052288317284791 0.03469863220378322 -0.00011632979068681271 0.028192395618019322 -0.021354392702526682 0.20235577724164441 0.2409638007911476 -0.13261432247502464 -0.32073674583435058 -0.10062099072309894 -0.013207943085077648 0.021308226375528778
leaf_weight=52 34034 1706 3131 59590 13222 14187 42 37 35 20 164 74 112
leaf_count=52 34034 1706 3131 59590 13222 14187 42 37 35 20 164 74 112
internal_value=2.51449e-11 0.000234879 0.0197243 -0.000556725 0.00513172 -0.00420032 -0.0117805 0.0371077 -0.0647325 -0.201022 -0.0460858 -0.0734421 -0.0063858
internal_weight=126406 125949 4916 121033 47256 73777 1748 3168 457 55 402 238 164
internal_count=126406 125949 4916 121033 47256 73777 1748 3168 457 55 402 238 164
is_linear=0
shrinkage=0.01


Tree=616
num_leaves=15
num_cat=0
split_feature=35 11 26 9 11 47 12 11 25 12 23 44 9 43
split_gain=19282 31811.9 25483.8 24340.1 51259.7 26767 24949.5 46949.3 23679.9 88294.3 23099.1 21032.8 20771.2 16593
threshold=84.361224691263672 0.25000000000000017 41.844542972818189 -0.78656609248549325 0.6830127018922193 1.0000000180025095e-35 1.0000000180025095e-35 0.25000000000000017 133.23489760367167 1.0000000180025095e-35 80.510562423439566 1.0000000180025095e-35 -0.12940952255126037 1.0000000180025095e-35
decision_type=2 2 2 2 2 2 2 2 2 2 2 2 2 2
left_child=3 2 11 4 13 -6 7 -5 12 -10 -8 -2 -3 -1
right_child=1 8 -4 6 5 -7 10 -9 9 -11 -12 -13 -14 -15
leaf_value=-0.0065582248808588152 -0.018873881744724551 0.010172502489661586 0.19417711080553438 0.0098956123398905253 0.02869173603680614 0.095839545992161351 -0.011499708699747003 -0.0080265268441440749 -0.0070489645605973372 0.35767203098055961 0.034614300114053649 -0.061480859382921034 -0.015681307760616058 0.014370607706016952
leaf_weight=9529 5388 6552 52 36326 5210 670 23039 24458 280 87 1140 1476 5911 6288
leaf_count=9529 5388 6552 52 36326 5210 670 23039 24458 280 87 1140 1476 5911 6288
internal_value=-1.08144e-12 -0.00907724 -0.0263651 0.00168047 0.0111336 0.0363429 -0.00073357 0.00268418 0.00024176 0.0794108 -0.00932551 -0.0280359 -0.00208954 0.00176197
internal_weight=126406 19746 6916 106660 21697 5880 84963 60784 12830 367 24179 6864 12463 15817
internal_count=126406 19746 6916 106660 21697 5880 84963 60784 12830 367 24179 6864 12463 15817
is_linear=0
shrinkage=0.01


Tree=617
num_leaves=15
num_cat=0
split_feature=23 39 9 11 8 31 17 33 15 7 8 31 11 5
split_gain=19103.4 20688.5 25743.9 30166 27233.5 24204.6 27041 22759.3 19737.9 10084 8569.8 6993.94 6852.85 4225.89
threshold=11.396604938271606 44.442261653288277 1.0000000180025095e-35 0.6830127018922193 0.12940952255126045 57.153147444021982 0.017557987482251108 63.13510773130546 0.069413971750104095 1007.3001 -1.0000000180025095e-35 16.157407407407408 0.25000000000000017 75.500000000000014
decision_type=2 2 2 2 2 2 2 2 2 2 2 2 2 2
left_child=8 2 3 -2 -4 7 -7 -3 9 11 12 -1 -10 -12
right_child=1 5 4 -5 -6 6 -8 -9 10 -11 13 -13 -14 -15
leaf_value=-0.095510573863983164 0.0055047824708152329 -0.0026912899560310182 0.011367848334103288 0.032637517599035694 -0.018382303409214911 0.0085509123152899651 -0.044105487341385738 -0.019255996910474877 -0.033300976724228784 -0.071083151485238763 -0.09400186517228834 -0.32186132622319596 0.042121930975350032 -0.028071654250562503
leaf_weight=20 11387 60357 6139 6401 6169 24321 1016 9616 262 63 198 43 223 191
leaf_count=20 11387 60357 6139 6401 6169 24321 1016 9616 262 63 198 43 223 191
internal_value=6.67358e-12 0.000347146 0.00757518 0.0152685 -0.00354348 -0.00193525 0.00643942 -0.00496769 -0.0435342 -0.160544 -0.0266656 -0.250004 0.00137801 -0.06163
internal_weight=126406 125406 30096 17788 12308 95310 25337 69973 1000 126 874 63 485 389
internal_count=126406 125406 30096 17788 12308 95310 25337 69973 1000 126 874 63 485 389
is_linear=0
shrinkage=0.01


Tree=618
num_leaves=15
num_cat=0
split_feature=31 25 17 13 20 42 10 40 3 14 25 17 10 41
split_gain=18971.8 22808.9 22726.3 26243.8 25814.2 21705.2 20913.5 41569.5 24831.2 17178 16416.7 15989.6 14285.7 16572.1
threshold=23.388888888888896 66.672487443083142 0.015882416233083056 -6.840818350530113 60.719264892268704 1.0000000180025095e-35 -0.93301270189221908 76.902745136752642 69.997500000000016 -10.693762172545265 81.193594981667971 0.0047952891258840344 -0.5 33.352978453738913
decision_type=2 2 2 2 2 2 2 2 2 2 2 2 2 2
left_child=1 12 6 9 -5 11 7 -2 -8 -4 -7 -3 -1 -14
right_child=2 5 3 4 -6 10 8 -9 -10 -11 -12 -13 13 -15
leaf_value=-0.019945532048690547 -0.0033279113296677786 0.028040932056628269 0.018793877038334218 -0.01838818184084617 -0.079975356195782332 -0.065518215409106711 0.0090337150167252647 -0.067768864515293098 -0.0014844500923989385 -0.020447930991504781 -0.19504548553978243 -0.043867063586024289 0.012180387895644363 -0.015200577449626865
leaf_weight=4666 7639 458 3121 5033 787 464 50723 1152 40260 1736 124 952 5667 3624
leaf_count=4666 7639 458 3121 5033 787 464 50723 1152 40260 1736 124 952 5667 3624
internal_value=1.48739e-12 -0.0101931 0.00147243 -0.012394 -0.0267162 -0.0417942 0.0029563 -0.0117725 0.00437942 0.00476798 -0.0928335 -0.0205097 -0.0056693 0.00150031
internal_weight=126406 15955 110451 10677 5820 1998 99774 8791 90983 4857 588 1410 13957 9291
internal_count=126406 15955 110451 10677 5820 1998 99774 8791 90983 4857 588 1410 13957 9291
is_linear=0
shrinkage=0.01


Tree=619
num_leaves=15
num_cat=0
split_feature=5 0 25 17 36 15 14 9 9 0 23 12 18 14
split_gain=18956.2 34881.6 54240.6 101305 25511.7 26609.5 24590.5 31087.9 30283.8 33640.1 28981.9 23873 21561.5 17816.5
threshold=1.5000000000000002 36.742692288818368 61.940642163075637 0.010628673178492039 45.442332065906221 0.20940390113295507 2.47820318710346 0.60355339059327384 -0.37940952255126015 36.742692288818368 128.40500444375346 1.0000000180025095e-35 0.037007547586710085 -5.0317135604852448
decision_type=2 2 2 2 2 2 2 2 2 2 2 2 2 2
left_child=6 4 12 -4 11 -6 7 13 9 -8 -9 -2 -3 -1
right_child=1 2 3 -5 5 -7 8 10 -10 -11 -12 -13 -14 -15
leaf_value=-0.014152735555998058 0.0015033683982829693 0.065269752282041835 -0.019755891937079731 -0.13026171298241659 -0.00064002005834228211 0.021688831349555415 0.017156740062149657 0.011505603369750213 -0.00095399034007044288 0.070470615795547906 0.1822949483424425 -0.021451654041641868 -0.0062373254725702123 0.0022806702068747589
leaf_weight=12084 16190 429 4753 1005 10851 10503 3524 15492 4169 1782 100 6291 24703 14530
leaf_count=12084 16190 429 4753 1005 10851 10503 3524 15492 4169 1782 100 6291 24703 14530
internal_value=7.46735e-12 -0.00322051 -0.0113594 -0.0390436 0.00251489 0.0103425 0.0046565 0.00138821 0.019215 0.035062 0.012601 -0.00492028 -0.00501671 -0.00518086
internal_weight=126406 74725 30890 5758 43835 21354 51681 42206 9475 5306 15592 22481 25132 26614
internal_count=126406 74725 30890 5758 43835 21354 51681 42206 9475 5306 15592 22481 25132 26614
is_linear=0
shrinkage=0.01


Tree=620
num_leaves=15
num_cat=0
split_feature=25 39 5 7 14 46 7 11 24 38 11 35 11 44
split_gain=18817.2 23046.3 22176.9 31682.8 22157.5 20489.3 23542.2 17296.4 32709.9 24346.2 16531.2 10786.4 13000.9 11048.6
threshold=22.640027226212272 34.422222222222224 21.500000000000004 1004.4003000000001 -19.448536866449178 1.0000000180025095e-35 1003.1000200000002 0.93301270189221952 2.1234347468135608 22.268518518518523 -0.68301270189221952 23.923611111111118 0.6830127018922193 1.0000000180025095e-35
decision_type=2 2 2 2 2 2 2 2 2 2 2 2 2 2
left_child=7 5 4 -4 -3 6 -2 11 -9 -10 -7 12 -1 -13
right_child=1 2 3 -5 -6 10 -8 8 9 -11 -12 13 -14 -15
leaf_value=-0.012476902782917023 -0.0057263048160376894 -0.08876578815652493 -0.01505512856776425 0.0014955693453517127 0.0035773694500089936 0.053983893532503248 0.02822442781236581 -0.3102663775285085 0.20686603782077628 0.01951836397767067 -0.010235799946673898 -0.0081435810771635642 0.089058468169616364 -0.043161874205174026
leaf_weight=515 2725 261 21292 25321 58621 439 8154 24 96 250 4611 1399 167 2531
leaf_count=515 2725 261 21292 25321 58621 439 8154 24 96 250 4611 1399 167 2531
internal_value=3.87107e-12 0.000781527 -0.000911355 -0.0060645 0.00316805 0.0119932 0.0197204 -0.0190478 0.046736 0.0714992 -0.00465314 -0.0243253 0.0123859 -0.0306961
internal_weight=126406 121424 105495 46613 58882 15929 10879 4982 370 346 5050 4612 682 3930
internal_count=126406 121424 105495 46613 58882 15929 10879 4982 370 346 5050 4612 682 3930
is_linear=0
shrinkage=0.01


Tree=621
num_leaves=15
num_cat=0
split_feature=2 8 20 9 14 3 14 13 9 10 23 22 25 13
split_gain=18693.6 25683.9 28707.1 24489.8 54158.5 52549.5 49137.2 66094.4 40865.5 20339.6 15809.7 12566.5 11245.3 7712.46
threshold=34.025000000000006 -0.60355339059327362 114.66582914572867 -0.37940952255126015 -1.080000966810289 60.524778500000004 2.9013901956584665 -1.0500536277229084 0.37940952255126048 0.25000000000000011 115.34937668610237 95.584410646387866 133.23489760367167 -5.784346096574116
decision_type=2 2 2 2 2 2 2 2 2 2 2 2 2 2
left_child=3 2 13 4 9 -6 7 -5 -8 -1 11 -3 -12 -2
right_child=1 10 -4 6 5 -7 8 -9 -10 -11 12 -13 -14 -15
leaf_value=-0.0021277617001540876 0.03066546432517625 0.035120639024018789 0.31802178218960764 0.011567631922512606 0.04105925612279699 0.006670690884627877 -0.0073321673253890956 -0.0096383358362843487 -0.041860437915415459 -0.02586378519569554 0.3810067638356916 -0.15817495203631765 0.08118703451649896 -0.0261972542221236
leaf_weight=11273 286 3120 26 26091 5386 25398 8663 33658 5672 5311 22 34 29 1437
leaf_count=11273 286 3120 26 26091 5386 25398 8663 33658 5672 5311 22 34 29 1437
internal_value=2.13067e-12 0.0190409 -0.0117819 -0.000776673 0.0048391 0.0126873 -0.0043673 -0.000378182 -0.0209941 -0.00972919 0.0358612 0.0330369 0.210521 -0.0167586
internal_weight=126406 4954 1749 121452 47368 30784 74084 59749 14335 16584 3205 3154 51 1723
internal_count=126406 4954 1749 121452 47368 30784 74084 59749 14335 16584 3205 3154 51 1723
is_linear=0
shrinkage=0.01


Tree=622
num_leaves=15
num_cat=0
split_feature=17 34 5 25 3 10 2 44 10 2 8 25 22 10
split_gain=18545.4 22722.1 27432.3 30708.8 25762.2 23053.5 29278.6 22271.9 15558.1 13652.8 14365.8 12997.2 12451.2 9002.99
threshold=0.0027821973201676759 80.716730038022831 26.500000000000004 26.500111486645078 52.000085000000006 0.68301270189221941 10.775000000000002 1.0000000180025095e-35 0.93301270189221952 18.425000000000001 1.0000000180025095e-35 133.23489760367167 91.895437262357433 0.68301270189221941
decision_type=2 2 2 2 2 2 2 2 2 2 2 2 2 2
left_child=7 2 3 -2 -4 6 -3 9 -7 10 -1 12 -9 -11
right_child=1 5 4 -5 -6 8 -8 11 -10 13 -12 -13 -14 -15
leaf_value=0.025440681769745125 -0.022946611304084458 0.03810092178384316 0.0083618883507465738 0.0060594358999204413 -0.010038724371127941 -0.07946846124236899 -0.021192083443681065 0.041085201073163276 0.0090837932348835707 -0.021226064010208143 -0.0016603993231665115 0.22870996450676639 -0.012202072495124542 0.063072242649800297
leaf_weight=3513 3900 1011 9688 56924 35454 894 4725 2611 255 2323 4413 34 527 134
leaf_count=3513 3900 1011 9688 56924 35454 894 4725 2611 255 2323 4413 34 527 134
internal_value=-4.75323e-12 -0.00132749 -0.000183714 0.00419958 -0.00608974 -0.0189312 -0.0107414 0.0110519 -0.0598159 0.00396699 0.0103515 0.0342431 0.0321361 -0.0166286
internal_weight=126406 112851 105966 60824 45142 6885 5736 13555 1149 10383 7926 3172 3138 2457
internal_count=126406 112851 105966 60824 45142 6885 5736 13555 1149 10383 7926 3172 3138 2457
is_linear=0
shrinkage=0.01


Tree=623
num_leaves=15
num_cat=0
split_feature=35 11 7 44 11 1 15 8 9 25 10 3 10 25
split_gain=18619 28260.8 23865.3 54186.9 56721.9 54223.1 33885.1 58658.2 26335.4 21295.4 35032 25714.7 15204.9 27194.9
threshold=82.115800273016973 0.25000000000000017 1007.2001500000001 1.0000000180025095e-35 0.25000000000000017 -118.21337597412109 0.26266580858994554 -0.60355339059327362 0.78656609248549303 133.23489760367167 0.25000000000000011 21.999717000000004 -0.93301270189221908 68.518545704629815
decision_type=2 2 2 2 2 2 2 2 2 2 2 2 2 2
left_child=2 12 6 5 -5 -4 8 -8 -1 11 -11 -3 13 -2
right_child=1 9 3 4 -6 -7 7 -9 -10 10 -12 -13 -14 -15
leaf_value=-0.0061925383323149889 -0.028114263710540106 -0.071444768896180899 -0.0035979335249332173 -0.025036450251002155 0.04679702107056153 0.045961089312165714 -0.012071837394786995 0.012384382432642683 -0.036251195901913974 0.12443867539061983 -0.11641470194108001 0.00080261142561159312 -0.01846436917238516 -0.14785658895898299
leaf_weight=27033 687 512 20441 1355 5824 2475 14659 29632 3267 294 76 13034 6855 262
leaf_count=27033 687 512 20441 1355 5824 2475 14659 29632 3267 294 76 13034 6855 262
internal_value=2.57073e-12 -0.00842575 0.00174815 0.00926499 0.0332388 0.0017546 -0.00128464 0.0042901 -0.00943352 0.000116339 0.0749661 -0.00192813 -0.0236579 -0.0611727
internal_weight=126406 21720 104686 30095 7179 22916 74591 44291 30300 13916 370 13546 7804 949
internal_count=126406 21720 104686 30095 7179 22916 74591 44291 30300 13916 370 13546 7804 949
is_linear=0
shrinkage=0.01


Tree=624
num_leaves=15
num_cat=0
split_feature=23 39 9 11 8 2 17 9 15 30 29 36 35 34
split_gain=18360.6 19983.5 24972.2 29082.4 26489.8 23032.2 34081.1 30457.6 19322.5 8440.71 8222.36 7613.45 3400.31 3264.84
threshold=11.396604938271606 44.442261653288277 1.0000000180025095e-35 0.6830127018922193 0.12940952255126045 27.725000000000005 0.012359269662975927 0.25881904510252057 0.069413971750104095 52.491972961554723 30.705956907477827 17.361111111111118 40.555661174482474 51.7391212505281
decision_type=2 2 2 2 2 2 2 2 2 2 2 2 2 2
left_child=8 2 3 -2 -4 6 -3 -7 10 11 12 -10 -1 -11
right_child=1 5 4 -5 -6 7 -8 -9 9 13 -12 -13 -14 -15
leaf_value=-0.15027646430946412 0.0054345266818458197 -0.00083046873645281313 0.011199719437837699 0.032075483788752315 -0.018141440863556971 -0.015154384047304579 -0.017356396806983022 0.018173373978304323 0.036853193136951561 -0.10106650289661157 -0.26318248036059927 -0.034182242205619211 -0.016632735058665277 -0.017989920596733239
leaf_weight=47 11387 65412 6139 6401 6169 3675 15421 10802 243 167 47 398 32 66
leaf_count=47 11387 65412 6139 6401 6169 3675 15421 10802 243 167 47 398 32 66
internal_value=-7.43635e-12 0.00034033 0.00744413 0.0150213 -0.00350662 -0.00190283 -0.00398322 0.00971309 -0.0426795 -0.0259893 -0.158451 -0.00725305 -0.0961423 -0.0775341
internal_weight=126406 125406 30096 17788 12308 95310 80833 14477 1000 874 126 641 79 233
internal_count=126406 125406 30096 17788 12308 95310 80833 14477 1000 874 126 641 79 233
is_linear=0
shrinkage=0.01


Tree=625
num_leaves=14
num_cat=0
split_feature=7 31 35 6 38 6 7 25 31 14 14 5 19
split_gain=18408.8 20058.2 26059.9 28426.8 23335.6 25506.4 18912.4 11428.5 5997.93 4440.59 4331.8 7100.7 2059.29
threshold=992.71127500000011 60.694761301225192 55.661808196028737 5.3999998000000007 45.555661174482474 14.105104500000001 1012.77372 80.25021203397641 64.509928179129716 -6.7659623757233378 9.0000014690073513 36.500000000000007 0.17931820202713636
decision_type=2 2 2 2 2 2 2 2 2 2 2 2 2
left_child=7 2 6 -4 8 -6 -2 10 -3 -9 11 -1 -12
right_child=1 4 3 -5 5 -7 -8 9 -10 -11 12 -13 -14
leaf_value=0.015759692133312495 0.0026947338743519757 0.0018735829232870763 0.0039238387915731445 -0.010321190145776538 0.016480369810115338 -0.026307231544158972 0.028490635572175127 -0.13062729115145547 -0.026677617634272583 -0.31741680335998534 -0.051217261827909033 -0.10170583198713587 0.027513517990870321
leaf_weight=71 37383 1160 20914 42429 17461 1514 3076 35 2012 20 52 187 92
leaf_count=71 37383 1160 20914 42429 17461 1514 3076 35 2012 20 52 187 92
internal_value=-1.68804e-12 0.000229874 -0.00161346 -0.0056179 0.00886949 0.0130664 0.00465593 -0.0633532 -0.0162364 -0.198551 -0.044856 -0.06938 -0.000917041
internal_weight=126406 125949 103802 63343 22147 18975 40459 457 3172 55 402 258 144
internal_count=126406 125949 103802 63343 22147 18975 40459 457 3172 55 402 258 144
is_linear=0
shrinkage=0.01


Tree=626
num_leaves=15
num_cat=0
split_feature=35 25 12 29 9 14 3 12 7 24 31 3 1 17
split_gain=18239.9 25354.9 68194.3 28352.7 23234 32773.4 32627.9 24319.5 26997.6 22863.1 17440.2 17225.3 39229.5 18275.4
threshold=84.361224691263672 133.23489760367167 1.0000000180025095e-35 61.824714828897349 -0.78656609248549325 -1.0886485301985045 56.541073500000003 1.0000000180025095e-35 1005.8002 14.664173444442568 96.367646215870238 22.999009000000004 -118.99998249999999 0.0039829723916479367
decision_type=2 2 2 2 2 2 2 2 2 2 2 2 2 2
left_child=4 11 3 -3 5 -1 -7 9 -9 -6 -4 12 -2 -13
right_child=1 2 10 -5 7 6 -8 8 -10 -11 -12 13 -14 -15
leaf_value=-0.0059790326628992221 -0.0047712814581763905 -0.12986720479695144 0.16175483326962653 0.060768409778792706 0.0056848539626738782 0.057473511188161734 0.013713908020191583 -0.017296044483489308 0.0045964242470905104 -0.0097445387447238057 0.43005946273803708 0.0076603548223708141 -0.15068860727043118 -0.014685515047997507
leaf_weight=7535 528 113 47 252 48829 1981 12181 15245 8934 11955 50 5029 283 13444
leaf_count=7535 528 113 47 252 48829 1981 12181 15245 8934 11955 50 5029 283 13444
internal_value=5.67574e-12 -0.00882853 0.0643812 0.00174971 0.00163443 0.0108703 0.0198351 -0.000724127 -0.0092069 0.0026502 0.300056 -0.0105825 -0.0556894 -0.00860218
internal_weight=126406 19746 462 365 106660 21697 14162 84963 24179 60784 97 19284 811 18473
internal_count=126406 19746 462 365 106660 21697 14162 84963 24179 60784 97 19284 811 18473
is_linear=0
shrinkage=0.01


Tree=627
num_leaves=15
num_cat=0
split_feature=2 26 8 17 9 14 3 14 13 9 26 25 24 34
split_gain=18063.9 24987.1 27006.7 26419 23605.1 52095.1 50579.1 47513.8 64985.6 39863.6 32463.1 13064 10624.5 9577.33
threshold=34.025000000000006 26.38586146075302 -0.60355339059327362 0.0076589050166821953 -0.37940952255126015 -1.080000966810289 60.524778500000004 2.9013901956584665 -1.0500536277229084 0.37940952255126048 41.844542972818189 70.923578838661243 29.88509962664175 67.426489226869478
decision_type=2 2 2 2 2 2 2 2 2 2 2 2 2 2
left_child=4 2 -2 13 5 10 -7 8 -6 -9 -1 -4 -5 -3
right_child=1 3 11 12 7 6 -8 9 -10 -11 -12 -13 -14 -15
leaf_value=-0.010388256566822705 -0.017460757250491198 0.48657718378564591 0.036406388324942134 0.1878206119886259 0.011479202557789595 0.040282112830219194 0.0065444431131943138 -0.0071450680914747454 -0.0095481401283020358 -0.041247437971568608 0.22072774154240968 -0.067555658363160631 -0.013344603906551454 0.20101444527506829
leaf_weight=16523 1697 23 2970 41 26091 5386 25398 8663 33658 5672 61 126 73 24
leaf_count=16523 1697 23 2970 41 26091 5386 25398 8663 33658 5672 61 126 73 24
internal_value=1.23089e-11 0.0187174 0.0146013 0.141255 -0.00076348 0.00474993 0.0124472 -0.00428865 -0.000365988 -0.0206385 -0.00953816 0.0321754 0.0590043 0.340758
internal_weight=126406 4954 4793 161 121452 47368 30784 74084 59749 14335 16584 3096 114 47
internal_count=126406 4954 4793 161 121452 47368 30784 74084 59749 14335 16584 3096 114 47
is_linear=0
shrinkage=0.01


Tree=628
num_leaves=15
num_cat=0
split_feature=31 28 1 10 10 35 44 7 30 7 44 24 20 8
split_gain=18024.9 30922.4 38042.8 74274.3 32747.3 23659.4 20455.9 44879 13585.7 13329.4 34161.1 17866.8 11328.6 12952.9
threshold=52.303971271651889 43.285382340515426 -118.21337597412109 0.68301270189221941 -0.24999999999999994 54.731939163498105 1.0000000180025095e-35 1010.1004750000001 60.322137727080694 1012.77372 1.0000000180025095e-35 14.664173444442568 54.561421468265586 0.12940952255126045
decision_type=2 2 2 2 2 2 2 2 2 2 2 2 2 2
left_child=5 12 4 -4 -3 9 8 -8 -7 11 -11 -1 -2 -14
right_child=1 2 3 -5 -6 6 7 -9 -10 10 -12 -13 13 -15
leaf_value=0.0059777304086232538 -0.0033699444445189977 0.013300693414119215 0.0087072301668185085 0.10421187815449408 -0.0050367770145034333 -0.0115748240581011 -0.026775274069179077 0.042047725345992361 0.00078995483327829255 0.0060902212158714828 0.095104017766657375 -0.013647133524035624 0.0045347329233462611 -0.049394951731347073
leaf_weight=22695 2077 20303 2716 1163 18716 14307 9298 1055 23452 1908 557 5831 600 1728
leaf_count=22695 2077 20303 2716 1163 18716 14307 9298 1055 23452 1908 557 5831 600 1728
internal_value=5.36126e-12 0.0048832 0.00747408 0.0373414 0.00450487 -0.00292012 -0.00730943 -0.019762 -0.0038951 0.00389407 0.0262041 0.00196621 -0.020348 -0.0354955
internal_weight=126406 47303 42898 3879 39019 79103 48112 10353 37759 30991 2465 28526 4405 2328
internal_count=126406 47303 42898 3879 39019 79103 48112 10353 37759 30991 2465 28526 4405 2328
is_linear=0
shrinkage=0.01


Tree=629
num_leaves=14
num_cat=0
split_feature=40 27 10 12 25 32 41 24 15 25 39 25 19
split_gain=17971 31778.3 24449.6 24346.6 44820.1 24097.8 23639 20669.3 29052.7 28528 19647.9 19168.7 3562.01
threshold=80.63249230945604 126.69011725293133 -0.93301270189221908 1.0000000180025095e-35 133.23489760367167 69.468155893536135 85.208155798001428 31.425470999337715 1.9251112597474251 91.861009110043057 101.08793969849248 75.197833833062433 0.2823996144724123
decision_type=2 2 2 2 2 2 2 2 2 2 2 2 2
left_child=6 2 11 10 -5 -4 7 9 -9 -1 -3 -2 -8
right_child=1 3 5 4 -6 -7 12 8 -10 -11 -12 -13 -14
leaf_value=0.001751821228498672 -0.037417989573943961 0.030595519506302345 -0.0021365034378748953 0.0649097280974512 0.38601896597414603 -0.027124385376946784 -0.11513289189338684 -0.054587104033509845 0.15594037783438608 0.048405114546662242 -0.097216460232933372 -0.14699002221733801 -0.28860581134927688
leaf_weight=100686 973 730 15647 385 49 5123 20 1031 70 1328 144 191 29
leaf_count=100686 973 730 15647 385 49 5123 20 1031 70 1328 144 191 29
internal_value=7.29955e-13 -0.00794382 -0.0107993 0.0399394 0.101164 -0.00829986 0.00178968 0.00189402 -0.0412021 0.00235915 0.00953725 -0.0553976 -0.217801
internal_weight=126406 23242 21934 1308 434 20770 103164 103115 1101 102014 874 1164 49
internal_count=126406 23242 21934 1308 434 20770 103164 103115 1101 102014 874 1164 49
is_linear=0
shrinkage=0.01


Tree=630
num_leaves=15
num_cat=0
split_feature=23 16 10 44 5 42 6 15 8 29 35 35 5 35
split_gain=18013.6 19496.9 34896.1 25073.2 21141 54240.9 27830.8 18961.6 8278.48 8049.9 7959.42 6529.57 4098.38 3337.75
threshold=11.396604938271606 0.3199405937499995 0.93301270189221952 1.0000000180025095e-35 98.500000000000014 1.0000000180025095e-35 18.611846500000002 0.069413971750104095 -1.0000000180025095e-35 30.705956907477827 27.246092099704274 86.599618816516056 75.500000000000014 40.555661174482474
decision_type=2 2 2 2 2 2 2 2 2 2 2 2 2 2
left_child=7 2 3 -2 6 -6 -3 9 10 13 -9 -4 -10 -1
right_child=1 4 11 -5 5 -7 -8 8 12 -11 -12 -13 -14 -15
leaf_value=-0.14894175481606037 0.0071220526279320937 0.0027505613151084483 -0.053487300614631458 0.051233898940556105 0.0063797221374709357 -0.024363560149971871 -0.021898359163610725 0.049771990363329355 -0.09198540779978337 -0.26058698526088231 -0.032403565171855921 -0.15668250803243031 -0.027057458702962438 -0.016533037349581718
leaf_weight=47 3196 91894 301 2159 11359 11599 4821 202 198 47 283 77 191 32
leaf_count=47 3196 91894 301 2159 11359 11599 4821 202 198 47 283 77 191 32
internal_value=-1.00851e-11 0.000337099 0.018352 0.0249068 -0.000525913 -0.00915261 0.00152187 -0.0422743 -0.0257407 -0.15696 0.00182213 -0.0745085 -0.0601056 -0.0953078
internal_weight=126406 125406 5733 5355 119673 22958 96715 1000 874 126 485 378 389 79
internal_count=126406 125406 5733 5355 119673 22958 96715 1000 874 126 485 378 389 79
is_linear=0
shrinkage=0.01


Tree=631
num_leaves=14
num_cat=0
split_feature=7 31 33 9 40 38 6 23 29 14 5 36 19
split_gain=17884.6 19377.9 26230.8 24433.7 24069.5 22796.8 24902.8 10237.3 6312.15 4428.44 7340.34 3478.38 2024.05
threshold=992.71127500000011 60.694761301225192 62.939480354879606 -0.12940952255126037 64.605618926911717 45.555661174482474 12.701857500000001 79.707718195965057 75.453422053231961 9.0000014690073513 36.500000000000007 78.889096146129901 0.171938954766263
decision_type=2 2 2 2 2 2 2 2 2 2 2 2 2
left_child=7 2 4 -4 -2 8 -7 9 -3 10 -1 -9 -11
right_child=1 5 3 -5 -6 6 -8 11 -10 12 -12 -13 -14
leaf_value=0.017679301253386907 0.0043618577740850871 -0.010197880453389154 0.0019076560507352194 -0.025329868262878991 -0.0063297022543430028 0.016943488936601692 -0.019324454686945446 -0.26570225123701424 -0.04983501422455755 -0.054371606479299832 -0.10228170548109933 -0.10641373620583462 0.025585439334978761
leaf_weight=70 56505 2700 5481 8252 33564 16842 2133 29 472 47 188 26 97
leaf_count=70 56505 2700 5481 8252 33564 16842 2133 29 472 47 188 26 97
internal_value=1.57793e-11 0.000226578 -0.00158523 -0.0144591 0.000377673 0.00871842 0.0128666 -0.0624447 -0.016096 -0.044938 -0.0697341 -0.190402 -0.000511652
internal_weight=126406 125949 103802 13733 90069 22147 18975 457 3172 402 258 55 144
internal_count=126406 125949 103802 13733 90069 22147 18975 457 3172 402 258 55 144
is_linear=0
shrinkage=0.01


end of trees

feature_importances:
target_aqi_roll_mean_from_lag18_18=648
surface_pressure=513
lat=511
hour_sin=486
temperature_2m=464
hour_cos=423
lon=388
month_cos=376
month_sin=344
wind_u=331
target_aqi_roll_mean_from_lag18_36=329
station_id_FRES=270
spatial_target_aqi_sj_openmeteo_lag_18=265
wind_speed_pressure=263
temp_humidity_ratio=258
rain=243
cloud_cover=231
wind_v=217
wind_speed_10m=215
dry_heat_index=181
target_aqi_roll_std_from_lag18_36=172
relative_humidity_2m=170
spatial_target_aqi_la_openmeteo_lag_24=123
station_id_LA_OPENMETEO=118
spatial_target_aqi_la_lag_36=107
vpd_kpa=98
target_aqi_roll_std_from_lag18_18=94
target_aqi_lag_18=91
spatial_target_aqi_fres_openmeteo_lag_18=78
is_weekend=77
station_id_FRES_OPENMETEO=75
source_epa_aqs_station=73
spatial_target_aqi_la_openmeteo_lag_36=71
dry_wind_index=57
spatial_target_aqi_fres_lag_18=57
spatial_target_aqi_fres_lag_24=56
spatial_target_aqi_sj_openmeteo_lag_24=49
target_aqi_lag_24=33
spatial_target_aqi_sj_openmeteo_lag_36=31
station_id_LA=29
spatial_target_aqi_fres_openmeteo_lag_24=28
spatial_target_aqi_fres_openmeteo_lag_36=28
spatial_target_aqi_fres_lag_36=25
spatial_target_aqi_la_lag_24=23
station_id_SJ_OPENMETEO=21
target_aqi_lag_36=20
source_openmeteo=20
spatial_target_aqi_la_openmeteo_lag_18=14
spatial_target_aqi_la_lag_18=12

parameters:
[boosting: gbdt]
[objective: regression]
[metric: l2]
[tree_learner: serial]
[device_type: cpu]
[data_sample_strategy: bagging]
[data: ]
[valid: ]
[num_iterations: 1200]
[learning_rate: 0.01]
[num_leaves: 15]
[num_threads: 12]
[seed: 42]
[deterministic: 0]
[force_col_wise: 0]
[force_row_wise: 0]
[histogram_pool_size: -1]
[max_depth: 4]
[min_data_in_leaf: 20]
[min_sum_hessian_in_leaf: 0.001]
[bagging_fraction: 0.7]
[pos_bagging_fraction: 1]
[neg_bagging_fraction: 1]
[bagging_freq: 0]
[bagging_seed: 400]
[bagging_by_query: 0]
[feature_fraction: 0.7]
[feature_fraction_bynode: 1]
[feature_fraction_seed: 30056]
[extra_trees: 0]
[extra_seed: 12879]
[early_stopping_round: 0]
[early_stopping_min_delta: 0]
[first_metric_only: 0]
[max_delta_step: 0]
[lambda_l1: 0]
[lambda_l2: 0]
[linear_lambda: 0]
[min_gain_to_split: 0]
[drop_rate: 0.1]
[max_drop: 50]
[skip_drop: 0.5]
[xgboost_dart_mode: 0]
[uniform_drop: 0]
[drop_seed: 17869]
[top_rate: 0.2]
[other_rate: 0.1]
[min_data_per_group: 100]
[max_cat_threshold: 32]
[cat_l2: 10]
[cat_smooth: 10]
[max_cat_to_onehot: 4]
[top_k: 20]
[monotone_constraints: ]
[monotone_constraints_method: basic]
[monotone_penalty: 0]
[feature_contri: ]
[forcedsplits_filename: ]
[refit_decay_rate: 0.9]
[cegb_tradeoff: 1]
[cegb_penalty_split: 0]
[cegb_penalty_feature_lazy: ]
[cegb_penalty_feature_coupled: ]
[path_smooth: 0]
[interaction_constraints: ]
[verbosity: -1]
[saved_feature_importance_type: 0]
[use_quantized_grad: 0]
[num_grad_quant_bins: 4]
[quant_train_renew_leaf: 0]
[stochastic_rounding: 1]
[linear_tree: 0]
[max_bin: 255]
[max_bin_by_feature: ]
[min_data_in_bin: 3]
[bin_construct_sample_cnt: 200000]
[data_random_seed: 175]
[is_enable_sparse: 1]
[enable_bundle: 1]
[use_missing: 1]
[zero_as_missing: 0]
[feature_pre_filter: 1]
[pre_partition: 0]
[two_round: 0]
[header: 0]
[label_column: ]
[weight_column: ]
[group_column: ]
[ignore_column: ]
[categorical_feature: ]
[forcedbins_filename: ]
[precise_float_parser: 0]
[parser_config_file: ]
[objective_seed: 16083]
[num_class: 1]
[is_unbalance: 0]
[scale_pos_weight: 1]
[sigmoid: 1]
[boost_from_average: 1]
[reg_sqrt: 0]
[alpha: 0.9]
[fair_c: 1]
[poisson_max_delta_step: 0.7]
[tweedie_variance_power: 1.5]
[lambdarank_truncation_level: 30]
[lambdarank_norm: 1]
[label_gain: ]
[lambdarank_position_bias_regularization: 0]
[eval_at: ]
[multi_error_top_k: 1]
[auc_mu_weights: ]
[num_machines: 1]
[local_listen_port: 12400]
[time_out: 120]
[machine_list_filename: ]
[machines: ]
[gpu_platform_id: -1]
[gpu_device_id: -1]
[gpu_use_dp: 0]
[num_gpu: 1]

end of parameters

pandas_categorical:[]
